"cd-rfile"
"Time Step" "cd etc.."
("Time Step" "cd" "flow-time")
0 0 0
1 5.629781834297847 0.02
2 3.452589643316436 0.04
3 2.40950287336933 0.06
4 1.935442902117624 0.08
5 1.730601945418484 0.1
6 1.598627343952174 0.12
7 1.500439666563437 0.14
8 1.424373868370598 0.16
9 1.364237771268485 0.18
10 1.31603580811513 0.2
11 1.276446568675033 0.22
12 1.245135456820361 0.24
13 1.219646823012908 0.26
14 1.199074242093799 0.28
15 1.181616753112551 0.3
16 1.168447171183248 0.32
17 1.158177779054797 0.34
18 1.15032084868264 0.36
19 1.144603619433908 0.3800000000000001
20 1.140777503078957 0.4000000000000001
21 1.137620147395111 0.4200000000000001
22 1.136768791809093 0.4400000000000001
23 1.13721533902506 0.4600000000000001
24 1.138728123581424 0.4800000000000001
25 1.141085424032837 0.5000000000000001
26 1.144351920674339 0.5200000000000001
27 1.148423112645385 0.5400000000000001
28 1.153176348729803 0.5600000000000002
29 1.158460938731167 0.5800000000000002
30 1.16415918530014 0.6000000000000002
31 1.17031256050695 0.6200000000000002
32 1.176093126739218 0.6400000000000002
33 1.182974869825952 0.6600000000000003
34 1.190069879398429 0.6800000000000003
35 1.197332459742826 0.7000000000000003
36 1.204758511380081 0.7200000000000003
37 1.212335467428605 0.7400000000000003
38 1.219967663997948 0.7600000000000003
39 1.227658016833532 0.7800000000000004
40 1.235372188192508 0.8000000000000004
41 1.243014614878412 0.8200000000000004
42 1.250593064196906 0.8400000000000004
43 1.25812950564677 0.8600000000000004
44 1.26569166185914 0.8800000000000004
45 1.273104257810105 0.9000000000000005
46 1.280272237999403 0.9200000000000005
47 1.287360000018733 0.9400000000000005
48 1.29354656647474 0.9600000000000005
49 1.300239579533303 0.9800000000000005
50 1.306760534997315 1
51 1.313058491055745 1.02
52 1.319171561651997 1.04
53 1.32510857304717 1.06
54 1.330778787387939 1.080000000000001
55 1.336253771524471 1.100000000000001
56 1.341383382604751 1.120000000000001
57 1.34624064490623 1.140000000000001
58 1.350856905169172 1.160000000000001
59 1.355191331641268 1.180000000000001
60 1.359230811670783 1.200000000000001
61 1.363016717477681 1.220000000000001
62 1.366624018439262 1.240000000000001
63 1.369885387676794 1.260000000000001
64 1.372961096109448 1.280000000000001
65 1.375756090830736 1.300000000000001
66 1.378286487927023 1.320000000000001
67 1.380582346643602 1.340000000000001
68 1.382626411960641 1.360000000000001
69 1.383816898514381 1.380000000000001
70 1.385340286105955 1.400000000000001
71 1.386678020075149 1.420000000000001
72 1.387811237483058 1.440000000000001
73 1.388690929046431 1.460000000000001
74 1.389376662743797 1.480000000000001
75 1.389831331860028 1.500000000000001
76 1.390108401783074 1.520000000000001
77 1.390184968857323 1.540000000000001
78 1.390118578831291 1.560000000000001
79 1.389856942774901 1.580000000000001
80 1.389485965443821 1.600000000000001
81 1.388889578789047 1.620000000000001
82 1.388132452307912 1.640000000000001
83 1.387224237778976 1.660000000000001
84 1.386217439087784 1.680000000000001
85 1.385090716315842 1.700000000000001
86 1.38382985358415 1.720000000000001
87 1.382470784842583 1.740000000000001
88 1.38098396888758 1.760000000000001
89 1.379434300399909 1.780000000000001
90 1.377776380785663 1.800000000000001
91 1.376058454988182 1.820000000000001
92 1.374258815028297 1.840000000000001
93 1.372379309771856 1.860000000000001
94 1.370406193021461 1.880000000000001
95 1.368410045791238 1.900000000000001
96 1.366371581313011 1.920000000000001
97 1.364300043733905 1.940000000000001
98 1.362164644904211 1.960000000000001
99 1.359995419634279 1.980000000000001
100 1.357817425515675 2.000000000000001
101 1.355642134927079 2.020000000000001
102 1.353475004823257 2.040000000000001
103 1.351292200601112 2.060000000000001
104 1.349095844706866 2.080000000000001
105 1.346865163435775 2.100000000000001
106 1.344200895870712 2.120000000000001
107 1.341944244584544 2.140000000000001
108 1.339598969954212 2.160000000000001
109 1.337250232554019 2.180000000000001
110 1.33492936028005 2.200000000000002
111 1.332632622084249 2.220000000000002
112 1.330345421046853 2.240000000000002
113 1.328049453266886 2.260000000000002
114 1.325766006693875 2.280000000000002
115 1.323508923938149 2.300000000000002
116 1.321273248694199 2.320000000000002
117 1.319089736275296 2.340000000000002
118 1.316909214097481 2.360000000000002
119 1.314733191975739 2.380000000000002
120 1.312598012074202 2.400000000000002
121 1.310493331729333 2.420000000000002
122 1.308412952762987 2.440000000000002
123 1.306343370551369 2.460000000000002
124 1.304292440843789 2.480000000000002
125 1.302292815137316 2.500000000000002
126 1.300320512248425 2.520000000000002
127 1.298336306812742 2.540000000000002
128 1.296367290857434 2.560000000000002
129 1.294418966335452 2.580000000000002
130 1.292495712110974 2.600000000000002
131 1.290622360618552 2.620000000000002
132 1.288766929324135 2.640000000000002
133 1.286495828929592 2.660000000000002
134 1.284641164813901 2.680000000000002
135 1.282796553205631 2.700000000000002
136 1.280942750903527 2.720000000000002
137 1.279545304113928 2.740000000000002
138 1.277378391433162 2.760000000000002
139 1.275627207797246 2.780000000000002
140 1.273906702092234 2.800000000000002
141 1.272191917933103 2.820000000000002
142 1.270510838000974 2.840000000000002
143 1.26887420110724 2.860000000000002
144 1.267256490703765 2.880000000000002
145 1.265642772158443 2.900000000000002
146 1.264020975745769 2.920000000000002
147 1.262413961567516 2.940000000000002
148 1.26079579150397 2.960000000000002
149 1.259198884297367 2.980000000000002
150 1.257619179334164 3.000000000000002
151 1.256064501869646 3.020000000000002
152 1.254525620895115 3.040000000000002
153 1.253021212044213 3.060000000000002
154 1.251508070764454 3.080000000000002
155 1.25002680398038 3.100000000000002
156 1.248569672685569 3.120000000000002
157 1.247142148546623 3.140000000000002
158 1.245718654015688 3.160000000000002
159 1.244282757901626 3.180000000000002
160 1.242884298789113 3.200000000000002
161 1.241490677869674 3.220000000000002
162 1.240106057789983 3.240000000000002
163 1.238749410648689 3.260000000000002
164 1.237388199988397 3.280000000000002
165 1.236033413510546 3.300000000000002
166 1.234268113192236 3.320000000000003
167 1.232921288717731 3.340000000000003
168 1.231585055628547 3.360000000000003
169 1.230266288903463 3.380000000000003
170 1.228956214030066 3.400000000000003
171 1.227665016840746 3.420000000000003
172 1.226379172206624 3.440000000000003
173 1.225118095462904 3.460000000000003
174 1.223872839417982 3.480000000000003
175 1.222642711188353 3.500000000000003
176 1.221425827061663 3.520000000000003
177 1.220224630224834 3.540000000000003
178 1.219022325225553 3.560000000000003
179 1.217832127830272 3.580000000000003
180 1.216651442976376 3.600000000000003
181 1.215477416712152 3.620000000000003
182 1.214318731953624 3.640000000000003
183 1.213166986729548 3.660000000000003
184 1.212017450604881 3.680000000000003
185 1.210895820790688 3.700000000000003
186 1.209781683489748 3.720000000000003
187 1.208679267461395 3.740000000000003
188 1.207586745370379 3.760000000000003
189 1.206501398958574 3.780000000000003
190 1.205424025773057 3.800000000000003
191 1.204355992401346 3.820000000000003
192 1.203295226229318 3.840000000000003
193 1.202243339041117 3.860000000000003
194 1.20119775418015 3.880000000000003
195 1.200154058334846 3.900000000000003
196 1.19912495536454 3.920000000000003
197 1.198084246456737 3.940000000000003
198 1.197069800739887 3.960000000000003
199 1.196055173669139 3.980000000000003
200 1.195059113315799 4.000000000000003
201 1.194075248446597 4.020000000000002
202 1.193092660161295 4.040000000000002
203 1.192126687067989 4.060000000000001
204 1.191164953666955 4.080000000000001
205 1.190206358031749 4.100000000000001
206 1.189254615911843 4.12
207 1.188305797129804 4.14
208 1.187362848248309 4.159999999999999
209 1.186425229016183 4.179999999999999
210 1.185496820794143 4.199999999999998
211 1.18457617051806 4.219999999999998
212 1.183656842563011 4.239999999999998
213 1.182740744277025 4.259999999999997
214 1.181837401630884 4.279999999999997
215 1.180944000369851 4.299999999999996
216 1.180078743728015 4.319999999999996
217 1.179205879229259 4.339999999999995
218 1.177951687856686 4.359999999999995
219 1.177474728413718 4.379999999999995
220 1.176242355178532 4.399999999999994
221 1.175770392150171 4.419999999999994
222 1.174557199718655 4.439999999999993
223 1.174083070130762 4.459999999999993
224 1.172888884196009 4.479999999999992
225 1.172420680794766 4.499999999999992
226 1.171236144682874 4.519999999999992
227 1.170772196330234 4.539999999999991
228 1.16960813839324 4.559999999999991
229 1.168788511491371 4.57999999999999
230 1.168358490985992 4.59999999999999
231 1.167216317450584 4.619999999999989
232 1.166769805288985 4.639999999999989
233 1.1659982067086 4.659999999999989
234 1.165222991662394 4.679999999999988
235 1.164448631784987 4.699999999999988
236 1.163343369767893 4.719999999999987
237 1.162899830250669 4.739999999999987
238 1.161810157049385 4.759999999999986
239 1.161378681312687 4.779999999999986
240 1.160305121656926 4.799999999999986
241 1.159550894435937 4.819999999999985
242 1.158812363625286 4.839999999999985
243 1.158076708009908 4.859999999999984
244 1.157347691949056 4.879999999999984
245 1.1566307791355 4.899999999999983
246 1.155925235409027 4.919999999999983
247 1.155229581079038 4.939999999999983
248 1.154537358388937 4.959999999999982
249 1.153854126417877 4.979999999999982
250 1.153176622347169 4.999999999999981
251 1.152505244090774 5.019999999999981
252 1.151836914320066 5.03999999999998
253 1.151189048439754 5.05999999999998
254 1.150506283826039 5.07999999999998
255 1.149868846902123 5.099999999999979
256 1.14921675826886 5.119999999999979
257 1.148581307607834 5.139999999999978
258 1.147948251619676 5.159999999999978
259 1.147320659122462 5.179999999999978
260 1.146697634052896 5.199999999999977
261 1.146080909210889 5.219999999999977
262 1.14547341979545 5.239999999999976
263 1.144870115063945 5.259999999999976
264 1.144271171192789 5.279999999999975
265 1.14367344188345 5.299999999999975
266 1.143085399306808 5.319999999999975
267 1.142502885883538 5.339999999999974
268 1.14192211100672 5.359999999999974
269 1.141343985443714 5.379999999999973
270 1.140765134196604 5.399999999999973
271 1.140189712503535 5.419999999999972
272 1.139617955696685 5.439999999999972
273 1.139047294538567 5.459999999999972
274 1.138477391420368 5.479999999999971
275 1.137911785044851 5.499999999999971
276 1.137349563816513 5.51999999999997
277 1.136788845638703 5.53999999999997
278 1.136229503157949 5.559999999999969
279 1.135675859077352 5.579999999999969
280 1.135127661986883 5.599999999999969
281 1.134580521611137 5.619999999999968
282 1.134038318007369 5.639999999999968
283 1.133512578645456 5.659999999999967
284 1.132967278162264 5.679999999999967
285 1.132431760339453 5.699999999999966
286 1.13189609398828 5.719999999999966
287 1.131361877983892 5.739999999999966
288 1.130813928695563 5.759999999999965
289 1.130284134126976 5.779999999999965
290 1.129755079353979 5.799999999999964
291 1.129228021218738 5.819999999999964
292 1.128697907754696 5.839999999999963
293 1.128166775649872 5.859999999999963
294 1.127638823259423 5.879999999999963
295 1.127112212248356 5.899999999999962
296 1.126587527013659 5.919999999999962
297 1.126064201963664 5.939999999999961
298 1.125542675835302 5.959999999999961
299 1.12501964833716 5.97999999999996
300 1.124501034736838 5.99999999999996
301 1.123982606449789 6.01999999999996
302 1.123467104143437 6.039999999999959
303 1.122952449225562 6.059999999999959
304 1.122436091329384 6.079999999999958
305 1.121917996999318 6.099999999999958
306 1.121407069227251 6.119999999999957
307 1.120897327075941 6.139999999999957
308 1.120389431922728 6.159999999999957
309 1.119883941469814 6.179999999999956
310 1.119378475795457 6.199999999999956
311 1.118877584109113 6.219999999999955
312 1.118374437766819 6.239999999999955
313 1.11787577968311 6.259999999999954
314 1.117384229438516 6.279999999999954
315 1.116897329598369 6.299999999999954
316 1.116413800438423 6.319999999999953
317 1.115933847721525 6.339999999999953
318 1.115456736774489 6.359999999999952
319 1.114981959571521 6.379999999999952
320 1.114507212277598 6.399999999999952
321 1.114030552965421 6.419999999999951
322 1.11355553946994 6.439999999999951
323 1.113079424488293 6.45999999999995
324 1.112603056386175 6.47999999999995
325 1.112124737999493 6.499999999999949
326 1.11164964618338 6.519999999999949
327 1.111173035471088 6.539999999999949
328 1.11069753775124 6.559999999999948
329 1.10996855282318 6.579999999999948
330 1.109735821382596 6.599999999999947
331 1.10902359510428 6.619999999999947
332 1.108789254500015 6.639999999999946
333 1.108080279727783 6.659999999999946
334 1.107843813118884 6.679999999999946
335 1.107139650140834 6.699999999999945
336 1.106898400835044 6.719999999999945
337 1.106438531442649 6.739999999999944
338 1.105967960940518 6.759999999999944
339 1.105259925536423 6.779999999999943
340 1.105019401903247 6.799999999999943
341 1.10432894171657 6.819999999999943
342 1.104088161024068 6.839999999999942
343 1.103398882826504 6.859999999999942
344 1.10316299320088 6.879999999999941
345 1.102469366189474 6.899999999999941
346 1.101992156755282 6.91999999999994
347 1.101534545210181 6.93999999999994
348 1.101313230203514 6.95999999999994
349 1.100647097210977 6.979999999999939
350 1.100411064490088 6.999999999999939
351 1.099750049515268 7.019999999999938
352 1.099511909891624 7.039999999999938
353 1.098858441437141 7.059999999999937
354 1.09862034698203 7.079999999999937
355 1.097969958011974 7.099999999999937
356 1.097729820389236 7.119999999999936
357 1.097082251038249 7.139999999999936
358 1.096842683188725 7.159999999999935
359 1.096199825000228 7.179999999999935
360 1.095739868685071 7.199999999999934
361 1.095521670480321 7.219999999999934
362 1.09488833025668 7.239999999999934
363 1.094435622669044 7.259999999999933
364 1.093994117071969 7.279999999999933
365 1.093578908764684 7.299999999999932
366 1.093153866215702 7.319999999999932
367 1.09273014493538 7.339999999999931
368 1.092306824899365 7.359999999999931
369 1.091885602719358 7.379999999999931
370 1.09146960108838 7.39999999999993
371 1.091049813869788 7.41999999999993
372 1.090632990897642 7.439999999999929
373 1.09021891833915 7.459999999999929
374 1.08980646925286 7.479999999999928
375 1.089396070506386 7.499999999999928
376 1.088987268561954 7.519999999999928
377 1.088580424278298 7.539999999999927
378 1.088175170346476 7.559999999999927
379 1.087768629427111 7.579999999999926
380 1.08736545617665 7.599999999999926
381 1.086964363164579 7.619999999999925
382 1.086569778852709 7.639999999999925
383 1.086173924086185 7.659999999999925
384 1.085778218568609 7.679999999999924
385 1.085384561361398 7.699999999999924
386 1.084993538020887 7.719999999999923
387 1.084605624743001 7.739999999999923
388 1.084223282438188 7.759999999999923
389 1.083845838248496 7.779999999999922
390 1.083469278628808 7.799999999999922
391 1.083093591367967 7.819999999999921
392 1.082719513005078 7.839999999999921
393 1.082347601496606 7.85999999999992
394 1.081976967406892 7.87999999999992
395 1.08160878769357 7.89999999999992
396 1.081243242970717 7.919999999999919
397 1.080880627220262 7.939999999999919
398 1.080518965686853 7.959999999999918
399 1.080157877303292 7.979999999999918
400 1.079798912904969 7.999999999999917
401 1.079443780051967 8.019999999999918
402 1.079090799512715 8.039999999999917
403 1.078738367185583 8.059999999999917
404 1.078563834025956 8.079999999999917
405 1.078060640725513 8.099999999999916
406 1.077880757468125 8.119999999999916
407 1.077385191973962 8.139999999999915
408 1.077203530935596 8.159999999999915
409 1.076714089636875 8.179999999999914
410 1.076535054160965 8.199999999999914
411 1.076062438359594 8.219999999999914
412 1.075880215410421 8.239999999999913
413 1.075412022937252 8.259999999999913
414 1.075233554974064 8.279999999999912
415 1.0747621176159 8.299999999999912
416 1.074586358077328 8.319999999999911
417 1.074120687226267 8.339999999999911
418 1.073952123759091 8.359999999999911
419 1.073487811414119 8.37999999999991
420 1.073317987051642 8.39999999999991
421 1.07286625711714 8.419999999999909
422 1.072700539505812 8.439999999999909
423 1.072256112219881 8.459999999999908
424 1.072099564882638 8.479999999999908
425 1.071812074162396 8.499999999999908
426 1.071511200634402 8.519999999999907
427 1.071214051102705 8.539999999999907
428 1.070768519824115 8.559999999999906
429 1.070615583209226 8.579999999999906
430 1.070342265916717 8.599999999999905
431 1.070051770296241 8.619999999999905
432 1.069764208225611 8.639999999999905
433 1.069476898075076 8.659999999999904
434 1.069186298453103 8.679999999999904
435 1.068916198410717 8.699999999999903
436 1.068642272156033 8.719999999999903
437 1.068229272555426 8.739999999999903
438 1.068091845819719 8.759999999999902
439 1.067704268621776 8.779999999999902
440 1.067434870551152 8.799999999999901
441 1.067182032236669 8.819999999999901
442 1.066931174324885 8.8399999999999
443 1.066678364050377 8.8599999999999
444 1.066429615738637 8.8799999999999
445 1.066182265040704 8.899999999999899
446 1.065936796445384 8.919999999999899
447 1.065829998700048 8.939999999999898
448 1.065458558932281 8.959999999999898
449 1.065337315053873 8.979999999999897
450 1.064975595517242 8.999999999999897
451 1.064859165620152 9.019999999999897
452 1.064499445684341 9.039999999999896
453 1.064389060427454 9.059999999999896
454 1.064177728868994 9.079999999999895
455 1.063951773801075 9.099999999999895
456 1.063730589645437 9.119999999999894
457 1.06350827331295 9.139999999999894
458 1.063286887235445 9.159999999999894
459 1.063067702008183 9.179999999999893
460 1.062849190444162 9.199999999999893
461 1.062629242745156 9.219999999999892
462 1.062410300073741 9.239999999999892
463 1.062190971497189 9.259999999999891
464 1.061969300842309 9.279999999999891
465 1.061752448534091 9.299999999999891
466 1.061533831223153 9.31999999999989
467 1.061324761821588 9.33999999999989
468 1.06111834249434 9.359999999999889
469 1.060909902803843 9.379999999999889
470 1.06070528187271 9.399999999999888
471 1.060503188463327 9.419999999999888
472 1.060303352318047 9.439999999999888
473 1.060103454640501 9.459999999999887
474 1.059901087652052 9.479999999999887
475 1.059698919736058 9.499999999999886
476 1.05949474390097 9.519999999999886
477 1.059289810262019 9.539999999999885
478 1.059087291794925 9.559999999999885
479 1.058895878989415 9.579999999999885
480 1.058708900166602 9.599999999999884
481 1.058522424289773 9.619999999999884
482 1.058334491131841 9.639999999999883
483 1.058142129799987 9.659999999999883
484 1.0579507655382 9.679999999999882
485 1.057763177268465 9.699999999999882
486 1.057579714320535 9.719999999999882
487 1.057397945253824 9.739999999999881
488 1.057219786626161 9.759999999999881
489 1.057039171811479 9.77999999999988
490 1.056858563356817 9.79999999999988
491 1.056675986707347 9.819999999999879
492 1.05649188770382 9.839999999999879
493 1.05630628752319 9.859999999999879
494 1.056117086607036 9.879999999999878
495 1.05593247135148 9.899999999999878
496 1.055750220952665 9.919999999999877
497 1.055564246735518 9.939999999999877
498 1.055385557138105 9.959999999999877
499 1.055206715088301 9.979999999999876
500 1.055028798351521 9.999999999999876
501 1.054852655790489 10.01999999999988
502 1.054678504435169 10.03999999999987
503 1.054502592856104 10.05999999999987
504 1.054324454020414 10.07999999999987
505 1.054148329876554 10.09999999999987
506 1.053972782930267 10.11999999999987
507 1.053799466896871 10.13999999999987
508 1.053629409149805 10.15999999999987
509 1.053460026626494 10.17999999999987
510 1.053291792482747 10.19999999999987
511 1.053123991062547 10.21999999999987
512 1.052958585500688 10.23999999999987
513 1.052793558750567 10.25999999999987
514 1.052621185339373 10.27999999999987
515 1.052455510429677 10.29999999999987
516 1.052287936472367 10.31999999999987
517 1.052119643691194 10.33999999999987
518 1.051957240977804 10.35999999999987
519 1.051796035933917 10.37999999999987
520 1.051634931943775 10.39999999999987
521 1.051477140917094 10.41999999999987
522 1.051307272579538 10.43999999999987
523 1.05113825240336 10.45999999999987
524 1.050962498887206 10.47999999999987
525 1.05077525129032 10.49999999999986
526 1.050576875978508 10.51999999999986
527 1.050396840857199 10.53999999999986
528 1.050200270075694 10.55999999999986
529 1.050018093770865 10.57999999999986
530 1.04983471348365 10.59999999999986
531 1.049649795150919 10.61999999999986
532 1.049470916126125 10.63999999999986
533 1.049292932359545 10.65999999999986
534 1.049116859224378 10.67999999999986
535 1.048941404359156 10.69999999999986
536 1.048767417936644 10.71999999999986
537 1.048595175514847 10.73999999999986
538 1.048423535044158 10.75999999999986
539 1.048252469182151 10.77999999999986
540 1.048077252172122 10.79999999999986
541 1.047904666349037 10.81999999999986
542 1.047720161833855 10.83999999999986
543 1.047604520202605 10.85999999999986
544 1.047367666515444 10.87999999999986
545 1.04719172381951 10.89999999999986
546 1.047020799744567 10.91999999999986
547 1.0468527329431 10.93999999999986
548 1.04668516121505 10.95999999999986
549 1.046518789269237 10.97999999999985
550 1.04635296963063 10.99999999999985
551 1.046188213574207 11.01999999999985
552 1.046079268648386 11.03999999999985
553 1.045847003778513 11.05999999999985
554 1.045731442195233 11.07999999999985
555 1.045552616881766 11.09999999999985
556 1.045379886939829 11.11999999999985
557 1.045205219320476 11.13999999999985
558 1.045032134314061 11.15999999999985
559 1.044860532241388 11.17999999999985
560 1.044690651692742 11.19999999999985
561 1.044523099778773 11.21999999999985
562 1.044359362698006 11.23999999999985
563 1.044198069232968 11.25999999999985
564 1.044031376090322 11.27999999999985
565 1.043864147062293 11.29999999999985
566 1.04370113348298 11.31999999999985
567 1.043543674426417 11.33999999999985
568 1.043390436823022 11.35999999999985
569 1.043243664340691 11.37999999999985
570 1.043099375919037 11.39999999999985
571 1.042958571653198 11.41999999999985
572 1.042816734910582 11.43999999999984
573 1.042685736748051 11.45999999999984
574 1.04256122551435 11.47999999999984
575 1.042437487678353 11.49999999999984
576 1.042317804366479 11.51999999999984
577 1.042200200013199 11.53999999999984
578 1.042086088909655 11.55999999999984
579 1.041975209991984 11.57999999999984
580 1.04186076458203 11.59999999999984
581 1.041763534456639 11.61999999999984
582 1.04165719823265 11.63999999999984
583 1.041560957301492 11.65999999999984
584 1.041448278757052 11.67999999999984
585 1.041351453414474 11.69999999999984
586 1.041257452034282 11.71999999999984
587 1.041164933690083 11.73999999999984
588 1.041078501707204 11.75999999999984
589 1.040996146177371 11.77999999999984
590 1.040921227810035 11.79999999999984
591 1.040845438070412 11.81999999999984
592 1.040771887174207 11.83999999999984
593 1.040704309846149 11.85999999999984
594 1.040641898849662 11.87999999999984
595 1.040586389628699 11.89999999999984
596 1.040533303061005 11.91999999999983
597 1.040483644922006 11.93999999999983
598 1.040451486242723 11.95999999999983
599 1.040410152763396 11.97999999999983
600 1.040362358608528 11.99999999999983
601 1.040320195653381 12.01999999999983
602 1.040278583287105 12.03999999999983
603 1.040236382904041 12.05999999999983
604 1.040200571269407 12.07999999999983
605 1.040165449083492 12.09999999999983
606 1.040134323418094 12.11999999999983
607 1.04010412394009 12.13999999999983
608 1.040062728403989 12.15999999999983
609 1.040033791128218 12.17999999999983
610 1.040001636693573 12.19999999999983
611 1.039974327409272 12.21999999999983
612 1.039973540795069 12.23999999999983
613 1.039925783464253 12.25999999999983
614 1.039905349058492 12.27999999999983
615 1.039888133823105 12.29999999999983
616 1.03987344891335 12.31999999999983
617 1.039860665831458 12.33999999999983
618 1.039866419525026 12.35999999999983
619 1.039864727312604 12.37999999999982
620 1.039838615400881 12.39999999999982
621 1.039843862425461 12.41999999999982
622 1.039814257670685 12.43999999999982
623 1.039828517213745 12.45999999999982
624 1.039807293080989 12.47999999999982
625 1.039829198096734 12.49999999999982
626 1.039825918645029 12.51999999999982
627 1.039853941375745 12.53999999999982
628 1.039879557340146 12.55999999999982
629 1.039913713105455 12.57999999999982
630 1.03995511840319 12.59999999999982
631 1.039996721528541 12.61999999999982
632 1.040038775412422 12.63999999999982
633 1.040059666755345 12.65999999999982
634 1.040123655137575 12.67999999999982
635 1.040174706012016 12.69999999999982
636 1.040228998104899 12.71999999999982
637 1.040290168591658 12.73999999999982
638 1.040351983400414 12.75999999999982
639 1.040407915345268 12.77999999999982
640 1.040495783861957 12.79999999999982
641 1.040560786187595 12.81999999999982
642 1.040623356047209 12.83999999999982
643 1.040690674950637 12.85999999999981
644 1.040747091996957 12.87999999999981
645 1.040849937300313 12.89999999999981
646 1.040875664167827 12.91999999999981
647 1.040983106716304 12.93999999999981
648 1.041038169151194 12.95999999999981
649 1.04111681284781 12.97999999999981
650 1.041211347752942 12.99999999999981
651 1.041273376417278 13.01999999999981
652 1.041370385725678 13.03999999999981
653 1.041441289984512 13.05999999999981
654 1.041527924641274 13.07999999999981
655 1.041609975792153 13.09999999999981
656 1.041696231709994 13.11999999999981
657 1.041796747040544 13.13999999999981
658 1.041878463614402 13.15999999999981
659 1.041991129754434 13.17999999999981
660 1.042091290394226 13.19999999999981
661 1.042189980825661 13.21999999999981
662 1.0422853203974 13.23999999999981
663 1.042386080738798 13.25999999999981
664 1.042489357678572 13.27999999999981
665 1.042594481042456 13.29999999999981
666 1.042700462828891 13.3199999999998
667 1.042805967881486 13.3399999999998
668 1.042909528490666 13.3599999999998
669 1.043004256915299 13.3799999999998
670 1.043093716659431 13.3999999999998
671 1.043191088176761 13.4199999999998
672 1.043289291818096 13.4399999999998
673 1.043386258642594 13.4599999999998
674 1.043486418416371 13.4799999999998
675 1.043581821964892 13.4999999999998
676 1.043684276888676 13.5199999999998
677 1.043786095424069 13.5399999999998
678 1.043880986744036 13.5599999999998
679 1.043977144119207 13.5799999999998
680 1.044075155312679 13.5999999999998
681 1.044180172657023 13.6199999999998
682 1.044286230397574 13.6399999999998
683 1.04437589470663 13.6599999999998
684 1.044471878635775 13.6799999999998
685 1.044566095182797 13.6999999999998
686 1.044655320756073 13.7199999999998
687 1.044742690018932 13.7399999999998
688 1.044822618252122 13.7599999999998
689 1.044895004643526 13.7799999999998
690 1.044964882384528 13.79999999999979
691 1.045046511132525 13.81999999999979
692 1.045136652573418 13.83999999999979
693 1.045221340590389 13.85999999999979
694 1.045307450778987 13.87999999999979
695 1.045401869347797 13.89999999999979
696 1.045502762646092 13.91999999999979
697 1.045601976178655 13.93999999999979
698 1.045687442591858 13.95999999999979
699 1.045788582219773 13.97999999999979
700 1.045882885658148 13.99999999999979
701 1.045957431320657 14.01999999999979
702 1.046034792672027 14.03999999999979
703 1.046111882333004 14.05999999999979
704 1.046185967466208 14.07999999999979
705 1.046264928624188 14.09999999999979
706 1.046337775747733 14.11999999999979
707 1.046414480228359 14.13999999999979
708 1.04648619296304 14.15999999999979
709 1.046545817670818 14.17999999999979
710 1.046609152119207 14.19999999999979
711 1.046675941033649 14.21999999999979
712 1.04673359776534 14.23999999999979
713 1.046796264839293 14.25999999999978
714 1.046862338384647 14.27999999999978
715 1.046927440041439 14.29999999999978
716 1.04699537856586 14.31999999999978
717 1.04705205843998 14.33999999999978
718 1.047111294439541 14.35999999999978
719 1.047174312158295 14.37999999999978
720 1.04724264290496 14.39999999999978
721 1.04732718782416 14.41999999999978
722 1.047391668077803 14.43999999999978
723 1.047466768978236 14.45999999999978
724 1.047541000465068 14.47999999999978
725 1.047606511788707 14.49999999999978
726 1.047670898180352 14.51999999999978
727 1.047725718719528 14.53999999999978
728 1.04777728848122 14.55999999999978
729 1.047836589570023 14.57999999999978
730 1.047883971990041 14.59999999999978
731 1.047953179188164 14.61999999999978
732 1.048006213488097 14.63999999999978
733 1.048070457499672 14.65999999999978
734 1.048129145775559 14.67999999999978
735 1.04818427836693 14.69999999999978
736 1.04825093920732 14.71999999999978
737 1.048301140308802 14.73999999999977
738 1.048371511594917 14.75999999999977
739 1.048422426816295 14.77999999999977
740 1.048480294972565 14.79999999999977
741 1.048536725723854 14.81999999999977
742 1.048599718922181 14.83999999999977
743 1.048663955894053 14.85999999999977
744 1.048734921805593 14.87999999999977
745 1.048776587008242 14.89999999999977
746 1.048815441097122 14.91999999999977
747 1.048850069764169 14.93999999999977
748 1.048886068070094 14.95999999999977
749 1.048926948279359 14.97999999999977
750 1.048978044996255 14.99999999999977
751 1.04904049949259 15.01999999999977
752 1.049100451406617 15.03999999999977
753 1.049151449741311 15.05999999999977
754 1.049229061999938 15.07999999999977
755 1.049309492481381 15.09999999999977
756 1.049390080031884 15.11999999999977
757 1.049468382969736 15.13999999999977
758 1.049553304048298 15.15999999999977
759 1.049642546010451 15.17999999999977
760 1.049726706663344 15.19999999999976
761 1.049812529422557 15.21999999999976
762 1.049901924740478 15.23999999999976
763 1.050007630784689 15.25999999999976
764 1.050128666089834 15.27999999999976
765 1.050227246146222 15.29999999999976
766 1.050340177175964 15.31999999999976
767 1.050475027384585 15.33999999999976
768 1.050605615956247 15.35999999999976
769 1.050725260370825 15.37999999999976
770 1.0508421114371 15.39999999999976
771 1.050973893724175 15.41999999999976
772 1.051107387361236 15.43999999999976
773 1.051258546162154 15.45999999999976
774 1.051408606646481 15.47999999999976
775 1.05155441528532 15.49999999999976
776 1.051707918864544 15.51999999999976
777 1.051854561422242 15.53999999999976
778 1.05201457224375 15.55999999999976
779 1.052185838673982 15.57999999999976
780 1.052359091224248 15.59999999999976
781 1.052544945377725 15.61999999999976
782 1.052736098494192 15.63999999999976
783 1.052923976772195 15.65999999999976
784 1.053114273417245 15.67999999999975
785 1.053315385642724 15.69999999999975
786 1.053512010333541 15.71999999999975
787 1.053732295599165 15.73999999999975
788 1.053946734746009 15.75999999999975
789 1.054194255580625 15.77999999999975
790 1.05445188526281 15.79999999999975
791 1.054713055277958 15.81999999999975
792 1.054956205365297 15.83999999999975
793 1.055218650896243 15.85999999999975
794 1.05549813115195 15.87999999999975
795 1.055790022299833 15.89999999999975
796 1.056103276651533 15.91999999999975
797 1.056430602573557 15.93999999999975
798 1.056763442933619 15.95999999999975
799 1.057114232139822 15.97999999999975
800 1.057435283348095 15.99999999999975
801 1.057770937757947 16.01999999999975
802 1.058126708286232 16.03999999999975
803 1.05847198637446 16.05999999999975
804 1.058837010206009 16.07999999999975
805 1.059207885131054 16.09999999999975
806 1.059597207375082 16.11999999999975
807 1.060000727919768 16.13999999999974
808 1.060420102462265 16.15999999999974
809 1.060840564081842 16.17999999999974
810 1.061294924818716 16.19999999999974
811 1.061773825104249 16.21999999999974
812 1.062237191602399 16.23999999999974
813 1.062703047389819 16.25999999999974
814 1.063177415827335 16.27999999999974
815 1.063660843752664 16.29999999999974
816 1.064140904299803 16.31999999999974
817 1.064634579778528 16.33999999999974
818 1.065132454551363 16.35999999999974
819 1.065645700276228 16.37999999999974
820 1.066163294257063 16.39999999999974
821 1.066660356723683 16.41999999999974
822 1.067170802119953 16.43999999999974
823 1.067707681456369 16.45999999999974
824 1.06822236673438 16.47999999999974
825 1.068774475025939 16.49999999999974
826 1.069326553698922 16.51999999999974
827 1.069892532628455 16.53999999999974
828 1.070460428054096 16.55999999999974
829 1.071042230960816 16.57999999999974
830 1.071637926693581 16.59999999999973
831 1.072230480579062 16.61999999999973
832 1.072829559462477 16.63999999999973
833 1.073435495335225 16.65999999999973
834 1.074044662264845 16.67999999999973
835 1.074654106965429 16.69999999999973
836 1.075272169815462 16.71999999999973
837 1.07591794408046 16.73999999999973
838 1.076560865141057 16.75999999999973
839 1.077202233114815 16.77999999999973
840 1.07784251903626 16.79999999999973
841 1.078456158640935 16.81999999999973
842 1.079091161382645 16.83999999999973
843 1.079741558130631 16.85999999999973
844 1.080392065885761 16.87999999999973
845 1.081034052126607 16.89999999999973
846 1.081684583759714 16.91999999999973
847 1.082321223921261 16.93999999999973
848 1.08296352421286 16.95999999999973
849 1.083615114861146 16.97999999999973
850 1.084274724766916 16.99999999999973
851 1.084937348059862 17.01999999999973
852 1.08559690428054 17.03999999999973
853 1.08625500359435 17.05999999999973
854 1.08690759693775 17.07999999999972
855 1.08754857201696 17.09999999999972
856 1.088200388400547 17.11999999999972
857 1.088856634448523 17.13999999999972
858 1.089498130173963 17.15999999999972
859 1.090123194099963 17.17999999999972
860 1.090760993507988 17.19999999999972
861 1.091393164658237 17.21999999999972
862 1.092012645461086 17.23999999999972
863 1.092607077586269 17.25999999999972
864 1.093221033791902 17.27999999999972
865 1.093799609889134 17.29999999999972
866 1.094370384868748 17.31999999999972
867 1.094958873180378 17.33999999999972
868 1.095534030160849 17.35999999999972
869 1.096083978433339 17.37999999999972
870 1.096628049455302 17.39999999999972
871 1.09716933483589 17.41999999999972
872 1.097714054886218 17.43999999999972
873 1.098236616923873 17.45999999999972
874 1.09872957375315 17.47999999999972
875 1.099209710104457 17.49999999999972
876 1.099660491327138 17.51999999999972
877 1.100129719077209 17.53999999999971
878 1.100580291842682 17.55999999999971
879 1.101016763232416 17.57999999999971
880 1.101443714471583 17.59999999999971
881 1.101843393242567 17.61999999999971
882 1.102267385349074 17.63999999999971
883 1.10265937989838 17.65999999999971
884 1.103082396053247 17.67999999999971
885 1.103458739399136 17.69999999999971
886 1.103854595817779 17.71999999999971
887 1.104232579367344 17.73999999999971
888 1.104582789316648 17.75999999999971
889 1.104915366890781 17.77999999999971
890 1.105269776597407 17.79999999999971
891 1.105597099817341 17.81999999999971
892 1.105904805833398 17.83999999999971
893 1.106207978592587 17.85999999999971
894 1.106512122508173 17.87999999999971
895 1.1067824471202 17.89999999999971
896 1.107068900530622 17.91999999999971
897 1.107323645169681 17.93999999999971
898 1.107584305134224 17.95999999999971
899 1.107827775673711 17.97999999999971
900 1.108090946881668 17.99999999999971
901 1.10827401796364 18.0199999999997
902 1.108527124767158 18.0399999999997
903 1.108741274795988 18.0599999999997
904 1.108959936298186 18.0799999999997
905 1.10915702693094 18.0999999999997
906 1.109355414877153 18.1199999999997
907 1.109532832798756 18.1399999999997
908 1.109725870910514 18.1599999999997
909 1.10995837893499 18.1799999999997
910 1.110191486164623 18.1999999999997
911 1.110416937511693 18.2199999999997
912 1.110658101736884 18.2399999999997
913 1.110884020202757 18.2599999999997
914 1.111108872889853 18.2799999999997
915 1.111349095991813 18.2999999999997
916 1.111568721499362 18.3199999999997
917 1.111796111411044 18.3399999999997
918 1.112020512450484 18.3599999999997
919 1.112254551135846 18.3799999999997
920 1.112498187730969 18.3999999999997
921 1.112727968124831 18.4199999999997
922 1.112936701592182 18.4399999999997
923 1.113179542681331 18.4599999999997
924 1.1134056974841 18.47999999999969
925 1.113672442036188 18.49999999999969
926 1.113966608665788 18.51999999999969
927 1.114261167425129 18.53999999999969
928 1.114548834535172 18.55999999999969
929 1.114849619685078 18.57999999999969
930 1.115133368443129 18.59999999999969
931 1.11543598499406 18.61999999999969
932 1.115754455750209 18.63999999999969
933 1.116083291290064 18.65999999999969
934 1.116438034657134 18.67999999999969
935 1.116802649676121 18.69999999999969
936 1.117212267351232 18.71999999999969
937 1.117642785394529 18.73999999999969
938 1.118067832092405 18.75999999999969
939 1.118490768803355 18.77999999999969
940 1.118942683496481 18.79999999999969
941 1.11940236925335 18.81999999999969
942 1.119877915747309 18.83999999999969
943 1.120407540287354 18.85999999999969
944 1.120911151162908 18.87999999999969
945 1.121454937932706 18.89999999999969
946 1.122012752859324 18.91999999999969
947 1.122580972960379 18.93999999999969
948 1.12316336255893 18.95999999999968
949 1.123760129872858 18.97999999999968
950 1.12438339809498 18.99999999999968
951 1.125037785036468 19.01999999999968
952 1.125674285221767 19.03999999999968
953 1.126350265315336 19.05999999999968
954 1.127023799723811 19.07999999999968
955 1.127703726619638 19.09999999999968
956 1.128405034728583 19.11999999999968
957 1.12912743611536 19.13999999999968
958 1.129852991923716 19.15999999999968
959 1.130580256926792 19.17999999999968
960 1.131312487328158 19.19999999999968
961 1.132055798429744 19.21999999999968
962 1.13281894881193 19.23999999999968
963 1.133621819989311 19.25999999999968
964 1.134454544663577 19.27999999999968
965 1.135306026998334 19.29999999999968
966 1.136185035991397 19.31999999999968
967 1.137048821185146 19.33999999999968
968 1.137981523018671 19.35999999999968
969 1.138929310021904 19.37999999999968
970 1.139970868937947 19.39999999999968
971 1.140911372546159 19.41999999999967
972 1.141947560650807 19.43999999999967
973 1.142965298935892 19.45999999999967
974 1.143980098825464 19.47999999999967
975 1.144995976738994 19.49999999999967
976 1.146015554260179 19.51999999999967
977 1.147037740333163 19.53999999999967
978 1.148066261652379 19.55999999999967
979 1.149101099680957 19.57999999999967
980 1.150140680293803 19.59999999999967
981 1.151182361088769 19.61999999999967
982 1.152240854592502 19.63999999999967
983 1.153317303614132 19.65999999999967
984 1.154392810800529 19.67999999999967
985 1.155471357221658 19.69999999999967
986 1.156548786254509 19.71999999999967
987 1.157626112441376 19.73999999999967
988 1.158715945868299 19.75999999999967
989 1.159826954513312 19.77999999999967
990 1.160867109978289 19.79999999999967
991 1.161913210228181 19.81999999999967
992 1.162935786891211 19.83999999999967
993 1.163930137181336 19.85999999999967
994 1.164898836309465 19.87999999999967
995 1.165841557571095 19.89999999999966
996 1.166796625131003 19.91999999999966
997 1.167770299234702 19.93999999999966
998 1.168732747922748 19.95999999999966
999 1.169721992875833 19.97999999999966
1000 1.170726873570021 19.99999999999966
1001 1.171655995957736 20.01999999999966
1002 1.172556645084777 20.03999999999966
1003 1.173456582241128 20.05999999999966
1004 1.174352551705543 20.07999999999966
1005 1.175219799543624 20.09999999999966
1006 1.176057996827033 20.11999999999966
1007 1.176914958323194 20.13999999999966
1008 1.177765124794651 20.15999999999966
1009 1.178587693967321 20.17999999999966
1010 1.179373150418202 20.19999999999966
1011 1.180142496870362 20.21999999999966
1012 1.180845273052825 20.23999999999966
1013 1.181546991668159 20.25999999999966
1014 1.182189805221237 20.27999999999966
1015 1.182833292044396 20.29999999999966
1016 1.183462434738823 20.31999999999966
1017 1.184075857212317 20.33999999999966
1018 1.18466793831154 20.35999999999965
1019 1.185182455616675 20.37999999999965
1020 1.18572066423505 20.39999999999965
1021 1.18619613560404 20.41999999999965
1022 1.186676493980349 20.43999999999965
1023 1.187124301875194 20.45999999999965
1024 1.187582298433592 20.47999999999965
1025 1.1880077555822 20.49999999999965
1026 1.188384468530146 20.51999999999965
1027 1.18875354785458 20.53999999999965
1028 1.189089372210136 20.55999999999965
1029 1.189434188038482 20.57999999999965
1030 1.189753572604999 20.59999999999965
1031 1.189987434815081 20.61999999999965
1032 1.190254065148301 20.63999999999965
1033 1.190496010345189 20.65999999999965
1034 1.190694931679581 20.67999999999965
1035 1.190791158836737 20.69999999999965
1036 1.190892377612794 20.71999999999965
1037 1.190990831856789 20.73999999999965
1038 1.191097237311799 20.75999999999965
1039 1.191178987724983 20.77999999999965
1040 1.191209682867877 20.79999999999965
1041 1.191243842317288 20.81999999999965
1042 1.191262052228137 20.83999999999964
1043 1.191284178506025 20.85999999999964
1044 1.191243610456713 20.87999999999964
1045 1.191195922672204 20.89999999999964
1046 1.191113651659531 20.91999999999964
1047 1.191048335402765 20.93999999999964
1048 1.190944616402623 20.95999999999964
1049 1.190860988307578 20.97999999999964
1050 1.190784957647099 20.99999999999964
1051 1.190687325173081 21.01999999999964
1052 1.190551488412362 21.03999999999964
1053 1.190402708804817 21.05999999999964
1054 1.190234385784205 21.07999999999964
1055 1.19009000064597 21.09999999999964
1056 1.189937493268684 21.11999999999964
1057 1.189779971757673 21.13999999999964
1058 1.189608165306247 21.15999999999964
1059 1.189470324343516 21.17999999999964
1060 1.189323074272365 21.19999999999964
1061 1.189209731593893 21.21999999999964
1062 1.189061146736512 21.23999999999964
1063 1.188891819656353 21.25999999999964
1064 1.18872586530671 21.27999999999964
1065 1.188563217382562 21.29999999999963
1066 1.188416404829171 21.31999999999963
1067 1.188288248169347 21.33999999999963
1068 1.188197393026897 21.35999999999963
1069 1.188124216123724 21.37999999999963
1070 1.188073405745333 21.39999999999963
1071 1.188016892418582 21.41999999999963
1072 1.187982569884959 21.43999999999963
1073 1.187971106565465 21.45999999999963
1074 1.188016827389675 21.47999999999963
1075 1.188096008519773 21.49999999999963
1076 1.188159387730837 21.51999999999963
1077 1.188215913605826 21.53999999999963
1078 1.188291465125636 21.55999999999963
1079 1.188398043431953 21.57999999999963
1080 1.188475700111516 21.59999999999963
1081 1.188617268324535 21.61999999999963
1082 1.188813522374898 21.63999999999963
1083 1.188981368086188 21.65999999999963
1084 1.189262912714746 21.67999999999963
1085 1.189621522641195 21.69999999999963
1086 1.1899150168737 21.71999999999963
1087 1.190217366362925 21.73999999999963
1088 1.190530741246813 21.75999999999962
1089 1.190863224794389 21.77999999999962
1090 1.191208668794783 21.79999999999962
1091 1.191618872700324 21.81999999999962
1092 1.192101316848702 21.83999999999962
1093 1.192591550864322 21.85999999999962
1094 1.193111415697966 21.87999999999962
1095 1.193651814608117 21.89999999999962
1096 1.194189487029022 21.91999999999962
1097 1.194667729532496 21.93999999999962
1098 1.195315064276381 21.95999999999962
1099 1.19598705870785 21.97999999999962
1100 1.196706065509491 21.99999999999962
1101 1.1974620717749 22.01999999999962
1102 1.198247434439505 22.03999999999962
1103 1.199010190947068 22.05999999999962
1104 1.199835523474374 22.07999999999962
1105 1.200630130954534 22.09999999999962
1106 1.201435723643266 22.11999999999962
1107 1.202267356505058 22.13999999999962
1108 1.203157414838722 22.15999999999962
1109 1.204096070735108 22.17999999999962
1110 1.20502327949731 22.19999999999962
1111 1.205969318210739 22.21999999999962
1112 1.206965374938391 22.23999999999961
1113 1.207976533069322 22.25999999999961
1114 1.208999730296222 22.27999999999961
1115 1.210005558419479 22.29999999999961
1116 1.21102359372174 22.31999999999961
1117 1.212066132184512 22.33999999999961
1118 1.213185211772343 22.35999999999961
1119 1.214205393840329 22.37999999999961
1120 1.215277877700252 22.39999999999961
1121 1.216356431024252 22.41999999999961
1122 1.217456150196458 22.43999999999961
1123 1.21852823291858 22.45999999999961
1124 1.219616914342332 22.47999999999961
1125 1.22066155991238 22.49999999999961
1126 1.221657222606027 22.51999999999961
1127 1.222669419384478 22.53999999999961
1128 1.223681297041529 22.55999999999961
1129 1.224698591736363 22.57999999999961
1130 1.225724625208054 22.59999999999961
1131 1.22675381869228 22.61999999999961
1132 1.227748981087175 22.63999999999961
1133 1.228733158490093 22.65999999999961
1134 1.229699661940064 22.67999999999961
1135 1.230662053020093 22.6999999999996
1136 1.231567099746526 22.7199999999996
1137 1.232473196500182 22.7399999999996
1138 1.233389106444543 22.7599999999996
1139 1.234263878549716 22.7799999999996
1140 1.235063551806307 22.7999999999996
1141 1.235890108758569 22.8199999999996
1142 1.236660634973989 22.8399999999996
1143 1.237357320037445 22.8599999999996
1144 1.237981436565484 22.8799999999996
1145 1.238468195461263 22.8999999999996
1146 1.239015590995951 22.9199999999996
1147 1.239577177141167 22.9399999999996
1148 1.240150239590478 22.9599999999996
1149 1.240758220060347 22.9799999999996
1150 1.241297929767487 22.9999999999996
1151 1.241818078319092 23.0199999999996
1152 1.242270372804154 23.0399999999996
1153 1.242686549833045 23.0599999999996
1154 1.243037172163817 23.0799999999996
1155 1.243340617521953 23.0999999999996
1156 1.243637695305814 23.1199999999996
1157 1.243881984208995 23.1399999999996
1158 1.244032085330887 23.1599999999996
1159 1.244121181133962 23.17999999999959
1160 1.244202545503105 23.19999999999959
1161 1.244245703339208 23.21999999999959
1162 1.244253351511416 23.23999999999959
1163 1.244205321795753 23.25999999999959
1164 1.244195996066841 23.27999999999959
1165 1.244155605487259 23.29999999999959
1166 1.244045416901363 23.31999999999959
1167 1.243914467082667 23.33999999999959
1168 1.243762488986308 23.35999999999959
1169 1.243572344138659 23.37999999999959
1170 1.243363789942483 23.39999999999959
1171 1.24313105167051 23.41999999999959
1172 1.242853757550713 23.43999999999959
1173 1.24254064576618 23.45999999999959
1174 1.242220095812525 23.47999999999959
1175 1.241847325304417 23.49999999999959
1176 1.241428552376554 23.51999999999959
1177 1.240995380193465 23.53999999999959
1178 1.240549129177803 23.55999999999959
1179 1.240053967141974 23.57999999999959
1180 1.239533820807341 23.59999999999959
1181 1.239014619643731 23.61999999999959
1182 1.238481923103283 23.63999999999958
1183 1.237958199032812 23.65999999999958
1184 1.237386202910588 23.67999999999958
1185 1.236799443404944 23.69999999999958
1186 1.236194202240739 23.71999999999958
1187 1.235581428198473 23.73999999999958
1188 1.234959473031488 23.75999999999958
1189 1.234360683298791 23.77999999999958
1190 1.233750186533584 23.79999999999958
1191 1.233128287176616 23.81999999999958
1192 1.232480998654104 23.83999999999958
1193 1.231854831081954 23.85999999999958
1194 1.231214356443607 23.87999999999958
1195 1.230620400687567 23.89999999999958
1196 1.230056251953259 23.91999999999958
1197 1.229452149349023 23.93999999999958
1198 1.228840481642956 23.95999999999958
1199 1.228216138249134 23.97999999999958
1200 1.227619528462573 23.99999999999958
1201 1.227011794418766 24.01999999999958
1202 1.226489824148421 24.03999999999958
1203 1.225994233908891 24.05999999999958
1204 1.225494296804586 24.07999999999958
1205 1.225022084903574 24.09999999999958
1206 1.22462358178619 24.11999999999957
1207 1.224234624851036 24.13999999999957
1208 1.223942930223302 24.15999999999957
1209 1.223590378782186 24.17999999999957
1210 1.223298997237404 24.19999999999957
1211 1.223055354938475 24.21999999999957
1212 1.222840252060497 24.23999999999957
1213 1.222650220730576 24.25999999999957
1214 1.222436743482422 24.27999999999957
1215 1.222276366926867 24.29999999999957
1216 1.222117623879972 24.31999999999957
1217 1.221992204402697 24.33999999999957
1218 1.221909776457081 24.35999999999957
1219 1.221842588772826 24.37999999999957
1220 1.221852471539232 24.39999999999957
1221 1.221932624551616 24.41999999999957
1222 1.222060082254964 24.43999999999957
1223 1.222229744871563 24.45999999999957
1224 1.222426626105475 24.47999999999957
1225 1.222608573065016 24.49999999999957
1226 1.222898245163542 24.51999999999957
1227 1.223265440788074 24.53999999999957
1228 1.22363817328213 24.55999999999957
1229 1.224042691848763 24.57999999999956
1230 1.224505726519401 24.59999999999956
1231 1.224933516595454 24.61999999999956
1232 1.225418668732564 24.63999999999956
1233 1.225927884899623 24.65999999999956
1234 1.226452376415342 24.67999999999956
1235 1.227049960067833 24.69999999999956
1236 1.227718336441104 24.71999999999956
1237 1.228463982515795 24.73999999999956
1238 1.229254513158095 24.75999999999956
1239 1.230075784467362 24.77999999999956
1240 1.230959478551475 24.79999999999956
1241 1.231817722572909 24.81999999999956
1242 1.232727878924462 24.83999999999956
1243 1.233656361130933 24.85999999999956
1244 1.234723646709171 24.87999999999956
1245 1.235727113622467 24.89999999999956
1246 1.236678742739947 24.91999999999956
1247 1.237679761550434 24.93999999999956
1248 1.238723843517527 24.95999999999956
1249 1.239929635869717 24.97999999999956
1250 1.241053900345361 24.99999999999956
1251 1.24217366180514 25.01999999999956
1252 1.243276683162075 25.03999999999956
1253 1.244358865263841 25.05999999999955
1254 1.245527607023083 25.07999999999955
1255 1.246726897692778 25.09999999999955
1256 1.247894234396113 25.11999999999955
1257 1.249066675368585 25.13999999999955
1258 1.250222216021255 25.15999999999955
1259 1.251270787250717 25.17999999999955
1260 1.252377258390786 25.19999999999955
1261 1.253450076894408 25.21999999999955
1262 1.25454616130469 25.23999999999955
1263 1.255654909962902 25.25999999999955
1264 1.256786616540069 25.27999999999955
1265 1.257879535101765 25.29999999999955
1266 1.258930231389746 25.31999999999955
1267 1.259936631818516 25.33999999999955
1268 1.260918463129862 25.35999999999955
1269 1.261885555643454 25.37999999999955
1270 1.262852466480833 25.39999999999955
1271 1.263786343187774 25.41999999999955
1272 1.264651275351229 25.43999999999955
1273 1.265523880168725 25.45999999999955
1274 1.266328837542843 25.47999999999955
1275 1.267137934609703 25.49999999999955
1276 1.267917861833922 25.51999999999954
1277 1.268663007946381 25.53999999999954
1278 1.269356168383316 25.55999999999954
1279 1.270034454540321 25.57999999999954
1280 1.27063460695796 25.59999999999954
1281 1.271096216177766 25.61999999999954
1282 1.27150419748887 25.63999999999954
1283 1.271908675259246 25.65999999999954
1284 1.272326013288596 25.67999999999954
1285 1.272686989834883 25.69999999999954
1286 1.272974249379178 25.71999999999954
1287 1.273293298196001 25.73999999999954
1288 1.273574765096833 25.75999999999954
1289 1.273762651409487 25.77999999999954
1290 1.27389807826766 25.79999999999954
1291 1.274034210977248 25.81999999999954
1292 1.274063541667504 25.83999999999954
1293 1.274071207622667 25.85999999999954
1294 1.274031415379333 25.87999999999954
1295 1.273881432335328 25.89999999999954
1296 1.273704667587111 25.91999999999954
1297 1.273495327898323 25.93999999999954
1298 1.273262484457226 25.95999999999954
1299 1.272976886307893 25.97999999999954
1300 1.272699656797195 25.99999999999953
1301 1.272367318011205 26.01999999999953
1302 1.271962705240135 26.03999999999953
1303 1.27150890330713 26.05999999999953
1304 1.271015494895509 26.07999999999953
1305 1.270532916071851 26.09999999999953
1306 1.26999205098562 26.11999999999953
1307 1.269379177827075 26.13999999999953
1308 1.268753275685846 26.15999999999953
1309 1.268093664223958 26.17999999999953
1310 1.267373236443625 26.19999999999953
1311 1.266662570964697 26.21999999999953
1312 1.265950419048368 26.23999999999953
1313 1.265244688688231 26.25999999999953
1314 1.264545642617634 26.27999999999953
1315 1.263777360480509 26.29999999999953
1316 1.263018741681301 26.31999999999953
1317 1.262207250027161 26.33999999999953
1318 1.261375351808536 26.35999999999953
1319 1.260542104168122 26.37999999999953
1320 1.259692526753029 26.39999999999953
1321 1.258845926464362 26.41999999999953
1322 1.258013293003309 26.43999999999953
1323 1.257156654798041 26.45999999999952
1324 1.256303188439947 26.47999999999952
1325 1.255386235919554 26.49999999999952
1326 1.254489522214056 26.51999999999952
1327 1.253622852295927 26.53999999999952
1328 1.252749106784683 26.55999999999952
1329 1.251888111985986 26.57999999999952
1330 1.251021980845449 26.59999999999952
1331 1.25015832145608 26.61999999999952
1332 1.249381333654277 26.63999999999952
1333 1.248621947037164 26.65999999999952
1334 1.247872547286277 26.67999999999952
1335 1.24717692103855 26.69999999999952
1336 1.246497237329501 26.71999999999952
1337 1.245835811267852 26.73999999999952
1338 1.245187731666333 26.75999999999952
1339 1.2445888128356 26.77999999999952
1340 1.244068420336653 26.79999999999952
1341 1.243584044930681 26.81999999999952
1342 1.243090790628957 26.83999999999952
1343 1.242643696067726 26.85999999999952
1344 1.242278611915289 26.87999999999952
1345 1.241957969276924 26.89999999999952
1346 1.241661938930318 26.91999999999951
1347 1.241446090217701 26.93999999999951
1348 1.241169073785104 26.95999999999951
1349 1.240928026844381 26.97999999999951
1350 1.240772512987141 26.99999999999951
1351 1.240632807073184 27.01999999999951
1352 1.240546981360486 27.03999999999951
1353 1.240510038500086 27.05999999999951
1354 1.240565395364987 27.07999999999951
1355 1.240645084313688 27.09999999999951
1356 1.240815521730073 27.11999999999951
1357 1.241016709722675 27.13999999999951
1358 1.241267505848479 27.15999999999951
1359 1.241597249792337 27.17999999999951
1360 1.242001904897942 27.19999999999951
1361 1.242385664424649 27.21999999999951
1362 1.242882891728733 27.23999999999951
1363 1.243388677337905 27.25999999999951
1364 1.243959387223083 27.27999999999951
1365 1.244571253231016 27.29999999999951
1366 1.245291960797532 27.31999999999951
1367 1.246079167204001 27.33999999999951
1368 1.246847819967678 27.35999999999951
1369 1.247625680592662 27.37999999999951
1370 1.248476339440472 27.3999999999995
1371 1.249409023806985 27.4199999999995
1372 1.250413727597045 27.4399999999995
1373 1.251486222586832 27.4599999999995
1374 1.252604508663352 27.4799999999995
1375 1.253739256746919 27.4999999999995
1376 1.254729833692924 27.5199999999995
1377 1.255801900265833 27.5399999999995
1378 1.256955250355099 27.5599999999995
1379 1.258098008302983 27.5799999999995
1380 1.259260712253458 27.5999999999995
1381 1.260415654500936 27.6199999999995
1382 1.261566003123231 27.6399999999995
1383 1.262732835842964 27.6599999999995
1384 1.263923795267824 27.6799999999995
1385 1.265156746907256 27.6999999999995
1386 1.266479101611997 27.7199999999995
1387 1.267859071417942 27.7399999999995
1388 1.269272380362972 27.7599999999995
1389 1.270586899827439 27.7799999999995
1390 1.271910424457237 27.7999999999995
1391 1.273219378316774 27.8199999999995
1392 1.274510513428959 27.8399999999995
1393 1.275830535369186 27.85999999999949
1394 1.27718559370262 27.87999999999949
1395 1.278465377938662 27.89999999999949
1396 1.279703122849812 27.91999999999949
1397 1.280858119688453 27.93999999999949
1398 1.281997931004341 27.95999999999949
1399 1.283123404626922 27.97999999999949
1400 1.284266840769523 27.99999999999949
1401 1.285437233947865 28.01999999999949
1402 1.286558726301056 28.03999999999949
1403 1.287629274688931 28.05999999999949
1404 1.288696793728164 28.07999999999949
1405 1.289734624569825 28.09999999999949
1406 1.290754312335716 28.11999999999949
1407 1.291691541132189 28.13999999999949
1408 1.292571680517982 28.15999999999949
1409 1.293400182271313 28.17999999999949
1410 1.294199963136816 28.19999999999949
1411 1.294864837686141 28.21999999999949
1412 1.295453679847563 28.23999999999949
1413 1.296053775417486 28.25999999999949
1414 1.29664530284442 28.27999999999949
1415 1.297256864928999 28.29999999999949
1416 1.297757991606522 28.31999999999949
1417 1.298256079006428 28.33999999999948
1418 1.298707990431648 28.35999999999948
1419 1.299052941083354 28.37999999999948
1420 1.299350158416678 28.39999999999948
1421 1.299600343779929 28.41999999999948
1422 1.299809287852294 28.43999999999948
1423 1.299877161137835 28.45999999999948
1424 1.299833487405154 28.47999999999948
1425 1.299876823652256 28.49999999999948
1426 1.299839296836341 28.51999999999948
1427 1.299789558913452 28.53999999999948
1428 1.299738013342094 28.55999999999948
1429 1.299619377704575 28.57999999999948
1430 1.299432686888644 28.59999999999948
1431 1.299196558046989 28.61999999999948
1432 1.298885878108134 28.63999999999948
1433 1.298462868081576 28.65999999999948
1434 1.298034884977147 28.67999999999948
1435 1.297541689001708 28.69999999999948
1436 1.296946632456204 28.71999999999948
1437 1.296306218313849 28.73999999999948
1438 1.295674948104613 28.75999999999948
1439 1.294959450409052 28.77999999999948
1440 1.294272098471038 28.79999999999947
1441 1.293564294222677 28.81999999999947
1442 1.29279628568379 28.83999999999947
1443 1.291939657586137 28.85999999999947
1444 1.291072969156802 28.87999999999947
1445 1.290170018866251 28.89999999999947
1446 1.289292934364583 28.91999999999947
1447 1.288327998176477 28.93999999999947
1448 1.287338598943447 28.95999999999947
1449 1.286334548894878 28.97999999999947
1450 1.285300745679547 28.99999999999947
1451 1.284253418972052 29.01999999999947
1452 1.283226413331664 29.03999999999947
1453 1.282212940853356 29.05999999999947
1454 1.281143050004545 29.07999999999947
1455 1.280081597780224 29.09999999999947
1456 1.279004133276921 29.11999999999947
1457 1.277927656599683 29.13999999999947
1458 1.276858810614388 29.15999999999947
1459 1.275793035944163 29.17999999999947
1460 1.274676340628332 29.19999999999947
1461 1.273574008993108 29.21999999999947
1462 1.272509670197756 29.23999999999947
1463 1.271492801590068 29.25999999999947
1464 1.270491237865063 29.27999999999946
1465 1.269474742976479 29.29999999999946
1466 1.268455338895419 29.31999999999946
1467 1.267457791657591 29.33999999999946
1468 1.266496584392739 29.35999999999946
1469 1.2655747788328 29.37999999999946
1470 1.264662989490514 29.39999999999946
1471 1.263818477742772 29.41999999999946
1472 1.263050199908987 29.43999999999946
1473 1.262274498143093 29.45999999999946
1474 1.261536859789504 29.47999999999946
1475 1.26085883203716 29.49999999999946
1476 1.260196455817976 29.51999999999946
1477 1.259556975379575 29.53999999999946
1478 1.258992845933001 29.55999999999946
1479 1.258531414261838 29.57999999999946
1480 1.258116740041903 29.59999999999946
1481 1.257761843769156 29.61999999999946
1482 1.257473333708372 29.63999999999946
1483 1.257187017769068 29.65999999999946
1484 1.256986239413358 29.67999999999946
1485 1.25690315528744 29.69999999999946
1486 1.256855914926682 29.71999999999946
1487 1.25681603473225 29.73999999999945
1488 1.256789897691236 29.75999999999945
1489 1.256847900400664 29.77999999999945
1490 1.256978830744296 29.79999999999945
1491 1.257124545213615 29.81999999999945
1492 1.257341569533499 29.83999999999945
1493 1.257628466021025 29.85999999999945
1494 1.257991641001663 29.87999999999945
1495 1.258364869387018 29.89999999999945
1496 1.258753625267829 29.91999999999945
1497 1.259196442775149 29.93999999999945
1498 1.2597490452489 29.95999999999945
1499 1.260418594930019 29.97999999999945
1500 1.261173049879845 29.99999999999945
1501 1.262031964015773 30.01999999999945
1502 1.262923446009399 30.03999999999945
1503 1.263912323782101 30.05999999999945
1504 1.264917107041312 30.07999999999945
1505 1.265909923958386 30.09999999999945
1506 1.267014255499779 30.11999999999945
1507 1.26815026872858 30.13999999999945
1508 1.269308460848116 30.15999999999945
1509 1.270476071371084 30.17999999999945
1510 1.27172509023666 30.19999999999945
1511 1.273042976991654 30.21999999999944
1512 1.274343747445766 30.23999999999944
1513 1.275625705967199 30.25999999999944
1514 1.276882506341021 30.27999999999944
1515 1.278319011342235 30.29999999999944
1516 1.279741903698785 30.31999999999944
1517 1.281193063522573 30.33999999999944
1518 1.282656277915962 30.35999999999944
1519 1.284078750774941 30.37999999999944
1520 1.285587121524465 30.39999999999944
1521 1.287082603722262 30.41999999999944
1522 1.288508857809427 30.43999999999944
1523 1.289904534541786 30.45999999999944
1524 1.291446227443317 30.47999999999944
1525 1.292940080252151 30.49999999999944
1526 1.29445378218012 30.51999999999944
1527 1.295976670830591 30.53999999999944
1528 1.297472141506455 30.55999999999944
1529 1.298860328567749 30.57999999999944
1530 1.300289985014645 30.59999999999944
1531 1.301719005281464 30.61999999999944
1532 1.303045542493133 30.63999999999944
1533 1.304315260755029 30.65999999999944
1534 1.305529911288109 30.67999999999943
1535 1.306718633066681 30.69999999999943
1536 1.307763216732541 30.71999999999943
1537 1.308894162293334 30.73999999999943
1538 1.309988398243406 30.75999999999943
1539 1.311016994259711 30.77999999999943
1540 1.312000684545758 30.79999999999943
1541 1.312955043509021 30.81999999999943
1542 1.313827683362811 30.83999999999943
1543 1.314667085057885 30.85999999999943
1544 1.315462530124468 30.87999999999943
1545 1.316168360208584 30.89999999999943
1546 1.316809749837402 30.91999999999943
1547 1.31742720510127 30.93999999999943
1548 1.31795151114034 30.95999999999943
1549 1.318428933635654 30.97999999999943
1550 1.31884581244374 30.99999999999943
1551 1.319205457934443 31.01999999999943
1552 1.319454584279672 31.03999999999943
1553 1.319643055038129 31.05999999999943
1554 1.319813199446341 31.07999999999943
1555 1.319901798727679 31.09999999999943
1556 1.31990275868909 31.11999999999943
1557 1.319809143575278 31.13999999999943
1558 1.31972035006253 31.15999999999942
1559 1.31953187027709 31.17999999999942
1560 1.319254546923863 31.19999999999942
1561 1.318917118778837 31.21999999999942
1562 1.318569370482421 31.23999999999942
1563 1.318105849346127 31.25999999999942
1564 1.317636836848687 31.27999999999942
1565 1.317024719031274 31.29999999999942
1566 1.316390249669789 31.31999999999942
1567 1.315763994531137 31.33999999999942
1568 1.315067072701919 31.35999999999942
1569 1.31437318496015 31.37999999999942
1570 1.313625528180979 31.39999999999942
1571 1.312827359122704 31.41999999999942
1572 1.311910501698201 31.43999999999942
1573 1.310949683577631 31.45999999999942
1574 1.309906328644752 31.47999999999942
1575 1.30881395912404 31.49999999999942
1576 1.307707372388241 31.51999999999942
1577 1.306568938393321 31.53999999999942
1578 1.305362888762762 31.55999999999942
1579 1.304138665155229 31.57999999999942
1580 1.302861596252086 31.59999999999942
1581 1.301565124361305 31.61999999999941
1582 1.300298869326328 31.63999999999941
1583 1.299023000870879 31.65999999999941
1584 1.2977633669244 31.67999999999941
1585 1.296531241654562 31.69999999999941
1586 1.295273296552989 31.71999999999941
1587 1.294007300947684 31.73999999999941
1588 1.292708726000851 31.75999999999941
1589 1.2913594176955 31.77999999999941
1590 1.289986810051322 31.79999999999941
1591 1.288613980415224 31.81999999999941
1592 1.287268523294927 31.83999999999941
1593 1.285955170543285 31.85999999999941
1594 1.284634497602155 31.87999999999941
1595 1.283383907452547 31.89999999999941
1596 1.282104125745617 31.91999999999941
1597 1.280862267008161 31.93999999999941
1598 1.279632608112003 31.95999999999941
1599 1.278469518329452 31.97999999999941
1600 1.277350842512482 31.99999999999941
1601 1.2762293494417 32.01999999999941
1602 1.275185006326107 32.03999999999941
1603 1.274167019873216 32.05999999999941
1604 1.273265242374736 32.07999999999942
1605 1.272379763159299 32.09999999999942
1606 1.271548196851367 32.11999999999942
1607 1.270727714307977 32.13999999999943
1608 1.269939034920175 32.15999999999943
1609 1.269226264522275 32.17999999999943
1610 1.268556289145398 32.19999999999943
1611 1.267992884690508 32.21999999999944
1612 1.267490378565292 32.23999999999944
1613 1.267018051724263 32.25999999999944
1614 1.266662721475137 32.27999999999945
1615 1.266423496081125 32.29999999999945
1616 1.266243030035377 32.31999999999945
1617 1.266100272002766 32.33999999999946
1618 1.266017497022829 32.35999999999946
1619 1.266050174440734 32.37999999999946
1620 1.266150350368075 32.39999999999947
1621 1.266318440567509 32.41999999999947
1622 1.266591390223668 32.43999999999947
1623 1.26683115971163 32.45999999999948
1624 1.267218262452711 32.47999999999948
1625 1.26765709544288 32.49999999999948
1626 1.268109768449768 32.51999999999948
1627 1.268630766847038 32.53999999999949
1628 1.269146260266181 32.55999999999949
1629 1.269700896344279 32.57999999999949
1630 1.270330474486134 32.5999999999995
1631 1.271020983267753 32.6199999999995
1632 1.271791611761526 32.6399999999995
1633 1.272646832561788 32.65999999999951
1634 1.27359388425505 32.67999999999951
1635 1.274629495679048 32.69999999999951
1636 1.275779738154073 32.71999999999952
1637 1.277006520678412 32.73999999999952
1638 1.278246095818496 32.75999999999952
1639 1.279455254012526 32.77999999999953
1640 1.280592312910824 32.79999999999953
1641 1.282032512490861 32.81999999999953
1642 1.283340915437482 32.83999999999953
1643 1.284769689341946 32.85999999999954
1644 1.286176183900568 32.87999999999954
1645 1.287621394196455 32.89999999999954
1646 1.289093950694064 32.91999999999955
1647 1.290506018401569 32.93999999999955
1648 1.291961767595327 32.95999999999955
1649 1.293348381739666 32.97999999999956
1650 1.294779806872253 32.99999999999956
1651 1.29621208836866 33.01999999999956
1652 1.297666732208144 33.03999999999957
1653 1.299217970721031 33.05999999999957
1654 1.300755007192332 33.07999999999957
1655 1.302254418812748 33.09999999999958
1656 1.303747847236389 33.11999999999958
1657 1.305188293942611 33.13999999999958
1658 1.30661038017685 33.15999999999958
1659 1.307993934998427 33.17999999999959
1660 1.309395107258327 33.19999999999959
1661 1.310772113283993 33.21999999999959
1662 1.312186703077141 33.2399999999996
1663 1.313607563687566 33.2599999999996
1664 1.314911095068024 33.2799999999996
1665 1.31612706875897 33.29999999999961
1666 1.317290166027285 33.31999999999961
1667 1.318377855714996 33.33999999999961
1668 1.319480994143488 33.35999999999962
1669 1.320619381405643 33.37999999999962
1670 1.321672895255864 33.39999999999962
1671 1.322604888632567 33.41999999999963
1672 1.323519213360339 33.43999999999963
1673 1.324414733360923 33.45999999999963
1674 1.32526956940067 33.47999999999963
1675 1.32609035804477 33.49999999999964
1676 1.326852987013939 33.51999999999964
1677 1.327456049202279 33.53999999999964
1678 1.32794467826788 33.55999999999965
1679 1.32842703809529 33.57999999999965
1680 1.328820591920596 33.59999999999965
1681 1.329205384664003 33.61999999999966
1682 1.32954173835655 33.63999999999966
1683 1.329803956811846 33.65999999999966
1684 1.330024339474763 33.67999999999967
1685 1.330122325280597 33.69999999999967
1686 1.330222081930763 33.71999999999967
1687 1.330327144654448 33.73999999999968
1688 1.330285162063794 33.75999999999968
1689 1.330226527702745 33.77999999999968
1690 1.330127465652714 33.79999999999968
1691 1.329855717129119 33.81999999999969
1692 1.329568391052905 33.83999999999969
1693 1.329219122040867 33.85999999999969
1694 1.328899623393451 33.8799999999997
1695 1.328517300137986 33.8999999999997
1696 1.328045051962794 33.9199999999997
1697 1.327567745572223 33.93999999999971
1698 1.32702618419004 33.95999999999971
1699 1.32635488155221 33.97999999999971
1700 1.325545236330275 33.99999999999972
1701 1.324663411105433 34.01999999999972
1702 1.323731267299074 34.03999999999972
1703 1.322815464994504 34.05999999999973
1704 1.321845239754583 34.07999999999973
1705 1.320897987214992 34.09999999999973
1706 1.319877604411756 34.11999999999973
1707 1.31880715605226 34.13999999999974
1708 1.317621505859766 34.15999999999974
1709 1.316425573628486 34.17999999999974
1710 1.315182330962223 34.19999999999975
1711 1.314020546761857 34.21999999999975
1712 1.312869312837509 34.23999999999975
1713 1.311608069347631 34.25999999999976
1714 1.310298686560788 34.27999999999976
1715 1.309000011273055 34.29999999999976
1716 1.307651553420395 34.31999999999977
1717 1.306319312154397 34.33999999999977
1718 1.304988144213979 34.35999999999977
1719 1.303629768867129 34.37999999999978
1720 1.302228654978832 34.39999999999978
1721 1.30089785758566 34.41999999999978
1722 1.299521013221486 34.43999999999978
1723 1.298131231668546 34.45999999999979
1724 1.296788323893876 34.47999999999979
1725 1.295445518624598 34.49999999999979
1726 1.294102365367446 34.5199999999998
1727 1.292773367551232 34.5399999999998
1728 1.291458443574689 34.5599999999998
1729 1.290160052854749 34.57999999999981
1730 1.288886597075559 34.59999999999981
1731 1.287599291604578 34.61999999999981
1732 1.286388052673047 34.63999999999982
1733 1.285249347437979 34.65999999999982
1734 1.284120702503276 34.67999999999982
1735 1.283011913516464 34.69999999999983
1736 1.281979682683426 34.71999999999983
1737 1.281017592618126 34.73999999999983
1738 1.280112233878166 34.75999999999983
1739 1.27922914485021 34.77999999999984
1740 1.278413555074346 34.79999999999984
1741 1.277615510036153 34.81999999999984
1742 1.276840424618089 34.83999999999985
1743 1.276153602227152 34.85999999999985
1744 1.275524217382 34.87999999999985
1745 1.274988316593054 34.89999999999986
1746 1.274506515275531 34.91999999999986
1747 1.274175818629851 34.93999999999986
1748 1.273902789120727 34.95999999999987
1749 1.273686807631963 34.97999999999987
1750 1.273538373654566 34.99999999999987
1751 1.273437971736427 35.01999999999988
1752 1.273384787703753 35.03999999999988
1753 1.273501539212657 35.05999999999988
1754 1.273658872730106 35.07999999999988
1755 1.273812739053672 35.09999999999989
1756 1.274054779221471 35.11999999999989
1757 1.274350610648681 35.13999999999989
1758 1.274696938443101 35.1599999999999
1759 1.275072253117457 35.1799999999999
1760 1.275542999604135 35.1999999999999
1761 1.276080334368435 35.21999999999991
1762 1.276591754809357 35.23999999999991
1763 1.277192753088172 35.25999999999991
1764 1.277822100208694 35.27999999999992
1765 1.278571460368841 35.29999999999992
1766 1.279493450415166 35.31999999999992
1767 1.280542029466427 35.33999999999993
1768 1.281590805148113 35.35999999999993
1769 1.282747903973419 35.37999999999993
1770 1.283903765015698 35.39999999999993
1771 1.285070326171158 35.41999999999994
1772 1.286347399261256 35.43999999999994
1773 1.287685327405763 35.45999999999994
1774 1.289087299385284 35.47999999999995
1775 1.290447660209271 35.49999999999995
1776 1.291962922319714 35.51999999999995
1777 1.29345409305991 35.53999999999996
1778 1.294924560006909 35.55999999999996
1779 1.296421579670342 35.57999999999996
1780 1.297911336664229 35.59999999999997
1781 1.299445293638297 35.61999999999997
1782 1.301037060225683 35.63999999999997
1783 1.302608668047737 35.65999999999998
1784 1.304133037924614 35.67999999999998
1785 1.30569985199952 35.69999999999998
1786 1.307250234974506 35.71999999999998
1787 1.308748065863004 35.73999999999999
1788 1.310290068542802 35.75999999999999
1789 1.311869738429333 35.77999999999999
1790 1.313430380531364 35.8
1791 1.315003371768116 35.82
1792 1.316608538644732 35.84
1793 1.318132145252382 35.86000000000001
1794 1.319595581596998 35.88000000000001
1795 1.321014678314109 35.90000000000001
1796 1.322426903249073 35.92000000000002
1797 1.323869358616402 35.94000000000002
1798 1.325213801499962 35.96000000000002
1799 1.326543566714214 35.98000000000003
1800 1.327855525627335 36.00000000000003
1801 1.329032495459364 36.02000000000003
1802 1.330106791397106 36.04000000000003
1803 1.331124476940746 36.06000000000004
1804 1.33206722159815 36.08000000000004
1805 1.332908211902929 36.10000000000004
1806 1.333784776631304 36.12000000000005
1807 1.334619443727161 36.14000000000005
1808 1.335382313425407 36.16000000000005
1809 1.336072505066906 36.18000000000006
1810 1.336708554165279 36.20000000000006
1811 1.337307498959172 36.22000000000006
1812 1.33780227811852 36.24000000000007
1813 1.338212844806158 36.26000000000007
1814 1.338594582440547 36.28000000000007
1815 1.338917835576519 36.30000000000008
1816 1.339066202783491 36.32000000000008
1817 1.339093343322109 36.34000000000008
1818 1.33907836537297 36.36000000000008
1819 1.339064673137946 36.38000000000009
1820 1.33898714819816 36.40000000000009
1821 1.338833654550609 36.42000000000009
1822 1.338613294537927 36.4400000000001
1823 1.338395651110931 36.4600000000001
1824 1.338066338862197 36.4800000000001
1825 1.337555955883659 36.50000000000011
1826 1.337041215668563 36.52000000000011
1827 1.336444519756496 36.54000000000011
1828 1.335788297837952 36.56000000000012
1829 1.335036694156921 36.58000000000012
1830 1.334225334556783 36.60000000000012
1831 1.333349395968005 36.62000000000013
1832 1.332498761838917 36.64000000000013
1833 1.331596936196274 36.66000000000013
1834 1.330645583953478 36.68000000000013
1835 1.329634193325921 36.70000000000014
1836 1.328605730330723 36.72000000000014
1837 1.32745313629146 36.74000000000014
1838 1.326247269725948 36.76000000000015
1839 1.32494181118437 36.78000000000015
1840 1.323650653708815 36.80000000000015
1841 1.32231898175698 36.82000000000016
1842 1.320982657152253 36.84000000000016
1843 1.319580090888933 36.86000000000016
1844 1.318139029527098 36.88000000000017
1845 1.316614155997219 36.90000000000017
1846 1.315080347927694 36.92000000000017
1847 1.313521570301184 36.94000000000018
1848 1.311948994671976 36.96000000000018
1849 1.310443305479596 36.98000000000018
1850 1.308973889653873 37.00000000000018
1851 1.307545760847061 37.02000000000019
1852 1.306107893864521 37.04000000000019
1853 1.30457440047328 37.06000000000019
1854 1.303053878539913 37.0800000000002
1855 1.301492024512495 37.1000000000002
1856 1.299936075742357 37.1200000000002
1857 1.298414060275879 37.14000000000021
1858 1.296917568809337 37.16000000000021
1859 1.295472172207355 37.18000000000021
1860 1.294041876372875 37.20000000000022
1861 1.292636038561162 37.22000000000022
1862 1.291273227892785 37.24000000000022
1863 1.289867583450719 37.26000000000023
1864 1.288578952789725 37.28000000000023
1865 1.287347777381701 37.30000000000023
1866 1.286128747012435 37.32000000000023
1867 1.284999891677697 37.34000000000024
1868 1.283875664413166 37.36000000000024
1869 1.282854524992338 37.38000000000024
1870 1.281925748819624 37.40000000000025
1871 1.281040083681104 37.42000000000025
1872 1.280145804507012 37.44000000000025
1873 1.279320672957321 37.46000000000026
1874 1.278561776806155 37.48000000000026
1875 1.277876974857227 37.50000000000026
1876 1.277269037031674 37.52000000000027
1877 1.276771702225563 37.54000000000027
1878 1.276370102655249 37.56000000000027
1879 1.276019257716265 37.58000000000028
1880 1.275786017466478 37.60000000000028
1881 1.275610717821825 37.62000000000028
1882 1.27551133840347 37.64000000000028
1883 1.275508850086244 37.66000000000029
1884 1.27564644956191 37.68000000000029
1885 1.275818541127547 37.70000000000029
1886 1.276106342646679 37.7200000000003
1887 1.276490800348938 37.7400000000003
1888 1.276877708283537 37.7600000000003
1889 1.277386545437732 37.78000000000031
1890 1.277915929411587 37.80000000000031
1891 1.278511499633865 37.82000000000031
1892 1.279211753972933 37.84000000000032
1893 1.27991577475974 37.86000000000032
1894 1.280600260926871 37.88000000000032
1895 1.281311657481746 37.90000000000033
1896 1.28210685885798 37.92000000000033
1897 1.282953935199755 37.94000000000033
1898 1.283961101670916 37.96000000000033
1899 1.285062358400706 37.98000000000034
1900 1.286264809520137 38.00000000000034
1901 1.28758931043562 38.02000000000034
1902 1.288991181032674 38.04000000000035
1903 1.290434076841617 38.06000000000035
1904 1.291751714691781 38.08000000000035
1905 1.292998293383824 38.10000000000036
1906 1.294393723642051 38.12000000000036
1907 1.295918705602281 38.14000000000036
1908 1.297421679329727 38.16000000000037
1909 1.299021969915959 38.18000000000037
1910 1.300593184693216 38.20000000000037
1911 1.302171805730453 38.22000000000038
1912 1.30367254516887 38.24000000000038
1913 1.305182053169408 38.26000000000038
1914 1.306678332999102 38.28000000000038
1915 1.308206038242306 38.30000000000039
1916 1.309791085231292 38.32000000000039
1917 1.311377355850482 38.34000000000039
1918 1.312982457846336 38.3600000000004
1919 1.314547338285881 38.3800000000004
1920 1.316109927597638 38.4000000000004
1921 1.31765060231799 38.42000000000041
1922 1.319086384077395 38.44000000000041
1923 1.320545487615048 38.46000000000041
1924 1.321934205750475 38.48000000000042
1925 1.323332027818898 38.50000000000042
1926 1.324801251032998 38.52000000000042
1927 1.326197891109029 38.54000000000043
1928 1.327533005574954 38.56000000000043
1929 1.328738736751639 38.58000000000043
1930 1.329896278923623 38.60000000000043
1931 1.331054734947143 38.62000000000044
1932 1.33213793765199 38.64000000000044
1933 1.333247706499558 38.66000000000044
1934 1.334289287843034 38.68000000000045
1935 1.335237634271385 38.70000000000045
1936 1.336142404444859 38.72000000000045
1937 1.33701255668529 38.74000000000046
1938 1.33780470206137 38.76000000000046
1939 1.338534797724293 38.78000000000046
1940 1.339193233586993 38.80000000000047
1941 1.339749517147904 38.82000000000047
1942 1.340206233658493 38.84000000000047
1943 1.340603705841396 38.86000000000048
1944 1.341056337484334 38.88000000000048
1945 1.341317696428735 38.90000000000048
1946 1.341598324248599 38.92000000000048
1947 1.341824803807022 38.94000000000049
1948 1.341914622619949 38.96000000000049
1949 1.341957618503905 38.98000000000049
1950 1.341924751476119 39.0000000000005
1951 1.341886342342337 39.0200000000005
1952 1.341831867930455 39.0400000000005
1953 1.341661201033675 39.06000000000051
1954 1.341427258458685 39.08000000000051
1955 1.341095551259863 39.10000000000051
1956 1.34070363011209 39.12000000000052
1957 1.340290006764761 39.14000000000052
1958 1.33983446164975 39.16000000000052
1959 1.339333978084096 39.18000000000053
1960 1.338739037725823 39.20000000000053
1961 1.338120750793373 39.22000000000053
1962 1.337470077788667 39.24000000000053
1963 1.336671072473106 39.26000000000054
1964 1.335758038306347 39.28000000000054
1965 1.334770011125874 39.30000000000054
1966 1.333734603291174 39.32000000000055
1967 1.332650480873617 39.34000000000055
1968 1.331531069568347 39.36000000000055
1969 1.330440643098477 39.38000000000056
1970 1.329311656655729 39.40000000000056
1971 1.328122941870024 39.42000000000056
1972 1.326841090250997 39.44000000000057
1973 1.325547186436469 39.46000000000057
1974 1.324192607494994 39.48000000000057
1975 1.322813544960139 39.50000000000058
1976 1.321437571126373 39.52000000000058
1977 1.320086713602307 39.54000000000058
1978 1.318678004296213 39.56000000000058
1979 1.317276177811093 39.58000000000059
1980 1.315806452007416 39.60000000000059
1981 1.314327845402991 39.62000000000059
1982 1.312910631646305 39.6400000000006
1983 1.311420713245729 39.6600000000006
1984 1.309905027881354 39.6800000000006
1985 1.308441386267979 39.70000000000061
1986 1.306993533163041 39.72000000000061
1987 1.305472027664339 39.74000000000061
1988 1.303980440097544 39.76000000000062
1989 1.302532180636098 39.78000000000062
1990 1.301080871977234 39.80000000000062
1991 1.2996583531945 39.82000000000063
1992 1.298286007081011 39.84000000000063
1993 1.296921331919172 39.86000000000063
1994 1.295571045951376 39.88000000000063
1995 1.294247289164059 39.90000000000064
1996 1.29291224425914 39.92000000000064
1997 1.291615448857648 39.94000000000064
1998 1.290433340104653 39.96000000000065
1999 1.289294269638454 39.98000000000065
2000 1.288196814944796 40.00000000000065
2001 1.287157195350949 40.02000000000066
2002 1.286184303130008 40.04000000000066
2003 1.285337806348961 40.06000000000066
2004 1.284539893476386 40.08000000000067
2005 1.283690970892079 40.10000000000067
2006 1.282863907401458 40.12000000000067
2007 1.282147582624125 40.14000000000068
2008 1.281466612515497 40.16000000000068
2009 1.280902769315495 40.18000000000068
2010 1.28043072907622 40.20000000000068
2011 1.280058679951683 40.22000000000069
2012 1.279811755126145 40.24000000000069
2013 1.279629173786069 40.26000000000069
2014 1.279476100255921 40.2800000000007
2015 1.279415766701941 40.3000000000007
2016 1.279364781290302 40.3200000000007
2017 1.279448017577829 40.34000000000071
2018 1.279682531490769 40.36000000000071
2019 1.279918950355657 40.38000000000071
2020 1.280174893634086 40.40000000000072
2021 1.280500146158746 40.42000000000072
2022 1.280887630203451 40.44000000000072
2023 1.281327380547649 40.46000000000073
2024 1.281858638740424 40.48000000000073
2025 1.282471147451544 40.50000000000073
2026 1.283119193101532 40.52000000000073
2027 1.283760656949943 40.54000000000074
2028 1.284480540656558 40.56000000000074
2029 1.285268986427996 40.58000000000074
2030 1.286194885134769 40.60000000000075
2031 1.287248976748872 40.62000000000075
2032 1.288423409836438 40.64000000000075
2033 1.289632632510653 40.66000000000076
2034 1.290868487359678 40.68000000000076
2035 1.292068363953211 40.70000000000076
2036 1.29342240805954 40.72000000000077
2037 1.294812462730652 40.74000000000077
2038 1.296263479122618 40.76000000000077
2039 1.297721822513236 40.78000000000078
2040 1.299321209630377 40.80000000000078
2041 1.300894922674647 40.82000000000078
2042 1.302457823234576 40.84000000000079
2043 1.304014722286395 40.86000000000079
2044 1.305543638200743 40.88000000000079
2045 1.307148441928659 40.90000000000079
2046 1.308825996695444 40.9200000000008
2047 1.31050879738481 40.9400000000008
2048 1.312044441097538 40.9600000000008
2049 1.313630619019144 40.98000000000081
2050 1.315203658142408 41.00000000000081
2051 1.316730510649483 41.02000000000081
2052 1.318332084049743 41.04000000000082
2053 1.319933418054291 41.06000000000082
2054 1.321533311431128 41.08000000000082
2055 1.32316989560748 41.10000000000083
2056 1.324750509639943 41.12000000000083
2057 1.326222019720465 41.14000000000083
2058 1.327695017047288 41.16000000000084
2059 1.329127981043401 41.18000000000084
2060 1.330586049418382 41.20000000000084
2061 1.332060325591947 41.22000000000084
2062 1.333413207746106 41.24000000000085
2063 1.334703151435819 41.26000000000085
2064 1.335998285623811 41.28000000000085
2065 1.337157787686604 41.30000000000086
2066 1.338282027062816 41.32000000000086
2067 1.339277550365121 41.34000000000086
2068 1.340156487155093 41.36000000000087
2069 1.341017472798172 41.38000000000087
2070 1.341845193870873 41.40000000000087
2071 1.342596631107784 41.42000000000088
2072 1.343325488555448 41.44000000000088
2073 1.343942756324888 41.46000000000088
2074 1.344514585053663 41.48000000000089
2075 1.34505530319928 41.50000000000089
2076 1.345484443854131 41.52000000000089
2077 1.345843896399047 41.54000000000089
2078 1.346177932678373 41.5600000000009
2079 1.346422987613435 41.5800000000009
2080 1.3464688899246 41.6000000000009
2081 1.346414638790089 41.62000000000091
2082 1.346360998924694 41.64000000000091
2083 1.346234635250144 41.66000000000091
2084 1.346026961115112 41.68000000000092
2085 1.345796092244952 41.70000000000092
2086 1.34554371002783 41.72000000000092
2087 1.345241200063882 41.74000000000093
2088 1.344780538709619 41.76000000000093
2089 1.344228228069638 41.78000000000093
2090 1.34358566712911 41.80000000000094
2091 1.34285830070178 41.82000000000094
2092 1.342077855829079 41.84000000000094
2093 1.341245585987612 41.86000000000094
2094 1.340323361567798 41.88000000000095
2095 1.339405402186879 41.90000000000095
2096 1.338421989232957 41.92000000000095
2097 1.337427648813151 41.94000000000096
2098 1.33640234252943 41.96000000000096
2099 1.335284850189815 41.98000000000096
2100 1.33412101466185 42.00000000000097
2101 1.332914649811414 42.02000000000097
2102 1.331563233325907 42.04000000000097
2103 1.330181484485012 42.06000000000098
2104 1.328796232212739 42.08000000000098
2105 1.32736877515736 42.10000000000098
2106 1.325936558215743 42.12000000000099
2107 1.324434425519319 42.14000000000099
2108 1.322873593866725 42.16000000000099
2109 1.321289176330305 42.18000000000099
2110 1.319660353008922 42.200000000001
2111 1.31799503025751 42.220000000001
2112 1.316350179631469 42.240000000001
2113 1.314747242605969 42.26000000000101
2114 1.313226472238996 42.28000000000101
2115 1.311724318527466 42.30000000000101
2116 1.310199402906055 42.32000000000102
2117 1.308595396014306 42.34000000000102
2118 1.306953915340556 42.36000000000102
2119 1.305331575466145 42.38000000000103
2120 1.303706431976177 42.40000000000103
2121 1.302135468685528 42.42000000000103
2122 1.300574703742926 42.44000000000104
2123 1.299061211470947 42.46000000000104
2124 1.297580968558285 42.48000000000104
2125 1.2961459999875 42.50000000000104
2126 1.294733261803499 42.52000000000105
2127 1.293335322693125 42.54000000000105
2128 1.291966811845669 42.56000000000105
2129 1.290708930766737 42.58000000000106
2130 1.289505767782218 42.60000000000106
2131 1.28834943123052 42.62000000000106
2132 1.28723014096395 42.64000000000107
2133 1.286195459492307 42.66000000000107
2134 1.285282006925818 42.68000000000107
2135 1.284362533213224 42.70000000000108
2136 1.28347352822294 42.72000000000108
2137 1.282653075072181 42.74000000000108
2138 1.281911134290681 42.76000000000109
2139 1.2812297889846 42.78000000000109
2140 1.280640258997231 42.80000000000109
2141 1.28017543066519 42.82000000000109
2142 1.279821728554087 42.8400000000011
2143 1.279530394739685 42.8600000000011
2144 1.279326925185058 42.8800000000011
2145 1.279180917112842 42.90000000000111
2146 1.279128685741948 42.92000000000111
2147 1.279185294364148 42.94000000000111
2148 1.27937446146745 42.96000000000112
2149 1.279627622193211 42.98000000000112
2150 1.279999794580644 43.00000000000112
2151 1.280447435166571 43.02000000000113
2152 1.280891461064399 43.04000000000113
2153 1.28146416016362 43.06000000000113
2154 1.282056399629164 43.08000000000114
2155 1.282726918215444 43.10000000000114
2156 1.283510809249231 43.12000000000114
2157 1.284283155126506 43.14000000000114
2158 1.284980756276544 43.16000000000115
2159 1.285794248230035 43.18000000000115
2160 1.286633184573614 43.20000000000115
2161 1.28756510497365 43.22000000000116
2162 1.28867474881436 43.24000000000116
2163 1.289850635866051 43.26000000000116
2164 1.291155006122473 43.28000000000117
2165 1.292576793657688 43.30000000000117
2166 1.294075540071606 43.32000000000117
2167 1.295544368839109 43.34000000000118
2168 1.296861389072522 43.36000000000118
2169 1.298144863994488 43.38000000000118
2170 1.299624983684679 43.40000000000119
2171 1.301193384185159 43.42000000000119
2172 1.302786449968273 43.44000000000119
2173 1.304432495754385 43.46000000000119
2174 1.306036951090836 43.4800000000012
2175 1.307657283504487 43.5000000000012
2176 1.309161121660577 43.5200000000012
2177 1.310678756682826 43.54000000000121
2178 1.312214438872838 43.56000000000121
2179 1.313862645793622 43.58000000000121
2180 1.315458805715234 43.60000000000122
2181 1.317085376724577 43.62000000000122
2182 1.318689608126968 43.64000000000122
2183 1.320264700255991 43.66000000000123
2184 1.321856387227199 43.68000000000123
2185 1.323362595180779 43.70000000000123
2186 1.324814025256571 43.72000000000124
2187 1.326226225195238 43.74000000000124
2188 1.327612732729363 43.76000000000124
2189 1.329096161908536 43.78000000000124
2190 1.330521995283152 43.80000000000125
2191 1.331870939792203 43.82000000000125
2192 1.333128798280358 43.84000000000125
2193 1.334292677969717 43.86000000000126
2194 1.335444300576594 43.88000000000126
2195 1.33657215872933 43.90000000000126
2196 1.33766692830383 43.92000000000127
2197 1.338731352350058 43.94000000000127
2198 1.339730410243732 43.96000000000127
2199 1.340635008164307 43.98000000000128
2200 1.341487276285251 44.00000000000128
2201 1.342296252408756 44.02000000000128
2202 1.343010834336033 44.04000000000129
2203 1.343645485580867 44.06000000000129
2204 1.344211305738585 44.08000000000129
2205 1.344697526298618 44.10000000000129
2206 1.345094321031142 44.1200000000013
2207 1.345511458039097 44.1400000000013
2208 1.345838605259301 44.1600000000013
2209 1.346047523136481 44.18000000000131
2210 1.346277574177854 44.20000000000131
2211 1.346411614109656 44.22000000000131
2212 1.346440745212189 44.24000000000132
2213 1.346363863811667 44.26000000000132
2214 1.346267450734712 44.28000000000132
2215 1.346192383542599 44.30000000000133
2216 1.346020625799534 44.32000000000133
2217 1.345782280682285 44.34000000000133
2218 1.345456158093018 44.36000000000134
2219 1.345003921676749 44.38000000000134
2220 1.344614225360788 44.40000000000134
2221 1.344110610814236 44.42000000000134
2222 1.343583208745252 44.44000000000135
2223 1.342957426604034 44.46000000000135
2224 1.342283403661921 44.48000000000135
2225 1.341599178907263 44.50000000000136
2226 1.340834323160745 44.52000000000136
2227 1.339916372949574 44.54000000000136
2228 1.33892083072583 44.56000000000137
2229 1.33785417189987 44.58000000000137
2230 1.336735107018244 44.60000000000137
2231 1.335565519471754 44.62000000000138
2232 1.334417656219959 44.64000000000138
2233 1.333254391422205 44.66000000000138
2234 1.332018697325415 44.68000000000139
2235 1.330722542103948 44.70000000000139
2236 1.329383894649502 44.72000000000139
2237 1.328009876963832 44.74000000000139
2238 1.326599234864257 44.7600000000014
2239 1.325170850118331 44.7800000000014
2240 1.323743226876643 44.8000000000014
2241 1.322277068782483 44.82000000000141
2242 1.320866896828352 44.84000000000141
2243 1.319368450396188 44.86000000000141
2244 1.317850280667591 44.88000000000142
2245 1.316356100949835 44.90000000000142
2246 1.314847635250668 44.92000000000142
2247 1.31329998736354 44.94000000000143
2248 1.311775643858471 44.96000000000143
2249 1.310267424763068 44.98000000000143
2250 1.308730075291424 45.00000000000144
2251 1.307176305640047 45.02000000000144
2252 1.305675015848494 45.04000000000144
2253 1.304175734455671 45.06000000000144
2254 1.30271182884529 45.08000000000145
2255 1.301284948272718 45.10000000000145
2256 1.299886816819691 45.12000000000145
2257 1.298516332366367 45.14000000000146
2258 1.297161236082313 45.16000000000146
2259 1.295815735104929 45.18000000000146
2260 1.2944851846489 45.20000000000147
2261 1.293193676082933 45.22000000000147
2262 1.29203486770856 45.24000000000147
2263 1.290919736446708 45.26000000000148
2264 1.28983654237265 45.28000000000148
2265 1.288821062201693 45.30000000000148
2266 1.287882988899794 45.32000000000149
2267 1.287097275112518 45.34000000000149
2268 1.286284728664502 45.36000000000149
2269 1.285434809046878 45.38000000000149
2270 1.284657361013323 45.4000000000015
2271 1.283974387712673 45.4200000000015
2272 1.283347437405168 45.4400000000015
2273 1.282832669082919 45.46000000000151
2274 1.282432188764355 45.48000000000151
2275 1.282128903234687 45.50000000000151
2276 1.281943811222732 45.52000000000152
2277 1.281802485853864 45.54000000000152
2278 1.281703572922945 45.56000000000152
2279 1.281666352610836 45.58000000000153
2280 1.281717341459941 45.60000000000153
2281 1.281864595754089 45.62000000000153
2282 1.282197877049037 45.64000000000154
2283 1.282426420389531 45.66000000000154
2284 1.282738009986921 45.68000000000154
2285 1.283123919225039 45.70000000000154
2286 1.283550840911422 45.72000000000155
2287 1.284096856884903 45.74000000000155
2288 1.284692856817473 45.76000000000155
2289 1.285388541465424 45.78000000000156
2290 1.286056183523716 45.80000000000156
2291 1.286793748261573 45.82000000000156
2292 1.287564186384303 45.84000000000157
2293 1.288470629098904 45.86000000000157
2294 1.289480712251412 45.88000000000157
2295 1.290650330925974 45.90000000000158
2296 1.29187803032602 45.92000000000158
2297 1.293131419295709 45.94000000000158
2298 1.294366726810171 45.96000000000159
2299 1.295682781898411 45.98000000000159
2300 1.297083379124194 46.00000000000159
2301 1.298555731279061 46.02000000000159
2302 1.300015873070747 46.0400000000016
2303 1.301610708505394 46.0600000000016
2304 1.303240394622479 46.0800000000016
2305 1.304824470081006 46.10000000000161
2306 1.306413244223204 46.12000000000161
2307 1.307957707161928 46.14000000000161
2308 1.309563953544062 46.16000000000162
2309 1.311234662864968 46.18000000000162
2310 1.312976321224939 46.20000000000162
2311 1.314564306166997 46.22000000000163
2312 1.316133264583475 46.24000000000163
2313 1.317734511394453 46.26000000000163
2314 1.319272152067982 46.28000000000164
2315 1.320867404992908 46.30000000000164
2316 1.322481150626104 46.32000000000164
2317 1.32409039594286 46.34000000000164
2318 1.325745792464638 46.36000000000165
2319 1.327339962821168 46.38000000000165
2320 1.328818919130506 46.40000000000165
2321 1.330294153680889 46.42000000000166
2322 1.331743752819674 46.44000000000166
2323 1.33318724036322 46.46000000000166
2324 1.334692241033656 46.48000000000167
2325 1.336072255278954 46.50000000000167
2326 1.337376906509906 46.52000000000167
2327 1.338661028577488 46.54000000000168
2328 1.339856544455838 46.56000000000168
2329 1.340998360674324 46.58000000000168
2330 1.34204669794716 46.60000000000169
2331 1.342916892525481 46.62000000000169
2332 1.343785055719683 46.64000000000169
2333 1.344623288491133 46.66000000000169
2334 1.345355234317103 46.6800000000017
2335 1.346083159277471 46.7000000000017
2336 1.346706814231691 46.7200000000017
2337 1.347260947295431 46.74000000000171
2338 1.347784201329697 46.76000000000171
2339 1.348231656182551 46.78000000000171
2340 1.348590174948596 46.80000000000172
2341 1.348912692343464 46.82000000000172
2342 1.34916547040282 46.84000000000172
2343 1.349235099749423 46.86000000000173
2344 1.349189323633071 46.88000000000173
2345 1.349093258443634 46.90000000000173
2346 1.348958624988199 46.92000000000174
2347 1.348749926514978 46.94000000000174
2348 1.348476180904042 46.96000000000174
2349 1.348207379783995 46.98000000000174
2350 1.347890096382727 47.00000000000175
2351 1.347443479603954 47.02000000000175
2352 1.346894739160588 47.04000000000175
2353 1.346230674475901 47.06000000000176
2354 1.345471301177835 47.08000000000176
2355 1.344673211448965 47.10000000000176
2356 1.343819863303962 47.12000000000177
2357 1.342883559842796 47.14000000000177
2358 1.341950729103471 47.16000000000177
2359 1.340936412321972 47.18000000000178
2360 1.339912650122785 47.20000000000178
2361 1.338879492725651 47.22000000000178
2362 1.337747733153007 47.24000000000179
2363 1.336552540925147 47.26000000000179
2364 1.335322331442622 47.28000000000179
2365 1.333979282560514 47.30000000000179
2366 1.332562183698514 47.3200000000018
2367 1.331147447958979 47.3400000000018
2368 1.329695497504022 47.3600000000018
2369 1.328235095959113 47.38000000000181
2370 1.326721279550929 47.40000000000181
2371 1.325137593357418 47.42000000000181
2372 1.323529617925287 47.44000000000182
2373 1.3218692909796 47.46000000000182
2374 1.320177233814324 47.48000000000182
2375 1.318511457745197 47.50000000000183
2376 1.31685077037325 47.52000000000183
2377 1.315269961587577 47.54000000000183
2378 1.313748158253053 47.56000000000184
2379 1.312206010047602 47.58000000000184
2380 1.310586918079147 47.60000000000184
2381 1.308921582119141 47.62000000000184
2382 1.307268585904255 47.64000000000185
2383 1.305623344044793 47.66000000000185
2384 1.304018254902987 47.68000000000185
2385 1.302418503148376 47.70000000000186
2386 1.300876843888985 47.72000000000186
2387 1.299365559579881 47.74000000000186
2388 1.297900052470698 47.76000000000187
2389 1.29646544859846 47.78000000000187
2390 1.295055650976465 47.80000000000187
2391 1.293653744524273 47.82000000000188
2392 1.292351709777908 47.84000000000188
2393 1.291135171075164 47.86000000000188
2394 1.289952047738691 47.88000000000189
2395 1.288820979333444 47.90000000000189
2396 1.287753908212207 47.92000000000189
2397 1.286817526909078 47.94000000000189
2398 1.285883265286965 47.9600000000019
2399 1.284987638175904 47.9800000000019
2400 1.284149081450481 48.0000000000019
2401 1.283396981569778 48.02000000000191
2402 1.282695835068956 48.04000000000191
2403 1.282074382223345 48.06000000000191
2404 1.281584368185206 48.08000000000192
2405 1.281217275711855 48.10000000000192
2406 1.280926523490793 48.12000000000192
2407 1.280699975906747 48.14000000000193
2408 1.280551045243704 48.16000000000193
2409 1.280492727018879 48.18000000000193
2410 1.280521908039059 48.20000000000194
2411 1.280695541099053 48.22000000000194
2412 1.280959391472368 48.24000000000194
2413 1.281320649450021 48.26000000000194
2414 1.281775451399611 48.28000000000195
2415 1.282234515531955 48.30000000000195
2416 1.282785691888509 48.32000000000195
2417 1.283424998413509 48.34000000000196
2418 1.284060423060172 48.36000000000196
2419 1.284848000215327 48.38000000000196
2420 1.285679256720419 48.40000000000197
2421 1.28637106482773 48.42000000000197
2422 1.287189985683186 48.44000000000197
2423 1.288035044178126 48.46000000000198
2424 1.288962818238156 48.48000000000198
2425 1.290058809836296 48.50000000000198
2426 1.291243376193989 48.52000000000199
2427 1.292538109179916 48.54000000000199
2428 1.293968652181945 48.56000000000199
2429 1.29547870066775 48.58000000000199
2430 1.296971356095202 48.600000000002
2431 1.298330960532419 48.620000000002
2432 1.299637075451389 48.640000000002
2433 1.301067621376034 48.66000000000201
2434 1.302632032565024 48.68000000000201
2435 1.304262168693131 48.70000000000201
2436 1.305907871156621 48.72000000000202
2437 1.307537428306474 48.74000000000202
2438 1.309168455548475 48.76000000000202
2439 1.310701026288087 48.78000000000203
2440 1.312222344983316 48.80000000000203
2441 1.313757621768886 48.82000000000203
2442 1.315420619871859 48.84000000000204
2443 1.317038009928555 48.86000000000204
2444 1.318658760277906 48.88000000000204
2445 1.320289287053274 48.90000000000204
2446 1.321866158452032 48.92000000000205
2447 1.323461058148278 48.94000000000205
2448 1.324991222992213 48.96000000000205
2449 1.326449016697079 48.98000000000206
2450 1.327869034182323 49.00000000000206
2451 1.329267778005685 49.02000000000206
2452 1.330740046362893 49.04000000000207
2453 1.33217461970985 49.06000000000207
2454 1.333524927165744 49.08000000000207
2455 1.334794649824697 49.10000000000208
2456 1.335967018371081 49.12000000000208
2457 1.337109786101649 49.14000000000208
2458 1.338245659391459 49.16000000000209
2459 1.339336617722604 49.18000000000209
2460 1.340406962088985 49.20000000000209
2461 1.341426626504146 49.22000000000209
2462 1.342325704598646 49.2400000000021
2463 1.343172299911639 49.2600000000021
2464 1.343979192224615 49.2800000000021
2465 1.344684253238604 49.30000000000211
2466 1.345318355620565 49.32000000000211
2467 1.345883875954267 49.34000000000211
2468 1.346369154522081 49.36000000000212
2469 1.34677104075904 49.38000000000212
2470 1.347159646735628 49.40000000000212
2471 1.347517749754059 49.42000000000213
2472 1.347699915208557 49.44000000000213
2473 1.347926052607919 49.46000000000213
2474 1.348065064796454 49.48000000000214
2475 1.348103069748871 49.50000000000214
2476 1.348001752352658 49.52000000000214
2477 1.347898283202482 49.54000000000214
2478 1.347801479354461 49.56000000000215
2479 1.347626192490059 49.58000000000215
2480 1.347383001842572 49.60000000000215
2481 1.34704367348687 49.62000000000216
2482 1.346585089185439 49.64000000000216
2483 1.346181812363982 49.66000000000216
2484 1.34567551453511 49.68000000000217
2485 1.345133159373257 49.70000000000217
2486 1.344496015242556 49.72000000000217
2487 1.343804683568488 49.74000000000218
2488 1.343093702432036 49.76000000000218
2489 1.342349318481957 49.78000000000218
2490 1.341421119634312 49.80000000000219
2491 1.340408323458943 49.82000000000219
2492 1.339345373867162 49.84000000000219
2493 1.338208350088723 49.8600000000022
2494 1.337023656786828 49.8800000000022
2495 1.335840297879533 49.9000000000022
2496 1.334680683346168 49.9200000000022
2497 1.333419371520037 49.94000000000221
2498 1.332107606887873 49.96000000000221
2499 1.330756230774947 49.98000000000221
2500 1.329375617221708 50.00000000000222
2501 1.327947562060896 50.02000000000222
2502 1.326509966684851 50.04000000000222
2503 1.325059797489411 50.06000000000223
2504 1.323567933131478 50.08000000000223
2505 1.322139656143401 50.10000000000223
2506 1.320637087082196 50.12000000000224
2507 1.319102086952753 50.14000000000224
2508 1.317585683095096 50.16000000000224
2509 1.316054483442682 50.18000000000225
2510 1.314509264256253 50.20000000000225
2511 1.312959242370797 50.22000000000225
2512 1.311438392693463 50.24000000000225
2513 1.309885861090672 50.26000000000226
2514 1.308315284476679 50.28000000000226
2515 1.306798470565435 50.30000000000226
2516 1.305275218678067 50.32000000000227
2517 1.303798074870233 50.34000000000227
2518 1.302350325559066 50.36000000000227
2519 1.300939010206637 50.38000000000228
2520 1.299560068937851 50.40000000000228
2521 1.298204618851075 50.42000000000228
2522 1.296845174675111 50.44000000000229
2523 1.295500478261815 50.46000000000229
2524 1.29419136161309 50.48000000000229
2525 1.293022523152627 50.5000000000023
2526 1.291895295730261 50.5200000000023
2527 1.290810774548984 50.5400000000023
2528 1.289776003434171 50.5600000000023
2529 1.288824669579601 50.58000000000231
2530 1.288013758869306 50.60000000000231
2531 1.287228995244873 50.62000000000231
2532 1.286371256791859 50.64000000000232
2533 1.285578675690543 50.66000000000232
2534 1.284892348961389 50.68000000000232
2535 1.284256409668723 50.70000000000233
2536 1.283720140167972 50.72000000000233
2537 1.283317892027499 50.74000000000233
2538 1.28301027938184 50.76000000000234
2539 1.282802575968146 50.78000000000234
2540 1.282673191406993 50.80000000000234
2541 1.282566560411476 50.82000000000235
2542 1.282539762824318 50.84000000000235
2543 1.282577432422253 50.86000000000235
2544 1.282717491330988 50.88000000000235
2545 1.283064528546216 50.90000000000236
2546 1.283293851618129 50.92000000000236
2547 1.283604346043492 50.94000000000236
2548 1.283986346753945 50.96000000000237
2549 1.284421495015629 50.98000000000237
2550 1.284957587437701 51.00000000000237
2551 1.285564481996025 51.02000000000238
2552 1.286270219046469 51.04000000000238
2553 1.28695473844482 51.06000000000238
2554 1.287703679141643 51.08000000000239
2555 1.288470637646651 51.10000000000239
2556 1.289373258162871 51.12000000000239
2557 1.290383676072453 51.1400000000024
2558 1.291541556999605 51.1600000000024
2559 1.292786886802146 51.1800000000024
2560 1.294038511865723 51.2000000000024
2561 1.295287916623299 51.22000000000241
2562 1.296599696706705 51.24000000000241
2563 1.298006360179298 51.26000000000241
2564 1.299481865166125 51.28000000000242
2565 1.300947554782851 51.30000000000242
2566 1.302544503523193 51.32000000000242
2567 1.304186739408451 51.34000000000243
2568 1.305782198052635 51.36000000000243
2569 1.307381158700074 51.38000000000243
2570 1.308934182154501 51.40000000000244
2571 1.310541173150225 51.42000000000244
2572 1.312209159262605 51.44000000000244
2573 1.313962213437231 51.46000000000245
2574 1.315574393318331 51.48000000000245
2575 1.317139058000195 51.50000000000245
2576 1.318749722585758 51.52000000000245
2577 1.320286783059929 51.54000000000246
2578 1.321887667847588 51.56000000000246
2579 1.323500095402111 51.58000000000246
2580 1.325115356574085 51.60000000000247
2581 1.32677893191201 51.62000000000247
2582 1.328372601481432 51.64000000000247
2583 1.329855152768813 51.66000000000248
2584 1.331326638026741 51.68000000000248
2585 1.33277885818603 51.70000000000248
2586 1.334224355263862 51.72000000000249
2587 1.335736614917185 51.74000000000249
2588 1.337117646578909 51.76000000000249
2589 1.338421075664384 51.7800000000025
2590 1.339707553736231 51.8000000000025
2591 1.340900919188181 51.8200000000025
2592 1.342053614105963 51.8400000000025
2593 1.343105161694647 51.86000000000251
2594 1.343973727773658 51.88000000000251
2595 1.34484909242078 51.90000000000251
2596 1.345681237225468 51.92000000000252
2597 1.346410969933275 51.94000000000252
2598 1.347127748751001 51.96000000000252
2599 1.347751155686681 51.98000000000253
2600 1.348298441325311 52.00000000000253
2601 1.348810808230513 52.02000000000253
2602 1.349258967861192 52.04000000000254
2603 1.349617498309692 52.06000000000254
2604 1.349934040422261 52.08000000000254
2605 1.350179846501004 52.10000000000255
2606 1.350249281789768 52.12000000000255
2607 1.35020274134139 52.14000000000255
2608 1.350100834197723 52.16000000000255
2609 1.349950036253976 52.18000000000256
2610 1.349738656455257 52.20000000000256
2611 1.34944760301271 52.22000000000256
2612 1.349172256918644 52.24000000000257
2613 1.348844890637376 52.26000000000257
2614 1.348392663280036 52.28000000000257
2615 1.347841790309192 52.30000000000258
2616 1.347165862896384 52.32000000000258
2617 1.346393174934775 52.34000000000258
2618 1.345585821226823 52.36000000000259
2619 1.344723649793131 52.38000000000259
2620 1.343779328668501 52.40000000000259
2621 1.342836807812621 52.4200000000026
2622 1.341812895398337 52.4400000000026
2623 1.340780784329563 52.4600000000026
2624 1.339739922458606 52.4800000000026
2625 1.338593762051962 52.50000000000261
2626 1.33739002606392 52.52000000000261
2627 1.336148336708264 52.54000000000261
2628 1.334799775448465 52.56000000000262
2629 1.333372488414544 52.58000000000262
2630 1.331943028890863 52.60000000000262
2631 1.330484956263029 52.62000000000263
2632 1.32900848168364 52.64000000000263
2633 1.32748756007201 52.66000000000263
2634 1.325898014106139 52.68000000000264
2635 1.324277893417432 52.70000000000264
2636 1.322606171280044 52.72000000000264
2637 1.320903217099605 52.74000000000265
2638 1.319230325770781 52.76000000000265
2639 1.317555094301624 52.78000000000265
2640 1.315955409993441 52.80000000000265
2641 1.314426113978915 52.82000000000266
2642 1.312873972819608 52.84000000000266
2643 1.311246312711347 52.86000000000266
2644 1.309573600986036 52.88000000000267
2645 1.307908573029831 52.90000000000267
2646 1.306260597637127 52.92000000000267
2647 1.304642595283825 52.94000000000268
2648 1.303039011416521 52.96000000000268
2649 1.301478449499409 52.98000000000268
2650 1.299962466453473 53.00000000000269
2651 1.298488946128514 53.02000000000269
2652 1.297045808414162 53.04000000000269
2653 1.295635543455552 53.0600000000027
2654 1.294220568402188 53.0800000000027
2655 1.292915995576379 53.1000000000027
2656 1.29169327285374 53.1200000000027
2657 1.290508255751649 53.14000000000271
2658 1.28936565211297 53.16000000000271
2659 1.288295727786795 53.18000000000271
2660 1.287355949629688 53.20000000000272
2661 1.286418367566224 53.22000000000272
2662 1.285520476276595 53.24000000000272
2663 1.284681364675897 53.26000000000273
2664 1.283924926135739 53.28000000000273
2665 1.283225389938892 53.30000000000273
2666 1.282597277648082 53.32000000000274
2667 1.28210534389993 53.34000000000274
2668 1.281738064007107 53.36000000000274
2669 1.281449300684761 53.38000000000275
2670 1.281223767725335 53.40000000000275
2671 1.281071101777296 53.42000000000275
2672 1.281020278894561 53.44000000000275
2673 1.281046435531931 53.46000000000276
2674 1.28122162397141 53.48000000000276
2675 1.281490314438397 53.50000000000276
2676 1.28185183861318 53.52000000000277
2677 1.28230792150386 53.54000000000277
2678 1.282782016251642 53.56000000000277
2679 1.283327300037736 53.58000000000278
2680 1.283983934397858 53.60000000000278
2681 1.284613850758112 53.62000000000278
2682 1.285409114812936 53.64000000000279
2683 1.28624739394646 53.66000000000279
2684 1.286941869232247 53.68000000000279
2685 1.287763501771008 53.7000000000028
2686 1.288618244548512 53.7200000000028
2687 1.289550925392345 53.7400000000028
2688 1.290648451491247 53.7600000000028
2689 1.291840961353723 53.78000000000281
2690 1.293139210332336 53.80000000000281
2691 1.294577239054286 53.82000000000281
2692 1.296092171338093 53.84000000000282
2693 1.297591451879035 53.86000000000282
2694 1.298957376114902 53.88000000000282
2695 1.300266538980959 53.90000000000283
2696 1.301698296977623 53.92000000000283
2697 1.303262731748433 53.94000000000283
2698 1.304904326946839 53.96000000000284
2699 1.306554854724247 53.98000000000284
2700 1.308182730267641 54.00000000000284
2701 1.309820877962289 54.02000000000285
2702 1.311356499335611 54.04000000000285
2703 1.312882928867881 54.06000000000285
2704 1.314426910469011 54.08000000000285
2705 1.31609046359247 54.10000000000286
2706 1.317714273327436 54.12000000000286
2707 1.319333456985913 54.14000000000286
2708 1.320972585979706 54.16000000000287
2709 1.322547633372038 54.18000000000287
2710 1.324144518880694 54.20000000000287
2711 1.325676486142203 54.22000000000288
2712 1.327135062766274 54.24000000000288
2713 1.328552597360112 54.26000000000288
2714 1.329954351852527 54.28000000000289
2715 1.331433286140842 54.30000000000289
2716 1.332862171872701 54.32000000000289
2717 1.334205817573378 54.3400000000029
2718 1.335469646167636 54.3600000000029
2719 1.336648129632734 54.3800000000029
2720 1.337787103086871 54.4000000000029
2721 1.338922910865716 54.42000000000291
2722 1.340012560120906 54.44000000000291
2723 1.341081672437495 54.46000000000291
2724 1.342101143509707 54.48000000000292
2725 1.342998160104628 54.50000000000292
2726 1.343838625309988 54.52000000000292
2727 1.344638836949919 54.54000000000293
2728 1.345338440722596 54.56000000000293
2729 1.345968074773495 54.58000000000293
2730 1.346524612945171 54.60000000000294
2731 1.347007406277063 54.62000000000294
2732 1.347405625734996 54.64000000000294
2733 1.34778696466045 54.66000000000295
2734 1.348146173233438 54.68000000000295
2735 1.348320444846764 54.70000000000295
2736 1.348540121541028 54.72000000000295
2737 1.348681459461245 54.74000000000296
2738 1.348707126587743 54.76000000000296
2739 1.3485997214548 54.78000000000296
2740 1.348489136582391 54.80000000000297
2741 1.348386045147302 54.82000000000297
2742 1.348200347072581 54.84000000000297
2743 1.347953505019249 54.86000000000298
2744 1.347602845449907 54.88000000000298
2745 1.347141118708349 54.90000000000298
2746 1.34673267091038 54.92000000000299
2747 1.346221714638114 54.94000000000299
2748 1.345667289126095 54.96000000000299
2749 1.345017742185199 54.980000000003
2750 1.344323632699712 55.000000000003
2751 1.343604089285551 55.020000000003
2752 1.342853231840863 55.040000000003
2753 1.341921350646303 55.06000000000301
2754 1.340899909431651 55.08000000000301
2755 1.339830476965885 55.10000000000301
2756 1.338684225045108 55.12000000000302
2757 1.337494129850391 55.14000000000302
2758 1.336301182299726 55.16000000000302
2759 1.335129612234261 55.18000000000303
2760 1.333862791460786 55.20000000000303
2761 1.332544124135246 55.22000000000303
2762 1.331187918811617 55.24000000000304
2763 1.329796441725929 55.26000000000304
2764 1.328365190206518 55.28000000000304
2765 1.326921756050822 55.30000000000305
2766 1.325464852848979 55.32000000000305
2767 1.323960738215166 55.34000000000305
2768 1.322528935856071 55.36000000000305
2769 1.32101843472984 55.38000000000306
2770 1.319475293309046 55.40000000000306
2771 1.317956142015104 55.42000000000306
2772 1.316417012354736 55.44000000000307
2773 1.314866563123859 55.46000000000307
2774 1.313312139939407 55.48000000000307
2775 1.311782276128608 55.50000000000308
2776 1.310227431754547 55.52000000000308
2777 1.308649534797731 55.54000000000308
2778 1.307127524314334 55.56000000000309
2779 1.305600628425709 55.58000000000309
2780 1.304116346878845 55.60000000000309
2781 1.30266476720969 55.6200000000031
2782 1.301248935179883 55.6400000000031
2783 1.299868970254001 55.6600000000031
2784 1.298512394979036 55.6800000000031
2785 1.2971511605432 55.70000000000311
2786 1.295801813350529 55.72000000000311
2787 1.294490503556996 55.74000000000311
2788 1.293320391089888 55.76000000000312
2789 1.292195282791359 55.78000000000312
2790 1.291110270227489 55.80000000000312
2791 1.29007565014718 55.82000000000313
2792 1.289122681544303 55.84000000000313
2793 1.288310488356113 55.86000000000313
2794 1.287528206068383 55.88000000000314
2795 1.286675419418868 55.90000000000314
2796 1.285874425079852 55.92000000000314
2797 1.285189852681076 55.94000000000315
2798 1.284556393701029 55.96000000000315
2799 1.284022164161889 55.98000000000315
2800 1.283626293380332 56.00000000000315
2801 1.283315940221305 56.02000000000316
2802 1.283111827214388 56.04000000000316
2803 1.282983125742562 56.06000000000316
2804 1.282881420106648 56.08000000000317
2805 1.282855965392113 56.10000000000317
2806 1.282897999383543 56.12000000000317
2807 1.283048315435833 56.14000000000318
2808 1.283389844203793 56.16000000000318
2809 1.283625166950478 56.18000000000318
2810 1.283937990531804 56.20000000000319
2811 1.284321308274429 56.22000000000319
2812 1.284760034687075 56.24000000000319
2813 1.28530328438457 56.2600000000032
2814 1.285917566965206 56.2800000000032
2815 1.286626484323544 56.3000000000032
2816 1.287316610019803 56.3200000000032
2817 1.288071018453175 56.34000000000321
2818 1.288841418981505 56.36000000000321
2819 1.289749242171566 56.38000000000321
2820 1.290765706765676 56.40000000000322
2821 1.291930496849037 56.42000000000322
2822 1.293179243006414 56.44000000000322
2823 1.294432205954662 56.46000000000323
2824 1.295683532728926 56.48000000000323
2825 1.297005761659163 56.50000000000323
2826 1.298411966455677 56.52000000000324
2827 1.299892499950633 56.54000000000324
2828 1.301361061510641 56.56000000000324
2829 1.302967793804422 56.58000000000325
2830 1.304608543796111 56.60000000000325
2831 1.306210956716438 56.62000000000325
2832 1.307808134674453 56.64000000000325
2833 1.309364598583951 56.66000000000326
2834 1.310973994906398 56.68000000000326
2835 1.312648236398294 56.70000000000326
2836 1.314405403929406 56.72000000000327
2837 1.316012344606621 56.74000000000327
2838 1.317580903082749 56.76000000000327
2839 1.319192523883839 56.78000000000328
2840 1.320728006626966 56.80000000000328
2841 1.322333135659377 56.82000000000328
2842 1.323942989462653 56.84000000000329
2843 1.325567253432306 56.86000000000329
2844 1.32723046676042 56.88000000000329
2845 1.328815728616956 56.9000000000033
2846 1.330297395027212 56.9200000000033
2847 1.331767848675347 56.9400000000033
2848 1.333217260537829 56.9600000000033
2849 1.334667019004466 56.98000000000331
2850 1.336182775631351 57.00000000000331
2851 1.337554273494248 57.02000000000331
2852 1.338859035658307 57.04000000000332
2853 1.34014009409412 57.06000000000332
2854 1.34132838124212 57.08000000000332
2855 1.342483856478792 57.10000000000333
2856 1.343527418663459 57.12000000000333
2857 1.34438742256634 57.14000000000333
2858 1.345265154587795 57.16000000000334
2859 1.346091843411124 57.18000000000334
2860 1.34681372472711 57.20000000000334
2861 1.347530685533898 57.22000000000335
2862 1.348144845019783 57.24000000000335
2863 1.348683899850613 57.26000000000335
2864 1.349194389575818 57.28000000000335
2865 1.349633428011948 57.30000000000336
2866 1.349992857384789 57.32000000000336
2867 1.350304020791396 57.34000000000336
2868 1.350539024725881 57.36000000000337
2869 1.350600258334705 57.38000000000337
2870 1.350549260823024 57.40000000000337
2871 1.350441171609182 57.42000000000338
2872 1.350282092344883 57.44000000000338
2873 1.350067454595421 57.46000000000338
2874 1.349769746063883 57.48000000000339
2875 1.349489796470551 57.50000000000339
2876 1.349155901617239 57.52000000000339
2877 1.348693395128381 57.5400000000034
2878 1.348136571342957 57.5600000000034
2879 1.347450043414602 57.5800000000034
2880 1.346668994980846 57.6000000000034
2881 1.345855335542301 57.62000000000341
2882 1.344987970651885 57.64000000000341
2883 1.344038059882757 57.66000000000341
2884 1.343091268121116 57.68000000000342
2885 1.342062231408447 57.70000000000342
2886 1.341028125957523 57.72000000000342
2887 1.339978461193043 57.74000000000343
2888 1.338823249882626 57.76000000000343
2889 1.337614976306865 57.78000000000343
2890 1.336368497566293 57.80000000000344
2891 1.335007365574049 57.82000000000344
2892 1.333575633789439 57.84000000000344
2893 1.332140794546213 57.86000000000345
2894 1.330678261535468 57.88000000000345
2895 1.329196866104546 57.90000000000345
2896 1.327670404746492 57.92000000000345
2897 1.326073819650544 57.94000000000346
2898 1.324451522180656 57.96000000000346
2899 1.32277079881654 57.98000000000346
2900 1.321066277437196 58.00000000000347
2901 1.319388996115581 58.02000000000347
2902 1.317714719086584 58.04000000000347
2903 1.316111986093115 58.06000000000348
2904 1.314581551236228 58.08000000000348
2905 1.313024747742707 58.10000000000348
2906 1.311390485902399 58.12000000000349
2907 1.309712849982722 58.14000000000349
2908 1.3080452925262 58.16000000000349
2909 1.306397002375651 58.1800000000035
2910 1.304777413090026 58.2000000000035
2911 1.303171161706314 58.2200000000035
2912 1.301609400065166 58.2400000000035
2913 1.300093194573741 58.26000000000351
2914 1.298621781270565 58.28000000000351
2915 1.29717696314893 58.30000000000351
2916 1.29576602057814 58.32000000000352
2917 1.29435175384257 58.34000000000352
2918 1.293051011389963 58.36000000000352
2919 1.291831049811224 58.38000000000353
2920 1.290645769526744 58.40000000000353
2921 1.289503150858249 58.42000000000353
2922 1.288439987558486 58.44000000000354
2923 1.287504440852117 58.46000000000354
2924 1.28656168643338 58.48000000000354
2925 1.28566884514375 58.50000000000355
2926 1.28483303983777 58.52000000000355
2927 1.284082539568861 58.54000000000355
2928 1.283383774118941 58.56000000000355
2929 1.282759972158234 58.58000000000356
2930 1.282275921760619 58.60000000000356
2931 1.28191540406764 58.62000000000356
2932 1.281629249963144 58.64000000000357
2933 1.281405518997788 58.66000000000357
2934 1.281265267035574 58.68000000000357
2935 1.281213720555312 58.70000000000358
2936 1.281249504627422 58.72000000000358
2937 1.281431227734497 58.74000000000358
2938 1.281706580674477 58.76000000000359
2939 1.282075754080417 58.78000000000359
2940 1.282542489461145 58.80000000000359
2941 1.283010872190805 58.8200000000036
2942 1.283568203858855 58.8400000000036
2943 1.284225344784366 58.8600000000036
2944 1.284861273613163 58.88000000000361
2945 1.285668737751559 58.90000000000361
2946 1.286497790449655 58.92000000000361
2947 1.287199595444044 58.94000000000361
2948 1.288025531976115 58.96000000000362
2949 1.288886823148271 58.98000000000362
2950 1.289826518415488 59.00000000000362
2951 1.290935326594721 59.02000000000363
2952 1.292135887185981 59.04000000000363
2953 1.293443969588118 59.06000000000363
2954 1.294887362760646 59.08000000000364
2955 1.29640809305933 59.10000000000364
2956 1.297904344883538 59.12000000000364
2957 1.299265041343406 59.14000000000365
2958 1.300572700657213 59.16000000000365
2959 1.302021455254776 59.18000000000365
2960 1.303591312717799 59.20000000000366
2961 1.305236345487255 59.22000000000366
2962 1.306891212509088 59.24000000000366
2963 1.308511544684261 59.26000000000366
2964 1.310155696320517 59.28000000000367
2965 1.311683459643385 59.30000000000367
2966 1.313212330063406 59.32000000000367
2967 1.314764644438677 59.34000000000368
2968 1.316432926859408 59.36000000000368
2969 1.318053365609347 59.38000000000368
2970 1.319675890377738 59.40000000000369
2971 1.321313124047297 59.42000000000369
2972 1.322888197428314 59.44000000000369
2973 1.324485836313616 59.4600000000037
2974 1.326012717357732 59.4800000000037
2975 1.327468411553767 59.5000000000037
2976 1.328879707648827 59.52000000000371
2977 1.330284876731232 59.54000000000371
2978 1.33177513156697 59.56000000000371
2979 1.333190649866559 59.58000000000371
2980 1.33452730495487 59.60000000000372
2981 1.33578425807673 59.62000000000372
2982 1.336960802440742 59.64000000000372
2983 1.338098237262801 59.66000000000373
2984 1.339231663708766 59.68000000000373
2985 1.34031954758756 59.70000000000373
2986 1.341387154830825 59.72000000000374
2987 1.342398233329032 59.74000000000374
2988 1.343290680750811 59.76000000000374
2989 1.344126087560583 59.78000000000375
2990 1.344920580316855 59.80000000000375
2991 1.345614435362442 59.82000000000375
2992 1.346236405088777 59.84000000000376
2993 1.346783807878095 59.86000000000376
2994 1.347263151946164 59.88000000000376
2995 1.347655740214077 59.90000000000376
2996 1.348040850675861 59.92000000000377
2997 1.348382558242152 59.94000000000377
2998 1.348556315108659 59.96000000000377
2999 1.34877107303051 59.98000000000378
3000 1.349245059975713 60.00000000000378
3001 1.350067290050715 60.02000000000378
3002 1.350649449962774 60.04000000000379
3003 1.350998697138406 60.06000000000379
3004 1.351545408354016 60.08000000000379
3005 1.352079920367055 60.1000000000038
3006 1.352400806369906 60.1200000000038
3007 1.352613093645164 60.1400000000038
3008 1.352801155837807 60.16000000000381
3009 1.352998515599719 60.18000000000381
3010 1.35303677728347 60.20000000000381
3011 1.353027895271885 60.22000000000381
3012 1.352938026142855 60.24000000000382
3013 1.352780450861022 60.26000000000382
3014 1.352589719609084 60.28000000000382
3015 1.352298045742815 60.30000000000383
3016 1.351860940097449 60.32000000000383
3017 1.351311978796882 60.34000000000383
3018 1.350645828675707 60.36000000000384
3019 1.349868041450722 60.38000000000384
3020 1.349059074155659 60.40000000000384
3021 1.348207356173888 60.42000000000385
3022 1.347277311608333 60.44000000000385
3023 1.346276338918693 60.46000000000385
3024 1.345198049843803 60.48000000000386
3025 1.344072157424001 60.50000000000386
3026 1.34288669289089 60.52000000000386
3027 1.341644036853537 60.54000000000386
3028 1.340351266625687 60.56000000000387
3029 1.338970912083648 60.58000000000387
3030 1.337463707734726 60.60000000000387
3031 1.335983189070812 60.62000000000388
3032 1.33444308369855 60.64000000000388
3033 1.332839174238983 60.66000000000388
3034 1.331210026976878 60.68000000000389
3035 1.329502847538567 60.70000000000389
3036 1.327821862606366 60.72000000000389
3037 1.326076043890488 60.7400000000039
3038 1.32432108629475 60.7600000000039
3039 1.32245981567257 60.7800000000039
3040 1.320624878138554 60.80000000000391
3041 1.318774021221984 60.82000000000391
3042 1.316918428632007 60.84000000000391
3043 1.31505454504792 60.86000000000391
3044 1.313197490102313 60.88000000000392
3045 1.311309903394605 60.90000000000392
3046 1.309467794770327 60.92000000000392
3047 1.307622517304521 60.94000000000393
3048 1.305770987721253 60.96000000000393
3049 1.303966979350809 60.98000000000393
3050 1.30218467835126 61.00000000000394
3051 1.300451645667674 61.02000000000394
3052 1.298723875453149 61.04000000000394
3053 1.297059288510455 61.06000000000395
3054 1.295495146425583 61.08000000000395
3055 1.294005002591611 61.10000000000395
3056 1.29262324810851 61.12000000000396
3057 1.291275235187803 61.14000000000396
3058 1.289978336857058 61.16000000000396
3059 1.288740320872075 61.18000000000396
3060 1.287560195082723 61.20000000000397
3061 1.286532877558102 61.22000000000397
3062 1.285573844425878 61.24000000000397
3063 1.28478041476254 61.26000000000398
3064 1.284153219010381 61.28000000000398
3065 1.283602786232357 61.30000000000398
3066 1.283151784582762 61.32000000000399
3067 1.282796492180029 61.34000000000399
3068 1.282507628123124 61.36000000000399
3069 1.282286571878902 61.380000000004
3070 1.282211836016473 61.400000000004
3071 1.282224748064813 61.420000000004
3072 1.282368372360262 61.44000000000401
3073 1.282599725642688 61.46000000000401
3074 1.283016388179749 61.48000000000401
3075 1.283608883966182 61.50000000000401
3076 1.284529637496412 61.52000000000402
3077 1.285468165987214 61.54000000000402
3078 1.286504473809401 61.56000000000402
3079 1.287700789282416 61.58000000000403
3080 1.289091889062685 61.60000000000403
3081 1.290558389720697 61.62000000000403
3082 1.292149591420966 61.64000000000404
3083 1.293852344802502 61.66000000000404
3084 1.295689638503133 61.68000000000404
3085 1.2977778102738 61.70000000000405
3086 1.300010455744614 61.72000000000405
3087 1.30246957348086 61.74000000000405
3088 1.305081906636681 61.76000000000406
3089 1.307719293249045 61.78000000000406
3090 1.310507036453138 61.80000000000406
3091 1.31344888429462 61.82000000000406
3092 1.316459883289022 61.84000000000407
3093 1.319678281140455 61.86000000000407
3094 1.323040563434082 61.88000000000407
3095 1.326600121787389 61.90000000000408
3096 1.330224557055304 61.92000000000408
3097 1.333922471014414 61.94000000000408
3098 1.337746751161083 61.96000000000409
3099 1.341688680117138 61.98000000000409
3100 1.345735760305084 62.00000000000409
3101 1.349984517800911 62.0200000000041
3102 1.354083752601056 62.0400000000041
3103 1.358172464934293 62.0600000000041
3104 1.362394822470349 62.08000000000411
3105 1.366664082035102 62.10000000000411
3106 1.371023054994467 62.12000000000411
3107 1.37543483394623 62.14000000000411
3108 1.379935223358383 62.16000000000412
3109 1.384365774834804 62.18000000000412
3110 1.388799832710479 62.20000000000412
3111 1.39321439732929 62.22000000000413
3112 1.397669218875663 62.24000000000413
3113 1.402151324759757 62.26000000000413
3114 1.406618052519809 62.28000000000414
3115 1.410976073989895 62.30000000000414
3116 1.415272877181338 62.32000000000414
3117 1.419541677047869 62.34000000000415
3118 1.423677031119496 62.36000000000415
3119 1.427658303995591 62.38000000000415
3120 1.431613193100884 62.40000000000416
3121 1.435511470468684 62.42000000000416
3122 1.439234358987898 62.44000000000416
3123 1.442747825977677 62.46000000000416
3124 1.446204671795201 62.48000000000417
3125 1.449645995883803 62.50000000000417
3126 1.452933722264515 62.52000000000417
3127 1.455959617869602 62.54000000000418
3128 1.458829124857371 62.56000000000418
3129 1.461537710615545 62.58000000000418
3130 1.463944734779377 62.60000000000419
3131 1.466285235102323 62.62000000000419
3132 1.468441059306753 62.64000000000419
3133 1.470447502719227 62.6600000000042
3134 1.472329438490577 62.6800000000042
3135 1.474018042296353 62.7000000000042
3136 1.475543444031808 62.72000000000421
3137 1.476789008861984 62.74000000000421
3138 1.477781879591374 62.76000000000421
3139 1.47845661092089 62.78000000000421
3140 1.478930452290451 62.80000000000422
3141 1.47927809396117 62.82000000000422
3142 1.479413084098406 62.84000000000422
3143 1.479376258315688 62.86000000000423
3144 1.479241997316529 62.88000000000423
3145 1.478837499460426 62.90000000000423
3146 1.478126932636933 62.92000000000424
3147 1.477150154633557 62.94000000000424
3148 1.476008703588426 62.96000000000424
3149 1.474693347624302 62.98000000000425
3150 1.473223916418315 63.00000000000425
3151 1.471567640506931 63.02000000000425
3152 1.469755712783375 63.04000000000426
3153 1.467810099910447 63.06000000000426
3154 1.465600326756332 63.08000000000426
3155 1.463061841486624 63.10000000000426
3156 1.460367790623747 63.12000000000427
3157 1.457530133442456 63.14000000000427
3158 1.454509164758997 63.16000000000427
3159 1.451375204087256 63.18000000000428
3160 1.448133582302199 63.20000000000428
3161 1.444847058987202 63.22000000000428
3162 1.441444875107079 63.24000000000429
3163 1.437848291345763 63.26000000000429
3164 1.434170766754784 63.28000000000429
3165 1.430303295330068 63.3000000000043
3166 1.426389339681413 63.3200000000043
3167 1.42238875410138 63.3400000000043
3168 1.418335205428856 63.36000000000431
3169 1.414212672308135 63.38000000000431
3170 1.410027911279649 63.40000000000431
3171 1.40584862315396 63.42000000000431
3172 1.401622844325216 63.44000000000432
3173 1.39734711655708 63.46000000000432
3174 1.392983952857087 63.48000000000432
3175 1.388612739266431 63.50000000000433
3176 1.384255417781697 63.52000000000433
3177 1.379970345176307 63.54000000000433
3178 1.375710977732081 63.56000000000434
3179 1.371537935619589 63.58000000000434
3180 1.3674294894563 63.60000000000434
3181 1.363445160370329 63.62000000000435
3182 1.359555768207823 63.64000000000435
3183 1.355749924160409 63.66000000000435
3184 1.352035963551043 63.68000000000436
3185 1.348472072445312 63.70000000000436
3186 1.345092536164225 63.72000000000436
3187 1.341873684636561 63.74000000000436
3188 1.338848986157393 63.76000000000437
3189 1.336012781614378 63.78000000000437
3190 1.333397467803534 63.80000000000437
3191 1.330973020842809 63.82000000000438
3192 1.328763804764832 63.84000000000438
3193 1.326774919077173 63.86000000000438
3194 1.325011427128195 63.88000000000439
3195 1.323477019091268 63.90000000000439
3196 1.322270570070597 63.92000000000439
3197 1.321255293123983 63.9400000000044
3198 1.320534021065262 63.9600000000044
3199 1.320131243017948 63.9800000000044
3200 1.320142937876307 64.00000000000441
3201 1.320474050475798 64.0200000000044
3202 1.321144857027204 64.0400000000044
3203 1.322258720391596 64.06000000000439
3204 1.323679942729161 64.08000000000439
3205 1.325543382803043 64.10000000000439
3206 1.327605153995312 64.12000000000438
3207 1.330061964020897 64.14000000000438
3208 1.332935072677576 64.16000000000437
3209 1.336245519693542 64.18000000000437
3210 1.339684323687124 64.20000000000437
3211 1.343582551557539 64.22000000000436
3212 1.347773638609617 64.24000000000436
3213 1.352508263423975 64.26000000000435
3214 1.357620563114618 64.28000000000435
3215 1.363178217420457 64.30000000000435
3216 1.369009365000962 64.32000000000434
3217 1.375352963300552 64.34000000000434
3218 1.382298879089969 64.36000000000433
3219 1.389438635594324 64.38000000000433
3220 1.396936132949532 64.40000000000433
3221 1.404462325278073 64.42000000000432
3222 1.412307479274717 64.44000000000432
3223 1.42043778793999 64.46000000000431
3224 1.428831350556309 64.48000000000431
3225 1.437655977160782 64.50000000000431
3226 1.44685120045196 64.5200000000043
3227 1.456036669773044 64.5400000000043
3228 1.465254399861609 64.56000000000429
3229 1.475066165714196 64.58000000000429
3230 1.485101339389786 64.60000000000429
3231 1.495122757048094 64.62000000000428
3232 1.505149717017507 64.64000000000428
3233 1.515575459676912 64.66000000000427
3234 1.526101409875749 64.68000000000427
3235 1.536782892175126 64.70000000000427
3236 1.547226584694879 64.72000000000426
3237 1.557893771505209 64.74000000000426
3238 1.568601223473647 64.76000000000425
3239 1.579320258547921 64.78000000000425
3240 1.58994420818933 64.80000000000425
3241 1.600563925906944 64.82000000000424
3242 1.610919719324587 64.84000000000424
3243 1.621217133817378 64.86000000000423
3244 1.631424048624474 64.88000000000423
3245 1.641326945360556 64.90000000000423
3246 1.651126858173877 64.92000000000422
3247 1.660524810244631 64.94000000000422
3248 1.669672743516739 64.96000000000421
3249 1.678701460502015 64.98000000000421
3250 1.687385567921848 65.00000000000421
3251 1.6957757046635 65.0200000000042
3252 1.703794009362558 65.0400000000042
3253 1.71145899558175 65.06000000000419
3254 1.718780511915846 65.08000000000419
3255 1.725815790853489 65.10000000000419
3256 1.732283464475196 65.12000000000418
3257 1.738461018701147 65.14000000000418
3258 1.744034567354934 65.16000000000417
3259 1.749225752493246 65.18000000000417
3260 1.753883383313753 65.20000000000417
3261 1.75807565174682 65.22000000000416
3262 1.762026794630007 65.24000000000416
3263 1.765493145589768 65.26000000000415
3264 1.768395580382883 65.28000000000415
3265 1.770692508321975 65.30000000000415
3266 1.77248100421536 65.32000000000414
3267 1.773745516961444 65.34000000000414
3268 1.774461839811897 65.36000000000413
3269 1.774761041081743 65.38000000000413
3270 1.774614057191628 65.40000000000413
3271 1.773809960261618 65.42000000000412
3272 1.772412208946733 65.44000000000412
3273 1.77053565051815 65.46000000000411
3274 1.768197333981517 65.48000000000411
3275 1.765541867168968 65.50000000000411
3276 1.762323045225399 65.5200000000041
3277 1.758595775715743 65.5400000000041
3278 1.754420442817295 65.56000000000409
3279 1.7497796267527 65.58000000000409
3280 1.744594376035997 65.60000000000409
3281 1.738992189227882 65.62000000000408
3282 1.733029501865089 65.64000000000408
3283 1.726724494851225 65.66000000000408
3284 1.720041484571994 65.68000000000407
3285 1.712852272197603 65.70000000000407
3286 1.705414805799338 65.72000000000406
3287 1.697718900826823 65.74000000000406
3288 1.689701821893026 65.76000000000406
3289 1.68136634079881 65.78000000000405
3290 1.672770229526527 65.80000000000405
3291 1.663935455741004 65.82000000000404
3292 1.654923199042979 65.84000000000404
3293 1.645723329941168 65.86000000000404
3294 1.636312257962688 65.88000000000403
3295 1.626806018835035 65.90000000000403
3296 1.617060350339651 65.92000000000402
3297 1.607263799655435 65.94000000000402
3298 1.59735924425763 65.96000000000402
3299 1.587388609146426 65.98000000000401
3300 1.577445372480936 66.00000000000401
3301 1.567533936463269 66.020000000004
3302 1.557676521127444 66.040000000004
3303 1.5478834759353 66.060000000004
3304 1.538101329247687 66.08000000000399
3305 1.528338642448473 66.10000000000399
3306 1.518750503275029 66.12000000000398
3307 1.509345007585001 66.14000000000398
3308 1.500161459817827 66.16000000000398
3309 1.491215195738748 66.18000000000397
3310 1.48249801939972 66.20000000000397
3311 1.47405522840993 66.22000000000396
3312 1.465898543061477 66.24000000000396
3313 1.457988493017721 66.26000000000396
3314 1.450392465757774 66.28000000000395
3315 1.443248839613006 66.30000000000395
3316 1.436421028364779 66.32000000000394
3317 1.429980450854571 66.34000000000394
3318 1.424083068072771 66.36000000000394
3319 1.418683675876711 66.38000000000393
3320 1.413888043354889 66.40000000000393
3321 1.409430653944481 66.42000000000392
3322 1.405479810011454 66.44000000000392
3323 1.402209487672826 66.46000000000392
3324 1.399522114731246 66.48000000000391
3325 1.397419930357123 66.50000000000391
3326 1.396009100752201 66.5200000000039
3327 1.395227013382715 66.5400000000039
3328 1.395146500265404 66.5600000000039
3329 1.395794224164824 66.58000000000389
3330 1.397338832924058 66.60000000000389
3331 1.39950084313714 66.62000000000388
3332 1.402373275694253 66.64000000000388
3333 1.405975279471639 66.66000000000388
3334 1.410291204408142 66.68000000000387
3335 1.41569917808367 66.70000000000387
3336 1.421824149993375 66.72000000000386
3337 1.428786863061468 66.74000000000386
3338 1.43654894877816 66.76000000000386
3339 1.444852551628471 66.78000000000385
3340 1.453926206473602 66.80000000000385
3341 1.464037011462905 66.82000000000384
3342 1.475114852625277 66.84000000000384
3343 1.486874537663796 66.86000000000384
3344 1.499020262910517 66.88000000000383
3345 1.512061620812864 66.90000000000383
3346 1.525791733096735 66.92000000000382
3347 1.540187157462785 66.94000000000382
3348 1.555619668221621 66.96000000000382
3349 1.57153638906238 66.98000000000381
3350 1.587934580179299 67.00000000000381
3351 1.605013752675502 67.0200000000038
3352 1.622294427464337 67.0400000000038
3353 1.640385584318542 67.0600000000038
3354 1.659195898744334 67.08000000000379
3355 1.678163496312654 67.10000000000379
3356 1.697493247648214 67.12000000000378
3357 1.716839330440285 67.14000000000378
3358 1.736561951805199 67.16000000000378
3359 1.756382928177865 67.18000000000377
3360 1.776523229193692 67.20000000000377
3361 1.797111310067924 67.22000000000376
3362 1.817871769428569 67.24000000000376
3363 1.838159146664188 67.26000000000376
3364 1.858717060540458 67.28000000000375
3365 1.879161074090459 67.30000000000375
3366 1.899138158339885 67.32000000000374
3367 1.918983069130276 67.34000000000374
3368 1.938353299120623 67.36000000000374
3369 1.957471468736369 67.38000000000373
3370 1.976080221084221 67.40000000000373
3371 1.994262687287742 67.42000000000372
3372 2.011899167828908 67.44000000000372
3373 2.028909293049901 67.46000000000372
3374 2.045053636616642 67.48000000000371
3375 2.060616907046802 67.50000000000371
3376 2.075391471949135 67.52000000000371
3377 2.089443160767504 67.5400000000037
3378 2.102612632720536 67.5600000000037
3379 2.11483557752758 67.58000000000369
3380 2.126109060957751 67.60000000000369
3381 2.13658994026571 67.62000000000369
3382 2.145970481053783 67.64000000000368
3383 2.154307087919714 67.66000000000368
3384 2.161768379939078 67.68000000000367
3385 2.168041715169798 67.70000000000367
3386 2.173220626221808 67.72000000000367
3387 2.177450177504084 67.74000000000366
3388 2.180582968629074 67.76000000000366
3389 2.182659867883102 67.78000000000365
3390 2.183813550031362 67.80000000000365
3391 2.183893905580951 67.82000000000365
3392 2.183077097999063 67.84000000000364
3393 2.180977707933297 67.86000000000364
3394 2.177871337526518 67.88000000000363
3395 2.173774222407661 67.90000000000363
3396 2.168817313275187 67.92000000000363
3397 2.162888022033059 67.94000000000362
3398 2.155954325004863 67.96000000000362
3399 2.147973438979799 67.98000000000361
3400 2.139309836436668 68.00000000000361
3401 2.129735069995892 68.02000000000361
3402 2.11916910107608 68.0400000000036
3403 2.107965163201109 68.0600000000036
3404 2.096058287573292 68.08000000000359
3405 2.083367521476436 68.10000000000359
3406 2.070000207793743 68.12000000000359
3407 2.056005220460533 68.14000000000358
3408 2.041460107246732 68.16000000000358
3409 2.026392133510776 68.18000000000357
3410 2.010716221119794 68.20000000000357
3411 1.994434139455867 68.22000000000357
3412 1.977785679766478 68.24000000000356
3413 1.960814395584827 68.26000000000356
3414 1.943542555958375 68.28000000000355
3415 1.925981190643071 68.30000000000355
3416 1.908058594438184 68.32000000000355
3417 1.88984157766937 68.34000000000354
3418 1.871466640582222 68.36000000000354
3419 1.852930316428535 68.38000000000353
3420 1.834317634748539 68.40000000000353
3421 1.815720339198869 68.42000000000353
3422 1.797044420337098 68.44000000000352
3423 1.77844618882529 68.46000000000352
3424 1.75994731623992 68.48000000000351
3425 1.741468734432643 68.50000000000351
3426 1.72325193740878 68.52000000000351
3427 1.705287302517085 68.5400000000035
3428 1.687619012605299 68.5600000000035
3429 1.670138464754271 68.58000000000349
3430 1.652907514169083 68.60000000000349
3431 1.636273783203566 68.62000000000349
3432 1.620007718361582 68.64000000000348
3433 1.604391699019846 68.66000000000348
3434 1.589081931095654 68.68000000000347
3435 1.574179881814375 68.70000000000347
3436 1.559869209170153 68.72000000000347
3437 1.546151154055011 68.74000000000346
3438 1.533144921534066 68.76000000000346
3439 1.520931934729574 68.78000000000345
3440 1.509436974354023 68.80000000000345
3441 1.498965115238144 68.82000000000345
3442 1.489172205535776 68.84000000000344
3443 1.480317876145991 68.86000000000344
3444 1.472294342910708 68.88000000000343
3445 1.465271986997475 68.90000000000343
3446 1.459264460597678 68.92000000000343
3447 1.454304398428083 68.94000000000342
3448 1.45044756500194 68.96000000000342
3449 1.447651284882151 68.98000000000341
3450 1.446216108822103 69.00000000000341
3451 1.445824363742296 69.02000000000341
3452 1.446663542888118 69.0400000000034
3453 1.448690309177874 69.0600000000034
3454 1.451952489522529 69.08000000000339
3455 1.456705684956581 69.10000000000339
3456 1.462690993296844 69.12000000000339
3457 1.470089682024035 69.14000000000338
3458 1.478913025108484 69.16000000000338
3459 1.489088349630452 69.18000000000337
3460 1.500595714274782 69.20000000000337
3461 1.513572026974575 69.22000000000337
3462 1.527770395745819 69.24000000000336
3463 1.543478027492114 69.26000000000336
3464 1.560476113468986 69.28000000000335
3465 1.578460209957149 69.30000000000335
3466 1.597751599951509 69.32000000000335
3467 1.618383038670305 69.34000000000334
3468 1.640010527480893 69.36000000000334
3469 1.663274560832564 69.38000000000334
3470 1.687525896034193 69.40000000000333
3471 1.712820745179976 69.42000000000333
3472 1.73918869845341 69.44000000000332
3473 1.766064765462519 69.46000000000332
3474 1.794220173368782 69.48000000000332
3475 1.823324570428531 69.50000000000331
3476 1.852863888338199 69.52000000000331
3477 1.883182570768577 69.5400000000033
3478 1.913918187986013 69.5600000000033
3479 1.944682674799723 69.5800000000033
3480 1.976064569752857 69.60000000000329
3481 2.007818412824664 69.62000000000329
3482 2.039593569164761 69.64000000000328
3483 2.07104896303577 69.66000000000328
3484 2.102398080971436 69.68000000000328
3485 2.133609477479475 69.70000000000327
3486 2.164341768722644 69.72000000000327
3487 2.195039835573646 69.74000000000326
3488 2.225056970156845 69.76000000000326
3489 2.254480481819117 69.78000000000326
3490 2.283295478895998 69.80000000000325
3491 2.311049773585537 69.82000000000325
3492 2.337875290155651 69.84000000000324
3493 2.363657164090254 69.86000000000324
3494 2.388501213538764 69.88000000000324
3495 2.412560930281405 69.90000000000323
3496 2.434722554668863 69.92000000000323
3497 2.455886571042795 69.94000000000322
3498 2.475521330836527 69.96000000000322
3499 2.493989779103357 69.98000000000322
3500 2.510767269101468 70.00000000000321
3501 2.526263134932453 70.02000000000321
3502 2.539802579651728 70.0400000000032
3503 2.551826682708028 70.0600000000032
3504 2.562320407035693 70.0800000000032
3505 2.571241362487285 70.10000000000319
3506 2.578489876474702 70.12000000000319
3507 2.583961290020626 70.14000000000318
3508 2.587932213377853 70.16000000000318
3509 2.590008283244165 70.18000000000318
3510 2.590402077925396 70.20000000000317
3511 2.589526747168158 70.22000000000317
3512 2.586724213917057 70.24000000000316
3513 2.582196993948259 70.26000000000316
3514 2.576217872888313 70.28000000000316
3515 2.568798495215939 70.30000000000315
3516 2.559784391761293 70.32000000000315
3517 2.549303581486895 70.34000000000314
3518 2.537270981112251 70.36000000000314
3519 2.523859452056884 70.38000000000314
3520 2.5092014629666 70.40000000000313
3521 2.493251769606779 70.42000000000313
3522 2.476224438590132 70.44000000000312
3523 2.458104542951685 70.46000000000312
3524 2.438933992696109 70.48000000000312
3525 2.418622205870025 70.50000000000311
3526 2.397426221855308 70.52000000000311
3527 2.375392811104657 70.5400000000031
3528 2.352524999986044 70.5600000000031
3529 2.328782400936317 70.5800000000031
3530 2.30429284312092 70.60000000000309
3531 2.279278502612806 70.62000000000309
3532 2.25359885950701 70.64000000000308
3533 2.227390209125061 70.66000000000308
3534 2.20069815098702 70.68000000000308
3535 2.173656093474688 70.70000000000307
3536 2.146522193241694 70.72000000000307
3537 2.119140360253095 70.74000000000306
3538 2.091499588338166 70.76000000000306
3539 2.063649054928278 70.78000000000306
3540 2.035650978331069 70.80000000000305
3541 2.007706528929425 70.82000000000305
3542 1.979905444480479 70.84000000000304
3543 1.952182291874488 70.86000000000304
3544 1.92464098757309 70.88000000000304
3545 1.897515070672553 70.90000000000303
3546 1.870731897322609 70.92000000000303
3547 1.844145177857494 70.94000000000302
3548 1.818031311505323 70.96000000000302
3549 1.792240464715309 70.98000000000302
3550 1.767171053047826 71.00000000000301
3551 1.742644023894095 71.02000000000301
3552 1.718934337490023 71.040000000003
3553 1.695990731514922 71.060000000003
3554 1.673664713111784 71.080000000003
3555 1.652345316529912 71.10000000000299
3556 1.632147161694914 71.12000000000299
3557 1.61278603921998 71.14000000000298
3558 1.594312368988579 71.16000000000298
3559 1.576892507774831 71.18000000000298
3560 1.560660140070351 71.20000000000297
3561 1.545653614335241 71.22000000000297
3562 1.531906232455673 71.24000000000296
3563 1.519385081218199 71.26000000000296
3564 1.50848294260533 71.28000000000296
3565 1.499069434793182 71.30000000000295
3566 1.49132277872452 71.32000000000295
3567 1.485166630129198 71.34000000000295
3568 1.480320433036377 71.36000000000294
3569 1.4769275963504 71.38000000000294
3570 1.475139896831027 71.40000000000293
3571 1.47547329783667 71.42000000000293
3572 1.477400659661613 71.44000000000293
3573 1.48070633724308 71.46000000000292
3574 1.486487832552733 71.48000000000292
3575 1.493966141753139 71.50000000000291
3576 1.503221693863062 71.52000000000291
3577 1.514264108809651 71.54000000000291
3578 1.527296818898606 71.5600000000029
3579 1.542486548767018 71.5800000000029
3580 1.559721887953056 71.60000000000289
3581 1.57867200502373 71.62000000000289
3582 1.598903965286885 71.64000000000289
3583 1.621665258812958 71.66000000000288
3584 1.646151748174739 71.68000000000288
3585 1.672330665510702 71.70000000000287
3586 1.699913792562249 71.72000000000287
3587 1.729652417938679 71.74000000000287
3588 1.760957480346679 71.76000000000286
3589 1.793616750110972 71.78000000000286
3590 1.827439837956908 71.80000000000285
3591 1.862986855643229 71.82000000000285
3592 1.899744750254965 71.84000000000285
3593 1.937420215223358 71.86000000000284
3594 1.976006374794756 71.88000000000284
3595 2.014967562133982 71.90000000000283
3596 2.054848237029413 71.92000000000283
3597 2.095096682078283 71.94000000000283
3598 2.136226999395859 71.96000000000282
3599 2.177396499702203 71.98000000000282
3600 2.218417141060974 72.00000000000281
3601 2.2599010565561 72.02000000000281
3602 2.300660088516126 72.04000000000281
3603 2.341114200160557 72.0600000000028
3604 2.381291982453088 72.0800000000028
3605 2.420783002173015 72.10000000000279
3606 2.459767570869514 72.12000000000279
3607 2.497691513675905 72.14000000000279
3608 2.534368685656421 72.16000000000278
3609 2.569985853338167 72.18000000000278
3610 2.603930806761387 72.20000000000277
3611 2.63666636352874 72.22000000000277
3612 2.667884875203934 72.24000000000277
3613 2.697576654569673 72.26000000000276
3614 2.725299769340007 72.28000000000276
3615 2.751255656198411 72.30000000000275
3616 2.775144500909293 72.32000000000275
3617 2.796841624103798 72.34000000000275
3618 2.816393926026648 72.36000000000274
3619 2.833710660086111 72.38000000000274
3620 2.848826281320317 72.40000000000273
3621 2.861792267917343 72.42000000000273
3622 2.872437389061386 72.44000000000273
3623 2.880683472891909 72.46000000000272
3624 2.886708492273758 72.48000000000272
3625 2.890337148092068 72.50000000000271
3626 2.891796454341805 72.52000000000271
3627 2.890986060415345 72.54000000000271
3628 2.888045193901408 72.5600000000027
3629 2.882692896575794 72.5800000000027
3630 2.875215500555366 72.60000000000269
3631 2.865707537183601 72.62000000000269
3632 2.85415177942059 72.64000000000269
3633 2.840428861705369 72.66000000000268
3634 2.825049969169302 72.68000000000268
3635 2.807500387231435 72.70000000000267
3636 2.788372128408843 72.72000000000267
3637 2.767690664586489 72.74000000000267
3638 2.745373872357558 72.76000000000266
3639 2.721467310605998 72.78000000000266
3640 2.696131361875409 72.80000000000265
3641 2.669484608491135 72.82000000000265
3642 2.641574839269014 72.84000000000265
3643 2.612516347089322 72.86000000000264
3644 2.582565723814588 72.88000000000264
3645 2.551741478413318 72.90000000000263
3646 2.519820122255781 72.92000000000263
3647 2.487116888181687 72.94000000000263
3648 2.453704297946827 72.96000000000262
3649 2.419464214916074 72.98000000000262
3650 2.384816006567791 73.00000000000261
3651 2.349987036585455 73.02000000000261
3652 2.314828684932576 73.04000000000261
3653 2.279287139822663 73.0600000000026
3654 2.243490953158546 73.0800000000026
3655 2.20764965916725 73.10000000000259
3656 2.171718933783597 73.12000000000259
3657 2.135750863393748 73.14000000000259
3658 2.100047081221683 73.16000000000258
3659 2.064675154044093 73.18000000000258
3660 2.029776298928935 73.20000000000258
3661 1.995208995643137 73.22000000000257
3662 1.960956398094685 73.24000000000257
3663 1.927147313655208 73.26000000000256
3664 1.893938921554713 73.28000000000256
3665 1.861465891430355 73.30000000000256
3666 1.829726870832442 73.32000000000255
3667 1.798982959870551 73.34000000000255
3668 1.769240961344805 73.36000000000254
3669 1.740308676789599 73.38000000000254
3670 1.71227199214876 73.40000000000254
3671 1.68531251407697 73.42000000000253
3672 1.659467079245629 73.44000000000253
3673 1.634908005868379 73.46000000000252
3674 1.611822041736361 73.48000000000252
3675 1.590012629504147 73.50000000000252
3676 1.569709181447335 73.52000000000251
3677 1.550767007468331 73.54000000000251
3678 1.53358212070886 73.5600000000025
3679 1.517839135678063 73.5800000000025
3680 1.503926324152554 73.6000000000025
3681 1.491531780077203 73.62000000000249
3682 1.481106359796968 73.64000000000249
3683 1.472846084801219 73.66000000000248
3684 1.466159191683654 73.68000000000248
3685 1.461391662258119 73.70000000000248
3686 1.458856467283342 73.72000000000247
3687 1.457862240210928 73.74000000000247
3688 1.459246603744794 73.76000000000246
3689 1.462730698899291 73.78000000000246
3690 1.468274998292369 73.80000000000246
3691 1.475962302827667 73.82000000000245
3692 1.485742067471351 73.84000000000245
3693 1.49775448102386 73.86000000000244
3694 1.51227309629975 73.88000000000244
3695 1.529099993708008 73.90000000000244
3696 1.547497410324122 73.92000000000243
3697 1.568252277342034 73.94000000000243
3698 1.59154825182552 73.96000000000242
3699 1.616943973474324 73.98000000000242
3700 1.643950721043514 74.00000000000242
3701 1.673067101190811 74.02000000000241
3702 1.704211287240687 74.04000000000241
3703 1.737685793472949 74.0600000000024
3704 1.773089393890051 74.0800000000024
3705 1.809520733063754 74.1000000000024
3706 1.847712941840022 74.12000000000239
3707 1.887097684380405 74.14000000000239
3708 1.927218800571596 74.16000000000238
3709 1.969350713767883 74.18000000000238
3710 2.012536781359826 74.20000000000238
3711 2.05666237338333 74.22000000000237
3712 2.101549678033865 74.24000000000237
3713 2.146898564518663 74.26000000000236
3714 2.192561523075069 74.28000000000236
3715 2.238920834282826 74.30000000000236
3716 2.285509353166178 74.32000000000235
3717 2.331841485578419 74.34000000000235
3718 2.378237970500344 74.36000000000234
3719 2.424048617273719 74.38000000000234
3720 2.468867086665945 74.40000000000234
3721 2.513170376440342 74.42000000000233
3722 2.556692085758868 74.44000000000233
3723 2.599376011479459 74.46000000000232
3724 2.640143503860199 74.48000000000232
3725 2.679700708816037 74.50000000000232
3726 2.718074604448134 74.52000000000231
3727 2.755068880996483 74.54000000000231
3728 2.790093768754848 74.5600000000023
3729 2.822921055612885 74.5800000000023
3730 2.853987418424511 74.6000000000023
3731 2.882504380819499 74.62000000000229
3732 2.909073597005773 74.64000000000229
3733 2.933270875530271 74.66000000000228
3734 2.954899856046664 74.68000000000228
3735 2.974170625399847 74.70000000000228
3736 2.991075321645035 74.72000000000227
3737 3.005360920614044 74.74000000000227
3738 3.017145510383071 74.76000000000226
3739 3.025857362850464 74.78000000000226
3740 3.032207152510688 74.80000000000226
3741 3.035837368467709 74.82000000000225
3742 3.037022138060012 74.84000000000225
3743 3.035653839488047 74.86000000000224
3744 3.031610906331196 74.88000000000224
3745 3.025062778656275 74.90000000000224
3746 3.01604372934044 74.92000000000223
3747 3.004905452390039 74.94000000000223
3748 2.991316237925727 74.96000000000222
3749 2.975450378056319 74.98000000000222
3750 2.957697443445313 75.00000000000222
3751 2.937529338334026 75.02000000000221
3752 2.915521997745261 75.04000000000221
3753 2.891620859221573 75.0600000000022
3754 2.865943574862514 75.0800000000022
3755 2.838622003474803 75.1000000000022
3756 2.809661694281104 75.12000000000219
3757 2.779249649811907 75.14000000000219
3758 2.747624484691469 75.16000000000219
3759 2.714854152275398 75.18000000000218
3760 2.68086348898431 75.20000000000218
3761 2.645807629305937 75.22000000000217
3762 2.609648629686904 75.24000000000217
3763 2.573032910071358 75.26000000000217
3764 2.535488350426244 75.28000000000216
3765 2.497406299456059 75.30000000000216
3766 2.458715925501358 75.32000000000215
3767 2.419675183873883 75.34000000000215
3768 2.380369702724354 75.36000000000215
3769 2.340815106369464 75.38000000000214
3770 2.301103186336142 75.40000000000214
3771 2.261352539321574 75.42000000000213
3772 2.221679970139469 75.44000000000213
3773 2.182298618787936 75.46000000000213
3774 2.143084836424021 75.48000000000212
3775 2.104073693830128 75.50000000000212
3776 2.065474180782079 75.52000000000211
3777 2.027249266392148 75.54000000000211
3778 1.989539819858203 75.56000000000211
3779 1.952492554209682 75.5800000000021
3780 1.916232287035739 75.6000000000021
3781 1.880621337077616 75.62000000000209
3782 1.846022824813941 75.64000000000209
3783 1.812269447505582 75.66000000000209
3784 1.779614482506649 75.68000000000208
3785 1.747945692909638 75.70000000000208
3786 1.717555729013671 75.72000000000207
3787 1.688647929402376 75.74000000000207
3788 1.660644694274094 75.76000000000207
3789 1.634412848382781 75.78000000000206
3790 1.609472651170591 75.80000000000206
3791 1.585712735655096 75.82000000000205
3792 1.564287263691491 75.84000000000205
3793 1.54405094879006 75.86000000000205
3794 1.525876243370823 75.88000000000204
3795 1.509594975311764 75.90000000000204
3796 1.495094624623044 75.92000000000203
3797 1.482653408795066 75.94000000000203
3798 1.471883740760846 75.96000000000203
3799 1.463083628994407 75.98000000000202
3800 1.456470595895086 76.00000000000202
3801 1.451993718978852 76.02000000000201
3802 1.449969112225101 76.04000000000201
3803 1.449928172024705 76.06000000000201
3804 1.451910462534068 76.080000000002
3805 1.45678805456124 76.100000000002
3806 1.463715260551391 76.12000000000199
3807 1.472121553360705 76.14000000000199
3808 1.483328388610243 76.16000000000199
3809 1.497287222606117 76.18000000000198
3810 1.513475492515491 76.20000000000198
3811 1.531576394085327 76.22000000000197
3812 1.552229432342059 76.24000000000197
3813 1.574801482405147 76.26000000000197
3814 1.599683609212661 76.28000000000196
3815 1.626741360590591 76.30000000000196
3816 1.656633653159373 76.32000000000195
3817 1.688665241426569 76.34000000000195
3818 1.722043532255009 76.36000000000195
3819 1.756995151909603 76.38000000000194
3820 1.793941161154214 76.40000000000194
3821 1.833601942244644 76.42000000000193
3822 1.874085733229308 76.44000000000193
3823 1.916131353704471 76.46000000000193
3824 1.959733559637684 76.48000000000192
3825 2.004497927868512 76.50000000000192
3826 2.05036645296464 76.52000000000191
3827 2.097020721539884 76.54000000000191
3828 2.144297768310355 76.56000000000191
3829 2.192127734462246 76.5800000000019
3830 2.240132662784561 76.6000000000019
3831 2.288423829445413 76.62000000000189
3832 2.337165227114993 76.64000000000189
3833 2.385325650340245 76.66000000000189
3834 2.433736091668663 76.68000000000188
3835 2.481118088771746 76.70000000000188
3836 2.527986089619737 76.72000000000187
3837 2.573882833161412 76.74000000000187
3838 2.618801588055238 76.76000000000187
3839 2.662363382235228 76.78000000000186
3840 2.705002690984001 76.80000000000186
3841 2.746122600415225 76.82000000000185
3842 2.785130846122497 76.84000000000185
3843 2.822644569881977 76.86000000000185
3844 2.858078494994831 76.88000000000184
3845 2.891039308077729 76.90000000000184
3846 2.92181709239869 76.92000000000183
3847 2.950597502315777 76.94000000000183
3848 2.977016549765488 76.96000000000183
3849 3.000700165198501 76.98000000000182
3850 3.021772943690324 77.00000000000182
3851 3.040334081407253 77.02000000000182
3852 3.055752982177384 77.04000000000181
3853 3.068795875826152 77.06000000000181
3854 3.079020411101827 77.0800000000018
3855 3.086381178014166 77.1000000000018
3856 3.090893448379541 77.1200000000018
3857 3.092931278225087 77.14000000000179
3858 3.092296246673958 77.16000000000179
3859 3.088961311733029 77.18000000000178
3860 3.082767799096539 77.20000000000178
3861 3.073858473707709 77.22000000000178
3862 3.062196902932603 77.24000000000177
3863 3.048373086114324 77.26000000000177
3864 3.03200637618055 77.28000000000176
3865 3.013431071471603 77.30000000000176
3866 2.992651931163443 77.32000000000176
3867 2.96987894660978 77.34000000000175
3868 2.945297192978326 77.36000000000175
3869 2.918760995941169 77.38000000000174
3870 2.890227359060778 77.40000000000174
3871 2.859900816327622 77.42000000000174
3872 2.827886652348317 77.44000000000173
3873 2.794686139843634 77.46000000000173
3874 2.760270600742084 77.48000000000172
3875 2.724692755847713 77.50000000000172
3876 2.687897128032858 77.52000000000172
3877 2.650071669436988 77.54000000000171
3878 2.611158256839596 77.56000000000171
3879 2.571490508928697 77.5800000000017
3880 2.531273264217852 77.6000000000017
3881 2.490621752456639 77.6200000000017
3882 2.449514659585576 77.64000000000169
3883 2.408025789061784 77.66000000000169
3884 2.366221228997807 77.68000000000168
3885 2.324029738913643 77.70000000000168
3886 2.28180403654489 77.72000000000168
3887 2.239774473070445 77.74000000000167
3888 2.198047970274998 77.76000000000167
3889 2.156631188060929 77.78000000000166
3890 2.115677306523479 77.80000000000166
3891 2.07505771868064 77.82000000000166
3892 2.034730403526533 77.84000000000165
3893 1.995106262622276 77.86000000000165
3894 1.956198837991408 77.88000000000164
3895 1.918220863119315 77.90000000000164
3896 1.881181729728632 77.92000000000164
3897 1.845248078142513 77.94000000000163
3898 1.810174866722543 77.96000000000163
3899 1.776262168851589 77.98000000000162
3900 1.743336600299516 78.00000000000162
3901 1.711775950780998 78.02000000000162
3902 1.681566660147516 78.04000000000161
3903 1.652814045430059 78.06000000000161
3904 1.625629001560527 78.0800000000016
3905 1.599788654861525 78.1000000000016
3906 1.575403866270948 78.1200000000016
3907 1.553088518799857 78.14000000000159
3908 1.53268672032014 78.16000000000159
3909 1.513715243664941 78.18000000000158
3910 1.496487014193589 78.20000000000158
3911 1.481303433434123 78.22000000000158
3912 1.467993662482796 78.24000000000157
3913 1.457094663630151 78.26000000000157
3914 1.448236228383896 78.28000000000156
3915 1.44146173558712 78.30000000000156
3916 1.436533520967623 78.32000000000156
3917 1.433908304126054 78.34000000000155
3918 1.433599378055253 78.36000000000155
3919 1.435758945196613 78.38000000000154
3920 1.439611734542745 78.40000000000154
3921 1.446079595674795 78.42000000000154
3922 1.454799185320809 78.44000000000153
3923 1.465539498685673 78.46000000000153
3924 1.479009950254871 78.48000000000152
3925 1.494719088815699 78.50000000000152
3926 1.512833036045184 78.52000000000152
3927 1.533455493765064 78.54000000000151
3928 1.556010202203089 78.56000000000151
3929 1.58050789888102 78.5800000000015
3930 1.607468679333482 78.6000000000015
3931 1.63697818505339 78.6200000000015
3932 1.668171732564482 78.64000000000149
3933 1.700857152693864 78.66000000000149
3934 1.735943332065362 78.68000000000148
3935 1.772624697206934 78.70000000000148
3936 1.811768905918487 78.72000000000148
3937 1.851950301849029 78.74000000000147
3938 1.89303392507188 78.76000000000147
3939 1.935287801691637 78.78000000000146
3940 1.978975216946905 78.80000000000146
3941 2.024245279913819 78.82000000000146
3942 2.069877233845648 78.84000000000145
3943 2.116004244251134 78.86000000000145
3944 2.162840069329578 78.88000000000144
3945 2.210251224270094 78.90000000000144
3946 2.258032352493185 78.92000000000144
3947 2.305565397510707 78.94000000000143
3948 2.353537171556986 78.96000000000143
3949 2.401308598740158 78.98000000000143
3950 2.448217208925594 79.00000000000142
3951 2.494581071422441 79.02000000000142
3952 2.54015357787756 79.04000000000141
3953 2.585049814056824 79.06000000000141
3954 2.628920439986727 79.08000000000141
3955 2.671050515489927 79.1000000000014
3956 2.71200832830705 79.1200000000014
3957 2.751418087087315 79.14000000000139
3958 2.789307184005263 79.16000000000139
3959 2.825092693794979 79.18000000000139
3960 2.858790009567207 79.20000000000138
3961 2.890334169819485 79.22000000000138
3962 2.919836491508458 79.24000000000137
3963 2.946800276548888 79.26000000000137
3964 2.971570046974184 79.28000000000137
3965 2.99340853919915 79.30000000000136
3966 3.013188066996012 79.32000000000136
3967 3.030070508572284 79.34000000000135
3968 3.044643705951318 79.36000000000135
3969 3.056484504094609 79.38000000000135
3970 3.065655296888075 79.40000000000134
3971 3.072045491127648 79.42000000000134
3972 3.075876780332721 79.44000000000133
3973 3.076955905390454 79.46000000000133
3974 3.075437550985769 79.48000000000133
3975 3.071216255665663 79.50000000000132
3976 3.064175907882843 79.52000000000132
3977 3.054740508922562 79.54000000000131
3978 3.043089373702695 79.56000000000131
3979 3.02884955788698 79.58000000000131
3980 3.012195055307982 79.6000000000013
3981 2.993200815716327 79.6200000000013
3982 2.972068055578385 79.64000000000129
3983 2.949116268321308 79.66000000000129
3984 2.924265057023877 79.68000000000129
3985 2.89763782825912 79.70000000000128
3986 2.869156929506484 79.72000000000128
3987 2.838711830222426 79.74000000000127
3988 2.806707935577879 79.76000000000127
3989 2.773368440113106 79.78000000000127
3990 2.739148422950007 79.80000000000126
3991 2.703666586930908 79.82000000000126
3992 2.666992897538352 79.84000000000125
3993 2.629248807240239 79.86000000000125
3994 2.59079027832492 79.88000000000125
3995 2.551713844229934 79.90000000000124
3996 2.5119015580083 79.92000000000124
3997 2.471668326520783 79.94000000000123
3998 2.431010685371464 79.96000000000123
3999 2.389959702940457 79.98000000000123
4000 2.348547753318364 80.00000000000122
4001 2.307320022643107 80.02000000000122
4002 2.266082480683508 80.04000000000121
4003 2.224872963322176 80.06000000000121
4004 2.183866473473617 80.08000000000121
4005 2.143110716424384 80.1000000000012
4006 2.102540909295908 80.1200000000012
4007 2.062386771102859 80.14000000000119
4008 2.022833518593288 80.16000000000119
4009 1.984107306498358 80.18000000000119
4010 1.945975406458269 80.20000000000118
4011 1.908604410656021 80.22000000000118
4012 1.871793502478007 80.24000000000117
4013 1.83613431054465 80.26000000000117
4014 1.801478922341771 80.28000000000117
4015 1.768010818013811 80.30000000000116
4016 1.735584207402683 80.32000000000116
4017 1.704680042921187 80.34000000000115
4018 1.675079957968314 80.36000000000115
4019 1.646864250336841 80.38000000000115
4020 1.619994252336067 80.40000000000114
4021 1.594531785643408 80.42000000000114
4022 1.57115614574606 80.44000000000113
4023 1.549220490685365 80.46000000000113
4024 1.528817587392806 80.48000000000113
4025 1.51053370719694 80.50000000000112
4026 1.494652494317687 80.52000000000112
4027 1.480207066585221 80.54000000000111
4028 1.467781827178806 80.56000000000111
4029 1.45758972010709 80.58000000000111
4030 1.449441644403309 80.6000000000011
4031 1.443295211202209 80.6200000000011
4032 1.439243550665382 80.64000000000109
4033 1.437028316980699 80.66000000000109
4034 1.437306776620146 80.68000000000109
4035 1.44038585928504 80.70000000000108
4036 1.445519326354378 80.72000000000108
4037 1.452822801173296 80.74000000000107
4038 1.462104048409973 80.76000000000107
4039 1.473728450004963 80.78000000000107
4040 1.487695589310122 80.80000000000106
4041 1.504389615295679 80.82000000000106
4042 1.523072923907091 80.84000000000106
4043 1.543979148127585 80.86000000000105
4044 1.567133577233477 80.88000000000105
4045 1.592378024046722 80.90000000000104
4046 1.620246921611597 80.92000000000104
4047 1.650408907053436 80.94000000000104
4048 1.682386396985226 80.96000000000103
4049 1.715514836564964 80.98000000000103
4050 1.750958550800352 81.00000000000102
4051 1.788327313252811 81.02000000000102
4052 1.82737305346275 81.04000000000102
4053 1.867770813454221 81.06000000000101
4054 1.909622891582526 81.08000000000101
4055 1.953193843499044 81.100000000001
4056 1.997771948373188 81.120000000001
4057 2.043038593929202 81.140000000001
4058 2.089202719148031 81.16000000000099
4059 2.136215940763559 81.18000000000099
4060 2.183157356398485 81.20000000000098
4061 2.230943946320558 81.22000000000098
4062 2.278687876951922 81.24000000000098
4063 2.326406385758165 81.26000000000097
4064 2.374240681572273 81.28000000000097
4065 2.421435496491462 81.30000000000096
4066 2.468113771750752 81.32000000000096
4067 2.514149084953729 81.34000000000096
4068 2.559668394507913 81.36000000000095
4069 2.603850159569598 81.38000000000095
4070 2.647099710029246 81.40000000000094
4071 2.688995515567166 81.42000000000094
4072 2.729327162809145 81.44000000000094
4073 2.768129770299603 81.46000000000093
4074 2.8046941786104 81.48000000000093
4075 2.83919241483674 81.50000000000092
4076 2.871834530298861 81.52000000000092
4077 2.902456064511537 81.54000000000092
4078 2.930920856461572 81.56000000000091
4079 2.956596217153605 81.58000000000091
4080 2.979952084680946 81.6000000000009
4081 3.000826034907428 81.6200000000009
4082 3.019004093950016 81.6400000000009
4083 3.034613707156711 81.66000000000089
4084 3.047465961484467 81.68000000000089
4085 3.057674533361753 81.70000000000088
4086 3.065186822699594 81.72000000000088
4087 3.070119187232672 81.74000000000088
4088 3.07222044431799 81.76000000000087
4089 3.071852111548503 81.78000000000087
4090 3.068633942936998 81.80000000000086
4091 3.062871107667192 81.82000000000086
4092 3.054629513086206 81.84000000000086
4093 3.043695047022048 81.86000000000085
4094 3.030392115002918 81.88000000000085
4095 3.014456370468114 81.90000000000084
4096 2.996423388991829 81.92000000000084
4097 2.976368802405724 81.94000000000084
4098 2.95430041104541 81.96000000000083
4099 2.930288609963252 81.98000000000083
4100 2.904278749600607 82.00000000000082
4101 2.876285418502821 82.02000000000082
4102 2.846757262219036 82.04000000000082
4103 2.81570163065993 82.06000000000081
4104 2.783304865519827 82.08000000000081
4105 2.749597107727693 82.1000000000008
4106 2.714435279547132 82.1200000000008
4107 2.677932172484598 82.1400000000008
4108 2.640345800886813 82.16000000000079
4109 2.60216235725717 82.18000000000079
4110 2.563405026037634 82.20000000000078
4111 2.52380435894325 82.22000000000078
4112 2.483664256492029 82.24000000000078
4113 2.442846864511163 82.26000000000077
4114 2.401447743107863 82.28000000000077
4115 2.359822025706711 82.30000000000076
4116 2.318172588375437 82.32000000000076
4117 2.276553156540482 82.34000000000076
4118 2.235067359680399 82.36000000000075
4119 2.19378583153182 82.38000000000075
4120 2.152698023196698 82.40000000000074
4121 2.111689666655174 82.42000000000074
4122 2.071107414656415 82.44000000000074
4123 2.031153661199143 82.46000000000073
4124 1.991859282215851 82.48000000000073
4125 1.953170954202866 82.50000000000072
4126 1.915454824235069 82.52000000000072
4127 1.878665793014795 82.54000000000072
4128 1.842691564220359 82.56000000000071
4129 1.807679574624675 82.58000000000071
4130 1.773680797218413 82.6000000000007
4131 1.740742630773464 82.6200000000007
4132 1.709296294691755 82.6400000000007
4133 1.679194473548093 82.66000000000069
4134 1.650366000568199 82.68000000000069
4135 1.623024051600918 82.70000000000068
4136 1.597254279997427 82.72000000000068
4137 1.573044992077819 82.74000000000068
4138 1.550776913706873 82.76000000000067
4139 1.529938216594568 82.78000000000067
4140 1.51072868742852 82.80000000000067
4141 1.493573390354746 82.82000000000066
4142 1.478202881746052 82.84000000000066
4143 1.465135890275314 82.86000000000065
4144 1.454045156501845 82.88000000000065
4145 1.444869361474762 82.90000000000065
4146 1.437527548358132 82.92000000000064
4147 1.432476920353992 82.94000000000064
4148 1.429679217772452 82.96000000000063
4149 1.429498751347243 82.98000000000063
4150 1.430993808385597 83.00000000000063
4151 1.434642997134043 83.02000000000062
4152 1.440668672323768 83.04000000000062
4153 1.448759382502615 83.06000000000061
4154 1.459506940657892 83.08000000000061
4155 1.472527342870434 83.10000000000061
4156 1.488023931773742 83.1200000000006
4157 1.505415958249606 83.1400000000006
4158 1.525221483542338 83.16000000000059
4159 1.547610876920508 83.18000000000059
4160 1.571505357397617 83.20000000000059
4161 1.597917857962869 83.22000000000058
4162 1.62658285134176 83.24000000000058
4163 1.656809243344088 83.26000000000057
4164 1.688848877828842 83.28000000000057
4165 1.723072344201455 83.30000000000057
4166 1.759219816880464 83.32000000000056
4167 1.797763314757276 83.34000000000056
4168 1.836722356877207 83.36000000000055
4169 1.876958701823399 83.38000000000055
4170 1.918672345611783 83.40000000000055
4171 1.961817632928707 83.42000000000054
4172 2.006005894104573 83.44000000000054
4173 2.050498998764262 83.46000000000053
4174 2.095806629362193 83.48000000000053
4175 2.141729889474489 83.50000000000053
4176 2.188346713726614 83.52000000000052
4177 2.235090455048831 83.54000000000052
4178 2.28189586464332 83.56000000000051
4179 2.329042923070045 83.58000000000051
4180 2.376250982313765 83.60000000000051
4181 2.422122084255288 83.6200000000005
4182 2.467917920853988 83.6400000000005
4183 2.512875183219137 83.66000000000049
4184 2.557284299393282 83.68000000000049
4185 2.600541212319735 83.70000000000049
4186 2.642382399661055 83.72000000000048
4187 2.683242379535557 83.74000000000048
4188 2.722118425718359 83.76000000000047
4189 2.75946865642958 83.78000000000047
4190 2.795113678882936 83.80000000000047
4191 2.828524156369383 83.82000000000046
4192 2.859954797931466 83.84000000000046
4193 2.889545284321063 83.86000000000045
4194 2.916795721616218 83.88000000000045
4195 2.941627855604269 83.90000000000045
4196 2.963850554389212 83.92000000000044
4197 2.983834048366023 83.94000000000044
4198 3.001274089457968 83.96000000000043
4199 3.016363767424171 83.98000000000043
4200 3.028624469024868 84.00000000000043
4201 3.038287293266456 84.02000000000042
4202 3.04555827921234 84.04000000000042
4203 3.050250506070271 84.06000000000041
4204 3.052124469023306 84.08000000000041
4205 3.051377720004023 84.10000000000041
4206 3.048028908314635 84.1200000000004
4207 3.042291172764799 84.1400000000004
4208 3.034028093404039 84.16000000000039
4209 3.023175703682037 84.18000000000039
4210 3.009785514630531 84.20000000000039
4211 2.994220136258582 84.22000000000038
4212 2.976703080655132 84.24000000000038
4213 2.956848615020657 84.26000000000037
4214 2.934901041410604 84.28000000000037
4215 2.910982759040281 84.30000000000037
4216 2.885451939058715 84.32000000000036
4217 2.85781163835508 84.34000000000036
4218 2.828663604770254 84.36000000000035
4219 2.797993122820497 84.38000000000035
4220 2.765978145917872 84.40000000000035
4221 2.732703217536063 84.42000000000034
4222 2.698199131008463 84.44000000000034
4223 2.6625212668143 84.46000000000033
4224 2.625863055390728 84.48000000000033
4225 2.588217448901102 84.50000000000033
4226 2.550039578441269 84.52000000000032
4227 2.511125177084716 84.54000000000032
4228 2.471684128867868 84.56000000000031
4229 2.431725074451218 84.58000000000031
4230 2.39135843697002 84.60000000000031
4231 2.350773506556664 84.6200000000003
4232 2.310097781123071 84.6400000000003
4233 2.269363397156835 84.6600000000003
4234 2.228674500033674 84.68000000000029
4235 2.188085100469093 84.70000000000029
4236 2.147701069832545 84.72000000000028
4237 2.107705784168783 84.74000000000028
4238 2.067933848433812 84.76000000000028
4239 2.028795024299088 84.78000000000027
4240 1.990138335456785 84.80000000000027
4241 1.952478405696451 84.82000000000026
4242 1.915193656547248 84.84000000000026
4243 1.878803445930264 84.86000000000026
4244 1.843324667500435 84.88000000000025
4245 1.808997438779018 84.90000000000025
4246 1.775408224195999 84.92000000000024
4247 1.742965791303563 84.94000000000024
4248 1.712051557173537 84.96000000000024
4249 1.682302234467446 84.98000000000023
4250 1.653881256133444 85.00000000000023
4251 1.626667967515038 85.02000000000022
4252 1.601393311881587 85.04000000000022
4253 1.57729293974743 85.06000000000022
4254 1.555002325386276 85.08000000000021
4255 1.534170109960308 85.10000000000021
4256 1.515914155391845 85.1200000000002
4257 1.499118860184792 85.1400000000002
4258 1.484151225555335 85.1600000000002
4259 1.471515783547576 85.18000000000019
4260 1.460624464580313 85.20000000000019
4261 1.451850379644565 85.22000000000018
4262 1.444710176954185 85.24000000000018
4263 1.439725639254758 85.26000000000018
4264 1.436970044680023 85.28000000000017
4265 1.436521311630343 85.30000000000017
4266 1.438803113593352 85.32000000000016
4267 1.443177523576835 85.34000000000016
4268 1.449514232321133 85.36000000000016
4269 1.457598977369477 85.38000000000015
4270 1.468173620944385 85.40000000000015
4271 1.481409541210394 85.42000000000014
4272 1.497310869877971 85.44000000000014
4273 1.515014840073104 85.46000000000014
4274 1.535054203119358 85.48000000000013
4275 1.557301130968023 85.50000000000013
4276 1.581751458380209 85.52000000000012
4277 1.608785189233888 85.54000000000012
4278 1.638088235117729 85.56000000000012
4279 1.668714828233478 85.58000000000011
4280 1.701393996203173 85.60000000000011
4281 1.735760185112798 85.6200000000001
4282 1.772236432426355 85.6400000000001
4283 1.810565269485052 85.6600000000001
4284 1.850116917996932 85.68000000000009
4285 1.891242794350393 85.70000000000009
4286 1.933944468139618 85.72000000000008
4287 1.977675756395319 85.74000000000008
4288 2.022157216489451 85.76000000000008
4289 2.067456859273512 85.78000000000007
4290 2.113669501783243 85.80000000000007
4291 2.160219332074313 85.82000000000006
4292 2.207340656389999 85.84000000000006
4293 2.254703478200191 85.86000000000006
4294 2.301922819674679 85.88000000000005
4295 2.349465428287591 85.90000000000005
4296 2.396356022362187 85.92000000000004
4297 2.442706472554603 85.94000000000004
4298 2.488909078666645 85.96000000000004
4299 2.534180268333353 85.98000000000003
4300 2.578495288691899 86.00000000000003
4301 2.621650561711394 86.02000000000002
4302 2.663650673200357 86.04000000000002
4303 2.704010530827595 86.06000000000002
4304 2.742951968772362 86.08000000000001
4305 2.779836239487182 86.10000000000001
4306 2.814717113475105 86.12
4307 2.847796136829131 86.14
4308 2.879053478087475 86.16
4309 2.907956288035149 86.17999999999999
4310 2.934139037737191 86.19999999999999
4311 2.958090528380035 86.21999999999998
4312 2.979699957400828 86.23999999999998
4313 2.998677062490152 86.25999999999998
4314 3.015003968562804 86.27999999999997
4315 3.028751474145125 86.29999999999997
4316 3.039859554320111 86.31999999999996
4317 3.048412209467458 86.33999999999996
4318 3.054268906272408 86.35999999999996
4319 3.057425517907089 86.37999999999995
4320 3.057819474710986 86.39999999999995
4321 3.055723284008732 86.41999999999994
4322 3.050884001605494 86.43999999999994
4323 3.043819490763184 86.45999999999994
4324 3.034106052585305 86.47999999999993
4325 3.021817614309025 86.49999999999993
4326 3.007009972983261 86.51999999999992
4327 2.990054274379323 86.53999999999992
4328 2.971187372843067 86.55999999999992
4329 2.950082557412905 86.57999999999991
4330 2.926950812590488 86.59999999999991
4331 2.902007078292449 86.61999999999991
4332 2.875145983784342 86.6399999999999
4333 2.846595959919647 86.6599999999999
4334 2.816551147454384 86.67999999999989
4335 2.784998760525917 86.69999999999989
4336 2.75211817992053 86.71999999999989
4337 2.71786404766473 86.73999999999988
4338 2.682272292333083 86.75999999999988
4339 2.645687664305601 86.77999999999987
4340 2.608280608927452 86.79999999999987
4341 2.56994275822639 86.81999999999987
4342 2.530973507349692 86.83999999999986
4343 2.491466561012942 86.85999999999986
4344 2.451231135909842 86.87999999999985
4345 2.410333364342601 86.89999999999985
4346 2.369322993222437 86.91999999999985
4347 2.32812871073398 86.93999999999984
4348 2.286952135242601 86.95999999999984
4349 2.245765649931734 86.97999999999983
4350 2.204814455141033 86.99999999999983
4351 2.163893094463554 87.01999999999983
4352 2.123080248377102 87.03999999999982
4353 2.082767344942523 87.05999999999982
4354 2.043041112325523 87.07999999999981
4355 2.003871703453635 87.09999999999981
4356 1.965160007891255 87.11999999999981
4357 1.927469140447969 87.1399999999998
4358 1.890595949171971 87.1599999999998
4359 1.854551217130318 87.17999999999979
4360 1.819370266342806 87.19999999999979
4361 1.785118022827412 87.21999999999979
4362 1.752067647369896 87.23999999999978
4363 1.720280256691472 87.25999999999978
4364 1.689877146783985 87.27999999999977
4365 1.660525967662343 87.29999999999977
4366 1.632966743080148 87.31999999999977
4367 1.606702729318568 87.33999999999976
4368 1.581966611365301 87.35999999999976
4369 1.559032879783815 87.37999999999975
4370 1.537594154836859 87.39999999999975
4371 1.517745274841358 87.41999999999975
4372 1.49995684232163 87.43999999999974
4373 1.483925005842901 87.45999999999974
4374 1.47016286164656 87.47999999999973
4375 1.458353326310046 87.49999999999973
4376 1.448319594142771 87.51999999999973
4377 1.440217962324152 87.53999999999972
4378 1.434194822090804 87.55999999999972
4379 1.430536294437159 87.57999999999971
4380 1.429500050096028 87.59999999999971
4381 1.429977556029828 87.61999999999971
4382 1.432584664519047 87.6399999999997
4383 1.437579857420489 87.6599999999997
4384 1.444783737548373 87.67999999999969
4385 1.454464904478462 87.69999999999969
4386 1.466451234958404 87.71999999999969
4387 1.480938570737404 87.73999999999968
4388 1.497173736461481 87.75999999999968
4389 1.516044704877423 87.77999999999967
4390 1.537442310548551 87.79999999999967
4391 1.560322945829071 87.81999999999967
4392 1.585524194545264 87.83999999999966
4393 1.613148852805602 87.85999999999966
4394 1.642598306984319 87.87999999999965
4395 1.673731121941075 87.89999999999965
4396 1.706931646585878 87.91999999999965
4397 1.742148921523545 87.93999999999964
4398 1.779802393155916 87.95999999999964
4399 1.818155193888097 87.97999999999963
4400 1.85773036393449 87.99999999999963
4401 1.898595110872398 88.01999999999963
4402 1.940947859034031 88.03999999999962
4403 1.98461165068497 88.05999999999962
4404 2.028694419736102 88.07999999999961
4405 2.073512414520726 88.09999999999961
4406 2.118963569141819 88.11999999999961
4407 2.165188809259855 88.1399999999996
4408 2.211659511351926 88.1599999999996
4409 2.258303943919244 88.17999999999959
4410 2.305166607117587 88.19999999999959
4411 2.352374914672513 88.21999999999959
4412 2.398317998491979 88.23999999999958
4413 2.444041628694351 88.25999999999958
4414 2.489157687027495 88.27999999999957
4415 2.533778020279045 88.29999999999957
4416 2.577356968944997 88.31999999999957
4417 2.619594625743581 88.33999999999956
4418 2.660777742560408 88.35999999999956
4419 2.700280163639136 88.37999999999955
4420 2.738057292338837 88.39999999999955
4421 2.774338374413512 88.41999999999955
4422 2.808324282716234 88.43999999999954
4423 2.840539126359209 88.45999999999954
4424 2.870917215868799 88.47999999999954
4425 2.898991813233092 88.49999999999953
4426 2.924840322842136 88.51999999999953
4427 2.948132288391356 88.53999999999952
4428 2.968994566284232 88.55999999999952
4429 2.987528658622528 88.57999999999952
4430 3.003598270033236 88.59999999999951
4431 3.0171050215457 88.61999999999951
4432 3.027966581417389 88.6399999999995
4433 3.036139020978611 88.6599999999995
4434 3.042056462186185 88.6799999999995
4435 3.045049534022879 88.69999999999949
4436 3.045370962191335 88.71999999999949
4437 3.043118257652787 88.73999999999948
4438 3.038594258268752 88.75999999999948
4439 3.031551366531667 88.77999999999948
4440 3.021825185916875 88.79999999999947
4441 3.009505637456618 88.81999999999947
4442 2.995090272201831 88.83999999999946
4443 2.978673131049423 88.85999999999946
4444 2.959981409521531 88.87999999999946
4445 2.939060366685198 88.89999999999945
4446 2.916041525398626 88.91999999999945
4447 2.891309768154628 88.93999999999944
4448 2.864802676833262 88.95999999999944
4449 2.836541155681312 88.97999999999944
4450 2.806688626717326 88.99999999999943
4451 2.775519161761153 89.01999999999943
4452 2.742883806539937 89.03999999999942
4453 2.709254251254113 89.05999999999942
4454 2.67426020598809 89.07999999999942
4455 2.638074126929758 89.09999999999941
4456 2.601132660967459 89.11999999999941
4457 2.563371189109813 89.1399999999994
4458 2.524913216395981 89.1599999999994
4459 2.485970137201869 89.1799999999994
4460 2.446339758230772 89.19999999999939
4461 2.406279823177583 89.21999999999939
4462 2.365959362710469 89.23999999999938
4463 2.32546426697699 89.25999999999938
4464 2.284893031901394 89.27999999999938
4465 2.244379024398938 89.29999999999937
4466 2.203917671632727 89.31999999999937
4467 2.163627670839114 89.33999999999936
4468 2.123532015304247 89.35999999999936
4469 2.083796586250422 89.37999999999936
4470 2.044614576303171 89.39999999999935
4471 2.00595466857642 89.41999999999935
4472 1.968101577292886 89.43999999999934
4473 1.930731064659127 89.45999999999934
4474 1.89404566705636 89.47999999999934
4475 1.858333437958977 89.49999999999933
4476 1.823676189279858 89.51999999999933
4477 1.789736168585153 89.53999999999932
4478 1.756900483586195 89.55999999999932
4479 1.725425366066764 89.57999999999932
4480 1.695223288218335 89.59999999999931
4481 1.666279263397391 89.61999999999931
4482 1.638594213745697 89.6399999999993
4483 1.612738190855513 89.6599999999993
4484 1.587936399394431 89.6799999999993
4485 1.565026312977294 89.69999999999929
4486 1.543519131282247 89.71999999999929
4487 1.524320534815529 89.73999999999928
4488 1.506787896351506 89.75999999999928
4489 1.490960415358556 89.77999999999928
4490 1.477485890426068 89.79999999999927
4491 1.465842865247478 89.81999999999927
4492 1.456061885369287 89.83999999999926
4493 1.44812745319208 89.85999999999926
4494 1.44219045908081 89.87999999999926
4495 1.438386040913737 89.89999999999925
4496 1.43700525523359 89.91999999999925
4497 1.438067072553642 89.93999999999924
4498 1.441657528075676 89.95999999999924
4499 1.447132325263693 89.97999999999924
4500 1.45426485868381 89.99999999999923
4501 1.463873853158662 90.01999999999923
4502 1.475953885015728 90.03999999999922
4503 1.491014021266908 90.05999999999922
4504 1.50780889033575 90.07999999999922
4505 1.526810716999005 90.09999999999921
4506 1.548032210179032 90.11999999999921
4507 1.571556137325072 90.1399999999992
4508 1.597525572978593 90.1599999999992
4509 1.625867465218138 90.1799999999992
4510 1.655768466497518 90.19999999999919
4511 1.687576358440751 90.21999999999919
4512 1.721024148904272 90.23999999999918
4513 1.756827384713016 90.25999999999918
4514 1.79429283589846 90.27999999999918
4515 1.833382441550209 90.29999999999917
4516 1.873721515744247 90.31999999999917
4517 1.915789258112006 90.33999999999916
4518 1.959027999793986 90.35999999999916
4519 2.00321625570778 90.37999999999916
4520 2.047935402874448 90.39999999999915
4521 2.094075677763593 90.41999999999915
4522 2.140128392964159 90.43999999999915
4523 2.187242166614646 90.45999999999914
4524 2.23434085219746 90.47999999999914
4525 2.281656213089535 90.49999999999913
4526 2.329107776326645 90.51999999999913
4527 2.376240740368144 90.53999999999913
4528 2.422747250065506 90.55999999999912
4529 2.469068848576691 90.57999999999912
4530 2.514674300450575 90.59999999999911
4531 2.559329751487364 90.61999999999911
4532 2.602929089881758 90.63999999999911
4533 2.645371480680129 90.6599999999991
4534 2.686446544706943 90.6799999999991
4535 2.725926271548632 90.69999999999909
4536 2.763599404427669 90.71999999999909
4537 2.799226800646097 90.73999999999909
4538 2.833064798662118 90.75999999999908
4539 2.865038855465446 90.77999999999908
4540 2.894917669583553 90.79999999999907
4541 2.922138669502592 90.81999999999907
4542 2.947077043003589 90.83999999999907
4543 2.969672584805907 90.85999999999906
4544 2.989813010649168 90.87999999999906
4545 3.007147196234148 90.89999999999905
4546 3.021932037838723 90.91999999999905
4547 3.034015937346803 90.93999999999905
4548 3.043649287792457 90.95999999999904
4549 3.050512882799969 90.97999999999904
4550 3.054831340014558 90.99999999999903
4551 3.056345360862668 91.01999999999903
4552 3.055261860612529 91.03999999999903
4553 3.051532541189326 91.05999999999902
4554 3.045382739269284 91.07999999999902
4555 3.036764460579813 91.09999999999901
4556 3.025609752967349 91.11999999999901
4557 3.011812924201142 91.13999999999901
4558 2.995731506922481 91.159999999999
4559 2.977777796884872 91.179999999999
4560 2.957670299554124 91.19999999999899
4561 2.935385251935012 91.21999999999899
4562 2.91120647156282 91.23999999999899
4563 2.885081758051554 91.25999999999898
4564 2.85724123133018 91.27999999999898
4565 2.82789794548941 91.29999999999897
4566 2.797027251851765 91.31999999999897
4567 2.764689671776652 91.33999999999897
4568 2.73099668724125 91.35999999999896
4569 2.695849332041135 91.37999999999896
4570 2.659751117502286 91.39999999999895
4571 2.622736657596004 91.41999999999895
4572 2.584857518696269 91.43999999999895
4573 2.546121337455248 91.45999999999894
4574 2.506895877263884 91.47999999999894
4575 2.466939315590313 91.49999999999893
4576 2.4263115113335 91.51999999999893
4577 2.385408614707403 91.53999999999893
4578 2.344278419963295 91.55999999999892
4579 2.303140645796011 91.57999999999892
4580 2.261997536046011 91.59999999999891
4581 2.221102996296521 91.61999999999891
4582 2.180174868452609 91.63999999999891
4583 2.139343890913246 91.6599999999989
4584 2.098868488840795 91.6799999999989
4585 2.058951983104871 91.69999999999889
4586 2.01966143724713 91.71999999999889
4587 1.980766393762385 91.73999999999889
4588 1.942719728137579 91.75999999999888
4589 1.905540473502517 91.77999999999888
4590 1.869140404449511 91.79999999999887
4591 1.833545646274391 91.81999999999887
4592 1.798932228927836 91.83999999999887
4593 1.765444332263455 91.85999999999886
4594 1.733203810290112 91.87999999999886
4595 1.702229379833392 91.89999999999885
4596 1.672376684249462 91.91999999999885
4597 1.644117632766109 91.93999999999885
4598 1.617365594471833 91.95999999999884
4599 1.591852902070974 91.97999999999884
4600 1.568256519857848 91.99999999999883
4601 1.546225099078957 92.01999999999883
4602 1.525710836962149 92.03999999999883
4603 1.507100879423874 92.05999999999882
4604 1.490316810360816 92.07999999999882
4605 1.475573041623082 92.09999999999881
4606 1.463005616826996 92.11999999999881
4607 1.45225748431718 92.13999999999881
4608 1.443345055615063 92.1599999999988
4609 1.436352730106732 92.1799999999988
4610 1.431797558903427 92.19999999999879
4611 1.429622380609269 92.21999999999879
4612 1.429384418359964 92.23999999999879
4613 1.431183247136654 92.25999999999878
4614 1.435177733203868 92.27999999999878
4615 1.441336995750172 92.29999999999878
4616 1.450111658934981 92.31999999999877
4617 1.461112905781861 92.33999999999877
4618 1.474452552273416 92.35999999999876
4619 1.490067643647655 92.37999999999876
4620 1.50770482758725 92.39999999999876
4621 1.52815872791329 92.41999999999875
4622 1.550412309825736 92.43999999999875
4623 1.574490245342947 92.45999999999874
4624 1.601281232295355 92.47999999999874
4625 1.629973837472451 92.49999999999874
4626 1.660267982828839 92.51999999999873
4627 1.692640397012194 92.53999999999873
4628 1.726976256701892 92.55999999999872
4629 1.763677869643709 92.57999999999872
4630 1.801946163120095 92.59999999999872
4631 1.840766197131291 92.61999999999871
4632 1.881149784790185 92.63999999999871
4633 1.922846385183162 92.6599999999987
4634 1.966113134262428 92.6799999999987
4635 2.009903270847273 92.6999999999987
4636 2.054391090178923 92.71999999999869
4637 2.099533379472644 92.73999999999869
4638 2.145582269232068 92.75999999999868
4639 2.19192062093102 92.77999999999868
4640 2.238531850416055 92.79999999999868
4641 2.285239490614607 92.81999999999867
4642 2.332292552481144 92.83999999999867
4643 2.378897979376263 92.85999999999866
4644 2.424656713659495 92.87999999999866
4645 2.46994576859411 92.89999999999866
4646 2.514754962677096 92.91999999999865
4647 2.558846867785749 92.93999999999865
4648 2.601648002504493 92.95999999999864
4649 2.643054856083978 92.97999999999864
4650 2.68353289915252 92.99999999999864
4651 2.721860685929451 93.01999999999863
4652 2.758810785519143 93.03999999999863
4653 2.793696703044644 93.05999999999862
4654 2.826768240683711 93.07999999999862
4655 2.857721887002199 93.09999999999862
4656 2.887133020783577 93.11999999999861
4657 2.913677256105621 93.13999999999861
4658 2.93817533471173 93.1599999999986
4659 2.959928233746 93.1799999999986
4660 2.979510699045665 93.1999999999986
4661 2.996520223595467 93.21999999999859
4662 3.011231912140919 93.23999999999859
4663 3.023128177016041 93.25999999999858
4664 3.032407269124948 93.27999999999858
4665 3.03926141514196 93.29999999999858
4666 3.043464283154392 93.31999999999857
4667 3.044867800135725 93.33999999999857
4668 3.043671968578154 93.35999999999856
4669 3.040157655831383 93.37999999999856
4670 3.034107379802329 93.39999999999856
4671 3.025628039221881 93.41999999999855
4672 3.014217052084122 93.43999999999855
4673 3.000727299091553 93.45999999999854
4674 2.985120543856794 93.47999999999854
4675 2.967473754453432 93.49999999999854
4676 2.947510342677931 93.51999999999853
4677 2.925320468628141 93.53999999999853
4678 2.901261665831408 93.55999999999852
4679 2.875513211255707 93.57999999999852
4680 2.847986498605851 93.59999999999852
4681 2.818829921025425 93.61999999999851
4682 2.78819801420026 93.63999999999851
4683 2.756195139517764 93.6599999999985
4684 2.722940213511849 93.6799999999985
4685 2.688498014071401 93.6999999999985
4686 2.652866024107927 93.71999999999849
4687 2.616320684800695 93.73999999999849
4688 2.578869581508318 93.75999999999848
4689 2.540691176641682 93.77999999999848
4690 2.501929284077385 93.79999999999848
4691 2.46258939718697 93.81999999999847
4692 2.422699549373188 93.83999999999847
4693 2.382506780624396 93.85999999999846
4694 2.342098509192978 93.87999999999846
4695 2.301492105052688 93.89999999999846
4696 2.260990460156478 93.91999999999845
4697 2.220500063678058 93.93999999999845
4698 2.180137626098369 93.95999999999844
4699 2.139953623120039 93.97999999999844
4700 2.100110265744899 93.99999999999844
4701 2.060712908080917 94.01999999999843
4702 2.021925370028106 94.03999999999843
4703 1.983585898095181 94.05999999999842
4704 1.946110389561261 94.07999999999842
4705 1.909086148328755 94.09999999999842
4706 1.873044118492599 94.11999999999841
4707 1.837990532604619 94.13999999999841
4708 1.803686104283826 94.1599999999984
4709 1.770395180412888 94.1799999999984
4710 1.738302161258976 94.1999999999984
4711 1.707691899371849 94.21999999999839
4712 1.678150303110181 94.23999999999839
4713 1.650008046138757 94.25999999999839
4714 1.623313157415065 94.27999999999838
4715 1.598113187494216 94.29999999999838
4716 1.574415331330326 94.31999999999837
4717 1.552330491379933 94.33999999999837
4718 1.532102914093497 94.35999999999837
4719 1.513960235070448 94.37999999999836
4720 1.49731317224498 94.39999999999836
4721 1.482931921501522 94.41999999999835
4722 1.470551046125001 94.43999999999835
4723 1.459944091764673 94.45999999999835
4724 1.451397214155439 94.47999999999834
4725 1.444493338629936 94.49999999999834
4726 1.43988353085278 94.51999999999833
4727 1.437511741717961 94.53999999999833
4728 1.43753910775484 94.55999999999833
4729 1.440206309632496 94.57999999999832
4730 1.444996368358835 94.59999999999832
4731 1.45139155724658 94.61999999999831
4732 1.459970297101234 94.63999999999831
4733 1.470971004083629 94.65999999999831
4734 1.484995528083974 94.6799999999983
4735 1.50109154338967 94.6999999999983
4736 1.519182887049842 94.71999999999829
4737 1.539520432645954 94.73999999999829
4738 1.562175339173367 94.75999999999829
4739 1.587072134435552 94.77999999999828
4740 1.614473714915561 94.79999999999828
4741 1.643902515832815 94.81999999999827
4742 1.674830667440887 94.83999999999827
4743 1.707665233184369 94.85999999999827
4744 1.742539191260505 94.87999999999826
4745 1.779372505710102 94.89999999999826
4746 1.817980615901197 94.91999999999825
4747 1.857593767859846 94.93999999999825
4748 1.899138438056987 94.95999999999825
4749 1.941981938938564 94.97999999999824
4750 1.985788371390685 94.99999999999824
4751 2.030304783909973 95.01999999999823
4752 2.075919372118872 95.03999999999823
4753 2.121967469060122 95.05999999999823
4754 2.168910636250843 95.07999999999822
4755 2.215939139250203 95.09999999999822
4756 2.263241655442495 95.11999999999821
4757 2.310551935563318 95.13999999999821
4758 2.357965258759666 95.15999999999821
4759 2.404708225871094 95.1799999999982
4760 2.45103961150587 95.1999999999982
4761 2.497063258840204 95.21999999999819
4762 2.542023149455433 95.23999999999819
4763 2.586188904531149 95.25999999999819
4764 2.629023029388004 95.27999999999818
4765 2.670745455665875 95.29999999999818
4766 2.710758924434754 95.31999999999817
4767 2.74926969575781 95.33999999999817
4768 2.785686789359574 95.35999999999817
4769 2.820171135116627 95.37999999999816
4770 2.852951617144855 95.39999999999816
4771 2.883675525071472 95.41999999999815
4772 2.912029587134417 95.43999999999815
4773 2.937767434488533 95.45999999999815
4774 2.961289170476765 95.47999999999814
4775 2.982482488719615 95.49999999999814
4776 3.000841553668026 95.51999999999813
4777 3.016637121249793 95.53999999999813
4778 3.029783323850661 95.55999999999813
4779 3.040383179794505 95.57999999999812
4780 3.048317388076574 95.59999999999812
4781 3.053661978627999 95.61999999999811
4782 3.056284714406659 95.63999999999811
4783 3.056139828357413 95.65999999999811
4784 3.05351246657527 95.6799999999981
4785 3.048223104312497 95.6999999999981
4786 3.040655984703088 95.71999999999809
4787 3.030459869117165 95.73999999999809
4788 3.017704721559557 95.75999999999809
4789 3.002439196530173 95.77999999999808
4790 2.985210038188423 95.79999999999808
4791 2.966029093313118 95.81999999999807
4792 2.944496823924964 95.83999999999807
4793 2.920998372797457 95.85999999999807
4794 2.895686485779428 95.87999999999806
4795 2.868478262361485 95.89999999999806
4796 2.839741046527301 95.91999999999805
4797 2.809444667420788 95.93999999999805
4798 2.7776304571408 95.95999999999805
4799 2.744438231836222 95.97999999999804
4800 2.709781926479164 95.99999999999804
4801 2.674105300843399 96.01999999999803
4802 2.637404566359679 96.03999999999803
4803 2.599882235036487 96.05999999999803
4804 2.561448516751964 96.07999999999802
4805 2.522380778181655 96.09999999999802
4806 2.482742325298801 96.11999999999802
4807 2.442330576137018 96.13999999999801
4808 2.401449010933407 96.15999999999801
4809 2.36038834458309 96.179999999998
4810 2.319250838762318 96.199999999998
4811 2.278142412571199 96.219999999998
4812 2.237126111981893 96.23999999999799
4813 2.196197342737651 96.25999999999799
4814 2.155302339024086 96.27999999999798
4815 2.114635896803378 96.29999999999798
4816 2.074489121164412 96.31999999999798
4817 2.034997990939541 96.33999999999797
4818 1.995943733623963 96.35999999999797
4819 1.957476707764084 96.37999999999796
4820 1.919987308736416 96.39999999999796
4821 1.88324821190495 96.41999999999796
4822 1.84735317977261 96.43999999999795
4823 1.812350355146117 96.45999999999795
4824 1.778357749961219 96.47999999999794
4825 1.745650515626325 96.49999999999794
4826 1.714067296337814 96.51999999999794
4827 1.683874987545962 96.53999999999793
4828 1.654869620729849 96.55999999999793
4829 1.627574641369586 96.57999999999792
4830 1.601457736685732 96.59999999999792
4831 1.577168521412598 96.61999999999792
4832 1.554530218097109 96.63999999999791
4833 1.533411017706077 96.65999999999791
4834 1.513946831350075 96.6799999999979
4835 1.496502948323553 96.6999999999979
4836 1.480844451616725 96.7199999999979
4837 1.467543494071125 96.73999999999789
4838 1.456050601266787 96.75999999999789
4839 1.446372599600286 96.77999999999788
4840 1.438565911619357 96.79999999999788
4841 1.433019646436668 96.81999999999788
4842 1.429835886114988 96.83999999999787
4843 1.429025575898417 96.85999999999787
4844 1.429966979904423 96.87999999999786
4845 1.432991533722757 96.89999999999786
4846 1.438329804606246 96.91999999999786
4847 1.446016866073401 96.93999999999785
4848 1.456109757139572 96.95999999999785
4849 1.468570809675206 96.97999999999784
4850 1.483418167053214 96.99999999999784
4851 1.500017351361654 97.01999999999784
4852 1.519471958647744 97.03999999999783
4853 1.541138622706453 97.05999999999783
4854 1.564288088608045 97.07999999999782
4855 1.590044992739017 97.09999999999782
4856 1.618013413919938 97.11999999999782
4857 1.647687642459435 97.13999999999781
4858 1.679203256176159 97.15999999999781
4859 1.712787422522164 97.1799999999978
4860 1.748515985892571 97.1999999999978
4861 1.786368874205265 97.2199999999978
4862 1.824806437974939 97.23999999999779
4863 1.864632702833967 97.25999999999779
4864 1.905747430241547 97.27999999999778
4865 1.948485689582976 97.29999999999778
4866 1.992068868723162 97.31999999999778
4867 2.036237429634542 97.33999999999777
4868 2.081270807703592 97.35999999999777
4869 2.126803619455417 97.37999999999776
4870 2.173133618115899 97.39999999999776
4871 2.219602300610453 97.41999999999776
4872 2.266254734326755 97.43999999999775
4873 2.313158212663917 97.45999999999775
4874 2.360226727102943 97.47999999999774
4875 2.406027556808526 97.49999999999774
4876 2.451613926956671 97.51999999999774
4877 2.496591376099484 97.53999999999773
4878 2.541097727588905 97.55999999999773
4879 2.584392722914272 97.57999999999772
4880 2.626319764908142 97.59999999999772
4881 2.667345924558871 97.61999999999772
4882 2.706414138117684 97.63999999999771
4883 2.743883287133075 97.65999999999771
4884 2.77977715493948 97.6799999999977
4885 2.813448717813604 97.6999999999977
4886 2.845215804335861 97.7199999999977
4887 2.875419334445065 97.73999999999769
4888 2.90289388345562 97.75999999999769
4889 2.928441194556079 97.77999999999768
4890 2.951175823845629 97.79999999999768
4891 2.971643611402941 97.81999999999768
4892 2.989764720252005 97.83999999999767
4893 3.005376632182997 97.85999999999767
4894 3.018370951291991 97.87999999999766
4895 3.028746920628933 97.89999999999766
4896 3.036480108698205 97.91999999999766
4897 3.041848063972471 97.93999999999765
4898 3.044312402025603 97.95999999999765
4899 3.044144608828023 97.97999999999764
4900 3.04153254973068 97.99999999999764
4901 3.036557425616132 98.01999999999764
4902 3.02903782257326 98.03999999999763
4903 3.018808035457529 98.05999999999763
4904 3.006081262445646 98.07999999999763
4905 2.991332321893239 98.09999999999762
4906 2.974544951882079 98.11999999999762
4907 2.955492162994991 98.13999999999761
4908 2.934199383211995 98.15999999999761
4909 2.910855738470342 98.17999999999761
4910 2.885757903960721 98.1999999999976
4911 2.858983454487825 98.2199999999976
4912 2.830438990522876 98.23999999999759
4913 2.800381651505635 98.25999999999759
4914 2.768972717640304 98.27999999999759
4915 2.736149132927138 98.29999999999758
4916 2.702237806465594 98.31999999999758
4917 2.667043856967142 98.33999999999757
4918 2.630835582477467 98.35999999999757
4919 2.593779370038575 98.37999999999757
4920 2.555920242465132 98.39999999999756
4921 2.517330508576807 98.41999999999756
4922 2.478215640822686 98.43999999999755
4923 2.438516749181348 98.45999999999755
4924 2.398428469733217 98.47999999999755
4925 2.358094003612519 98.49999999999754
4926 2.317548120019225 98.51999999999754
4927 2.276999325084226 98.53999999999753
4928 2.236495755274891 98.55999999999753
4929 2.196050226317975 98.57999999999753
4930 2.155821302088145 98.59999999999752
4931 2.115866593162294 98.61999999999752
4932 2.076220226574303 98.63999999999751
4933 2.037242067090639 98.65999999999751
4934 1.998662199192526 98.67999999999751
4935 1.960890916514567 98.6999999999975
4936 1.923649009144345 98.7199999999975
4937 1.887253321362853 98.73999999999749
4938 1.851713703800982 98.75999999999749
4939 1.817209821216039 98.77999999999749
4940 1.783438726236649 98.79999999999748
4941 1.750799578613513 98.81999999999748
4942 1.719654563110428 98.83999999999747
4943 1.689649357781618 98.85999999999747
4944 1.661004639177504 98.87999999999747
4945 1.633577880448712 98.89999999999746
4946 1.608009669632519 98.91999999999746
4947 1.58345473031281 98.93999999999745
4948 1.560914772574627 98.95999999999745
4949 1.539739318021327 98.97999999999745
4950 1.520890239547271 98.99999999999744
4951 1.503650790168816 99.01999999999744
4952 1.488286302258611 99.03999999999743
4953 1.475232342073221 99.05999999999743
4954 1.463864529196341 99.07999999999743
4955 1.454581436929145 99.09999999999742
4956 1.446797551831603 99.11999999999742
4957 1.441437939604713 99.13999999999741
4958 1.438083564228704 99.15999999999741
4959 1.437172691560132 99.17999999999741
4960 1.438832372606531 99.1999999999974
4961 1.442848353326807 99.2199999999974
4962 1.448593628909377 99.23999999999739
4963 1.456224080403538 99.25999999999739
4964 1.466294319146695 99.27999999999739
4965 1.479083920298238 99.29999999999738
4966 1.494486392593212 99.31999999999738
4967 1.51173266867577 99.33999999999737
4968 1.531191704514698 99.35999999999737
4969 1.55290709114412 99.37999999999737
4970 1.576860500618144 99.39999999999736
4971 1.603355093897211 99.41999999999736
4972 1.632126979698041 99.43999999999735
4973 1.662298027988255 99.45999999999735
4974 1.694529506187185 99.47999999999735
4975 1.728400469047986 99.49999999999734
4976 1.764604354765493 99.51999999999734
4977 1.802493015844815 99.53999999999733
4978 1.841751676389554 99.55999999999733
4979 1.882497625656985 99.57999999999733
4980 1.92489116303293 99.59999999999732
4981 1.968367051034034 99.61999999999732
4982 2.012698675415791 99.63999999999731
4983 2.057694759970879 99.65999999999731
4984 2.103828182372451 99.67999999999731
4985 2.150216094036265 99.6999999999973
4986 2.19732315841034 99.7199999999973
4987 2.244576452279859 99.73999999999729
4988 2.291838247210782 99.75999999999729
4989 2.339371982095083 99.77999999999729
4990 2.386379177531809 99.79999999999728
4991 2.432719421767195 99.81999999999728
4992 2.47902674666606 99.83999999999727
4993 2.524398718291493 99.85999999999727
4994 2.568892605646169 99.87999999999727
4995 2.612236790625992 99.89999999999726
4996 2.654460196637848 99.91999999999726
4997 2.695124132980012 99.93999999999726
4998 2.734299420271993 99.95999999999725
4999 2.771532384889567 99.97999999999725
5000 2.806765377626977 99.99999999999724
5001 2.840241605302511 100.0199999999972
5002 2.871847541195539 100.0399999999972
5003 2.901190535020478 100.0599999999972
5004 2.927779503552188 100.0799999999972
5005 2.952307303127076 100.0999999999972
5006 2.974449142585448 100.1199999999972
5007 2.993922746266795 100.1399999999972
5008 3.01071190705541 100.1599999999972
5009 3.024941453596799 100.1799999999972
5010 3.036460690098649 100.1999999999972
5011 3.04552592331112 100.2199999999972
5012 3.051852161797692 100.2399999999972
5013 3.055580232657707 100.2599999999972
5014 3.056489216583014 100.2799999999972
5015 3.054866187430793 100.2999999999972
5016 3.050545196822015 100.3199999999972
5017 3.043929018170869 100.3399999999972
5018 3.034714055756782 100.3599999999972
5019 3.023033687412175 100.3799999999972
5020 3.008667435567694 100.3999999999972
5021 2.992184994550477 100.4199999999972
5022 2.973816871579851 100.4399999999972
5023 2.953140907902867 100.4599999999972
5024 2.930422288503395 100.4799999999971
5025 2.905858061404894 100.4999999999971
5026 2.879311775261821 100.5199999999971
5027 2.851165280640926 100.5399999999971
5028 2.821519012604782 100.5599999999971
5029 2.790270818638495 100.5799999999971
5030 2.757586472879065 100.5999999999971
5031 2.723519388513729 100.6199999999971
5032 2.688209708861805 100.6399999999971
5033 2.651911537805653 100.6599999999971
5034 2.614705661197765 100.6799999999971
5035 2.576621828131572 100.6999999999971
5036 2.537740124315456 100.7199999999971
5037 2.498364242737904 100.7399999999971
5038 2.458207399324586 100.7599999999971
5039 2.417390784870852 100.7799999999971
5040 2.376503426123267 100.7999999999971
5041 2.335366448621741 100.8199999999971
5042 2.294250302539012 100.8399999999971
5043 2.253138962971995 100.8599999999971
5044 2.2122200610459 100.8799999999971
5045 2.171307244580959 100.8999999999971
5046 2.130529972974883 100.9199999999971
5047 2.090161165750524 100.9399999999971
5048 2.050416038104807 100.9599999999971
5049 2.011196367647461 100.979999999997
5050 1.972443809742136 100.999999999997
5051 1.934547165188909 101.019999999997
5052 1.897523768962084 101.039999999997
5053 1.861281200133078 101.059999999997
5054 1.825814232642785 101.079999999997
5055 1.791501645255359 101.099999999997
5056 1.758227745504622 101.119999999997
5057 1.726201897614817 101.139999999997
5058 1.695522272873087 101.159999999997
5059 1.665888138887672 101.179999999997
5060 1.63799619041898 101.199999999997
5061 1.61142106891153 101.219999999997
5062 1.58630538629795 101.239999999997
5063 1.563085255531372 101.259999999997
5064 1.541352800804492 101.279999999997
5065 1.521170387774139 101.299999999997
5066 1.502983604581774 101.319999999997
5067 1.48654886317871 101.339999999997
5068 1.472298107655321 101.359999999997
5069 1.460110984155892 101.379999999997
5070 1.449698168264676 101.399999999997
5071 1.441147875136922 101.419999999997
5072 1.43466370215683 101.439999999997
5073 1.430481473665964 101.459999999997
5074 1.428853889280374 101.4799999999969
5075 1.429004096473415 101.4999999999969
5076 1.431140145712544 101.5199999999969
5077 1.435623366291398 101.5399999999969
5078 1.442286556532407 101.5599999999969
5079 1.451509173904615 101.5799999999969
5080 1.462987976059216 101.5999999999969
5081 1.476874196891144 101.6199999999969
5082 1.492736024502604 101.6399999999969
5083 1.511035471911623 101.6599999999969
5084 1.531917012187474 101.6799999999969
5085 1.5544274660116 101.6999999999969
5086 1.579066418160621 101.7199999999969
5087 1.606279334168975 101.7399999999969
5088 1.635273888529461 101.7599999999969
5089 1.666022788449663 101.7799999999969
5090 1.698773083382492 101.7999999999969
5091 1.733490169664984 101.8199999999969
5092 1.77068109388762 101.8399999999969
5093 1.808983999243306 101.8599999999969
5094 1.848164958516572 101.8799999999969
5095 1.888777799922166 101.8999999999969
5096 1.93072851368682 101.9199999999969
5097 1.974168264276989 101.9399999999969
5098 2.018083701844737 101.9599999999969
5099 2.062800816850273 101.9799999999968
5100 2.108034545840457 101.9999999999968
5101 2.154201567059139 102.0199999999968
5102 2.200538989669381 102.0399999999968
5103 2.247193087681235 102.0599999999968
5104 2.293975192737008 102.0799999999968
5105 2.341110665731415 102.0999999999968
5106 2.387358411265158 102.1199999999968
5107 2.433058598742747 102.1399999999968
5108 2.478289312808236 102.1599999999968
5109 2.522985556194199 102.1799999999968
5110 2.566817141911274 102.1999999999968
5111 2.60933292785375 102.2199999999968
5112 2.65066383984476 102.2399999999968
5113 2.69063446488482 102.2599999999968
5114 2.728726202914586 102.2799999999968
5115 2.765330670926956 102.2999999999968
5116 2.799795512252106 102.3199999999968
5117 2.832478502267739 102.3399999999968
5118 2.8631577766473 102.3599999999968
5119 2.891917747935937 102.3799999999968
5120 2.918212349572398 102.3999999999968
5121 2.942154546531956 102.4199999999968
5122 2.963449041632586 102.4399999999968
5123 2.982578357444043 102.4599999999968
5124 2.999136452409451 102.4799999999967
5125 3.013283413124759 102.4999999999967
5126 3.024686660190174 102.5199999999967
5127 3.033434113337374 102.5399999999967
5128 3.039817879625934 102.5599999999967
5129 3.043469989439651 102.5799999999967
5130 3.044360191896206 102.5999999999967
5131 3.042667283652938 102.6199999999967
5132 3.038745794884265 102.6399999999967
5133 3.032192683679836 102.6599999999967
5134 3.023145091012326 102.6799999999967
5135 3.011286395730402 102.6999999999967
5136 2.997393968216055 102.7199999999967
5137 2.981420135274758 102.7399999999967
5138 2.963333382140672 102.7599999999967
5139 2.94293109097069 102.7799999999967
5140 2.920359527046354 102.7999999999967
5141 2.895954035968998 102.8199999999967
5142 2.869887959934799 102.8399999999967
5143 2.842033769287559 102.8599999999967
5144 2.812536127596342 102.8799999999967
5145 2.781711380331928 102.8999999999967
5146 2.749406749823143 102.9199999999967
5147 2.715960255385681 102.9399999999967
5148 2.681263090066256 102.9599999999967
5149 2.645451121367994 102.9799999999967
5150 2.608737677193805 102.9999999999966
5151 2.571191505924328 103.0199999999966
5152 2.532890935520817 103.0399999999966
5153 2.493857036461283 103.0599999999966
5154 2.454418646449952 103.0799999999966
5155 2.414548142853448 103.0999999999966
5156 2.374308318023894 103.1199999999966
5157 2.333850009396876 103.1399999999966
5158 2.293235307663686 103.1599999999966
5159 2.252742910617596 103.1799999999966
5160 2.212260705778319 103.1999999999966
5161 2.17195324943682 103.2199999999966
5162 2.131818253087533 103.2399999999966
5163 2.092062201019452 103.2599999999966
5164 2.052791425412058 103.2799999999966
5165 2.014084181870468 103.2999999999966
5166 1.975913899385112 103.3199999999966
5167 1.938598326786329 103.3399999999966
5168 1.901679926698887 103.3599999999966
5169 1.865813457298135 103.3799999999966
5170 1.830950385295977 103.3999999999966
5171 1.796816521601445 103.4199999999966
5172 1.763686826681361 103.4399999999966
5173 1.731928319074756 103.4599999999966
5174 1.701521108470042 103.4799999999966
5175 1.672260555990519 103.4999999999965
5176 1.644322189577458 103.5199999999965
5177 1.618068716485332 103.5399999999965
5178 1.592994503051587 103.5599999999965
5179 1.56974482798981 103.5799999999965
5180 1.547861542484841 103.5999999999965
5181 1.528156093625373 103.6199999999965
5182 1.510263860471361 103.6399999999965
5183 1.493992854972849 103.6599999999965
5184 1.480143610954398 103.6799999999965
5185 1.468066678092224 103.6999999999965
5186 1.457835774966199 103.7199999999965
5187 1.449617036133843 103.7399999999965
5188 1.443129111797252 103.7599999999965
5189 1.438954493144757 103.7799999999965
5190 1.437061878047154 103.7999999999965
5191 1.437679363225586 103.8199999999965
5192 1.440806852335707 103.8399999999965
5193 1.445964536386473 103.8599999999965
5194 1.452683305138073 103.8799999999965
5195 1.461773579138387 103.8999999999965
5196 1.473310481223764 103.9199999999965
5197 1.487933922276932 103.9399999999965
5198 1.504309433042715 103.9599999999965
5199 1.522936171001731 103.9799999999965
5200 1.54366752377272 103.9999999999964
5201 1.566740950429008 104.0199999999964
5202 1.592189827021486 104.0399999999964
5203 1.620051446355281 104.0599999999964
5204 1.64973188627782 104.0799999999964
5205 1.681111468120924 104.0999999999964
5206 1.714251730505621 104.1199999999964
5207 1.749627563099471 104.1399999999964
5208 1.78679944396242 104.1599999999964
5209 1.82568385309871 104.1799999999964
5210 1.865641047562195 104.1999999999964
5211 1.907516766683403 104.2199999999964
5212 1.950535382585249 104.2399999999964
5213 1.994566548240193 104.2599999999964
5214 2.039154250397206 104.2799999999964
5215 2.085114221385694 104.2999999999964
5216 2.131174191416615 104.3199999999964
5217 2.17821871383695 104.3399999999964
5218 2.225298736622856 104.3599999999964
5219 2.272631062660574 104.3799999999964
5220 2.320018124138793 104.3999999999964
5221 2.367326533027589 104.4199999999964
5222 2.41398182280622 104.4399999999964
5223 2.46029733046171 104.4599999999964
5224 2.506099779725772 104.4799999999964
5225 2.550899531548418 104.4999999999963
5226 2.594874125378962 104.5199999999963
5227 2.637431454281464 104.5399999999963
5228 2.678872646127848 104.5599999999963
5229 2.718628963957447 104.5799999999963
5230 2.756726861194593 104.5999999999963
5231 2.792714025484452 104.6199999999963
5232 2.826882710464882 104.6399999999963
5233 2.859296626314404 104.6599999999963
5234 2.889574912283315 104.6799999999963
5235 2.917349225521469 104.6999999999963
5236 2.942694068164921 104.7199999999963
5237 2.965742067797207 104.7399999999963
5238 2.986415979089712 104.7599999999963
5239 3.004224419321293 104.7799999999963
5240 3.019493592295279 104.7999999999963
5241 3.032094462511261 104.8199999999963
5242 3.042175838087656 104.8399999999963
5243 3.049581249491486 104.8599999999963
5244 3.054393357796455 104.8799999999963
5245 3.05643896896655 104.8999999999963
5246 3.055801489484084 104.9199999999963
5247 3.052625633564015 104.9399999999963
5248 3.046885964910143 104.9599999999963
5249 3.038725532380087 104.9799999999963
5250 3.028065290850132 104.9999999999962
5251 3.014775638856841 105.0199999999962
5252 2.999060646899383 105.0399999999962
5253 2.981445367405925 105.0599999999962
5254 2.961802524189714 105.0799999999962
5255 2.939852308652902 105.0999999999962
5256 2.915998009491037 105.1199999999962
5257 2.890238752940871 105.1399999999962
5258 2.862714422673776 105.1599999999962
5259 2.833684675721404 105.1799999999962
5260 2.803038004032148 105.1999999999962
5261 2.770933212877288 105.2199999999962
5262 2.737451800332816 105.2399999999962
5263 2.702544743787914 105.2599999999962
5264 2.666667636987922 105.2799999999962
5265 2.629768608039565 105.2999999999962
5266 2.592060070063622 105.3199999999962
5267 2.553453080934985 105.3399999999962
5268 2.51429258364437 105.3599999999962
5269 2.474493919184909 105.3799999999962
5270 2.433818767674587 105.3999999999962
5271 2.392913233385947 105.4199999999962
5272 2.35192047002307 105.4399999999962
5273 2.310785046737596 105.4599999999962
5274 2.269670873639209 105.4799999999962
5275 2.228685847872182 105.4999999999961
5276 2.18776202993608 105.5199999999961
5277 2.146884615686862 105.5399999999961
5278 2.106293663371066 105.5599999999961
5279 2.066291451149572 105.5799999999961
5280 2.026894500260607 105.5999999999961
5281 1.987892738596938 105.6199999999961
5282 1.949641290383678 105.6399999999961
5283 1.912273491581368 105.6599999999961
5284 1.875692979044751 105.6799999999961
5285 1.839946805211057 105.6999999999961
5286 1.805125972003343 105.7199999999961
5287 1.771369294739923 105.7399999999961
5288 1.738881109327671 105.7599999999961
5289 1.707575849476063 105.7799999999961
5290 1.677563598002029 105.7999999999961
5291 1.648912997931484 105.8199999999961
5292 1.621895802550327 105.8399999999961
5293 1.596018604236956 105.8599999999961
5294 1.572094667927276 105.8799999999961
5295 1.549775071331224 105.8999999999961
5296 1.528955812491285 105.9199999999961
5297 1.509884406888044 105.9399999999961
5298 1.492745803287317 105.9599999999961
5299 1.477516063732726 105.9799999999961
5300 1.464582073818891 105.999999999996
5301 1.45346091823693 106.019999999996
5302 1.44414685715885 106.039999999996
5303 1.436710963029796 106.059999999996
5304 1.431632536341155 106.079999999996
5305 1.428932279944586 106.099999999996
5306 1.428372955192773 106.119999999996
5307 1.429769965645801 106.139999999996
5308 1.433287432506257 106.159999999996
5309 1.439003990255651 106.179999999996
5310 1.447177084377075 106.199999999996
5311 1.457713139958593 106.219999999996
5312 1.47059340499227 106.239999999996
5313 1.485825185215603 106.259999999996
5314 1.502880201791168 106.279999999996
5315 1.522819513863086 106.299999999996
5316 1.544796674506136 106.319999999996
5317 1.56833285160226 106.339999999996
5318 1.594629058815351 106.359999999996
5319 1.62292570828067 106.379999999996
5320 1.652871501904006 106.399999999996
5321 1.684802060634594 106.419999999996
5322 1.718779221419712 106.439999999996
5323 1.754919939963766 106.459999999996
5324 1.793007173745256 106.479999999996
5325 1.831621640008628 106.4999999999959
5326 1.871701572332009 106.5199999999959
5327 1.913088296778377 106.5399999999959
5328 1.956111212861688 106.5599999999959
5329 1.999751066295225 106.5799999999959
5330 2.044069651848418 106.5999999999959
5331 2.089195867755084 106.6199999999959
5332 2.134908453251996 106.6399999999959
5333 2.181278436712105 106.6599999999959
5334 2.227830825549492 106.6799999999959
5335 2.274480806850672 106.6999999999959
5336 2.32142857321864 106.7199999999959
5337 2.368360635499187 106.7399999999959
5338 2.414091171216267 106.7599999999959
5339 2.459563194270246 106.7799999999959
5340 2.504431203593756 106.7999999999959
5341 2.548759339475657 106.8199999999959
5342 2.591853675235294 106.8399999999959
5343 2.633508369007939 106.8599999999959
5344 2.674297242836924 106.8799999999959
5345 2.713018607494466 106.8999999999959
5346 2.750249662478507 106.9199999999959
5347 2.785705705004293 106.9399999999959
5348 2.819095985273359 106.9599999999959
5349 2.850472638031437 106.9799999999959
5350 2.880348149125355 106.9999999999959
5351 2.907418917125369 107.0199999999958
5352 2.932462381785775 107.0399999999958
5353 2.954721058397686 107.0599999999958
5354 2.974798178528766 107.0799999999958
5355 2.992420272511878 107.0999999999958
5356 3.007615261683069 107.1199999999958
5357 3.020114005557351 107.1399999999958
5358 3.029994263124965 107.1599999999958
5359 3.037318231291003 107.1799999999958
5360 3.042162283946529 107.1999999999958
5361 3.044134531037848 107.2199999999958
5362 3.043499110292901 107.2399999999958
5363 3.040468575734165 107.2599999999958
5364 3.035009610222296 107.2799999999958
5365 3.02707273359893 107.2999999999958
5366 3.016281003534901 107.3199999999958
5367 3.003202615291348 107.3399999999958
5368 2.988064362175364 107.3599999999958
5369 2.97090901737342 107.3799999999958
5370 2.951440427976803 107.3999999999958
5371 2.929756096946331 107.4199999999958
5372 2.906062704774279 107.4399999999958
5373 2.880682299297662 107.4599999999958
5374 2.853525351189896 107.4799999999958
5375 2.824708674349764 107.4999999999958
5376 2.794437435321272 107.5199999999957
5377 2.762745477380009 107.5399999999957
5378 2.729716815050887 107.5599999999957
5379 2.695573450074189 107.5799999999957
5380 2.660189414975143 107.5999999999957
5381 2.62382309254133 107.6199999999957
5382 2.586567761940579 107.6399999999957
5383 2.548604167503005 107.6599999999957
5384 2.509890223254554 107.6799999999957
5385 2.470598648248034 107.6999999999957
5386 2.430904582129422 107.7199999999957
5387 2.390768482244547 107.7399999999957
5388 2.350398330162026 107.7599999999957
5389 2.309809443124244 107.7799999999957
5390 2.269282814460715 107.7999999999957
5391 2.228781908725829 107.8199999999957
5392 2.188378694509789 107.8399999999957
5393 2.148177278314531 107.8599999999957
5394 2.108301139142899 107.8799999999957
5395 2.068749812670305 107.8999999999957
5396 2.029870045941159 107.9199999999957
5397 1.991368058171779 107.9399999999957
5398 1.953749103523936 107.9599999999957
5399 1.916613257955883 107.9799999999957
5400 1.88035704272872 107.9999999999957
5401 1.845063310891736 108.0199999999956
5402 1.810669471560691 108.0399999999956
5403 1.777096126757399 108.0599999999956
5404 1.744670185482308 108.0799999999956
5405 1.713779656297699 108.0999999999956
5406 1.683986383096637 108.1199999999956
5407 1.65556728800832 108.1399999999956
5408 1.628466120325112 108.1599999999956
5409 1.6030737398453 108.1799999999956
5410 1.57888041346303 108.1999999999956
5411 1.556558636697642 108.2199999999956
5412 1.53582469897559 108.2399999999956
5413 1.517288036315837 108.2599999999956
5414 1.500345278660208 108.2799999999956
5415 1.485403268296746 108.2999999999956
5416 1.472681018301742 108.3199999999956
5417 1.461611771403819 108.3399999999956
5418 1.45270702516762 108.3599999999956
5419 1.445267202474613 108.3799999999956
5420 1.440290502428034 108.3999999999956
5421 1.437351271312565 108.4199999999956
5422 1.436922319536113 108.4399999999956
5423 1.439058704857636 108.4599999999956
5424 1.443416824386959 108.4799999999956
5425 1.44946166762341 108.4999999999956
5426 1.457513937451383 108.5199999999955
5427 1.467992242795176 108.5399999999955
5428 1.481393987781132 108.5599999999955
5429 1.497074167784734 108.5799999999955
5430 1.514763486008994 108.5999999999955
5431 1.534616716501162 108.6199999999955
5432 1.556759958072732 108.6399999999955
5433 1.581186804140715 108.6599999999955
5434 1.608037580220917 108.6799999999955
5435 1.63717667867342 108.6999999999955
5436 1.667665962755886 108.7199999999955
5437 1.700213359250146 108.7399999999955
5438 1.734520986817627 108.7599999999955
5439 1.771010918868921 108.7799999999955
5440 1.809285637475475 108.7999999999955
5441 1.848679399254183 108.8199999999955
5442 1.889797786373941 108.8399999999955
5443 1.932418745291937 108.8599999999955
5444 1.976077376171369 108.8799999999955
5445 2.020480236906994 108.8999999999955
5446 2.065773433179671 108.9199999999955
5447 2.111894489266044 108.9399999999955
5448 2.158561590191739 108.9599999999955
5449 2.205615193167882 108.9799999999955
5450 2.252972452861935 108.9999999999955
5451 2.300160293831246 109.0199999999954
5452 2.347737376026335 109.0399999999954
5453 2.394613917230001 109.0599999999954
5454 2.440925009981769 109.0799999999954
5455 2.487138314957344 109.0999999999954
5456 2.532332318692982 109.1199999999954
5457 2.576691424382576 109.1399999999954
5458 2.619811264433425 109.1599999999954
5459 2.661836544830611 109.1799999999954
5460 2.702195145689718 109.1999999999954
5461 2.741082743906652 109.2199999999954
5462 2.77795558374753 109.2399999999954
5463 2.81282547268499 109.2599999999954
5464 2.846044826686853 109.2799999999954
5465 2.877231765969334 109.2999999999954
5466 2.906160748776981 109.3199999999954
5467 2.932318264428705 109.3399999999954
5468 2.956401413839767 109.3599999999954
5469 2.97810636652736 109.3799999999954
5470 2.997075485926199 109.3999999999954
5471 3.013420240804772 109.4199999999954
5472 3.027159379877477 109.4399999999954
5473 3.03827058257634 109.4599999999954
5474 3.04681574241282 109.4799999999954
5475 3.052683998804017 109.4999999999954
5476 3.055918139021438 109.5199999999953
5477 3.056340784544505 109.5399999999953
5478 3.054250973066961 109.5599999999953
5479 3.049508630140631 109.5799999999953
5480 3.042413142445508 109.5999999999953
5481 3.032759827734949 109.6199999999953
5482 3.020563730507314 109.6399999999953
5483 3.005788913151386 109.6599999999953
5484 2.988934148821334 109.6799999999953
5485 2.970201623622174 109.6999999999953
5486 2.949113971200864 109.7199999999953
5487 2.926024690992816 109.7399999999953
5488 2.901132552143332 109.7599999999953
5489 2.874282605448955 109.7799999999953
5490 2.84583799059369 109.7999999999953
5491 2.815896114270751 109.8199999999953
5492 2.784379926628481 109.8399999999953
5493 2.751450850199044 109.8599999999953
5494 2.717109313528649 109.8799999999953
5495 2.681622257546727 109.8999999999953
5496 2.645129958081358 109.9199999999953
5497 2.607759930819608 109.9399999999953
5498 2.569509852064089 109.9599999999953
5499 2.530532149746468 109.9799999999953
5500 2.491046321138257 109.9999999999953
5501 2.45072607127483 110.0199999999952
5502 2.40984992151463 110.0399999999952
5503 2.36895009659458 110.0599999999952
5504 2.327787133362471 110.0799999999952
5505 2.286650188841479 110.0999999999952
5506 2.245568878716196 110.1199999999952
5507 2.204656023062377 110.1399999999952
5508 2.163762435994534 110.1599999999952
5509 2.123008969116535 110.1799999999952
5510 2.08273545144425 110.1999999999952
5511 2.043098685231418 110.2199999999952
5512 2.003962511210791 110.2399999999952
5513 1.96529413767821 110.2599999999952
5514 1.927588388651918 110.2799999999952
5515 1.890665597412638 110.2999999999952
5516 1.854594812380048 110.3199999999952
5517 1.819267612668408 110.3399999999952
5518 1.78503606532664 110.3599999999952
5519 1.752113196693506 110.3799999999952
5520 1.720268841418153 110.3999999999952
5521 1.689817804096938 110.4199999999952
5522 1.660443658053455 110.4399999999952
5523 1.632819382463118 110.4599999999952
5524 1.606437375900292 110.4799999999952
5525 1.581679195939864 110.4999999999952
5526 1.558714104358356 110.5199999999952
5527 1.537264978273349 110.5399999999951
5528 1.517355272853899 110.5599999999951
5529 1.499532115082826 110.5799999999951
5530 1.483446422793762 110.5999999999951
5531 1.469572573703663 110.6199999999951
5532 1.457687276201832 110.6399999999951
5533 1.447574301823598 110.6599999999951
5534 1.439370347780764 110.6799999999951
5535 1.433271237725113 110.6999999999951
5536 1.429511726477866 110.7199999999951
5537 1.428274492662371 110.7399999999951
5538 1.428728661107084 110.7599999999951
5539 1.431263514756614 110.7799999999951
5540 1.436102103211904 110.7999999999951
5541 1.443214740158956 110.8199999999951
5542 1.452794073880915 110.8399999999951
5543 1.464691003974807 110.8599999999951
5544 1.479026451732929 110.8799999999951
5545 1.495148596749521 110.8999999999951
5546 1.513972555089359 110.9199999999951
5547 1.535242162465584 110.9399999999951
5548 1.557985209132975 110.9599999999951
5549 1.583076950625662 110.9799999999951
5550 1.610642991177064 110.9999999999951
5551 1.639933515114377 111.0199999999951
5552 1.670994419607167 111.039999999995
5553 1.704109064623933 111.059999999995
5554 1.739233898890547 111.079999999995
5555 1.776768277930617 111.099999999995
5556 1.815089337129679 111.119999999995
5557 1.854566683670075 111.139999999995
5558 1.895391579044227 111.159999999995
5559 1.937641864155299 111.179999999995
5560 1.981186040343984 111.199999999995
5561 2.025228901188051 111.219999999995
5562 2.07006832836453 111.239999999995
5563 2.115473392587428 111.259999999995
5564 2.161654623643901 111.279999999995
5565 2.208065296836119 111.299999999995
5566 2.254733506609609 111.319999999995
5567 2.30160052165739 111.339999999995
5568 2.348764274387635 111.359999999995
5569 2.394768890174517 111.379999999995
5570 2.440421372203177 111.399999999995
5571 2.485579886855035 111.419999999995
5572 2.53023016649287 111.439999999995
5573 2.573791091562303 111.459999999995
5574 2.616127424387015 111.479999999995
5575 2.65734252954541 111.499999999995
5576 2.696963205505768 111.519999999995
5577 2.734762128261674 111.5399999999949
5578 2.771135528826161 111.5599999999949
5579 2.805214408514118 111.5799999999949
5580 2.837547040041863 111.5999999999949
5581 2.868035055281805 111.6199999999949
5582 2.896263837369013 111.6399999999949
5583 2.922249478102938 111.6599999999949
5584 2.945709387407437 111.6799999999949
5585 2.966649895425943 111.6999999999949
5586 2.985377856419986 111.7199999999949
5587 3.001547940635037 111.7399999999949
5588 3.015218709143432 111.7599999999949
5589 3.026189584548463 111.7799999999949
5590 3.034516026668327 111.7999999999949
5591 3.040523424327579 111.8199999999949
5592 3.043668178264162 111.8399999999949
5593 3.04412039651992 111.8599999999949
5594 3.042040024511338 111.8799999999949
5595 3.037688154999072 111.8999999999949
5596 3.030738338005373 111.9199999999949
5597 3.021211708529405 111.9399999999949
5598 3.008987699486849 111.9599999999949
5599 2.994726220805017 111.9799999999949
5600 2.97843008623912 111.9999999999949
5601 2.959924451266205 112.0199999999949
5602 2.939153608548876 112.0399999999948
5603 2.916263003417688 112.0599999999948
5604 2.891565403089506 112.0799999999948
5605 2.865208224812686 112.0999999999948
5606 2.837053919650396 112.1199999999948
5607 2.807328648381184 112.1399999999948
5608 2.776277147339397 112.1599999999948
5609 2.743726138535391 112.1799999999948
5610 2.710107635996938 112.1999999999948
5611 2.675184905893249 112.2199999999948
5612 2.639195075988801 112.2399999999948
5613 2.602346418171622 112.2599999999948
5614 2.564662293992782 112.2799999999948
5615 2.526245910981049 112.2999999999948
5616 2.487136689982317 112.3199999999948
5617 2.447588037619371 112.3399999999948
5618 2.407658995276165 112.3599999999948
5619 2.367379312144262 112.3799999999948
5620 2.326886721171161 112.3999999999948
5621 2.286269157738551 112.4199999999948
5622 2.245778296586194 112.4399999999948
5623 2.205295488785144 112.4599999999948
5624 2.165029324674704 112.4799999999948
5625 2.124937192789188 112.4999999999948
5626 2.085233732397066 112.5199999999948
5627 2.046083105178127 112.5399999999947
5628 2.007417863858455 112.5599999999947
5629 1.969491649736294 112.5799999999947
5630 1.932107425174951 112.5999999999947
5631 1.89541297048721 112.6199999999947
5632 1.859637017176855 112.6399999999947
5633 1.824938911981616 112.6599999999947
5634 1.790938991065703 112.6799999999947
5635 1.758018818131488 112.6999999999947
5636 1.726493549192621 112.7199999999947
5637 1.696255871812095 112.7399999999947
5638 1.667241588224209 112.7599999999947
5639 1.639484742892767 112.7799999999947
5640 1.613551160936426 112.7999999999947
5641 1.588656479730143 112.8199999999947
5642 1.565702804555618 112.8399999999947
5643 1.544072100114987 112.8599999999947
5644 1.52475736653532 112.8799999999947
5645 1.507102153596679 112.8999999999947
5646 1.491198132101671 112.9199999999947
5647 1.477643696052286 112.9399999999947
5648 1.465901725451194 112.9599999999947
5649 1.455986447471867 112.9799999999947
5650 1.447939289579339 112.9999999999947
5651 1.44192723406333 113.0199999999947
5652 1.438086629856559 113.0399999999946
5653 1.436583786595808 113.0599999999946
5654 1.437633652437281 113.0799999999946
5655 1.441136776151397 113.0999999999946
5656 1.446548481593099 113.1199999999946
5657 1.453602288083912 113.1399999999946
5658 1.463088233955197 113.1599999999946
5659 1.475082817176996 113.1799999999946
5660 1.490111550589915 113.1999999999946
5661 1.506795867622676 113.2199999999946
5662 1.525770826896994 113.2399999999946
5663 1.546873471727419 113.2599999999946
5664 1.570340921933999 113.2799999999946
5665 1.596199226348133 113.2999999999946
5666 1.62446327084092 113.3199999999946
5667 1.654300425985045 113.3399999999946
5668 1.68604276634515 113.3599999999946
5669 1.719488691399136 113.3799999999946
5670 1.75522461602442 113.3999999999946
5671 1.792614099348374 113.4199999999946
5672 1.831726820409545 113.4399999999946
5673 1.872021355126561 113.4599999999946
5674 1.914070984038521 113.4799999999946
5675 1.957275931711082 113.4999999999946
5676 2.001473874834723 113.5199999999946
5677 2.046186931663085 113.5399999999945
5678 2.09231778169734 113.5599999999945
5679 2.138408213733992 113.5799999999945
5680 2.185558880622666 113.5999999999945
5681 2.232666127277885 113.6199999999945
5682 2.28000217313381 113.6399999999945
5683 2.327486890652296 113.6599999999945
5684 2.374663604756104 113.6799999999945
5685 2.421229286935794 113.6999999999945
5686 2.467582637316671 113.7199999999945
5687 2.513216617300372 113.7399999999945
5688 2.557911255889004 113.7599999999945
5689 2.601619983138826 113.7799999999945
5690 2.644088965971447 113.7999999999945
5691 2.685235461688622 113.8199999999945
5692 2.72479110180051 113.8399999999945
5693 2.762551344439154 113.8599999999945
5694 2.798265771734967 113.8799999999945
5695 2.832161610423416 113.8999999999945
5696 2.864255734643934 113.9199999999945
5697 2.89417381869441 113.9399999999945
5698 2.921513129440115 113.9599999999945
5699 2.946523765235706 113.9799999999945
5700 2.969215247416947 113.9999999999945
5701 2.989446971629329 114.0199999999945
5702 3.00684758305553 114.0399999999944
5703 3.021708715324963 114.0599999999944
5704 3.033881107744117 114.0799999999944
5705 3.04358506985929 114.0999999999944
5706 3.05052485188957 114.1199999999944
5707 3.054929946450729 114.1399999999944
5708 3.056529718647114 114.1599999999944
5709 3.055522954252137 114.1799999999944
5710 3.051895095451849 114.1999999999944
5711 3.045727853735734 114.2199999999944
5712 3.03720959066544 114.2399999999944
5713 3.026131098652818 114.2599999999944
5714 3.012394871842927 114.2799999999944
5715 2.996362533542297 114.2999999999944
5716 2.97844211968332 114.3199999999944
5717 2.958392116431172 114.3399999999944
5718 2.936136550129834 114.3599999999944
5719 2.912009937799791 114.3799999999944
5720 2.88589743538747 114.3999999999944
5721 2.858129485847904 114.4199999999944
5722 2.828826070200291 114.4399999999944
5723 2.797954277525659 114.4599999999944
5724 2.765621377338902 114.4799999999944
5725 2.731918890690135 114.4999999999944
5726 2.696807026197669 114.5199999999944
5727 2.660757595569835 114.5399999999944
5728 2.623716034937872 114.5599999999943
5729 2.585852533872095 114.5799999999943
5730 2.547120592785435 114.5999999999943
5731 2.507875823523561 114.6199999999943
5732 2.467934533487654 114.6399999999943
5733 2.427190972286042 114.6599999999943
5734 2.386238285467793 114.6799999999943
5735 2.345120643431982 114.6999999999943
5736 2.304063176330191 114.7199999999943
5737 2.262939878033237 114.7399999999943
5738 2.222004080162973 114.7599999999943
5739 2.181060624593601 114.7799999999943
5740 2.140212923300048 114.7999999999943
5741 2.099694190478369 114.8199999999943
5742 2.059756261756313 114.8399999999943
5743 2.020441940250981 114.8599999999943
5744 1.981525650209185 114.8799999999943
5745 1.943413122824741 114.8999999999943
5746 1.906171654576882 114.9199999999943
5747 1.869704663255132 114.9399999999943
5748 1.834054623064663 114.9599999999943
5749 1.799408877082175 114.9799999999943
5750 1.765843426327112 114.9999999999943
5751 1.73351258891563 115.0199999999943
5752 1.70245908138174 115.0399999999943
5753 1.672590103503048 115.0599999999942
5754 1.644222648653848 115.0799999999942
5755 1.617398904767555 115.0999999999942
5756 1.59181212781808 115.1199999999942
5757 1.568121189063018 115.1399999999942
5758 1.546030774792819 115.1599999999942
5759 1.525454321026896 115.1799999999942
5760 1.506722807523088 115.1999999999942
5761 1.48985610034052 115.2199999999942
5762 1.47497324441172 115.2399999999942
5763 1.462321983713074 115.2599999999942
5764 1.451483374105235 115.2799999999942
5765 1.442462301284005 115.2999999999942
5766 1.435374622971264 115.3199999999942
5767 1.430678474192821 115.3399999999942
5768 1.428313670446862 115.3599999999942
5769 1.428044242179074 115.3799999999942
5770 1.429745341168093 115.3999999999942
5771 1.433606875169541 115.4199999999942
5772 1.439676473950818 115.4399999999942
5773 1.448265290897102 115.4599999999942
5774 1.459147152715706 115.4799999999942
5775 1.472362431210176 115.4999999999942
5776 1.487914506168314 115.5199999999942
5777 1.505376004514995 115.5399999999942
5778 1.525680267340208 115.5599999999941
5779 1.547903335778569 115.5799999999941
5780 1.571816219513612 115.5999999999941
5781 1.598492887366484 115.6199999999941
5782 1.627074542516636 115.6399999999941
5783 1.65727187401483 115.6599999999941
5784 1.689541226414581 115.6799999999941
5785 1.723781274056277 115.6999999999941
5786 1.760312060262805 115.7199999999941
5787 1.798561452163551 115.7399999999941
5788 1.837320523741685 115.7599999999941
5789 1.877612502309155 115.7799999999941
5790 1.91924214393467 115.7999999999941
5791 1.962443646516987 115.8199999999941
5792 2.006198163928326 115.8399999999941
5793 2.05063986325047 115.8599999999941
5794 2.09580159896717 115.8799999999941
5795 2.141742161048539 115.8999999999941
5796 2.188101075478532 115.9199999999941
5797 2.234713824794736 115.9399999999941
5798 2.281395552678076 115.9599999999941
5799 2.328417230623139 115.9799999999941
5800 2.375156668591128 115.9999999999941
5801 2.420909820852193 116.0199999999941
5802 2.466263021925386 116.0399999999941
5803 2.511078331026666 116.059999999994
5804 2.555246652108218 116.079999999994
5805 2.598177429885109 116.099999999994
5806 2.639625784713048 116.119999999994
5807 2.680221767801 116.139999999994
5808 2.718697122008637 116.159999999994
5809 2.755701798865242 116.179999999994
5810 2.790817197233766 116.199999999994
5811 2.823959044701836 116.219999999994
5812 2.855041703427696 116.239999999994
5813 2.88458988526465 116.259999999994
5814 2.911352470669161 116.279999999994
5815 2.935998553122764 116.299999999994
5816 2.95790388905051 116.319999999994
5817 2.977641108925632 116.339999999994
5818 2.994867254262571 116.359999999994
5819 3.009709836264133 116.379999999994
5820 3.021805023810473 116.399999999994
5821 3.031268345613026 116.419999999994
5822 3.038268558998165 116.439999999994
5823 3.042686991427992 116.459999999994
5824 3.044262129541372 116.479999999994
5825 3.043239833646671 116.499999999994
5826 3.039860820678528 116.519999999994
5827 3.034003509921358 116.539999999994
5828 3.025707971104808 116.5599999999939
5829 3.014483904779074 116.5799999999939
5830 3.001110611916397 116.5999999999939
5831 2.985649592425159 116.6199999999939
5832 2.968152820661935 116.6399999999939
5833 2.948328124219938 116.6599999999939
5834 2.926308898667612 116.6799999999939
5835 2.902373132489407 116.6999999999939
5836 2.876742686852063 116.7199999999939
5837 2.84930520089872 116.7399999999939
5838 2.820221135171779 116.7599999999939
5839 2.78976257861884 116.7799999999939
5840 2.757839020841557 116.7999999999939
5841 2.724632238675032 116.8199999999939
5842 2.690290949818936 116.8399999999939
5843 2.654730304565801 116.8599999999939
5844 2.61823679048661 116.8799999999939
5845 2.580836894928012 116.8999999999939
5846 2.542768072931234 116.9199999999939
5847 2.503956675851764 116.9399999999939
5848 2.464581289132129 116.9599999999939
5849 2.424810296787256 116.9799999999939
5850 2.384632511297466 116.9999999999939
5851 2.344238451136471 117.0199999999939
5852 2.303616030410732 117.0399999999939
5853 2.263088026005288 117.0599999999938
5854 2.222585166222022 117.0799999999938
5855 2.182216290554036 117.0999999999938
5856 2.142028747404685 117.1199999999938
5857 2.102188590341965 117.1399999999938
5858 2.062733449261728 117.1599999999938
5859 2.023907796795467 117.1799999999938
5860 1.985492711985434 117.1999999999938
5861 1.947969352388416 117.2199999999938
5862 1.910911209376839 117.2399999999938
5863 1.874783856139328 117.2599999999938
5864 1.839641918614175 117.2799999999938
5865 1.805290563545245 117.2999999999938
5866 1.771932316971211 117.3199999999938
5867 1.739720127086732 117.3399999999938
5868 1.709030310638207 117.3599999999938
5869 1.679389421934927 117.3799999999938
5870 1.651165802430469 117.3999999999938
5871 1.624297615632403 117.4199999999938
5872 1.599072138420649 117.4399999999938
5873 1.575195908247137 117.4599999999938
5874 1.553032402639887 117.4799999999938
5875 1.532676743300158 117.4999999999938
5876 1.514364654634914 117.5199999999938
5877 1.4976388177556 117.5399999999938
5878 1.483062705462257 117.5599999999937
5879 1.470574239404718 117.5799999999937
5880 1.459831788948016 117.5999999999937
5881 1.451149954581584 117.6199999999937
5882 1.444014624001099 117.6399999999937
5883 1.439349439436427 117.6599999999937
5884 1.436760506052035 117.6799999999937
5885 1.436696452252147 117.6999999999937
5886 1.439183191332902 117.7199999999937
5887 1.443847404254976 117.7399999999937
5888 1.450130246780414 117.7599999999937
5889 1.458520423404534 117.7799999999937
5890 1.46934900379334 117.7999999999937
5891 1.483187438440772 117.8199999999937
5892 1.499138969649161 117.8399999999937
5893 1.517125767458781 117.8599999999937
5894 1.537346237458315 117.8799999999937
5895 1.559850772425475 117.8999999999937
5896 1.584577840062511 117.9199999999937
5897 1.611789032169582 117.9399999999937
5898 1.641151727390242 117.9599999999937
5899 1.671959315339123 117.9799999999937
5900 1.704743018441066 117.9999999999937
5901 1.739390903984826 118.0199999999937
5902 1.776120309073999 118.0399999999937
5903 1.814660416278743 118.0599999999937
5904 1.854202257178233 118.0799999999936
5905 1.895616582449989 118.0999999999936
5906 1.938388843789387 118.1199999999936
5907 1.982199916491051 118.1399999999936
5908 2.026692524269817 118.1599999999936
5909 2.072213824760405 118.1799999999936
5910 2.11831715355481 118.1999999999936
5911 2.165192269496494 118.2199999999936
5912 2.212225794597471 118.2399999999936
5913 2.259574402128466 118.2599999999936
5914 2.306862041769997 118.2799999999936
5915 2.354362721372587 118.2999999999936
5916 2.40115325642104 118.3199999999936
5917 2.447504419338793 118.3399999999936
5918 2.493622072116995 118.3599999999936
5919 2.538676103296369 118.3799999999936
5920 2.582914374983981 118.3999999999936
5921 2.625883878021673 118.4199999999936
5922 2.667730463606244 118.4399999999936
5923 2.707872398226176 118.4599999999936
5924 2.746534765859463 118.4799999999936
5925 2.783115441142737 118.4999999999936
5926 2.817715785637582 118.5199999999936
5927 2.850686205650395 118.5399999999936
5928 2.881568746034672 118.5599999999936
5929 2.910148164972263 118.5799999999935
5930 2.936020769346901 118.5999999999935
5931 2.959728610366898 118.6199999999935
5932 2.981105508561816 118.6399999999935
5933 2.999676222922039 118.6599999999935
5934 3.01566417023531 118.6799999999935
5935 3.029018398548083 118.6999999999935
5936 3.039789826668247 118.7199999999935
5937 3.047924238860498 118.7399999999935
5938 3.053459184836091 118.7599999999935
5939 3.05627287074735 118.7799999999935
5940 3.056318555758946 118.7999999999935
5941 3.053868710932115 118.8199999999935
5942 3.048767134337028 118.8399999999935
5943 3.041328331377164 118.8599999999935
5944 3.031285008375696 118.8799999999935
5945 3.018727799416124 118.8999999999935
5946 3.003587349679624 118.9199999999935
5947 2.986479621738416 118.9399999999935
5948 2.967419065292798 118.9599999999935
5949 2.946031528770781 118.9799999999935
5950 2.922667022318644 118.9999999999935
5951 2.897467448825128 119.0199999999935
5952 2.870377630854211 119.0399999999935
5953 2.841705804661007 119.0599999999935
5954 2.811533053289079 119.0799999999934
5955 2.779801677732308 119.0999999999934
5956 2.746695792999684 119.1199999999934
5957 2.71212421349604 119.1399999999934
5958 2.676485507174184 119.1599999999934
5959 2.639834166093895 119.1799999999934
5960 2.602334586767683 119.1999999999934
5961 2.563943415910101 119.2199999999934
5962 2.524887262821326 119.2399999999934
5963 2.485312521443552 119.2599999999934
5964 2.444862907173527 119.2799999999934
5965 2.403949676961379 119.2999999999934
5966 2.36301407944623 119.3199999999934
5967 2.321840376904881 119.3399999999934
5968 2.280694457300097 119.3599999999934
5969 2.23964100691451 119.3799999999934
5970 2.198709792052947 119.3999999999934
5971 2.157804760294614 119.4199999999934
5972 2.11709419696491 119.4399999999934
5973 2.076883008567744 119.4599999999934
5974 2.037327148393488 119.4799999999934
5975 1.998230519850655 119.4999999999934
5976 1.959678782561262 119.5199999999934
5977 1.922087912665623 119.5399999999934
5978 1.885275434989342 119.5599999999934
5979 1.849317386600117 119.5799999999933
5980 1.814103755153254 119.5999999999933
5981 1.780116283533573 119.6199999999933
5982 1.74727558491463 119.6399999999933
5983 1.7155948866078 119.6599999999933
5984 1.685317518988561 119.6799999999933
5985 1.656153881950561 119.6999999999933
5986 1.628741703317911 119.7199999999933
5987 1.602534274231205 119.7399999999933
5988 1.578042004948952 119.7599999999933
5989 1.55528562511161 119.7799999999933
5990 1.534051320983723 119.7999999999933
5991 1.51438633711342 119.8199999999933
5992 1.496851445931097 119.8399999999933
5993 1.480962886401029 119.8599999999933
5994 1.467452234146257 119.8799999999933
5995 1.455815003666562 119.8999999999933
5996 1.445961443937369 119.9199999999933
5997 1.438007245842859 119.9399999999933
5998 1.432234145333043 119.9599999999933
5999 1.428841574639919 119.9799999999933
6000 1.427829300874059 119.9999999999933
6001 1.428600684082505 120.0199999999933
6002 1.431452637003876 120.0399999999933
6003 1.436599359958366 120.0599999999933
6004 1.4440468765185 120.0799999999932
6005 1.453936574336701 120.0999999999932
6006 1.466172476975792 120.1199999999932
6007 1.480848268506477 120.1399999999932
6008 1.497222160623723 120.1599999999932
6009 1.516423464888205 120.1799999999932
6010 1.537981637576895 120.1999999999932
6011 1.560959909726662 120.2199999999932
6012 1.586424647246422 120.2399999999932
6013 1.614284418163349 120.2599999999932
6014 1.643806850816157 120.2799999999932
6015 1.675116437300802 120.2999999999932
6016 1.708518068460144 120.3199999999932
6017 1.743999578581804 120.3399999999932
6018 1.781757060636433 120.3599999999932
6019 1.820141033871129 120.3799999999932
6020 1.859824504336704 120.3999999999932
6021 1.900852968773932 120.4199999999932
6022 1.943372065108137 120.4399999999932
6023 1.986979454121709 120.4599999999932
6024 2.031086690367942 120.4799999999932
6025 2.076058415017614 120.4999999999932
6026 2.121533208637656 120.5199999999932
6027 2.167832959161826 120.5399999999932
6028 2.214280801591359 120.5599999999932
6029 2.260941435490516 120.5799999999931
6030 2.307836338203046 120.5999999999931
6031 2.354996558734362 120.6199999999931
6032 2.400862712967549 120.6399999999931
6033 2.446506059423901 120.6599999999931
6034 2.491580246290983 120.6799999999931
6035 2.536154982940932 120.6999999999931
6036 2.579576099657115 120.7199999999931
6037 2.62169016414145 120.7399999999931
6038 2.662807310962404 120.7599999999931
6039 2.702140027391 120.7799999999931
6040 2.739733990183009 120.7999999999931
6041 2.775867848801264 120.8199999999931
6042 2.809703658004319 120.8399999999931
6043 2.841723309194885 120.8599999999931
6044 2.872067097692321 120.8799999999931
6045 2.899832111530578 120.8999999999931
6046 2.925598545999558 120.9199999999931
6047 2.948664357297031 120.9399999999931
6048 2.969323750064381 120.9599999999931
6049 2.987719869061563 120.9799999999931
6050 3.003573235502588 120.9999999999931
6051 3.016856506284992 121.0199999999931
6052 3.027482430666732 121.0399999999931
6053 3.035473476663748 121.0599999999931
6054 3.041147429977059 121.079999999993
6055 3.043898441319154 121.099999999993
6056 3.044000782615456 121.119999999993
6057 3.041602358857959 121.139999999993
6058 3.036898944645408 121.159999999993
6059 3.02962805292057 121.179999999993
6060 3.019686101528208 121.199999999993
6061 3.007190929810408 121.219999999993
6062 2.992637231722211 121.239999999993
6063 2.97605008249145 121.259999999993
6064 2.957213177752616 121.279999999993
6065 2.936140825957825 121.299999999993
6066 2.912983483730503 121.319999999993
6067 2.888097290638884 121.339999999993
6068 2.861481886036891 121.359999999993
6069 2.833099922818599 121.379999999993
6070 2.803145161421379 121.399999999993
6071 2.771915251308517 121.419999999993
6072 2.739156596728918 121.439999999993
6073 2.705401745494702 121.459999999993
6074 2.6702963910069 121.479999999993
6075 2.634172526759875 121.499999999993
6076 2.597204307503353 121.519999999993
6077 2.559317139901177 121.539999999993
6078 2.520905127897338 121.559999999993
6079 2.481811255436224 121.5799999999929
6080 2.44208163217156 121.5999999999929
6081 2.402111545115184 121.6199999999929
6082 2.361804361733647 121.6399999999929
6083 2.321283735891394 121.6599999999929
6084 2.280664152669714 121.6799999999929
6085 2.24016274816939 121.6999999999929
6086 2.199705044546159 121.7199999999929
6087 2.159455342947955 121.7399999999929
6088 2.119406298139608 121.7599999999929
6089 2.079779649030725 121.7799999999929
6090 2.040654750315642 121.7999999999929
6091 2.002054665569089 121.8199999999929
6092 1.96423958956307 121.8399999999929
6093 1.926870141604403 121.8599999999929
6094 1.89037075202682 121.8799999999929
6095 1.854666043482306 121.8999999999929
6096 1.820117962892679 121.9199999999929
6097 1.786226084631633 121.9399999999929
6098 1.75346060958761 121.9599999999929
6099 1.722127416938524 121.9799999999929
6100 1.692022673895396 121.9999999999929
6101 1.66322263625429 122.0199999999929
6102 1.635586908937695 122.0399999999929
6103 1.609887193687979 122.0599999999929
6104 1.58517968214995 122.0799999999929
6105 1.562445630371245 122.0999999999928
6106 1.541075124089357 122.1199999999928
6107 1.522025512594269 122.1399999999928
6108 1.504595527486697 122.1599999999928
6109 1.488957247270601 122.1799999999928
6110 1.475680915725458 122.1999999999928
6111 1.46415460717467 122.2199999999928
6112 1.454550601580483 122.2399999999928
6113 1.446665233603708 122.2599999999928
6114 1.440993990133743 122.2799999999928
6115 1.437438141829629 122.2999999999928
6116 1.436230986494713 122.3199999999928
6117 1.43763929468602 122.3399999999928
6118 1.4414460043747 122.3599999999928
6119 1.447022786266981 122.3799999999928
6120 1.454393399318815 122.3999999999928
6121 1.464178429315798 122.4199999999928
6122 1.476619598072624 122.4399999999928
6123 1.491830315855643 122.4599999999928
6124 1.508848597785459 122.4799999999928
6125 1.528103280314663 122.4999999999928
6126 1.549508760314105 122.5199999999928
6127 1.573280191911228 122.5399999999928
6128 1.599475950953029 122.5599999999928
6129 1.628037955416729 122.5799999999928
6130 1.658027769697485 122.5999999999927
6131 1.690082065366223 122.6199999999927
6132 1.723725286153598 122.6399999999927
6133 1.759719282382453 122.6599999999927
6134 1.797378982192558 122.6799999999927
6135 1.836619713826025 122.6999999999927
6136 1.877157756975184 122.7199999999927
6137 1.919376119478179 122.7399999999927
6138 1.962746839384683 122.7599999999927
6139 2.007065985413398 122.7799999999927
6140 2.051908973059407 122.7999999999927
6141 2.09809472305882 122.8199999999927
6142 2.144308330394742 122.8399999999927
6143 2.191460230142112 122.8599999999927
6144 2.238657859475051 122.8799999999927
6145 2.285983959031936 122.8999999999927
6146 2.333515144535593 122.9199999999927
6147 2.380604135914577 122.9399999999927
6148 2.427094704886282 122.9599999999927
6149 2.473446302366627 122.9799999999927
6150 2.51896506457836 122.9999999999927
6151 2.563558693301697 123.0199999999927
6152 2.607077408638085 123.0399999999927
6153 2.649473045053307 123.0599999999927
6154 2.690371633381251 123.0799999999927
6155 2.729761123898889 123.0999999999926
6156 2.767263006325326 123.1199999999926
6157 2.802781996960888 123.1399999999926
6158 2.836412817543279 123.1599999999926
6159 2.868273004854891 123.1799999999926
6160 2.897887062872913 123.1999999999926
6161 2.9248547775834 123.2199999999926
6162 2.949616406118654 123.2399999999926
6163 2.972019508782298 123.2599999999926
6164 2.991887869303949 123.2799999999926
6165 3.008967969579036 123.2999999999926
6166 3.023518878636151 123.3199999999926
6167 3.035319390249756 123.3399999999926
6168 3.04475569511207 123.3599999999926
6169 3.051323965463189 123.3799999999926
6170 3.05537701062515 123.3999999999926
6171 3.056633127792666 123.4199999999926
6172 3.055306976890158 123.4399999999926
6173 3.0513216174625 123.4599999999926
6174 3.044877067734689 123.4799999999926
6175 3.036009796149385 123.4999999999926
6176 3.024586139638963 123.5199999999926
6177 3.010529674140242 123.5399999999926
6178 2.994242087459818 123.5599999999926
6179 2.976057649674811 123.5799999999926
6180 2.955692248809145 123.5999999999925
6181 2.933183709348714 123.6199999999925
6182 2.908826280538006 123.6399999999925
6183 2.882465062947167 123.6599999999925
6184 2.854475776152798 123.6799999999925
6185 2.824964139783914 123.6999999999925
6186 2.793902892375413 123.7199999999925
6187 2.761381165355078 123.7399999999925
6188 2.727506518030427 123.7599999999925
6189 2.692247821366574 123.7799999999925
6190 2.656046993276863 123.7999999999925
6191 2.618892911159 123.8199999999925
6192 2.580900942103127 123.8399999999925
6193 2.542070933932437 123.8599999999925
6194 2.502763770504181 123.8799999999925
6195 2.462708328710168 123.8999999999925
6196 2.421912903255552 123.9199999999925
6197 2.38104234440388 123.9399999999925
6198 2.339898599216274 123.9599999999925
6199 2.298712838380486 123.9799999999925
6200 2.257579723494596 123.9999999999925
6201 2.216660928723167 124.0199999999925
6202 2.175718709903211 124.0399999999925
6203 2.134895936359665 124.0599999999925
6204 2.094422686159796 124.0799999999925
6205 2.054543391002969 124.0999999999924
6206 2.015309758399108 124.1199999999924
6207 1.976448810817709 124.1399999999924
6208 1.938444547452946 124.1599999999924
6209 1.901301922156715 124.1799999999924
6210 1.864945217654193 124.1999999999924
6211 1.829383800650651 124.2199999999924
6212 1.794861988047342 124.2399999999924
6213 1.761446794187759 124.2599999999924
6214 1.729295118242038 124.2799999999924
6215 1.698422066367512 124.2999999999924
6216 1.668632261507791 124.3199999999924
6217 1.640508843848028 124.3399999999924
6218 1.613834209960888 124.3599999999924
6219 1.588452250084076 124.3799999999924
6220 1.564993974112757 124.3999999999924
6221 1.543076795453765 124.4199999999924
6222 1.522698618556062 124.4399999999924
6223 1.504242872326254 124.4599999999924
6224 1.487583673704119 124.4799999999924
6225 1.472996868391182 124.4999999999924
6226 1.460575788255644 124.5199999999924
6227 1.449959779729793 124.5399999999924
6228 1.441177297515717 124.5599999999924
6229 1.434346116259677 124.5799999999924
6230 1.429944880296276 124.5999999999923
6231 1.427902476141508 124.6199999999923
6232 1.427835226833593 124.6399999999923
6233 1.429798274957887 124.6599999999923
6234 1.43396917073301 124.6799999999923
6235 1.440283753238045 124.6999999999923
6236 1.449241927224091 124.7199999999923
6237 1.4603627364858 124.7399999999923
6238 1.473920436631392 124.7599999999923
6239 1.489647401509031 124.7799999999923
6240 1.507495310906419 124.7999999999923
6241 1.528082959320956 124.8199999999923
6242 1.550486244547103 124.8399999999923
6243 1.574728170300207 124.8599999999923
6244 1.601684652805184 124.8799999999923
6245 1.630513993844075 124.8999999999923
6246 1.660947684885502 124.9199999999923
6247 1.693457804821702 124.9399999999923
6248 1.727923688081986 124.9599999999923
6249 1.764769701237755 124.9799999999923
6250 1.803126961154423 124.9999999999923
6251 1.842021808599839 125.0199999999923
6252 1.882512438418997 125.0399999999923
6253 1.924309670663948 125.0599999999923
6254 1.967640495132037 125.0799999999923
6255 2.011479810211459 125.0999999999922
6256 2.056059986987717 125.1199999999922
6257 2.101241609338151 125.1399999999922
6258 2.147315074174209 125.1599999999922
6259 2.193732536040193 125.1799999999922
6260 2.240360460787172 125.1999999999922
6261 2.287055482512061 125.2199999999922
6262 2.334167078348854 125.2399999999922
6263 2.380706972113428 125.2599999999922
6264 2.426467795626025 125.2799999999922
6265 2.471763493331826 125.2999999999922
6266 2.516531163874566 125.3199999999922
6267 2.560550831486397 125.3399999999922
6268 2.603310935593097 125.3599999999922
6269 2.644660388279179 125.3799999999922
6270 2.685036599917183 125.3999999999922
6271 2.723341826223765 125.4199999999922
6272 2.760185502944156 125.4399999999922
6273 2.794984600848928 125.4599999999922
6274 2.827927823111573 125.4799999999922
6275 2.858809387630032 125.4999999999922
6276 2.887997895242511 125.5199999999922
6277 2.914548456006673 125.5399999999922
6278 2.938890086917223 125.5599999999922
6279 2.960517639764729 125.5799999999922
6280 2.979962788664364 125.5999999999921
6281 2.99687236125907 125.6199999999921
6282 3.011404410306405 125.6399999999921
6283 3.023168332091892 125.6599999999921
6284 3.03230023585196 125.6799999999921
6285 3.039025671980434 125.6999999999921
6286 3.043096577570925 125.7199999999921
6287 3.044345243785638 125.7399999999921
6288 3.04301385907741 125.7599999999921
6289 3.03935529289361 125.7799999999921
6290 3.033179771268264 125.7999999999921
6291 3.02453430717873 125.8199999999921
6292 3.013010233442861 125.8399999999921
6293 2.999393375959157 125.8599999999921
6294 2.983676459162929 125.8799999999921
6295 2.965879062664608 125.8999999999921
6296 2.945773183849179 125.9199999999921
6297 2.923489719681861 125.9399999999921
6298 2.899352736955927 125.9599999999921
6299 2.873510161285432 125.9799999999921
6300 2.845840069247838 125.9999999999921
6301 2.816558661367726 126.0199999999921
6302 2.785934298153962 126.0399999999921
6303 2.753828517652836 126.0599999999921
6304 2.720471441693601 126.0799999999921
6305 2.685979761091496 126.0999999999921
6306 2.650278819383945 126.119999999992
6307 2.613674686987303 126.139999999992
6308 2.576163111624855 126.159999999992
6309 2.538006716075148 126.179999999992
6310 2.499120914189028 126.199999999992
6311 2.459675596834012 126.219999999992
6312 2.419850290550592 126.239999999992
6313 2.379635382043522 126.259999999992
6314 2.339214860599573 126.279999999992
6315 2.298574658797961 126.299999999992
6316 2.258034111713626 126.319999999992
6317 2.217553196175288 126.339999999992
6318 2.17720036850386 126.359999999992
6319 2.137019391046028 126.379999999992
6320 2.097220876688931 126.399999999992
6321 2.057818106876301 126.419999999992
6322 2.019047727205551 126.439999999992
6323 1.980722503083709 126.459999999992
6324 1.943271778236188 126.479999999992
6325 1.906276582076949 126.499999999992
6326 1.870268315999904 126.519999999992
6327 1.835255208358814 126.539999999992
6328 1.800992506706519 126.559999999992
6329 1.76774640615796 126.579999999992
6330 1.735725766769272 126.599999999992
6331 1.70516921916756 126.6199999999919
6332 1.675677268875796 126.6399999999919
6333 1.647595534990363 126.6599999999919
6334 1.62095043116931 126.6799999999919
6335 1.59585289583722 126.6999999999919
6336 1.572223490625856 126.7199999999919
6337 1.550200356715397 126.7399999999919
6338 1.530143520048928 126.7599999999919
6339 1.512028472115203 126.7799999999919
6340 1.495482217147385 126.7999999999919
6341 1.481217334232462 126.8199999999919
6342 1.468935802307021 126.8399999999919
6343 1.45841886058923 126.8599999999919
6344 1.44994139240123 126.8799999999919
6345 1.443128181622668 126.8999999999919
6346 1.438642286992591 126.9199999999919
6347 1.436336567620012 126.9399999999919
6348 1.436597311856747 126.9599999999919
6349 1.43934039654315 126.9799999999919
6350 1.44429172224091 126.9999999999919
6351 1.450689978598569 127.0199999999919
6352 1.459449466561863 127.0399999999919
6353 1.470516041044817 127.0599999999919
6354 1.484730489572047 127.0799999999919
6355 1.500884643555049 127.0999999999919
6356 1.519143384561877 127.1199999999918
6357 1.539633215198546 127.1399999999918
6358 1.562403940228507 127.1599999999918
6359 1.587418323432133 127.1799999999918
6360 1.614930997781828 127.1999999999918
6361 1.644441888075233 127.2199999999918
6362 1.675517181297587 127.2399999999918
6363 1.708468077926719 127.2599999999918
6364 1.743415119178175 127.2799999999918
6365 1.780356442396119 127.2999999999918
6366 1.819066641740548 127.3199999999918
6367 1.858778057697088 127.3399999999918
6368 1.900423201925794 127.3599999999918
6369 1.943302916436491 127.3799999999918
6370 1.987227678116492 127.3999999999918
6371 2.0317892688948 127.4199999999918
6372 2.077490054643414 127.4399999999918
6373 2.123589580555159 127.4599999999918
6374 2.170592069563391 127.4799999999918
6375 2.21763679761307 127.4999999999918
6376 2.264976044785569 127.5199999999918
6377 2.312320609020553 127.5399999999918
6378 2.35974932686892 127.5599999999918
6379 2.406504776585763 127.5799999999918
6380 2.452873913895969 127.5999999999918
6381 2.498888882644089 127.6199999999917
6382 2.543843914687106 127.6399999999917
6383 2.587960629226345 127.6599999999917
6384 2.630804131561812 127.6799999999917
6385 2.672489736455639 127.6999999999917
6386 2.712457246453944 127.7199999999917
6387 2.750935556669523 127.7399999999917
6388 2.787265095058443 127.7599999999917
6389 2.821700337235145 127.7799999999917
6390 2.854414336472206 127.7999999999917
6391 2.885061796999116 127.8199999999917
6392 2.913339021782545 127.8399999999917
6393 2.93897592580721 127.8599999999917
6394 2.962401781898301 127.8799999999917
6395 2.983482384029288 127.8999999999917
6396 3.00174530047327 127.9199999999917
6397 3.017442428081377 127.9399999999917
6398 3.030486497164242 127.9599999999917
6399 3.040967837145675 127.9799999999917
6400 3.048783423587981 127.9999999999917
6401 3.054009483564302 128.0199999999917
6402 3.056502330074293 128.0399999999917
6403 3.056251466705435 128.0599999999917
6404 3.053489566426532 128.0799999999917
6405 3.048125612812929 128.0999999999917
6406 3.040379278819757 128.1199999999917
6407 3.03003388200765 128.1399999999917
6408 3.017172355445639 128.1599999999918
6409 3.001762403237791 128.1799999999918
6410 2.984431101678378 128.1999999999918
6411 2.965111700415814 128.2199999999918
6412 2.943480353380158 128.2399999999918
6413 2.919889868497872 128.2599999999918
6414 2.894459937014348 128.2799999999918
6415 2.86716664228289 128.2999999999918
6416 2.838312330824608 128.3199999999918
6417 2.807933858041082 128.3399999999918
6418 2.776050405287048 128.3599999999919
6419 2.742790645801923 128.3799999999919
6420 2.708048927565764 128.3999999999919
6421 2.67228495271018 128.4199999999919
6422 2.635512888198125 128.4399999999919
6423 2.597906354260155 128.4599999999919
6424 2.559395563251145 128.4799999999919
6425 2.520299660137079 128.4999999999919
6426 2.48063458459113 128.5199999999919
6427 2.440091970638186 128.5399999999919
6428 2.399168123344323 128.559999999992
6429 2.35820624420767 128.579999999992
6430 2.317004122265718 128.599999999992
6431 2.275846571634988 128.619999999992
6432 2.234820270985434 128.639999999992
6433 2.193887901790141 128.659999999992
6434 2.152978184356023 128.679999999992
6435 2.112305631079844 128.699999999992
6436 2.072146221319204 128.719999999992
6437 2.032647593416913 128.7399999999921
6438 1.993596214919742 128.7599999999921
6439 1.955158846747223 128.7799999999921
6440 1.917649223894586 128.7999999999921
6441 1.880935235598967 128.8199999999921
6442 1.845057485814596 128.8399999999921
6443 1.809949712691675 128.8599999999921
6444 1.776092856661657 128.8799999999921
6445 1.743382241872192 128.8999999999921
6446 1.711836398337715 128.9199999999921
6447 1.681706663797685 128.9399999999922
6448 1.652714637862393 128.9599999999922
6449 1.625481032555196 128.9799999999922
6450 1.599413349762868 128.9999999999922
6451 1.575140376145655 129.0199999999922
6452 1.552558570948061 129.0399999999922
6453 1.531495743495006 129.0599999999922
6454 1.512052124229121 129.0799999999922
6455 1.494686390872867 129.0999999999922
6456 1.479068391879066 129.1199999999922
6457 1.465802275776219 129.1399999999923
6458 1.454365948430125 129.1599999999923
6459 1.444749581117157 129.1799999999923
6460 1.436996171888038 129.1999999999923
6461 1.431477084997431 129.2199999999923
6462 1.428350493550858 129.2399999999923
6463 1.427556527279298 129.2599999999923
6464 1.428619829901693 129.2799999999923
6465 1.431711405029048 129.2999999999923
6466 1.437111830845384 129.3199999999923
6467 1.444855152195057 129.3399999999924
6468 1.454981690035455 129.3599999999924
6469 1.467481777687528 129.3799999999924
6470 1.482427809142571 129.3999999999924
6471 1.49905876507122 129.4199999999924
6472 1.518533450755951 129.4399999999924
6473 1.540315751799374 129.4599999999924
6474 1.563515765263382 129.4799999999924
6475 1.589281655422086 129.4999999999924
6476 1.617385899789341 129.5199999999925
6477 1.647079301345673 129.5399999999925
6478 1.678607723991439 129.5599999999925
6479 1.712286359381073 129.5799999999925
6480 1.748007513678699 129.5999999999925
6481 1.785938979836718 129.6199999999925
6482 1.824409632401869 129.6399999999925
6483 1.864258743505741 129.6599999999925
6484 1.905424318750078 129.6799999999925
6485 1.948207178777092 129.6999999999925
6486 1.991828309109418 129.7199999999926
6487 2.036018705040206 129.7399999999926
6488 2.081086507017397 129.7599999999926
6489 2.126642997555248 129.7799999999926
6490 2.173012450212193 129.7999999999926
6491 2.219500037472696 129.8199999999926
6492 2.266151936104072 129.8399999999926
6493 2.313074569604291 129.8599999999926
6494 2.360186210070452 129.8799999999926
6495 2.406019973669729 129.8999999999926
6496 2.451624450995987 129.9199999999927
6497 2.496603751711566 129.9399999999927
6498 2.541111932816801 129.9599999999927
6499 2.584406377165886 129.9799999999927
6500 2.626363945242697 129.9999999999927
6501 2.66734823141525 130.0199999999927
6502 2.706478876513743 130.0399999999927
6503 2.743914632455059 130.0599999999927
6504 2.779847496704668 130.0799999999927
6505 2.813465655490265 130.0999999999927
6506 2.845225125783787 130.1199999999928
6507 2.875407894963619 130.1399999999928
6508 2.902900254606241 130.1599999999928
6509 2.928378813405407 130.1799999999928
6510 2.95113643531322 130.1999999999928
6511 2.971573887339711 130.2199999999928
6512 2.989687519779181 130.2399999999928
6513 3.00529041365671 130.2599999999928
6514 3.018242064983327 130.2799999999928
6515 3.028577291320504 130.2999999999928
6516 3.036310156589582 130.3199999999929
6517 3.041679752397159 130.3399999999929
6518 3.04411800550994 130.3599999999929
6519 3.043924924916905 130.3799999999929
6520 3.041264168505009 130.3999999999929
6521 3.036274854724303 130.4199999999929
6522 3.028717221841809 130.4399999999929
6523 3.018469815413646 130.4599999999929
6524 3.005713874520942 130.4799999999929
6525 2.990925477670479 130.499999999993
6526 2.974092987734023 130.519999999993
6527 2.954999305065296 130.539999999993
6528 2.933674782776779 130.559999999993
6529 2.910286854078551 130.579999999993
6530 2.885247798632187 130.599999999993
6531 2.858409173684079 130.619999999993
6532 2.8298110505408 130.639999999993
6533 2.799752916687221 130.659999999993
6534 2.768310123353753 130.679999999993
6535 2.735431024287642 130.6999999999931
6536 2.701516492394342 130.7199999999931
6537 2.666286105413852 130.7399999999931
6538 2.630055313915316 130.7599999999931
6539 2.592969108633927 130.7799999999931
6540 2.55501869381625 130.7999999999931
6541 2.516501339346435 130.8199999999931
6542 2.477356773177379 130.8399999999931
6543 2.437653623055645 130.8599999999931
6544 2.39755200854805 130.8799999999931
6545 2.357216193453342 130.8999999999932
6546 2.316677657820768 130.9199999999932
6547 2.276042709434019 130.9399999999932
6548 2.235551714143103 130.9599999999932
6549 2.195109566962933 130.9799999999932
6550 2.154867363267285 130.9999999999932
6551 2.114862653238734 131.0199999999932
6552 2.075256899729887 131.0399999999932
6553 2.036207940464215 131.0599999999932
6554 1.997639336035731 131.0799999999932
6555 1.959928561163082 131.0999999999933
6556 1.922591022012583 131.1199999999933
6557 1.886209211453588 131.1399999999933
6558 1.850609044399431 131.1599999999933
6559 1.816164041846632 131.1799999999933
6560 1.782363543641831 131.1999999999933
6561 1.749739827045665 131.2199999999933
6562 1.718557464466345 131.2399999999933
6563 1.688571844244475 131.2599999999933
6564 1.659923641519847 131.2799999999934
6565 1.632445671192512 131.2999999999934
6566 1.606900815178162 131.3199999999934
6567 1.582352323143887 131.3399999999934
6568 1.559808185009626 131.3599999999934
6569 1.538686429582942 131.3799999999934
6570 1.519796831921242 131.3999999999934
6571 1.502561068697599 131.4199999999934
6572 1.487186247683243 131.4399999999934
6573 1.474078475848298 131.4599999999934
6574 1.462781256900651 131.4799999999935
6575 1.453391863544708 131.4999999999935
6576 1.445683368280972 131.5199999999935
6577 1.440271659533829 131.5399999999935
6578 1.436996749587584 131.5599999999935
6579 1.436015373110004 131.5799999999935
6580 1.437736142520471 131.5999999999935
6581 1.441726359119964 131.6199999999935
6582 1.447520703606398 131.6399999999935
6583 1.455105656518841 131.6599999999935
6584 1.465146212757277 131.6799999999936
6585 1.477922836157779 131.6999999999936
6586 1.493343148368558 131.7199999999936
6587 1.510594094121418 131.7399999999936
6588 1.530113283070974 131.7599999999936
6589 1.551780802376459 131.7799999999936
6590 1.575803158916469 131.7999999999936
6591 1.602276137636102 131.8199999999936
6592 1.631039305882893 131.8399999999936
6593 1.661226185712977 131.8599999999936
6594 1.693488460020248 131.8799999999937
6595 1.727339610862699 131.8999999999937
6596 1.763532109459318 131.9199999999937
6597 1.801403674295045 131.9399999999937
6598 1.840725151672365 131.9599999999937
6599 1.881492555387481 131.9799999999937
6600 1.923831965794591 131.9999999999937
6601 1.967347860039649 132.0199999999937
6602 2.0117288297806 132.0399999999937
6603 2.056723708947116 132.0599999999937
6604 2.102907467918661 132.0799999999938
6605 2.149273694104462 132.0999999999938
6606 2.196415451045945 132.1199999999938
6607 2.243685396050959 132.1399999999938
6608 2.290967029517864 132.1599999999938
6609 2.33854248342803 132.1799999999938
6610 2.385566411524954 132.1999999999938
6611 2.431984934815278 132.2199999999938
6612 2.478329921114017 132.2399999999938
6613 2.523751291933533 132.2599999999939
6614 2.56825579864137 132.2799999999939
6615 2.611636015357421 132.2999999999939
6616 2.653931895991642 132.3199999999939
6617 2.694639913657797 132.3399999999939
6618 2.733880122083489 132.3599999999939
6619 2.771154967615908 132.3799999999939
6620 2.806439282059615 132.3999999999939
6621 2.839984503951181 132.4199999999939
6622 2.871558247057478 132.4399999999939
6623 2.900951386814138 132.459999999994
6624 2.927629039022561 132.479999999994
6625 2.952163396053301 132.499999999994
6626 2.974316703664333 132.519999999994
6627 2.993881713789971 132.539999999994
6628 3.01069679053104 132.559999999994
6629 3.024988668794276 132.579999999994
6630 3.036526222953892 132.599999999994
6631 3.045634161210828 132.619999999994
6632 3.051959487720902 132.639999999994
6633 3.055718136925084 132.6599999999941
6634 3.056679439866641 132.6799999999941
6635 3.055074894633301 132.6999999999941
6636 3.050817838349256 132.7199999999941
6637 3.044128659428882 132.7399999999941
6638 3.034955077509357 132.7599999999941
6639 3.023263216905151 132.7799999999941
6640 3.008950152238368 132.7999999999941
6641 2.992422656759651 132.8199999999941
6642 2.974033412053324 132.8399999999941
6643 2.953410554895397 132.8599999999942
6644 2.930683130819669 132.8799999999942
6645 2.906146168391166 132.8999999999942
6646 2.879592988801353 132.9199999999942
6647 2.851415891073573 132.9399999999942
6648 2.82173743577467 132.9599999999942
6649 2.790512593385235 132.9799999999942
6650 2.757834912305416 132.9999999999942
6651 2.723817976548116 133.0199999999942
6652 2.688446025676898 133.0399999999943
6653 2.652115369870385 133.0599999999943
6654 2.614873478330189 133.0799999999943
6655 2.576773594584556 133.0999999999943
6656 2.537876972949741 133.1199999999943
6657 2.498501303661866 133.1399999999943
6658 2.458375828079878 133.1599999999943
6659 2.417543690124346 133.1799999999943
6660 2.376546743997628 133.1999999999943
6661 2.335470414628739 133.2199999999943
6662 2.294285854367738 133.2399999999944
6663 2.253142308747948 133.2599999999944
6664 2.212233580986518 133.2799999999944
6665 2.171298725705543 133.2999999999944
6666 2.130495051153098 133.3199999999944
6667 2.090079319584837 133.3399999999944
6668 2.050266748735197 133.3599999999944
6669 2.011061014200008 133.3799999999944
6670 1.972265561793707 133.3999999999944
6671 1.934336144415175 133.4199999999944
6672 1.897292391534803 133.4399999999945
6673 1.861019369508899 133.4599999999945
6674 1.82552693330179 133.4799999999945
6675 1.791130454913744 133.4999999999945
6676 1.757853612057089 133.5199999999945
6677 1.725766943708165 133.5399999999945
6678 1.695062441121533 133.5599999999945
6679 1.665409789980972 133.5799999999945
6680 1.637469163151662 133.5999999999945
6681 1.610919822196456 133.6199999999945
6682 1.585711326857885 133.6399999999946
6683 1.56244988617698 133.6599999999946
6684 1.540689083813912 133.6799999999946
6685 1.520479728014707 133.6999999999946
6686 1.502238194744487 133.7199999999946
6687 1.485767209455144 133.7399999999946
6688 1.471429018819072 133.7599999999946
6689 1.459202576091295 133.7799999999946
6690 1.448768465922289 133.7999999999946
6691 1.440183605732919 133.8199999999946
6692 1.433611054675387 133.8399999999947
6693 1.429393514800158 133.8599999999947
6694 1.427658876885118 133.8799999999947
6695 1.427767650739554 133.8999999999947
6696 1.429916300801489 133.9199999999947
6697 1.434373418837098 133.9399999999947
6698 1.440918762970799 133.9599999999947
6699 1.450131881581405 133.9799999999947
6700 1.461522718766996 133.9999999999947
6701 1.475314440048072 134.0199999999948
6702 1.491212323865031 134.0399999999948
6703 1.509373843963695 134.0599999999948
6704 1.530227399590033 134.0799999999948
6705 1.552744889005555 134.0999999999948
6706 1.577293954849257 134.1199999999948
6707 1.604470640359457 134.1399999999948
6708 1.633506449990556 134.1599999999948
6709 1.664087877828725 134.1799999999948
6710 1.696823254284716 134.1999999999948
6711 1.731533463055972 134.2199999999949
6712 1.768618798165761 134.2399999999949
6713 1.807015887428262 134.2599999999949
6714 1.846099711068876 134.2799999999949
6715 1.886718810229057 134.2999999999949
6716 1.928669387239667 134.3199999999949
6717 1.972096647350001 134.3399999999949
6718 2.016010463149577 134.3599999999949
6719 2.060702852207663 134.3799999999949
6720 2.10591126252786 134.3999999999949
6721 2.152122092715842 134.419999999995
6722 2.1984828575664 134.439999999995
6723 2.245133493133485 134.459999999995
6724 2.291926432125003 134.479999999995
6725 2.339058169496164 134.499999999995
6726 2.385450381408836 134.519999999995
6727 2.431185962799424 134.539999999995
6728 2.476460813358456 134.559999999995
6729 2.521157615509388 134.579999999995
6730 2.565073430711641 134.599999999995
6731 2.607685087000083 134.6199999999951
6732 2.648975893305173 134.6399999999951
6733 2.689115276732792 134.6599999999951
6734 2.727300846998865 134.6799999999951
6735 2.763955239129887 134.6999999999951
6736 2.798517983823516 134.7199999999951
6737 2.831269957605971 134.7399999999951
6738 2.861967372944322 134.7599999999951
6739 2.890915439163178 134.7799999999951
6740 2.917248716173235 134.7999999999952
6741 2.941303457446434 134.8199999999952
6742 2.96270760949167 134.8399999999952
6743 2.981906931979411 134.8599999999952
6744 2.998560065302983 134.8799999999952
6745 3.012817823512209 134.8999999999952
6746 3.024302796088959 134.9199999999952
6747 3.033167311478192 134.9399999999952
6748 3.039645713907944 134.9599999999952
6749 3.043422754443411 134.9799999999952
6750 3.044391300195112 134.9999999999953
6751 3.042795584125776 135.0199999999953
6752 3.03891314732205 135.0399999999953
6753 3.032468513939985 135.0599999999953
6754 3.023510760506308 135.0799999999953
6755 3.011751120838751 135.0999999999953
6756 2.997905089868768 135.1199999999953
6757 2.981974239857083 135.1399999999953
6758 2.963931428235012 135.1599999999953
6759 2.943594889907665 135.1799999999953
6760 2.921094369052089 135.1999999999954
6761 2.896774949439807 135.2199999999954
6762 2.870778438972659 135.2399999999954
6763 2.842938690015798 135.2599999999954
6764 2.813466046427865 135.2799999999954
6765 2.78268942844733 135.2999999999954
6766 2.750423269372065 135.3199999999954
6767 2.716957204756966 135.3399999999954
6768 2.682329323102324 135.3599999999954
6769 2.646509942602735 135.3799999999954
6770 2.609819315080149 135.3999999999955
6771 2.572213222507914 135.4199999999955
6772 2.533993931101969 135.4399999999955
6773 2.495042499430931 135.4599999999955
6774 2.455628928715802 135.4799999999955
6775 2.415664088504025 135.4999999999955
6776 2.375428948457857 135.5199999999955
6777 2.334983597825112 135.5399999999955
6778 2.294325837342489 135.5599999999955
6779 2.253793046177337 135.5799999999956
6780 2.21331478053052 135.5999999999956
6781 2.172982709935844 135.6199999999956
6782 2.132817602746575 135.6399999999956
6783 2.093048791046387 135.6599999999956
6784 2.053703692377339 135.6799999999956
6785 2.014965726783329 135.6999999999956
6786 1.976723396157382 135.7199999999956
6787 1.939321132523516 135.7399999999956
6788 1.902399000539325 135.7599999999956
6789 1.866501369817801 135.7799999999957
6790 1.83157826633899 135.7999999999957
6791 1.797408830893807 135.8199999999957
6792 1.764253470132565 135.8399999999957
6793 1.732399517650478 135.8599999999957
6794 1.701941945253811 135.8799999999957
6795 1.672597227724366 135.8999999999957
6796 1.644615289051636 135.9199999999957
6797 1.618183150159858 135.9399999999957
6798 1.593175473248194 135.9599999999957
6799 1.569759633164085 135.9799999999958
6800 1.547865737916097 135.9999999999958
6801 1.528070900592295 136.0199999999958
6802 1.510089898635378 136.0399999999958
6803 1.493724479687968 136.0599999999958
6804 1.479727123821695 136.0799999999958
6805 1.467612083656008 136.0999999999958
6806 1.45725320609231 136.1199999999958
6807 1.44898487129613 136.1399999999958
6808 1.442342086361905 136.1599999999958
6809 1.438126472737544 136.1799999999959
6810 1.436073754724271 136.1999999999959
6811 1.436600074915379 136.2199999999959
6812 1.439578324423335 136.2399999999959
6813 1.44470664227668 136.2599999999959
6814 1.451296717494443 136.2799999999959
6815 1.460271302765765 136.2999999999959
6816 1.471615228990355 136.3199999999959
6817 1.486146116309151 136.3399999999959
6818 1.502463082533884 136.3599999999959
6819 1.520929941641203 136.379999999996
6820 1.541662179053832 136.399999999996
6821 1.564646182548614 136.419999999996
6822 1.589938043754656 136.439999999996
6823 1.617693131710894 136.459999999996
6824 1.647317627172757 136.479999999996
6825 1.678620092764855 136.499999999996
6826 1.711716224113585 136.519999999996
6827 1.746941210529164 136.539999999996
6828 1.784021588322314 136.5599999999961
6829 1.822876172134439 136.5799999999961
6830 1.862766104375786 136.5999999999961
6831 1.904565392009689 136.6199999999961
6832 1.947572433040518 136.6399999999961
6833 1.991550634131725 136.6599999999961
6834 2.036194741416891 136.6799999999961
6835 2.082054334917769 136.6999999999961
6836 2.12814476220974 136.7199999999961
6837 2.175210967991861 136.7399999999961
6838 2.22228659897763 136.7599999999962
6839 2.269632769018112 136.7799999999962
6840 2.317007991104616 136.7999999999962
6841 2.364410902107184 136.8199999999962
6842 2.411117388289434 136.8399999999962
6843 2.457472560742561 136.8599999999962
6844 2.503374303842258 136.8799999999962
6845 2.5482603510807 136.8999999999962
6846 2.59228161842662 136.9199999999962
6847 2.63500183259395 136.9399999999962
6848 2.676558600235139 136.9599999999963
6849 2.716401260389036 136.9799999999963
6850 2.754673053963391 136.9999999999963
6851 2.790799867587889 137.0199999999963
6852 2.82507293383452 137.0399999999963
6853 2.857610134684521 137.0599999999963
6854 2.88802866032306 137.0799999999963
6855 2.916044571880327 137.0999999999963
6856 2.941486267078004 137.1199999999963
6857 2.964653013894161 137.1399999999963
6858 2.985509834790563 137.1599999999964
6859 3.003499995454314 137.1799999999964
6860 3.018944212560873 137.1999999999964
6861 3.031713716369728 137.2199999999964
6862 3.04194182069895 137.2399999999964
6863 3.049504879794554 137.2599999999964
6864 3.054457106434656 137.2799999999964
6865 3.056661504466121 137.2999999999964
6866 3.056179459906657 137.3199999999964
6867 3.053144308589293 137.3399999999965
6868 3.047543758623979 137.3599999999965
6869 3.039547786964235 137.3799999999965
6870 3.028925859369731 137.3999999999965
6871 3.015825660753409 137.4199999999965
6872 3.000198190959039 137.4399999999965
6873 2.982650915296152 137.4599999999965
6874 2.963118802757817 137.4799999999965
6875 2.941285818167739 137.4999999999965
6876 2.917505063193102 137.5199999999965
6877 2.891877226400985 137.5399999999966
6878 2.864418673172655 137.5599999999966
6879 2.8354022044209 137.5799999999966
6880 2.804857403427503 137.5999999999966
6881 2.772834888742356 137.6199999999966
6882 2.739439158709943 137.6399999999966
6883 2.704569934944729 137.6599999999966
6884 2.668701799954472 137.6799999999966
6885 2.631824465171846 137.6999999999966
6886 2.594124765965059 137.7199999999966
6887 2.555530729081871 137.7399999999967
6888 2.516391842675985 137.7599999999967
6889 2.476646450023622 137.7799999999967
6890 2.436042335246611 137.7999999999967
6891 2.395098099641987 137.8199999999967
6892 2.354097275821819 137.8399999999967
6893 2.31289346320781 137.8599999999967
6894 2.271727732512098 137.8799999999967
6895 2.23071563023391 137.8999999999967
6896 2.189790229631137 137.9199999999967
6897 2.148879313254773 137.9399999999968
6898 2.108247682039976 137.9599999999968
6899 2.068139724473365 137.9799999999968
6900 2.028698728309906 137.9999999999968
6901 1.989678913787372 138.0199999999968
6902 1.951334319423211 138.0399999999968
6903 1.913899406454973 138.0599999999968
6904 1.87725796098109 138.0799999999968
6905 1.84145222045243 138.0999999999968
6906 1.806435219642832 138.1199999999968
6907 1.772686755457522 138.1399999999969
6908 1.740090027929319 138.1599999999969
6909 1.70868006910189 138.1799999999969
6910 1.678654261942441 138.1999999999969
6911 1.649831013711766 138.2199999999969
6912 1.622749212938734 138.2399999999969
6913 1.59679881156716 138.2599999999969
6914 1.572712686293738 138.2799999999969
6915 1.550293060359199 138.2999999999969
6916 1.529371256297677 138.319999999997
6917 1.510134481915951 138.339999999997
6918 1.492917301053259 138.359999999997
6919 1.477513175765412 138.379999999997
6920 1.464439681706408 138.399999999997
6921 1.453196686881213 138.419999999997
6922 1.443777069875849 138.439999999997
6923 1.436200151262496 138.459999999997
6924 1.43092120797347 138.479999999997
6925 1.428049526231504 138.499999999997
6926 1.427423973956181 138.5199999999971
6927 1.428679927143041 138.5399999999971
6928 1.432025221826317 138.5599999999971
6929 1.437643330743447 138.5799999999971
6930 1.445614734559406 138.5999999999971
6931 1.455987615554438 138.6199999999971
6932 1.468700499027633 138.6399999999971
6933 1.483863550327997 138.6599999999971
6934 1.500702923506616 138.6799999999971
6935 1.520462765547852 138.6999999999971
6936 1.54240764909316 138.7199999999972
6937 1.565803821655251 138.7399999999972
6938 1.591865916046762 138.7599999999972
6939 1.620134924488109 138.7799999999972
6940 1.649981476639172 138.7999999999972
6941 1.681706615029494 138.8199999999972
6942 1.715615092401479 138.8399999999972
6943 1.751549515559722 138.8599999999972
6944 1.789618891505672 138.8799999999972
6945 1.828181363275396 138.8999999999972
6946 1.868167500901459 138.9199999999973
6947 1.909511275361224 138.9399999999973
6948 1.952447626661735 138.9599999999973
6949 1.996085467883136 138.9799999999973
6950 2.040348206596605 138.9999999999973
6951 2.085491255835509 139.0199999999973
6952 2.131119339984233 139.0399999999973
6953 2.177531347884359 139.0599999999973
6954 2.224081706126674 139.0799999999973
6955 2.270709895259706 139.0999999999974
6956 2.317678396888486 139.1199999999974
6957 2.364715265677963 139.1399999999974
6958 2.410507125791034 139.1599999999974
6959 2.456088685113774 139.1799999999974
6960 2.500980707420453 139.1999999999974
6961 2.545425931665395 139.2199999999974
6962 2.588618692279561 139.2399999999974
6963 2.63042986483592 139.2599999999974
6964 2.671302570253914 139.2799999999974
6965 2.710246051029156 139.2999999999975
6966 2.747557210593126 139.3199999999975
6967 2.783275535326056 139.3399999999975
6968 2.816731047407075 139.3599999999975
6969 2.848275031463225 139.3799999999975
6970 2.878273758988348 139.3999999999975
6971 2.905550158608528 139.4199999999975
6972 2.930802402719507 139.4399999999975
6973 2.95328247055068 139.4599999999975
6974 2.973518655778423 139.4799999999975
6975 2.991382370723475 139.4999999999976
6976 3.00674476421103 139.5199999999976
6977 3.01943955609775 139.5399999999976
6978 3.029513664023884 139.5599999999976
6979 3.037021404897522 139.5799999999976
6980 3.042114878624481 139.5999999999976
6981 3.044299770937931 139.6199999999976
6982 3.043850972361186 139.6399999999976
6983 3.04094831819266 139.6599999999976
6984 3.035706734523892 139.6799999999976
6985 3.027903667927891 139.6999999999977
6986 3.017381823813194 139.7199999999977
6987 3.004428668677349 139.7399999999977
6988 2.989408135307723 139.7599999999977
6989 2.972361038987782 139.7799999999977
6990 2.953052123861677 139.7999999999977
6991 2.931518470804348 139.8199999999977
6992 2.907964939018923 139.8399999999977
6993 2.882750049413712 139.8599999999977
6994 2.855727881214178 139.8799999999978
6995 2.826977140877516 139.8999999999978
6996 2.796785780657028 139.9199999999978
6997 2.765184907606749 139.9399999999978
6998 2.732185872789798 139.9599999999978
6999 2.698147456862181 139.9799999999978
7000 2.662807238213069 139.9999999999978
7001 2.626478789382081 140.0199999999978
7002 2.589306803817247 140.0399999999978
7003 2.55128608323026 140.0599999999978
7004 2.512691519084471 140.0799999999979
7005 2.473498106401093 140.0999999999979
7006 2.433740351149421 140.1199999999979
7007 2.393613240319303 140.1399999999979
7008 2.353252287319871 140.1599999999979
7009 2.312685575566869 140.1799999999979
7010 2.272059754466575 140.1999999999979
7011 2.231566662973742 140.2199999999979
7012 2.191142596581136 140.2399999999979
7013 2.150913665725833 140.2599999999979
7014 2.110947296429484 140.279999999998
7015 2.07136921680191 140.299999999998
7016 2.032390303185389 140.319999999998
7017 1.993856917948269 140.339999999998
7018 1.956124090884395 140.359999999998
7019 1.918937458940721 140.379999999998
7020 1.882623447454131 140.399999999998
7021 1.847152325337281 140.419999999998
7022 1.812743934599296 140.439999999998
7023 1.779077628112433 140.459999999998
7024 1.746560303983372 140.4799999999981
7025 1.715507499098738 140.4999999999981
7026 1.685628126424908 140.5199999999981
7027 1.65710130670268 140.5399999999981
7028 1.629767789396344 140.5599999999981
7029 1.60435885756293 140.5799999999981
7030 1.579966695552019 140.5999999999981
7031 1.557568968443309 140.6199999999981
7032 1.536674223195482 140.6399999999981
7033 1.51792356240836 140.6599999999981
7034 1.500858230183698 140.6799999999982
7035 1.48571316194308 140.6999999999982
7036 1.472763750279183 140.7199999999982
7037 1.461660964861572 140.7399999999982
7038 1.452454220756046 140.7599999999982
7039 1.44490947714958 140.7799999999982
7040 1.439707259406874 140.7999999999982
7041 1.436687640359062 140.8199999999982
7042 1.435972861331007 140.8399999999982
7043 1.437898674792349 140.8599999999983
7044 1.442069912055822 140.8799999999983
7045 1.447988214847286 140.8999999999983
7046 1.4558236244511 140.9199999999983
7047 1.466057056420826 140.9399999999983
7048 1.479152126337583 140.9599999999983
7049 1.494774684177495 140.9799999999983
7050 1.512194873713431 140.9999999999983
7051 1.531960062562729 141.0199999999983
7052 1.553855857972092 141.0399999999983
7053 1.578094067174357 141.0599999999984
7054 1.604779273741757 141.0799999999984
7055 1.633722023936854 141.0999999999984
7056 1.66409979781145 141.1199999999984
7057 1.696513580861907 141.1399999999984
7058 1.730583608504806 141.1599999999984
7059 1.766923484001538 141.1799999999984
7060 1.805016358826226 141.1999999999984
7061 1.844388198410093 141.2199999999984
7062 1.885339719851792 141.2399999999984
7063 1.92782878096648 141.2599999999985
7064 1.971420898219911 141.2799999999985
7065 2.015864042755397 141.2999999999985
7066 2.06098756943762 141.3199999999985
7067 2.107172624371231 141.3399999999985
7068 2.153680143670671 141.3599999999985
7069 2.200804738504537 141.3799999999985
7070 2.248125816351584 141.3999999999985
7071 2.2953822757129 141.4199999999985
7072 2.342989455363884 141.4399999999985
7073 2.389936472501732 141.4599999999986
7074 2.436325633520978 141.4799999999986
7075 2.48262941575183 141.4999999999986
7076 2.52796464860971 141.5199999999986
7077 2.572401300493869 141.5399999999986
7078 2.615654453408449 141.5599999999986
7079 2.657856203593814 141.5799999999986
7080 2.698400597769213 141.5999999999986
7081 2.737487555370886 141.6199999999986
7082 2.774572872963219 141.6399999999987
7083 2.809691475951155 141.6599999999987
7084 2.843060319708361 141.6799999999987
7085 2.874454759588383 141.6999999999987
7086 2.90363193773028 141.7199999999987
7087 2.930066574182336 141.7399999999987
7088 2.954383205580783 141.7599999999987
7089 2.976318614190864 141.7799999999987
7090 2.995611016874942 141.7999999999987
7091 3.012208052850688 141.8199999999987
7092 3.026244142232376 141.8399999999988
7093 3.037554034606698 141.8599999999988
7094 3.046405322513849 141.8799999999988
7095 3.052499325928442 141.8999999999988
7096 3.056000100262083 141.9199999999988
7097 3.056696698014623 141.9399999999988
7098 3.054851291332525 141.9599999999988
7099 3.050344703091078 141.9799999999988
7100 3.043446664827431 141.9999999999988
7101 3.034022637494009 142.0199999999988
7102 3.022080122877092 142.0399999999989
7103 3.007543270457498 142.0599999999989
7104 2.990826803890593 142.0799999999989
7105 2.972243708410473 142.0999999999989
7106 2.951398178418757 142.1199999999989
7107 2.928486019310143 142.1399999999989
7108 2.903777044929452 142.1599999999989
7109 2.877071754131807 142.1799999999989
7110 2.848728097741509 142.1999999999989
7111 2.818892866964754 142.2199999999989
7112 2.78753422845383 142.239999999999
7113 2.754725149573089 142.259999999999
7114 2.720571468372399 142.279999999999
7115 2.685107744088119 142.299999999999
7116 2.64866966809991 142.319999999999
7117 2.611350407840143 142.339999999999
7118 2.573154631386882 142.359999999999
7119 2.534205613313917 142.379999999999
7120 2.494772944503254 142.399999999999
7121 2.454564697879361 142.419999999999
7122 2.413712089548408 142.4399999999991
7123 2.372699373216868 142.4599999999991
7124 2.33160245705894 142.4799999999991
7125 2.290411649110261 142.4999999999991
7126 2.249270951650316 142.5199999999991
7127 2.208369741902686 142.5399999999991
7128 2.167439563196667 142.5599999999991
7129 2.126654195556081 142.5799999999991
7130 2.086292380009432 142.5999999999991
7131 2.046525858286474 142.6199999999992
7132 2.007365867773053 142.6399999999992
7133 1.968632544115681 142.6599999999992
7134 1.930774921615279 142.6799999999992
7135 1.89379568393263 142.6999999999992
7136 1.85760654196549 142.7199999999992
7137 1.822180047006477 142.7399999999992
7138 1.787885046802082 142.7599999999992
7139 1.754722512298326 142.7799999999992
7140 1.722737154743198 142.7999999999992
7141 1.692165774901782 142.8199999999993
7142 1.662624974169319 142.8399999999993
7143 1.634848988347662 142.8599999999993
7144 1.608402128690519 142.8799999999993
7145 1.583383665655627 142.8999999999993
7146 1.560256061041353 142.9199999999993
7147 1.538647803371547 142.9399999999993
7148 1.518579052002523 142.9599999999993
7149 1.500533473626775 142.9799999999993
7150 1.484233308419158 142.9999999999993
7151 1.470121014297491 143.0199999999994
7152 1.458055570860847 143.0399999999994
7153 1.447764133014805 143.0599999999994
7154 1.439378214193046 143.0799999999994
7155 1.433001251563882 143.0999999999994
7156 1.429002657448596 143.1199999999994
7157 1.427521735783343 143.1399999999994
7158 1.42781983461851 143.1599999999994
7159 1.430121446420943 143.1799999999994
7160 1.434800229899361 143.1999999999994
7161 1.441592288754319 143.2199999999995
7162 1.450986833787719 143.2399999999995
7163 1.462611125042654 143.2599999999995
7164 1.476675488656901 143.2799999999995
7165 1.49266461101281 143.2999999999995
7166 1.511129949278255 143.3199999999995
7167 1.532207008503999 143.3399999999995
7168 1.554846674084068 143.3599999999995
7169 1.579642404328099 143.3799999999995
7170 1.607028882538946 143.3999999999996
7171 1.636207334987269 143.4199999999996
7172 1.666999643416206 143.4399999999996
7173 1.699923548511493 143.4599999999996
7174 1.734787937884318 143.4799999999996
7175 1.772128259061057 143.4999999999996
7176 1.810527657444718 143.5199999999996
7177 1.849788168536721 143.5399999999996
7178 1.890527356320278 143.5599999999996
7179 1.932608521556064 143.5799999999996
7180 1.976127920352039 143.5999999999997
7181 2.020104935577323 143.6199999999997
7182 2.064874539127302 143.6399999999997
7183 2.110190110686944 143.6599999999997
7184 2.156410063824164 143.6799999999997
7185 2.202770040196968 143.6999999999997
7186 2.249478063227964 143.7199999999997
7187 2.296298788621204 143.7399999999997
7188 2.343452268321221 143.7599999999997
7189 2.389695501262473 143.7799999999997
7190 2.435421262229726 143.7999999999998
7191 2.480660831166181 143.8199999999998
7192 2.525318998319348 143.8399999999998
7193 2.569107164425491 143.8599999999998
7194 2.611588356402121 143.8799999999998
7195 2.652844423324297 143.8999999999998
7196 2.692765904101078 143.9199999999998
7197 2.730810821640111 143.9399999999998
7198 2.767328105062788 143.9599999999998
7199 2.801694080462894 143.9799999999998
7200 2.834245092433289 143.9999999999999
7201 2.864824200846814 144.0199999999999
7202 2.893504227660129 144.0399999999999
7203 2.919642845730294 144.0599999999999
7204 2.943438137706697 144.0799999999999
7205 2.964635957178393 144.0999999999999
7206 2.983611928057627 144.1199999999999
7207 3.000060213063277 144.1399999999999
7208 3.014044702686285 144.1599999999999
7209 3.025288654958231 144.1799999999999
7210 3.033907578152088 144.2
7211 3.040176031369107 144.22
7212 3.0436710111739 144.24
7213 3.044402433907723 144.26
7214 3.042564928724868 144.28
7215 3.038476000370675 144.3
7216 3.031803893453175 144.32
7217 3.0225620389718 144.34
7218 3.010600325338216 144.36
7219 2.996549377020661 144.3800000000001
7220 2.980432644648585 144.4000000000001
7221 2.962169587634924 144.4200000000001
7222 2.941617246355264 144.4400000000001
7223 2.918932957800719 144.4600000000001
7224 2.894453927959918 144.4800000000001
7225 2.868303690264831 144.5000000000001
7226 2.840300475801201 144.5200000000001
7227 2.810701674654204 144.5400000000001
7228 2.779774767373559 144.5600000000001
7229 2.747375889570724 144.5800000000002
7230 2.713796084333283 144.6000000000002
7231 2.679057465028133 144.6200000000002
7232 2.643136183500144 144.6400000000002
7233 2.606361715896654 144.6600000000002
7234 2.568681153085104 144.6800000000002
7235 2.530400971899887 144.7000000000002
7236 2.491398898718506 144.7200000000002
7237 2.451924718509219 144.7400000000002
7238 2.411929785624023 144.7600000000002
7239 2.3716732384666 144.7800000000003
7240 2.331205249507083 144.8000000000003
7241 2.290542887295025 144.8200000000003
7242 2.250008191352948 144.8400000000003
7243 2.209539838280292 144.8600000000003
7244 2.169225237718396 144.8800000000003
7245 2.129076333278009 144.9000000000003
7246 2.089334147782054 144.9200000000003
7247 2.050058264327919 144.9400000000003
7248 2.011346946696082 144.9600000000003
7249 1.973167449498241 144.9800000000004
7250 1.935804890622631 145.0000000000004
7251 1.898977735575921 145.0200000000004
7252 1.863154554534696 145.0400000000004
7253 1.828332446269412 145.0600000000004
7254 1.794242003349081 145.0800000000004
7255 1.761169362459495 145.1000000000004
7256 1.729448519645502 145.1200000000004
7257 1.699094881032829 145.1400000000004
7258 1.669882634836482 145.1600000000005
7259 1.642000757702658 145.1800000000005
7260 1.615753499345286 145.2000000000005
7261 1.590815335949217 145.2200000000005
7262 1.567600646617678 145.2400000000005
7263 1.545818012196168 145.2600000000005
7264 1.526274849700601 145.2800000000005
7265 1.50840441390283 145.3000000000005
7266 1.492206795354668 145.3200000000005
7267 1.478439818418052 145.3400000000005
7268 1.466483563542903 145.3600000000006
7269 1.45631175932893 145.3800000000006
7270 1.448179276886548 145.4000000000006
7271 1.441757313869203 145.4200000000006
7272 1.437715388865481 145.4400000000006
7273 1.435913444794676 145.4600000000006
7274 1.436671047456039 145.4800000000006
7275 1.43986485966245 145.5000000000006
7276 1.445121090615157 145.5200000000006
7277 1.451907518744454 145.5400000000006
7278 1.46106664811399 145.5600000000007
7279 1.472704989249592 145.5800000000007
7280 1.487452451545345 145.6000000000007
7281 1.503937701295946 145.6200000000007
7282 1.5226513480319 145.6400000000007
7283 1.543520637923659 145.6600000000007
7284 1.566726580848945 145.6800000000007
7285 1.592291909008432 145.7000000000007
7286 1.620219878037326 145.7200000000007
7287 1.649979199752882 145.7400000000007
7288 1.681459046991999 145.7600000000008
7289 1.71470817562933 145.7800000000008
7290 1.750146662516714 145.8000000000008
7291 1.787377115522932 145.8200000000008
7292 1.826341968482294 145.8400000000008
7293 1.866400123909754 145.8600000000008
7294 1.908335556197754 145.8800000000008
7295 1.951411977169513 145.9000000000008
7296 1.995515350622259 145.9200000000008
7297 2.040184592734755 145.9400000000009
7298 2.086175976833998 145.9600000000009
7299 2.13226151955761 145.9800000000009
7300 2.17937890399336 146.0000000000009
7301 2.226469262686399 146.0200000000009
7302 2.273826779727543 146.0400000000009
7303 2.321278352285659 146.0600000000009
7304 2.368600459922622 146.0800000000009
7305 2.415249531566785 146.1000000000009
7306 2.461619165794683 146.1200000000009
7307 2.507432878387896 146.140000000001
7308 2.552244217569192 146.160000000001
7309 2.59614169257151 146.180000000001
7310 2.638760681633769 146.200000000001
7311 2.680183353086346 146.220000000001
7312 2.719933022074196 146.240000000001
7313 2.758001077297341 146.260000000001
7314 2.79400322060822 146.280000000001
7315 2.828069740710096 146.300000000001
7316 2.860452601119197 146.320000000001
7317 2.890662165509547 146.3400000000011
7318 2.918425377770805 146.3600000000011
7319 2.943705431027143 146.3800000000011
7320 2.966637249293379 146.4000000000011
7321 2.987278084286514 146.4200000000011
7322 3.005029282825208 146.4400000000011
7323 3.02024736921384 146.4600000000011
7324 3.032779025145268 146.4800000000011
7325 3.042785250522317 146.5000000000011
7326 3.050090121949295 146.5200000000011
7327 3.054814002523109 146.5400000000012
7328 3.056759674330082 146.5600000000012
7329 3.056063974284349 146.5800000000012
7330 3.052811050561609 146.6000000000012
7331 3.046962875498421 146.6200000000012
7332 3.038737689537205 146.6400000000012
7333 3.027906246962787 146.6600000000012
7334 3.014562358339801 146.6800000000012
7335 2.998745113054576 146.7000000000012
7336 2.98102198833947 146.7200000000012
7337 2.961278440360308 146.7400000000013
7338 2.939270397189831 146.7600000000013
7339 2.915327024584126 146.7800000000013
7340 2.88951475198269 146.8000000000013
7341 2.861908402366477 146.8200000000013
7342 2.83275149739309 146.8400000000013
7343 2.802065737389973 146.8600000000013
7344 2.769917244735516 146.8800000000013
7345 2.736399748044438 146.9000000000013
7346 2.701415848405245 146.9200000000014
7347 2.665448802458512 146.9400000000014
7348 2.628499071468873 146.9600000000014
7349 2.590717977550727 146.9800000000014
7350 2.552054140295897 147.0000000000014
7351 2.512853389080576 147.0200000000014
7352 2.473046922344435 147.0400000000014
7353 2.432383058425548 147.0600000000014
7354 2.391426573647666 147.0800000000014
7355 2.350411203033703 147.1000000000014
7356 2.309202154975475 147.1200000000015
7357 2.268030218779222 147.1400000000015
7358 2.227033743086911 147.1600000000015
7359 2.186110278709714 147.1800000000015
7360 2.145209244308258 147.2000000000015
7361 2.104609732370661 147.2200000000015
7362 2.064555739472873 147.2400000000015
7363 2.025165104412923 147.2600000000015
7364 1.986167448368805 147.2800000000015
7365 1.947916930665909 147.3000000000015
7366 1.910545448587101 147.3200000000016
7367 1.873978039914551 147.3400000000016
7368 1.838234629752146 147.3600000000016
7369 1.803379015568431 147.3800000000016
7370 1.769655917232337 147.4000000000016
7371 1.737162411551061 147.4200000000016
7372 1.705878031602753 147.4400000000016
7373 1.675933659353408 147.4600000000016
7374 1.647276569973069 147.4800000000016
7375 1.620323895373067 147.5000000000016
7376 1.594487861663326 147.5200000000017
7377 1.570578140264928 147.5400000000017
7378 1.54829261731477 147.5600000000017
7379 1.527512387656271 147.5800000000017
7380 1.508453399907288 147.6000000000017
7381 1.491384492860636 147.6200000000017
7382 1.476174836002003 147.6400000000017
7383 1.463279466888045 147.6600000000017
7384 1.452203221095031 147.6800000000017
7385 1.442950101628005 147.7000000000018
7386 1.435546509060787 147.7200000000018
7387 1.430496878141708 147.7400000000018
7388 1.427846389307806 147.7600000000018
7389 1.427365187560867 147.7800000000018
7390 1.42881095980561 147.8000000000018
7391 1.432372971448216 147.8200000000018
7392 1.438179019697724 147.8400000000018
7393 1.446395706509954 147.8600000000018
7394 1.456977997613412 147.8800000000018
7395 1.469898862661467 147.9000000000019
7396 1.485219646354514 147.9200000000019
7397 1.502289878953718 147.9400000000019
7398 1.522281269865641 147.9600000000019
7399 1.544373069601369 147.9800000000019
7400 1.567943962760387 148.0000000000019
7401 1.594285883948385 148.0200000000019
7402 1.62270289471742 148.0400000000019
7403 1.652702127729176 148.0600000000019
7404 1.684631845433331 148.0800000000019
7405 1.718694018106898 148.100000000002
7406 1.754846242888638 148.120000000002
7407 1.79302227636551 148.140000000002
7408 1.831674428346874 148.160000000002
7409 1.871791997871051 148.180000000002
7410 1.913267304391893 148.200000000002
7411 1.956319065532877 148.220000000002
7412 2.000007749251079 148.240000000002
7413 2.044348835483604 148.260000000002
7414 2.08951986231428 148.280000000002
7415 2.135269215490899 148.3000000000021
7416 2.181673345478091 148.3200000000021
7417 2.228257765170518 148.3400000000021
7418 2.274907711651724 148.3600000000021
7419 2.32189837299123 148.3800000000021
7420 2.36885844485487 148.4000000000021
7421 2.414643539587578 148.4200000000021
7422 2.460170582527285 148.4400000000021
7423 2.505001981291404 148.4600000000021
7424 2.54936499176411 148.4800000000021
7425 2.592469824454777 148.5000000000022
7426 2.634146588570005 148.5200000000022
7427 2.674910544193287 148.5400000000022
7428 2.713711248666474 148.5600000000022
7429 2.75085429588807 148.5800000000022
7430 2.786399367086486 148.6000000000022
7431 2.819671594370269 148.6200000000022
7432 2.851054967721438 148.6400000000022
7433 2.880897606853837 148.6600000000022
7434 2.907952312063162 148.6800000000023
7435 2.932994007522844 148.7000000000023
7436 2.955233141289966 148.7200000000023
7437 2.975275202467802 148.7400000000023
7438 2.992909295634093 148.7600000000023
7439 3.008049982040373 148.7800000000023
7440 3.02051413921617 148.8000000000023
7441 3.03033679337097 148.8200000000023
7442 3.037643587999908 148.8400000000023
7443 3.042476527088295 148.8600000000023
7444 3.044432705991051 148.8800000000024
7445 3.043749663977164 148.9000000000024
7446 3.040635704114956 148.9200000000024
7447 3.035162333942031 148.9400000000024
7448 3.027154678858449 148.9600000000024
7449 3.016374607054971 148.9800000000024
7450 3.003221135912479 149.0000000000024
7451 2.988020716777708 149.0200000000024
7452 2.970775958642654 149.0400000000024
7453 2.951271429846157 149.0600000000024
7454 2.929540163766431 149.0800000000025
7455 2.905831069879723 149.1000000000025
7456 2.880457833125863 149.1200000000025
7457 2.853268390273928 149.1400000000025
7458 2.824377889372106 149.1600000000025
7459 2.794060812679173 149.1800000000025
7460 2.762319827989966 149.2000000000025
7461 2.729214663370225 149.2200000000025
7462 2.695058498306091 149.2400000000025
7463 2.65962448963251 149.2600000000025
7464 2.623213679337596 149.2800000000026
7465 2.585960076584294 149.3000000000026
7466 2.547873362192464 149.3200000000026
7467 2.509216002633442 149.3400000000026
7468 2.46997613886318 149.3600000000026
7469 2.430170363340386 149.3800000000026
7470 2.390024725292566 149.4000000000026
7471 2.349641593778567 149.4200000000026
7472 2.309063343445644 149.4400000000026
7473 2.268435279758653 149.4600000000027
7474 2.227938342801632 149.4800000000027
7475 2.187537977931869 149.5000000000027
7476 2.147320078552852 149.5200000000027
7477 2.107382913910776 149.5400000000027
7478 2.067842050145025 149.5600000000027
7479 2.028919753729415 149.5800000000027
7480 1.99041818024845 149.6000000000027
7481 1.952762923428885 149.6200000000027
7482 1.91562468570991 149.6400000000027
7483 1.879376578425082 149.6600000000028
7484 1.844028046351145 149.6800000000028
7485 1.80963981433177 149.7000000000028
7486 1.776093588373563 149.7200000000028
7487 1.743681719515333 149.7400000000028
7488 1.712754582752357 149.7600000000028
7489 1.682972240067185 149.7800000000028
7490 1.654560538913275 149.8000000000028
7491 1.627374625339644 149.8200000000028
7492 1.602062212988057 149.8400000000028
7493 1.577835829810765 149.8600000000029
7494 1.555539136633385 149.8800000000029
7495 1.534881581818218 149.9000000000029
7496 1.516265033086269 149.9200000000029
7497 1.499344799529055 149.9400000000029
7498 1.484400870473291 149.9600000000029
7499 1.471636017199492 149.9800000000029
7500 1.46062933670436 150.0000000000029
7501 1.451660877039793 150.0200000000029
7502 1.44424772471049 150.0400000000029
7503 1.439253740190028 150.060000000003
7504 1.436451557896357 150.080000000003
7505 1.435952346233587 150.100000000003
7506 1.438103774775385 150.120000000003
7507 1.442420172686042 150.140000000003
7508 1.448528078689567 150.160000000003
7509 1.456522307089074 150.180000000003
7510 1.466971324027713 150.200000000003
7511 1.48036664687834 150.220000000003
7512 1.496087961747658 150.2400000000031
7513 1.513769246577569 150.2600000000031
7514 1.533682965177514 150.2800000000031
7515 1.555838037599319 150.3000000000031
7516 1.580263295913719 150.3200000000031
7517 1.607143818620398 150.3400000000031
7518 1.636223768353239 150.3600000000031
7519 1.666817906739704 150.3800000000031
7520 1.699339281520159 150.4000000000031
7521 1.733627228638721 150.4200000000031
7522 1.770119442860874 150.4400000000032
7523 1.808375041985488 150.4600000000032
7524 1.847811210275363 150.4800000000032
7525 1.888946872842791 150.5000000000032
7526 1.931542143918011 150.5200000000032
7527 1.975229370662494 150.5400000000032
7528 2.019693707177039 150.5600000000032
7529 2.064955426398394 150.5800000000032
7530 2.111131981953683 150.6000000000032
7531 2.157779441217943 150.6200000000032
7532 2.204873997416237 150.6400000000033
7533 2.252237536758151 150.6600000000033
7534 2.299460034670825 150.6800000000033
7535 2.347083368974165 150.7000000000033
7536 2.393977297811595 150.7200000000033
7537 2.440347566639204 150.7400000000033
7538 2.486602199808559 150.7600000000033
7539 2.531856082692498 150.7800000000033
7540 2.576220191482681 150.8000000000033
7541 2.61936407966946 150.8200000000033
7542 2.661469394312684 150.8400000000034
7543 2.701871258720437 150.8600000000034
7544 2.740807885139308 150.8800000000034
7545 2.777742336897928 150.9000000000034
7546 2.812672953854639 150.9200000000034
7547 2.845886639861656 150.9400000000034
7548 2.877113712227252 150.9600000000034
7549 2.906090503504196 150.9800000000034
7550 2.932315511947182 151.0000000000034
7551 2.956414378713917 151.0200000000034
7552 2.978139882591515 151.0400000000035
7553 2.99718935950991 151.0600000000035
7554 3.013576252621493 151.0800000000035
7555 3.027372263920609 151.1000000000035
7556 3.03848097795416 151.1200000000035
7557 3.04709169193579 151.1400000000035
7558 3.052959426702726 151.1600000000035
7559 3.056224069488839 151.1800000000035
7560 3.056693259118535 151.2000000000035
7561 3.054618898619465 151.2200000000036
7562 3.049893112285986 151.2400000000036
7563 3.042792617958449 151.2600000000036
7564 3.03314032063642 151.2800000000036
7565 3.020978184313269 151.3000000000036
7566 3.006198867181995 151.3200000000036
7567 2.98935913712416 151.3400000000036
7568 2.970570979803079 151.3600000000036
7569 2.949530624282569 151.3800000000036
7570 2.926452798836415 151.4000000000036
7571 2.901585993515469 151.4200000000037
7572 2.874730479774307 151.4400000000037
7573 2.846237505184801 151.4600000000037
7574 2.8162671732936 151.4800000000037
7575 2.784786852873561 151.5000000000037
7576 2.751853293140277 151.5200000000037
7577 2.717562683768952 151.5400000000037
7578 2.682025152503423 151.5600000000037
7579 2.645492340712336 151.5800000000037
7580 2.608099617135501 151.6000000000037
7581 2.569821252969984 151.6200000000038
7582 2.530825331588951 151.6400000000038
7583 2.491336034786716 151.6600000000038
7584 2.45105802252735 151.6800000000038
7585 2.410173713908732 151.7000000000038
7586 2.369249807819761 151.7200000000038
7587 2.32804441344062 151.7400000000038
7588 2.286846817813393 151.7600000000038
7589 2.245714800289013 151.7800000000038
7590 2.204818262563551 151.8000000000038
7591 2.163892878906716 151.8200000000039
7592 2.123126314019886 151.8400000000039
7593 2.082813432249871 151.8600000000039
7594 2.043099157010452 151.8800000000039
7595 2.003977501474146 151.9000000000039
7596 1.965267441064927 151.9200000000039
7597 1.927520242053251 151.9400000000039
7598 1.890593337545334 151.9600000000039
7599 1.85448554605671 151.9800000000039
7600 1.81911633513033 152.000000000004
7601 1.78491752830384 152.020000000004
7602 1.751862375964869 152.040000000004
7603 1.719989121365407 152.060000000004
7604 1.689520082852517 152.080000000004
7605 1.660104793769219 152.100000000004
7606 1.632474210874995 152.120000000004
7607 1.606111331563623 152.140000000004
7608 1.581277481741997 152.160000000004
7609 1.558274779996994 152.180000000004
7610 1.536805000610885 152.2000000000041
7611 1.516870494090058 152.2200000000041
7612 1.499006100350657 152.2400000000041
7613 1.48290819156177 152.2600000000041
7614 1.46895990829336 152.2800000000041
7615 1.457046588920108 152.3000000000041
7616 1.446905678015105 152.3200000000041
7617 1.438683639113434 152.3400000000041
7618 1.43250329098057 152.3600000000041
7619 1.428672075909617 152.3800000000041
7620 1.427463970715541 152.4000000000042
7621 1.427888685869689 152.4200000000042
7622 1.430375022910644 152.4400000000042
7623 1.435243304426886 152.4600000000042
7624 1.442283513063683 152.4800000000042
7625 1.451826821523554 152.5000000000042
7626 1.463685634167615 152.5200000000042
7627 1.477970266751272 152.5400000000042
7628 1.49411166783433 152.5600000000042
7629 1.512820985913794 152.5800000000042
7630 1.534103444319008 152.6000000000043
7631 1.556878945508999 152.6200000000043
7632 1.581891146121948 152.6400000000043
7633 1.609455919150234 152.6600000000043
7634 1.638788584973145 152.6800000000043
7635 1.669756291998823 152.7000000000043
7636 1.702861143944547 152.7200000000043
7637 1.737911785591399 152.7400000000043
7638 1.775441514682639 152.7600000000043
7639 1.813855084237453 152.7800000000043
7640 1.853271780066364 152.8000000000044
7641 1.89411667250227 152.8200000000044
7642 1.936364294593758 152.8400000000044
7643 1.979921405226998 152.8600000000044
7644 2.023970550707981 152.8800000000044
7645 2.068806858294859 152.9000000000044
7646 2.114210597229284 152.9200000000044
7647 2.16044461663661 152.9400000000044
7648 2.206827600913531 152.9600000000044
7649 2.253545320604492 152.9800000000045
7650 2.300396290741658 153.0000000000045
7651 2.347577648063526 153.0200000000045
7652 2.393678721401385 153.0400000000045
7653 2.439393830816635 153.0600000000045
7654 2.484592939947599 153.0800000000045
7655 2.529223455096626 153.1000000000045
7656 2.572865846315404 153.1200000000045
7657 2.615268491715368 153.1400000000045
7658 2.656447756822299 153.1600000000045
7659 2.696190895574594 153.1800000000046
7660 2.734083466463805 153.2000000000046
7661 2.770510813336531 153.2200000000046
7662 2.804596373444798 153.2400000000046
7663 2.836997764886219 153.2600000000046
7664 2.86748763136795 153.2800000000046
7665 2.895898096189974 153.3000000000046
7666 2.921848878445621 153.3200000000046
7667 2.945412956114926 153.3400000000046
7668 2.966417096006905 153.3600000000046
7669 2.985188086341538 153.3800000000047
7670 3.001428836590755 153.4000000000047
7671 3.015161358668803 153.4200000000047
7672 3.026183562588815 153.4400000000047
7673 3.034578250724422 153.4600000000047
7674 3.040647894957745 153.4800000000047
7675 3.043877800361184 153.5000000000047
7676 3.044376999306641 153.5200000000047
7677 3.042332997885703 153.5400000000047
7678 3.038035395586458 153.5600000000047
7679 3.031145828565638 153.5800000000048
7680 3.021646956188357 153.6000000000048
7681 3.009503291863006 153.6200000000048
7682 2.9952485874295 153.6400000000048
7683 2.978960471350674 153.6600000000048
7684 2.960502180616944 153.6800000000048
7685 2.939746857032101 153.7000000000048
7686 2.916892454531233 153.7200000000048
7687 2.892267590348066 153.7400000000048
7688 2.865956537952351 153.7600000000049
7689 2.837823160183179 153.7800000000049
7690 2.808089399537361 153.8000000000049
7691 2.777032659574717 153.8200000000049
7692 2.744501584478985 153.8400000000049
7693 2.710830490984177 153.8600000000049
7694 2.675986426940757 153.8800000000049
7695 2.639965908580843 153.9000000000049
7696 2.603123878646816 153.9200000000049
7697 2.565370687869172 153.9400000000049
7698 2.527034142886543 153.960000000005
7699 2.487984511687864 153.980000000005
7700 2.448456393765416 154.000000000005
7701 2.408431930287787 154.020000000005
7702 2.368157210233442 154.040000000005
7703 2.32767286772937 154.060000000005
7704 2.287000611144883 154.080000000005
7705 2.246465397249742 154.100000000005
7706 2.206005749672298 154.120000000005
7707 2.165710650219043 154.140000000005
7708 2.125585718652228 154.1600000000051
7709 2.085864591121993 154.1800000000051
7710 2.046649731554043 154.2000000000051
7711 2.007965079423157 154.2200000000051
7712 1.969873598074038 154.2400000000051
7713 1.932618676332375 154.2600000000051
7714 1.895720164839404 154.2800000000051
7715 1.860045657815445 154.3000000000051
7716 1.825304943754266 154.3200000000051
7717 1.791280125951893 154.3400000000051
7718 1.758319425394518 154.3600000000052
7719 1.726719892769514 154.3800000000052
7720 1.69645604312295 154.4000000000052
7721 1.667376016059177 154.4200000000052
7722 1.639575358779243 154.4400000000052
7723 1.613517294554975 154.4600000000052
7724 1.588653685899923 154.4800000000052
7725 1.565608355658476 154.5000000000052
7726 1.54396040950892 154.5200000000052
7727 1.524613665941581 154.5400000000053
7728 1.506869718178258 154.5600000000053
7729 1.490861294485292 154.5800000000053
7730 1.47726193930192 154.6000000000053
7731 1.465469858673629 154.6200000000053
7732 1.455485100322039 154.6400000000053
7733 1.447450013933181 154.6600000000053
7734 1.441257437443021 154.6800000000053
7735 1.437392562009821 154.7000000000053
7736 1.435807148896518 154.7200000000053
7737 1.436777019974036 154.7400000000054
7738 1.440193363630084 154.7600000000054
7739 1.445553678154259 154.7800000000054
7740 1.452523861963115 154.8000000000054
7741 1.461897757056205 154.8200000000054
7742 1.473742332666931 154.8400000000054
7743 1.488741091962822 154.8600000000054
7744 1.505388789732138 154.8800000000054
7745 1.524274111385867 154.9000000000054
7746 1.545346236930249 154.9200000000054
7747 1.568732398432291 154.9400000000055
7748 1.594533947664953 154.9600000000055
7749 1.622677156139193 154.9800000000055
7750 1.652489689553437 155.0000000000055
7751 1.684216959150581 155.0200000000055
7752 1.717545881998742 155.0400000000055
7753 1.753202363283085 155.0600000000055
7754 1.790569700984416 155.0800000000055
7755 1.829632215872676 155.1000000000055
7756 1.86986652734362 155.1200000000055
7757 1.911894344810642 155.1400000000056
7758 1.95507081354838 155.1600000000056
7759 1.999255860366878 155.1800000000056
7760 2.043968386010039 155.2000000000056
7761 2.090067379654456 155.2200000000056
7762 2.136159237974303 155.2400000000056
7763 2.183329527949724 155.2600000000056
7764 2.230439792522469 155.2800000000056
7765 2.277790504277502 155.3000000000056
7766 2.325254773893986 155.3200000000056
7767 2.372537003595285 155.3400000000057
7768 2.419136037092157 155.3600000000057
7769 2.465522888036415 155.3800000000057
7770 2.511240575422011 155.4000000000057
7771 2.555990876843646 155.4200000000057
7772 2.59975154874808 155.4400000000057
7773 2.642317552176036 155.4600000000057
7774 2.68357443843134 155.4800000000057
7775 2.72322014068137 155.5000000000057
7776 2.761113712350506 155.5200000000058
7777 2.796921582346291 155.5400000000058
7778 2.830886948109547 155.5600000000058
7779 2.863097460716183 155.5800000000058
7780 2.89311478236558 155.6000000000058
7781 2.920633778849916 155.6200000000058
7782 2.945753400399099 155.6400000000058
7783 2.968480056350892 155.6600000000058
7784 2.988897862001059 155.6800000000058
7785 3.006433123921189 155.7000000000058
7786 3.021441038508842 155.7200000000059
7787 3.03372326816204 155.7400000000059
7788 3.043526057424137 155.7600000000059
7789 3.050603333801112 155.7800000000059
7790 3.055117080405676 155.8000000000059
7791 3.056820757178115 155.8200000000059
7792 3.055954828689647 155.8400000000059
7793 3.052413165325811 155.8600000000059
7794 3.046386935567952 155.8800000000059
7795 3.037941795536915 155.9000000000059
7796 3.026916481066991 155.920000000006
7797 3.013329135162301 155.940000000006
7798 2.997357852244666 155.960000000006
7799 2.979462711785144 155.980000000006
7800 2.959526224857813 156.000000000006
7801 2.937339326719669 156.020000000006
7802 2.913257741502529 156.040000000006
7803 2.887261801556535 156.060000000006
7804 2.85952365828706 156.080000000006
7805 2.830234629744949 156.100000000006
7806 2.79941700091977 156.1200000000061
7807 2.767146828232016 156.1400000000061
7808 2.733520982636055 156.1600000000061
7809 2.698434841204878 156.1800000000061
7810 2.662378200705485 156.2000000000061
7811 2.625359471813828 156.2200000000061
7812 2.58749792802586 156.2400000000061
7813 2.548776662453699 156.2600000000061
7814 2.509522568447816 156.2800000000061
7815 2.469647639550588 156.3000000000062
7816 2.428941691244671 156.3200000000062
7817 2.387973633831086 156.3400000000062
7818 2.346945576587173 156.3600000000062
7819 2.305728164327707 156.3800000000062
7820 2.264541078831394 156.4000000000062
7821 2.223586602592235 156.4200000000062
7822 2.182656181679174 156.4400000000062
7823 2.141765858316244 156.4600000000062
7824 2.101204843425976 156.4800000000062
7825 2.061197155608919 156.5000000000063
7826 2.021855899944593 156.5200000000063
7827 1.982904372122921 156.5400000000063
7828 1.944717725672201 156.5600000000063
7829 1.907418267989785 156.5800000000063
7830 1.870913805073486 156.6000000000063
7831 1.835224614181119 156.6200000000063
7832 1.800457712737809 156.6400000000063
7833 1.766834657216595 156.6600000000063
7834 1.734426589269413 156.6800000000063
7835 1.7032759750699 156.7000000000064
7836 1.673406376273157 156.7200000000064
7837 1.644910528750928 156.7400000000064
7838 1.61807032813487 156.7600000000064
7839 1.592379568510886 156.7800000000064
7840 1.568612598320691 156.8000000000064
7841 1.546438526704766 156.8200000000064
7842 1.525790802159035 156.8400000000064
7843 1.506918171988584 156.8600000000064
7844 1.490004018604073 156.8800000000064
7845 1.474979289607522 156.9000000000065
7846 1.462243076876751 156.9200000000065
7847 1.451307763899591 156.9400000000065
7848 1.442216159189159 156.9600000000065
7849 1.434999584456038 156.9800000000065
7850 1.430140818676554 157.0000000000065
7851 1.427710771945562 157.0200000000065
7852 1.427363934074184 157.0400000000065
7853 1.428987354866541 157.0600000000065
7854 1.432759410343874 157.0800000000065
7855 1.438746378825943 157.1000000000066
7856 1.447193940064939 157.1200000000066
7857 1.457958089410974 157.1400000000066
7858 1.471082245952396 157.1600000000066
7859 1.486536277033062 157.1800000000066
7860 1.503858490414071 157.2000000000066
7861 1.524048881545763 157.2200000000066
7862 1.546271298906069 157.2400000000066
7863 1.570054124804591 157.2600000000066
7864 1.596617161765147 157.2800000000067
7865 1.625181706101389 157.3000000000067
7866 1.655315450937163 157.3200000000067
7867 1.687446822089633 157.3400000000067
7868 1.721654817647771 157.3600000000067
7869 1.758012764093381 157.3800000000067
7870 1.79628477558632 157.4000000000067
7871 1.835018337894627 157.4200000000067
7872 1.875249131237219 157.4400000000067
7873 1.916871623702093 157.4600000000067
7874 1.960009570433371 157.4800000000068
7875 2.003757983002959 157.5000000000068
7876 2.048165946519376 157.5200000000068
7877 2.093361420902382 157.5400000000068
7878 2.139207644052871 157.5600000000068
7879 2.185636442130078 157.5800000000068
7880 2.232237398288889 157.6000000000068
7881 2.278892284403521 157.6200000000068
7882 2.325929015076861 157.6400000000068
7883 2.372790447929465 157.6600000000068
7884 2.418583233998965 157.6800000000069
7885 2.46403665726323 157.7000000000069
7886 2.508826241471739 157.7200000000069
7887 2.553108352241577 157.7400000000069
7888 2.596118514279794 157.7600000000069
7889 2.637667334773155 157.7800000000069
7890 2.67833363371482 157.8000000000069
7891 2.716975766529116 157.8200000000069
7892 2.75400187215198 157.8400000000069
7893 2.789326237064544 157.8600000000069
7894 2.822482297063941 157.880000000007
7895 2.85368673251286 157.900000000007
7896 2.883351902728304 157.920000000007
7897 2.91027691120592 157.940000000007
7898 2.935024162236394 157.960000000007
7899 2.957069821939929 157.980000000007
7900 2.976916291321892 158.000000000007
7901 2.994329429879619 158.020000000007
7902 3.009261234620805 158.040000000007
7903 3.021508008463843 158.0600000000071
7904 3.0310928743724 158.0800000000071
7905 3.038208608603714 158.1000000000071
7906 3.042798515030342 158.1200000000071
7907 3.044524263338592 158.1400000000071
7908 3.043624077762317 158.1600000000071
7909 3.040316822683724 158.1800000000071
7910 3.034622245767101 158.2000000000071
7911 3.026401875285102 158.2200000000071
7912 3.015382301347037 158.2400000000071
7913 3.002056818785802 158.2600000000072
7914 2.986682687759242 158.2800000000072
7915 2.969250334366618 158.3000000000072
7916 2.949547944056238 158.3200000000072
7917 2.927637957131541 158.3400000000072
7918 2.903782694291968 158.3600000000072
7919 2.878258993532318 158.3800000000072
7920 2.850913991854163 158.4000000000072
7921 2.82188573147394 158.4200000000072
7922 2.791462847485284 158.4400000000072
7923 2.759591588576646 158.4600000000073
7924 2.726379720425268 158.4800000000073
7925 2.69212043380847 158.5000000000073
7926 2.656588342299074 158.5200000000073
7927 2.620096167676211 158.5400000000073
7928 2.582774537652371 158.5600000000073
7929 2.544630895437781 158.5800000000073
7930 2.505912898327009 158.6000000000073
7931 2.466630099444347 158.6200000000073
7932 2.426784666792071 158.6400000000073
7933 2.386621852695046 158.6600000000074
7934 2.346219519529816 158.6800000000074
7935 2.30562102309296 158.7000000000074
7936 2.26499321513021 158.7200000000074
7937 2.224506498788628 158.7400000000074
7938 2.184125561466244 158.7600000000074
7939 2.143917337020318 158.7800000000074
7940 2.104008975734426 158.8000000000074
7941 2.064514730841085 158.8200000000074
7942 2.025643024535564 158.8400000000074
7943 1.987171645138855 158.8600000000075
7944 1.949579268491775 158.8800000000075
7945 1.912492636802138 158.9000000000075
7946 1.876315564171042 158.9200000000075
7947 1.841080725637327 158.9400000000075
7948 1.806788506619099 158.9600000000075
7949 1.773268829176965 158.9800000000075
7950 1.740983514852867 159.0000000000075
7951 1.710190090505003 159.0200000000075
7952 1.680478286550692 159.0400000000076
7953 1.652177971652762 159.0600000000076
7954 1.625133295862935 159.0800000000076
7955 1.599906867173792 159.1000000000076
7956 1.5758703945325 159.1200000000076
7957 1.553656341020381 159.1400000000076
7958 1.533227396491808 159.1600000000076
7959 1.514736087416414 159.1800000000076
7960 1.497945788838108 159.2000000000076
7961 1.483206804517962 159.2200000000076
7962 1.470636522649596 159.2400000000077
7963 1.459750789561824 159.2600000000077
7964 1.450999789707584 159.2800000000077
7965 1.443729851869348 159.3000000000077
7966 1.438850329091136 159.3200000000077
7967 1.436270852629248 159.3400000000077
7968 1.435989251717399 159.3600000000077
7969 1.438324899102778 159.3800000000077
7970 1.442867666220855 159.4000000000077
7971 1.44902453888752 159.4200000000077
7972 1.457251366201619 159.4400000000078
7973 1.467917302315005 159.4600000000078
7974 1.481541251440024 159.4800000000078
7975 1.497432269436334 159.5000000000078
7976 1.515291404299947 159.5200000000078
7977 1.535404817545778 159.5400000000078
7978 1.557762724399235 159.5600000000078
7979 1.582394147696811 159.5800000000078
7980 1.609429998327322 159.6000000000078
7981 1.638661447799444 159.6200000000078
7982 1.66944403462587 159.6400000000079
7983 1.702101603150559 159.6600000000079
7984 1.736561857030346 159.6800000000079
7985 1.77321992980568 159.7000000000079
7986 1.811617754556132 159.7200000000079
7987 1.851123283677897 159.7400000000079
7988 1.892444070659677 159.7600000000079
7989 1.935107379386228 159.7800000000079
7990 1.978887249909462 159.8000000000079
7991 2.023390568259624 159.820000000008
7992 2.068801725077025 159.840000000008
7993 2.114941525366147 159.860000000008
7994 2.161728426509747 159.880000000008
7995 2.20877435964693 159.900000000008
7996 2.256185591124515 159.920000000008
7997 2.303412737792316 159.940000000008
7998 2.351020109798553 159.960000000008
7999 2.39784818101817 159.980000000008
8000 2.444221975307005 160.000000000008
8001 2.490408832695411 160.0200000000081
8002 2.535595656054936 160.0400000000081
8003 2.579868727273406 160.0600000000081
8004 2.622923539340375 160.0800000000081
8005 2.664923035395538 160.1000000000081
8006 2.705193550951384 160.1200000000081
8007 2.743988762629859 160.1400000000081
8008 2.780760479345482 160.1600000000081
8009 2.81552008683166 160.1800000000081
8010 2.848586196390052 160.2000000000081
8011 2.879645794076261 160.2200000000082
8012 2.9084333310641 160.2400000000082
8013 2.934457761096563 160.2600000000082
8014 2.958355406281446 160.2800000000082
8015 2.979875548158669 160.3000000000082
8016 2.998687138207291 160.3200000000082
8017 3.014881609913779 160.3400000000082
8018 3.028443560739024 160.3600000000082
8019 3.039357756955446 160.3800000000082
8020 3.0476914132531 160.4000000000082
8021 3.053414573066941 160.4200000000083
8022 3.056411809492319 160.4400000000083
8023 3.056661841040361 160.4600000000083
8024 3.054385451817285 160.4800000000083
8025 3.04943918154428 160.5000000000083
8026 3.04214900082769 160.5200000000083
8027 3.032288342151393 160.5400000000083
8028 3.019904118872557 160.5600000000083
8029 3.004925132901852 160.5800000000083
8030 2.987921294705567 160.6000000000084
8031 2.968959817074955 160.6200000000084
8032 2.947737405180072 160.6400000000084
8033 2.92449066535131 160.6600000000084
8034 2.899476008900776 160.6800000000084
8035 2.87247665670279 160.7000000000084
8036 2.843847066777316 160.7200000000084
8037 2.813750658993165 160.7400000000084
8038 2.782147593194142 160.7600000000084
8039 2.749095910471796 160.7800000000084
8040 2.714676126641585 160.8000000000085
8041 2.67906751252358 160.8200000000085
8042 2.642443588423169 160.8400000000085
8043 2.604980971834337 160.8600000000085
8044 2.566629063624054 160.8800000000085
8045 2.527584166460926 160.9000000000085
8046 2.488046607243025 160.9200000000085
8047 2.447697734128869 160.9400000000085
8048 2.406791372976342 160.9600000000085
8049 2.365854035640557 160.9800000000085
8050 2.324652780125246 161.0000000000086
8051 2.283448743590534 161.0200000000086
8052 2.242336818088053 161.0400000000086
8053 2.201427804343973 161.0600000000086
8054 2.160509058644114 161.0800000000086
8055 2.119759762375731 161.1000000000086
8056 2.079496285283364 161.1200000000086
8057 2.039849164295425 161.1400000000086
8058 2.000753600194795 161.1600000000086
8059 1.962089765667125 161.1800000000086
8060 1.924428911491895 161.2000000000087
8061 1.887547049552482 161.2200000000087
8062 1.851510906463107 161.2400000000087
8063 1.816215640485129 161.2600000000087
8064 1.781991639731656 161.2800000000087
8065 1.749165717859248 161.3000000000087
8066 1.717367643319434 161.3200000000087
8067 1.687011100807009 161.3400000000087
8068 1.657731264655828 161.3600000000087
8069 1.630218159873006 161.3800000000087
8070 1.603954152191969 161.4000000000088
8071 1.579285627878757 161.4200000000088
8072 1.556408406823273 161.4400000000088
8073 1.535073471470235 161.4600000000088
8074 1.515270808662554 161.4800000000088
8075 1.497573810231462 161.5000000000088
8076 1.481622745344692 161.5200000000088
8077 1.467896864834085 161.5400000000088
8078 1.456115859256922 161.5600000000088
8079 1.446121225950988 161.5800000000089
8080 1.438053206595562 161.6000000000089
8081 1.432041223046612 161.6200000000089
8082 1.428473088319279 161.6400000000089
8083 1.427392203158385 161.6600000000089
8084 1.427998685447879 161.6800000000089
8085 1.430678358767389 161.7000000000089
8086 1.435706448053038 161.7200000000089
8087 1.442986804538993 161.7400000000089
8088 1.452706953040712 161.7600000000089
8089 1.464762507459379 161.780000000009
8090 1.479286179719333 161.800000000009
8091 1.495527881731495 161.820000000009
8092 1.514507355537259 161.840000000009
8093 1.535963809029564 161.860000000009
8094 1.55887428225017 161.880000000009
8095 1.584107388479307 161.900000000009
8096 1.611846697600915 161.920000000009
8097 1.641319313052614 161.940000000009
8098 1.672453786622295 161.960000000009
8099 1.705726901166528 161.9800000000091
8100 1.741000580645094 162.0000000000091
8101 1.77867920087345 162.0200000000091
8102 1.817103642903525 162.0400000000091
8103 1.856661082778017 162.0600000000091
8104 1.897615009044017 162.0800000000091
8105 1.940026134668441 162.1000000000091
8106 1.983618873220952 162.1200000000091
8107 2.027717726937015 162.1400000000091
8108 2.072629606955141 162.1600000000091
8109 2.118072123711043 162.1800000000092
8110 2.16435941490089 162.2000000000092
8111 2.210788916289455 162.2200000000092
8112 2.257489503202478 162.2400000000092
8113 2.304375481325086 162.2600000000092
8114 2.351557207468047 162.2800000000092
8115 2.397535773895603 162.3000000000092
8116 2.44323942431725 162.3200000000092
8117 2.488398849423453 162.3400000000092
8118 2.532989756255327 162.3600000000093
8119 2.576535971775265 162.3800000000093
8120 2.618790860569394 162.4000000000093
8121 2.659936488064719 162.4200000000093
8122 2.699495524994159 162.4400000000093
8123 2.737209396984632 162.4600000000093
8124 2.773511077536792 162.4800000000093
8125 2.807474029360974 162.5000000000093
8126 2.839641852902651 162.5200000000093
8127 2.870054275127059 162.5400000000093
8128 2.898199181293466 162.5600000000094
8129 2.923986368986604 162.5800000000094
8130 2.947309772178633 162.6000000000094
8131 2.968123662402104 162.6200000000094
8132 2.986700450469148 162.6400000000094
8133 3.002736021444419 162.6600000000094
8134 3.016221314273424 162.6800000000094
8135 3.027034440045802 162.7000000000094
8136 3.035212544581599 162.7200000000094
8137 3.041086686936725 162.7400000000094
8138 3.044061831919117 162.7600000000095
8139 3.044341210936272 162.7800000000095
8140 3.042097913478257 162.8000000000095
8141 3.037589342059466 162.8200000000095
8142 3.030483878386495 162.8400000000095
8143 3.020738684952244 162.8600000000095
8144 3.008428238378334 162.8800000000095
8145 2.993993645402985 162.9000000000095
8146 2.977524967185387 162.9200000000095
8147 2.958878644190872 162.9400000000095
8148 2.937930600951477 162.9600000000096
8149 2.914901853197543 162.9800000000096
8150 2.890158669800587 163.0000000000096
8151 2.863674967137626 163.0200000000096
8152 2.83542139898056 163.0400000000096
8153 2.805557078752065 163.0600000000096
8154 2.774377393373844 163.0800000000096
8155 2.741722241371345 163.1000000000096
8156 2.707960963277831 163.1200000000096
8157 2.673011764897436 163.1400000000096
8158 2.636897225057515 163.1600000000097
8159 2.599998825788564 163.1800000000097
8160 2.562157272448089 163.2000000000097
8161 2.523783633414076 163.2200000000097
8162 2.484686505292621 163.2400000000097
8163 2.445107101151755 163.2600000000097
8164 2.405048730551071 163.2800000000097
8165 2.364766272451694 163.3000000000097
8166 2.324263452046383 163.3200000000097
8167 2.283578939240585 163.3400000000098
8168 2.243055111754776 163.3600000000098
8169 2.202606907370154 163.3800000000098
8170 2.162325209856685 163.4000000000098
8171 2.122224987438597 163.4200000000098
8172 2.082533439339537 163.4400000000098
8173 2.043366676683893 163.4600000000098
8174 2.004718314844594 163.4800000000098
8175 1.966700355619387 163.5000000000098
8176 1.92945260521814 163.5200000000098
8177 1.892770324529303 163.5400000000099
8178 1.857047324030419 163.5600000000099
8179 1.822405353872586 163.5800000000099
8180 1.788445068323587 163.6000000000099
8181 1.755571627848711 163.6200000000099
8182 1.724112372068765 163.6400000000099
8183 1.693926354025516 163.6600000000099
8184 1.66497681109881 163.6800000000099
8185 1.637260616277829 163.7000000000099
8186 1.611367492418189 163.7200000000099
8187 1.586587993802617 163.74000000001
8188 1.563702715940435 163.76000000001
8189 1.542224294247605 163.78000000001
8190 1.523008660651218 163.80000000001
8191 1.505428160906837 163.82000000001
8192 1.48958916974619 163.84000000001
8193 1.47616157631201 163.86000000001
8194 1.464509111864812 163.88000000001
8195 1.45472949360354 163.90000000001
8196 1.446774714445293 163.92000000001
8197 1.440806289810967 163.9400000000101
8198 1.437118787413279 163.9600000000101
8199 1.43573363025864 163.9800000000101
8200 1.436917200307406 164.0000000000101
8201 1.440544966617779 164.0200000000101
8202 1.446000248714947 164.0400000000101
8203 1.453157349180565 164.0600000000101
8204 1.462718435757287 164.0800000000101
8205 1.474858619653587 164.1000000000101
8206 1.490009507089224 164.1200000000102
8207 1.506818979057633 164.1400000000102
8208 1.52589991894604 164.1600000000102
8209 1.547153155784726 164.1800000000102
8210 1.570728382104265 164.2000000000102
8211 1.596729739101677 164.2200000000102
8212 1.625104806285363 164.2400000000102
8213 1.654970518315856 164.2600000000102
8214 1.686896820495224 164.2800000000102
8215 1.720376838043522 164.3000000000102
8216 1.756211503468063 164.3200000000103
8217 1.793689578563251 164.3400000000103
8218 1.832861861460274 164.3600000000103
8219 1.873269295550105 164.3800000000103
8220 1.915365718194518 164.4000000000103
8221 1.958657331323547 164.4200000000103
8222 2.002911761775404 164.4400000000103
8223 2.047682138044133 164.4600000000103
8224 2.093846632266566 164.4800000000103
8225 2.139991733172875 164.5000000000103
8226 2.18717843116493 164.5200000000104
8227 2.234311830609256 164.5400000000104
8228 2.281655807712603 164.5600000000104
8229 2.329167147935325 164.5800000000104
8230 2.376382741890271 164.6000000000104
8231 2.422929520780296 164.6200000000104
8232 2.46931531824197 164.6400000000104
8233 2.514947138379686 164.6600000000104
8234 2.559629381378845 164.6800000000104
8235 2.603261884899215 164.7000000000104
8236 2.645785487339129 164.7200000000105
8237 2.686874328205006 164.7400000000105
8238 2.726408596710698 164.7600000000105
8239 2.764134243807627 164.7800000000105
8240 2.799852958915423 164.8000000000105
8241 2.833608065165609 164.8200000000105
8242 2.865658636486897 164.8400000000105
8243 2.89548164628878 164.8600000000105
8244 2.922768332154482 164.8800000000105
8245 2.947718226695946 164.9000000000106
8246 2.970297685855956 164.9200000000106
8247 2.990438034378809 164.9400000000106
8248 3.007777387597734 164.9600000000106
8249 3.02257816847519 164.9800000000106
8250 3.034639175183149 165.0000000000106
8251 3.044255829003691 165.0200000000106
8252 3.051081369034749 165.0400000000106
8253 3.055387540966743 165.0600000000106
8254 3.056867743978522 165.0800000000106
8255 3.055802784938242 165.1000000000107
8256 3.052027764622771 165.1200000000107
8257 3.045793377230249 165.1400000000107
8258 3.037156701903993 165.1600000000107
8259 3.025924309973906 165.1800000000107
8260 3.012129344089611 165.2000000000107
8261 2.995984098177145 165.2200000000107
8262 2.977929677227214 165.2400000000107
8263 2.957793536711248 165.2600000000107
8264 2.935453883014684 165.2800000000107
8265 2.911227656409176 165.3000000000108
8266 2.885070303358372 165.3200000000108
8267 2.857195728909109 165.3400000000108
8268 2.827780106105285 165.3600000000108
8269 2.796838500536142 165.3800000000108
8270 2.764456641877307 165.4000000000108
8271 2.730715655316492 165.4200000000108
8272 2.69552825060885 165.4400000000108
8273 2.6593967817513 165.4600000000108
8274 2.622302630848723 165.4800000000108
8275 2.584368665379664 165.5000000000109
8276 2.545594348265712 165.5200000000109
8277 2.50629495751088 165.5400000000109
8278 2.4663539356316 165.5600000000109
8279 2.425603456384483 165.5800000000109
8280 2.384624037345498 165.6000000000109
8281 2.343586585247563 165.6200000000109
8282 2.302362911998729 165.6400000000109
8283 2.261175095156753 165.6600000000109
8284 2.220240721663248 165.6800000000109
8285 2.179310768105496 165.700000000011
8286 2.138433205231853 165.720000000011
8287 2.097912470024585 165.740000000011
8288 2.057954068726372 165.760000000011
8289 2.018667256976305 165.780000000011
8290 1.979736996038243 165.800000000011
8291 1.941629869776601 165.820000000011
8292 1.904399506951419 165.840000000011
8293 1.867956219241456 165.860000000011
8294 1.832310558779723 165.8800000000111
8295 1.797552509294742 165.9000000000111
8296 1.764115781463889 165.9200000000111
8297 1.731801411045033 165.9400000000111
8298 1.700776200433243 165.9600000000111
8299 1.670974917071182 165.9800000000111
8300 1.642644839501742 166.0000000000111
8301 1.615892172060347 166.0200000000111
8302 1.590356164756002 166.0400000000111
8303 1.56671635430924 166.0600000000111
8304 1.54466773614641 166.0800000000112
8305 1.524145149544803 166.1000000000112
8306 1.505463900197817 166.1200000000112
8307 1.488687775126209 166.1400000000112
8308 1.47385536465289 166.1600000000112
8309 1.46126943431625 166.1800000000112
8310 1.450470677792376 166.2000000000112
8311 1.441542774524617 166.2200000000112
8312 1.434501908952031 166.2400000000112
8313 1.429882008648759 166.2600000000112
8314 1.427601100586928 166.2800000000113
8315 1.427410127048035 166.3000000000113
8316 1.429194602928978 166.3200000000113
8317 1.433163115650226 166.3400000000113
8318 1.439324465172845 166.3600000000113
8319 1.448017506168314 166.3800000000113
8320 1.458952478515782 166.4000000000113
8321 1.472267868552375 166.4200000000113
8322 1.487875414855991 166.4400000000113
8323 1.505425132533935 166.4600000000113
8324 1.525841316665273 166.4800000000114
8325 1.548152293117228 166.5000000000114
8326 1.572168870163566 166.5200000000114
8327 1.598932582525418 166.5400000000114
8328 1.627637668013708 166.5600000000114
8329 1.657915746663665 166.5800000000114
8330 1.690231831407962 166.6000000000114
8331 1.724581683021158 166.6200000000114
8332 1.761155886874354 166.6400000000114
8333 1.799506312561205 166.6600000000115
8334 1.83831597861176 166.6800000000115
8335 1.878668582475599 166.7000000000115
8336 1.920402221284182 166.7200000000115
8337 1.963648046988435 166.7400000000115
8338 2.00744200502727 166.7600000000115
8339 2.051937954973158 166.7800000000115
8340 2.0971390775204 166.8000000000115
8341 2.143091482591291 166.8200000000115
8342 2.189528477937299 166.8400000000115
8343 2.236158540341529 166.8600000000116
8344 2.282828344132938 166.8800000000116
8345 2.329894695748835 166.9000000000116
8346 2.376634433337719 166.9200000000116
8347 2.422437833217222 166.9400000000116
8348 2.46782403201363 166.9600000000116
8349 2.512586722129844 166.9800000000116
8350 2.556751980130459 167.0000000000116
8351 2.599675652608615 167.0200000000116
8352 2.641112816302366 167.0400000000116
8353 2.681668638822925 167.0600000000117
8354 2.720173483409421 167.0800000000117
8355 2.757080695155604 167.1000000000117
8356 2.792184051898792 167.1200000000117
8357 2.825230306797748 167.1400000000117
8358 2.856241052872061 167.1600000000117
8359 2.885749235361571 167.1800000000117
8360 2.912474915667575 167.2000000000117
8361 2.937023362691656 167.2200000000117
8362 2.958858419806324 167.2400000000117
8363 2.978514764633797 167.2600000000118
8364 2.995720611224707 167.2800000000118
8365 3.010433516395418 167.3000000000118
8366 3.022462978965551 167.3200000000118
8367 3.031821513333694 167.3400000000118
8368 3.038747311079397 167.3600000000118
8369 3.043094119717158 167.3800000000118
8370 3.04459448765874 167.4000000000118
8371 3.043481639821168 167.4200000000118
8372 3.039989944289145 167.4400000000118
8373 3.03407723284282 167.4600000000119
8374 3.025646985375219 167.4800000000119
8375 3.014386720312722 167.5000000000119
8376 3.000912234477182 167.5200000000119
8377 2.985359623699396 167.5400000000119
8378 2.967737642309272 167.5600000000119
8379 2.947849394800579 167.5800000000119
8380 2.925758262829652 167.6000000000119
8381 2.901760877490215 167.6200000000119
8382 2.876085424889008 167.640000000012
8383 2.848593127871084 167.660000000012
8384 2.819441827855649 167.680000000012
8385 2.788904048903333 167.700000000012
8386 2.756906712742711 167.720000000012
8387 2.723591854377497 167.740000000012
8388 2.689233926202987 167.760000000012
8389 2.653611836422972 167.780000000012
8390 2.617047818762738 167.800000000012
8391 2.579651130643287 167.820000000012
8392 2.541448337469612 167.8400000000121
8393 2.502676763638327 167.8600000000121
8394 2.463350731134764 167.8800000000121
8395 2.423472465909626 167.9000000000121
8396 2.383287578760411 167.9200000000121
8397 2.342875514200245 167.9400000000121
8398 2.302252921282172 167.9600000000121
8399 2.261621758147413 167.9800000000121
8400 2.221147794945533 168.0000000000121
8401 2.180787635613914 168.0200000000121
8402 2.140589914606572 168.0400000000122
8403 2.10070193206396 168.0600000000122
8404 2.061249775680296 168.0800000000122
8405 2.022432940266887 168.1000000000122
8406 1.98400722740286 168.1200000000122
8407 1.946478734055728 168.1400000000122
8408 1.909429578431594 168.1600000000122
8409 1.873331058207064 168.1800000000122
8410 1.83820132823666 168.2000000000122
8411 1.803884468277088 168.2200000000122
8412 1.770511979649215 168.2400000000123
8413 1.738360274631269 168.2600000000123
8414 1.707667159358814 168.2800000000123
8415 1.678053363517821 168.3000000000123
8416 1.649850310867837 168.3200000000123
8417 1.62296247173312 168.3400000000123
8418 1.597806883244831 168.3600000000123
8419 1.573957514050815 168.3800000000123
8420 1.551837711590015 168.4000000000123
8421 1.5316272070458 168.4200000000124
8422 1.513255743163132 168.4400000000124
8423 1.496584091301137 168.4600000000124
8424 1.482063335375777 168.4800000000124
8425 1.469639509983945 168.5000000000124
8426 1.458923031773374 168.5200000000124
8427 1.450298814206776 168.5400000000124
8428 1.443135286012315 168.5600000000124
8429 1.438571968851663 168.5800000000124
8430 1.436108247568264 168.6000000000124
8431 1.436056993003348 168.6200000000125
8432 1.438571164854382 168.6400000000125
8433 1.443338541630173 168.6600000000125
8434 1.449549539695006 168.6800000000125
8435 1.458005564589782 168.7000000000125
8436 1.468853085359527 168.7200000000125
8437 1.482774092080553 168.7400000000125
8438 1.498790572676948 168.7600000000125
8439 1.516822494350741 168.7800000000125
8440 1.537129392503522 168.8000000000125
8441 1.559686751960605 168.8200000000126
8442 1.584504584666568 168.8400000000126
8443 1.611719977231802 168.8600000000126
8444 1.641081472572091 168.8800000000126
8445 1.672045391477492 168.9000000000126
8446 1.704815500677194 168.9200000000126
8447 1.739483305420866 168.9400000000126
8448 1.776277432770252 168.9600000000126
8449 1.814810735551675 168.9800000000126
8450 1.854407684972339 169.0000000000126
8451 1.895893438923196 169.0200000000127
8452 1.938644457323909 169.0400000000127
8453 1.982505926909226 169.0600000000127
8454 2.027038244370755 169.0800000000127
8455 2.072579233868383 169.1000000000127
8456 2.118701630189764 169.1200000000127
8457 2.165614212279681 169.1400000000127
8458 2.21263160439274 169.1600000000127
8459 2.260035127226303 169.1800000000127
8460 2.307313991339053 169.2000000000127
8461 2.354848924946205 169.2200000000128
8462 2.401648119702517 169.2400000000128
8463 2.448027995632883 169.2600000000128
8464 2.494151638151145 169.2800000000128
8465 2.539256307499348 169.3000000000128
8466 2.58345020240046 169.3200000000128
8467 2.626416661624585 169.3400000000128
8468 2.668307874096997 169.3600000000128
8469 2.708449652526243 169.3800000000128
8470 2.747110550982994 169.4000000000129
8471 2.783713060239281 169.4200000000129
8472 2.818294382444161 169.4400000000129
8473 2.851234290685787 169.4600000000129
8474 2.882103639582021 169.4800000000129
8475 2.910694813389606 169.5000000000129
8476 2.936544115050547 169.5200000000129
8477 2.960237210261712 169.5400000000129
8478 2.98159534130225 169.5600000000129
8479 3.000130525903859 169.5800000000129
8480 3.016127609799742 169.600000000013
8481 3.029475305341606 169.620000000013
8482 3.0401957637275 169.640000000013
8483 3.048313010861926 169.660000000013
8484 3.053801510742836 169.680000000013
8485 3.056588058853468 169.700000000013
8486 3.056618146887839 169.720000000013
8487 3.054127597945415 169.740000000013
8488 3.048991554385472 169.760000000013
8489 3.041501017249248 169.780000000013
8490 3.031417700170837 169.8000000000131
8491 3.018833949193227 169.8200000000131
8492 3.003657089990009 169.8400000000131
8493 2.986485340696323 169.8600000000131
8494 2.967356450540602 169.8800000000131
8495 2.945963020416033 169.9000000000131
8496 2.922554024239709 169.9200000000131
8497 2.897383134702808 169.9400000000131
8498 2.870243798351568 169.9600000000131
8499 2.841488978300172 169.9800000000131
8500 2.811264990820776 170.0000000000132
8501 2.779529936826987 170.0200000000132
8502 2.746386036908662 170.0400000000132
8503 2.711833179146014 170.0600000000132
8504 2.676148880663641 170.0800000000132
8505 2.639450954090557 170.1000000000132
8506 2.601915050336462 170.1200000000132
8507 2.563487704188443 170.1400000000132
8508 2.524396278341647 170.1600000000132
8509 2.484806800194005 170.1800000000133
8510 2.44439125179743 170.2000000000133
8511 2.403467424232963 170.2200000000133
8512 2.362513545484185 170.2400000000133
8513 2.321316649951107 170.2600000000133
8514 2.280103144784038 170.2800000000133
8515 2.239009712586019 170.3000000000133
8516 2.198097367896338 170.3200000000133
8517 2.157179858010406 170.3400000000133
8518 2.116461851130231 170.3600000000133
8519 2.076241383435323 170.3800000000134
8520 2.03665607364461 170.4000000000134
8521 1.997578404135024 170.4200000000134
8522 1.958979840017627 170.4400000000134
8523 1.921389471133267 170.4600000000134
8524 1.884562974415704 170.4800000000134
8525 1.84859038518124 170.5000000000134
8526 1.813365487918787 170.5200000000134
8527 1.779327732595724 170.5400000000134
8528 1.746492529117841 170.5600000000134
8529 1.71481573352893 170.5800000000135
8530 1.684558190031123 170.6000000000135
8531 1.655409879584678 170.6200000000135
8532 1.628019042304449 170.6400000000135
8533 1.601849417053071 170.6600000000135
8534 1.577350768562875 170.6800000000135
8535 1.554590269013158 170.7000000000135
8536 1.533387935400298 170.7200000000135
8537 1.513726461756597 170.7400000000135
8538 1.496186688968224 170.7600000000135
8539 1.480352672695327 170.7800000000136
8540 1.466866807843962 170.8000000000136
8541 1.455219283108458 170.8200000000136
8542 1.445384220372089 170.8400000000136
8543 1.43745880308251 170.8600000000136
8544 1.431652127119375 170.8800000000136
8545 1.428293175935597 170.9000000000136
8546 1.427345251862675 170.9200000000136
8547 1.428088114684151 170.9400000000136
8548 1.431013275686435 170.9600000000137
8549 1.43623721433268 170.9800000000137
8550 1.443704929920753 171.0000000000137
8551 1.453611781675509 171.0200000000137
8552 1.465866358685662 171.0400000000137
8553 1.48060762028926 171.0600000000137
8554 1.496981756167008 171.0800000000137
8555 1.516199081518416 171.1000000000137
8556 1.537812280533819 171.1200000000137
8557 1.560879407012818 171.1400000000137
8558 1.586332171770316 171.1600000000138
8559 1.614254802203573 171.1800000000138
8560 1.643865570861077 171.2000000000138
8561 1.67514451531014 171.2200000000138
8562 1.708597520696436 171.2400000000138
8563 1.744086863636437 171.2600000000138
8564 1.781895615141749 171.2800000000138
8565 1.820345063859949 171.3000000000138
8566 1.860031790231822 171.3200000000138
8567 1.901109448789683 171.3400000000138
8568 1.943678572604836 171.3600000000139
8569 1.987304137869828 171.3800000000139
8570 2.031432891208968 171.4000000000139
8571 2.076442174646531 171.4200000000139
8572 2.121929015782801 171.4400000000139
8573 2.16825976858317 171.4600000000139
8574 2.214723345200008 171.4800000000139
8575 2.261401685324453 171.5000000000139
8576 2.308316569459702 171.5200000000139
8577 2.355471506112961 171.5400000000139
8578 2.401395309742305 171.560000000014
8579 2.447053965785396 171.580000000014
8580 2.492167848915519 171.600000000014
8581 2.536712552818964 171.620000000014
8582 2.580149299023695 171.640000000014
8583 2.622290952180091 171.660000000014
8584 2.663364092402633 171.680000000014
8585 2.702747720868471 171.700000000014
8586 2.740343569785978 171.720000000014
8587 2.77647968029851 171.740000000014
8588 2.810292289000037 171.7600000000141
8589 2.842248836291803 171.7800000000141
8590 2.87256915826542 171.8000000000141
8591 2.900470810014133 171.8200000000141
8592 2.926070217596018 171.8400000000141
8593 2.949167779152851 171.8600000000141
8594 2.969792150819573 171.8800000000141
8595 2.988178088938864 171.9000000000141
8596 3.004009421511364 171.9200000000141
8597 3.01725453164743 171.9400000000142
8598 3.027853086475911 171.9600000000142
8599 3.0358239639556 171.9800000000142
8600 3.041495033430959 172.0000000000142
8601 3.044222168605278 172.0200000000142
8602 3.044285146293948 172.0400000000142
8603 3.04184575521051 172.0600000000142
8604 3.037125049979593 172.0800000000142
8605 3.02980045804091 172.1000000000142
8606 3.019845052263269 172.1200000000142
8607 3.007328154770151 172.1400000000143
8608 2.992713633707443 172.1600000000143
8609 2.976079693764067 172.1800000000143
8610 2.957244044342985 172.2000000000143
8611 2.936115852088099 172.2200000000143
8612 2.912910454681974 172.2400000000143
8613 2.888048331835599 172.2600000000143
8614 2.861406678828583 172.2800000000143
8615 2.833016939138881 172.3000000000143
8616 2.803027826341469 172.3200000000143
8617 2.771732431732292 172.3400000000144
8618 2.738965576765521 172.3600000000144
8619 2.705099308117942 172.3800000000144
8620 2.670052717543466 172.4000000000144
8621 2.633871286056479 172.4200000000144
8622 2.596893420779043 172.4400000000144
8623 2.558987089830405 172.4600000000144
8624 2.520558235894508 172.4800000000144
8625 2.481418935938619 172.5000000000144
8626 2.441787912518216 172.5200000000144
8627 2.401710583016346 172.5400000000145
8628 2.361415365870784 172.5600000000145
8629 2.320888717971404 172.5800000000145
8630 2.280192716533291 172.6000000000145
8631 2.239681332937585 172.6200000000145
8632 2.199245095505405 172.6400000000145
8633 2.158987012184545 172.6600000000145
8634 2.11889957123859 172.6800000000145
8635 2.079243124177552 172.7000000000145
8636 2.040125899383199 172.7200000000146
8637 2.001517585506165 172.7400000000146
8638 1.96366047657569 172.7600000000146
8639 1.926316626874275 172.7800000000146
8640 1.88978020444753 172.8000000000146
8641 1.854106187196315 172.8200000000146
8642 1.819548649781456 172.8400000000146
8643 1.785650990369076 172.8600000000146
8644 1.752881409808151 172.8800000000146
8645 1.721545258508595 172.9000000000146
8646 1.691438526032941 172.9200000000147
8647 1.662640757418052 172.9400000000147
8648 1.634955486172538 172.9600000000147
8649 1.609243574679573 172.9800000000147
8650 1.58457765703305 173.0000000000147
8651 1.561828361675078 173.0200000000147
8652 1.540529796325313 173.0400000000147
8653 1.521433868479279 173.0600000000147
8654 1.504014273595334 173.0800000000147
8655 1.488370586607689 173.1000000000147
8656 1.475093931628519 173.1200000000148
8657 1.463595491756987 173.1400000000148
8658 1.453991868168461 173.1600000000148
8659 1.44612799187654 173.1800000000148
8660 1.440396011725934 173.2000000000148
8661 1.436890137015018 173.2200000000148
8662 1.435684169561234 173.2400000000148
8663 1.437114624464264 173.2600000000148
8664 1.440909098818246 173.2800000000148
8665 1.446478487910388 173.3000000000148
8666 1.45381250636149 173.3200000000149
8667 1.463560013154664 173.3400000000149
8668 1.476008330680074 173.3600000000149
8669 1.491276372054821 173.3800000000149
8670 1.508280222723284 173.4000000000149
8671 1.527552350750131 173.4200000000149
8672 1.548974923178916 173.4400000000149
8673 1.572750876275901 173.4600000000149
8674 1.598964109254469 173.4800000000149
8675 1.627503165148181 173.5000000000149
8676 1.657482981676006 173.520000000015
8677 1.689603039361658 173.540000000015
8678 1.723202639538601 173.560000000015
8679 1.759201227017364 173.580000000015
8680 1.796841297688053 173.600000000015
8681 1.836080118508426 173.620000000015
8682 1.876642308461079 173.640000000015
8683 1.918834010463598 173.660000000015
8684 1.962248556335106 173.680000000015
8685 2.006557969397303 173.7000000000151
8686 2.051403617703782 173.7200000000151
8687 2.097594308413755 173.7400000000151
8688 2.143832296956758 173.7600000000151
8689 2.191008407559138 173.7800000000151
8690 2.238178748490683 173.8000000000151
8691 2.285516165675306 173.8200000000151
8692 2.333063426356583 173.8400000000151
8693 2.380209274618508 173.8600000000151
8694 2.426712399223228 173.8800000000151
8695 2.473088372754535 173.9000000000152
8696 2.518637685667476 173.9200000000152
8697 2.563240155889599 173.9400000000152
8698 2.606759323394583 173.9600000000152
8699 2.649210510390507 173.9800000000152
8700 2.690153181139175 174.0000000000152
8701 2.729572464494227 174.0200000000152
8702 2.76711951152002 174.0400000000152
8703 2.802682332495624 174.0600000000152
8704 2.836352487199312 174.0800000000152
8705 2.868168466318988 174.1000000000153
8706 2.897823758600475 174.1200000000153
8707 2.924859356454334 174.1400000000153
8708 2.949645289201481 174.1600000000153
8709 2.972053663920562 174.1800000000153
8710 2.991983790499857 174.2000000000153
8711 3.009069336153822 174.2200000000153
8712 3.02368762705389 174.2400000000153
8713 3.035515644758179 174.2600000000153
8714 3.044941058386602 174.2800000000153
8715 3.051547617873145 174.3000000000154
8716 3.055629085686735 174.3200000000154
8717 3.056885927409123 174.3400000000154
8718 3.055621013172271 174.3600000000154
8719 3.051624213606381 174.3800000000154
8720 3.045172413914552 174.4000000000154
8721 3.036353318362292 174.4200000000154
8722 3.024929054592547 174.4400000000154
8723 3.010887378521462 174.4600000000154
8724 2.994603311199467 174.4800000000155
8725 2.976386180759308 174.5000000000155
8726 2.956052718169435 174.5200000000155
8727 2.933548267584887 174.5400000000155
8728 2.909197557071407 174.5600000000155
8729 2.882874316296975 174.5800000000155
8730 2.854863313325427 174.6000000000155
8731 2.825326610992467 174.6200000000155
8732 2.794265736927906 174.6400000000155
8733 2.761757765567546 174.6600000000155
8734 2.727911409927418 174.6800000000156
8735 2.692637894409788 174.7000000000156
8736 2.656431211257916 174.7200000000156
8737 2.619257154282511 174.7400000000156
8738 2.581249862741072 174.7600000000156
8739 2.542421303888347 174.7800000000156
8740 2.503071963154531 174.8000000000156
8741 2.463067577750146 174.8200000000156
8742 2.422288512174544 174.8400000000156
8743 2.381291483103814 174.8600000000156
8744 2.340248169556854 174.8800000000157
8745 2.299011239080713 174.9000000000157
8746 2.2578345494965 174.9200000000157
8747 2.216907371246682 174.9400000000157
8748 2.17598179483947 174.9600000000157
8749 2.135124158490145 174.9800000000157
8750 2.094634135358762 175.0000000000157
8751 2.054750302880108 175.0200000000157
8752 2.015492389466419 175.0400000000157
8753 1.976605713461635 175.0600000000157
8754 1.938565701358867 175.0800000000158
8755 1.901401516515814 175.1000000000158
8756 1.865024098286344 175.1200000000158
8757 1.829430279466983 175.1400000000158
8758 1.794758291589138 175.1600000000158
8759 1.76141655569961 175.1800000000158
8760 1.7291967902641 175.2000000000158
8761 1.698312649152731 175.2200000000158
8762 1.66857404541211 175.2400000000158
8763 1.640406945267413 175.2600000000159
8764 1.613747508194592 175.2800000000159
8765 1.588355552619707 175.3000000000159
8766 1.564859372676189 175.3200000000159
8767 1.542929237047382 175.3400000000159
8768 1.52253752573007 175.3600000000159
8769 1.504038232266667 175.3800000000159
8770 1.487399540410678 175.4000000000159
8771 1.472772345152218 175.4200000000159
8772 1.460322060157989 175.4400000000159
8773 1.449676631123924 175.460000000016
8774 1.440889382485342 175.480000000016
8775 1.434038679623497 175.500000000016
8776 1.429598832521027 175.520000000016
8777 1.427531814718401 175.540000000016
8778 1.427479252088852 175.560000000016
8779 1.429436480034888 175.580000000016
8780 1.433602379219717 175.600000000016
8781 1.439938268015714 175.620000000016
8782 1.448852443447555 175.640000000016
8783 1.459972588970157 175.6600000000161
8784 1.473489942585348 175.6800000000161
8785 1.48924171314848 175.7000000000161
8786 1.507043790860644 175.7200000000161
8787 1.527645111757443 175.7400000000161
8788 1.550071146280688 175.7600000000161
8789 1.574296172616207 175.7800000000161
8790 1.601256160746258 175.8000000000161
8791 1.630116241878042 175.8200000000161
8792 1.660549095340224 175.8400000000161
8793 1.693035255900007 175.8600000000162
8794 1.727529697523987 175.8800000000162
8795 1.764317043048126 175.9000000000162
8796 1.80274000276574 175.9200000000162
8797 1.841632882461693 175.9400000000162
8798 1.882122183393742 175.9600000000162
8799 1.923959788881806 175.9800000000162
8800 1.967290560434168 176.0000000000162
8801 2.011133067578913 176.0200000000162
8802 2.055724633004455 176.0400000000162
8803 2.100929044459591 176.0600000000163
8804 2.14699502099154 176.0800000000163
8805 2.193408760212844 176.1000000000163
8806 2.240085903087231 176.1200000000163
8807 2.28676875459806 176.1400000000163
8808 2.333872847343732 176.1600000000163
8809 2.380473083618693 176.1800000000163
8810 2.426274551579171 176.2000000000163
8811 2.471605943367006 176.2200000000163
8812 2.516350096050001 176.2400000000164
8813 2.560401319979802 176.2600000000164
8814 2.603217511807757 176.2800000000164
8815 2.644560947760503 176.3000000000164
8816 2.684987389783998 176.3200000000164
8817 2.723342957768827 176.3400000000164
8818 2.760151569210395 176.3600000000164
8819 2.79502700619063 176.3800000000164
8820 2.827937069431194 176.4000000000164
8821 2.858788691376013 176.4200000000164
8822 2.888125475823222 176.4400000000165
8823 2.914644457568144 176.4600000000165
8824 2.93900050038937 176.4800000000165
8825 2.960634389899002 176.5000000000165
8826 2.980103733912567 176.5200000000165
8827 2.997080893576008 176.5400000000165
8828 3.011576941339443 176.5600000000165
8829 3.02336906011133 176.5800000000165
8830 3.032538443223584 176.6000000000165
8831 3.039256968368272 176.6200000000165
8832 3.043361422168966 176.6400000000166
8833 3.044634673772276 176.6600000000166
8834 3.04331043529471 176.6800000000166
8835 3.039637741620813 176.7000000000166
8836 3.033505940520403 176.7200000000166
8837 3.024850767662604 176.7400000000166
8838 3.013369861965036 176.7600000000166
8839 2.999734994592664 176.7800000000166
8840 2.984004450273422 176.8000000000166
8841 2.966199425260547 176.8200000000166
8842 2.946124818017735 176.8400000000167
8843 2.923853956229417 176.8600000000167
8844 2.89971954227856 176.8800000000167
8845 2.873895888594976 176.9000000000167
8846 2.846255268824072 176.9200000000167
8847 2.816968749373582 176.9400000000167
8848 2.786325885846606 176.9600000000167
8849 2.754209029013221 176.9800000000167
8850 2.72078855316362 177.0000000000167
8851 2.686335724633689 177.0200000000168
8852 2.650623269795492 177.0400000000168
8853 2.613990870945529 177.0600000000168
8854 2.576522914691885 177.0800000000168
8855 2.538254783016548 177.1000000000168
8856 2.499441227610515 177.1200000000168
8857 2.460067929133123 177.1400000000168
8858 2.420155366199953 177.1600000000168
8859 2.379952253496995 177.1800000000168
8860 2.339522278222032 177.2000000000168
8861 2.298884863778918 177.2200000000169
8862 2.25826172252784 177.2400000000169
8863 2.217794502072944 177.2600000000169
8864 2.177457176166016 177.2800000000169
8865 2.137255776488815 177.3000000000169
8866 2.097403940297271 177.3200000000169
8867 2.058002351469728 177.3400000000169
8868 2.019231071979774 177.3600000000169
8869 1.980855761504964 177.3800000000169
8870 1.943379032076584 177.4000000000169
8871 1.906381148963351 177.420000000017
8872 1.870367474065548 177.440000000017
8873 1.835331503170939 177.460000000017
8874 1.801060679180792 177.480000000017
8875 1.767778803486725 177.500000000017
8876 1.73574814853077 177.520000000017
8877 1.705158574965792 177.540000000017
8878 1.675644500265522 177.560000000017
8879 1.647538141906163 177.580000000017
8880 1.620816035234356 177.600000000017
8881 1.595729893809129 177.6200000000171
8882 1.572068775865153 177.6400000000171
8883 1.550036609886093 177.6600000000171
8884 1.530047762063396 177.6800000000171
8885 1.511803062154001 177.7000000000171
8886 1.495249130866641 177.7200000000171
8887 1.480953861858168 177.7400000000171
8888 1.468661259597836 177.7600000000171
8889 1.458115304511544 177.7800000000171
8890 1.44960048145835 177.8000000000171
8891 1.442711394093968 177.8200000000172
8892 1.438242715984954 177.8400000000172
8893 1.43592329221336 177.8600000000172
8894 1.436169064307538 177.8800000000172
8895 1.438849571580652 177.9000000000172
8896 1.443798895862475 177.9200000000172
8897 1.450122364982812 177.9400000000172
8898 1.458777226636554 177.9600000000172
8899 1.469864699952784 177.9800000000172
8900 1.484014965914345 178.0000000000173
8901 1.500182733637493 178.0200000000173
8902 1.518399395557338 178.0400000000173
8903 1.538886989895837 178.0600000000173
8904 1.561627312755853 178.0800000000173
8905 1.586640182733513 178.1000000000173
8906 1.614066706794926 178.1200000000173
8907 1.643520182031723 178.1400000000173
8908 1.674669416701579 178.1600000000173
8909 1.707557782536181 178.1800000000173
8910 1.742430343017288 178.2000000000174
8911 1.779362114520468 178.2200000000174
8912 1.818016558402328 178.2400000000174
8913 1.857739397245167 178.2600000000174
8914 1.899358679067266 178.2800000000174
8915 1.942201347314238 178.3000000000174
8916 1.986129892735961 178.3200000000174
8917 2.030703851158605 178.3400000000174
8918 2.076355848339544 178.3600000000174
8919 2.122493214689497 178.3800000000174
8920 2.169494444208438 178.4000000000175
8921 2.216504757535443 178.4200000000175
8922 2.263884409209906 178.4400000000175
8923 2.311212505566665 178.4600000000175
8924 2.35869115490155 178.4800000000175
8925 2.405456774517233 178.5000000000175
8926 2.451840639406649 178.5200000000175
8927 2.497894171388253 178.5400000000175
8928 2.542902713073663 178.5600000000175
8929 2.587021868182043 178.5800000000175
8930 2.629900470883718 178.6000000000176
8931 2.671661154975816 178.6200000000176
8932 2.711681363141159 178.6400000000176
8933 2.750214573752825 178.6600000000176
8934 2.786645101741255 178.6800000000176
8935 2.821121745376002 178.7000000000176
8936 2.853835765489317 178.7200000000176
8937 2.884549981909957 178.7400000000176
8938 2.912918316425329 178.7600000000176
8939 2.938599025981805 178.7800000000177
8940 2.962089237919789 178.8000000000177
8941 2.983254834277472 178.8200000000177
8942 3.001561092364625 178.8400000000177
8943 3.017352364259633 178.8600000000177
8944 3.030478676841878 178.8800000000177
8945 3.040997224631294 178.9000000000177
8946 3.048885610454358 178.9200000000177
8947 3.05416015067024 178.9400000000177
8948 3.056719774015228 178.9600000000177
8949 3.056535757534053 178.9800000000178
8950 3.053824806814179 179.0000000000178
8951 3.048516112167375 179.0200000000178
8952 3.040814637036013 179.0400000000178
8953 3.030512058666927 179.0600000000178
8954 3.017718671979694 179.0800000000178
8955 3.002368712826677 179.1000000000178
8956 2.98501408271917 179.1200000000178
8957 2.965723678068105 179.1400000000178
8958 2.944158192988467 179.1600000000178
8959 2.920589449109802 179.1800000000179
8960 2.895264613237632 179.2000000000179
8961 2.867977295530705 179.2200000000179
8962 2.839101852490837 179.2400000000179
8963 2.80874869225685 179.2600000000179
8964 2.776899153969668 179.2800000000179
8965 2.74364344153509 179.3000000000179
8966 2.708977280654364 179.3200000000179
8967 2.673222244149239 179.3400000000179
8968 2.63643886422896 179.3600000000179
8969 2.5988314861038 179.380000000018
8970 2.560329788925639 179.400000000018
8971 2.521196235400762 179.420000000018
8972 2.481553672544062 179.440000000018
8973 2.441076965227547 179.460000000018
8974 2.400136427655577 179.480000000018
8975 2.359166915315677 179.500000000018
8976 2.317967066577381 179.520000000018
8977 2.276747096880476 179.540000000018
8978 2.235676228355691 179.5600000000181
8979 2.194767746110724 179.5800000000181
8980 2.153848102283483 179.6000000000181
8981 2.113159705794937 179.6200000000181
8982 2.072988818413612 179.6400000000181
8983 2.033467392311579 179.6600000000181
8984 1.994396384747644 179.6800000000181
8985 1.95587690967579 179.7000000000181
8986 1.918364187940194 179.7200000000181
8987 1.881589300901591 179.7400000000181
8988 1.845677793956771 179.7600000000182
8989 1.81052788485636 179.7800000000182
8990 1.776586864535275 179.8000000000182
8991 1.743843374774746 179.8200000000182
8992 1.712272032654655 179.8400000000182
8993 1.682124050854539 179.8600000000182
8994 1.653102624844598 179.8800000000182
8995 1.625833923686272 179.9000000000182
8996 1.599761365999411 179.9200000000182
8997 1.575430027508564 179.9400000000182
8998 1.55279590508847 179.9600000000183
8999 1.53172026193068 179.9800000000183
9000 1.512208132099041 180.0000000000183
9001 1.494820935429769 180.0200000000183
9002 1.479160645704038 180.0400000000183
9003 1.465841679973185 180.0600000000183
9004 1.454339588641157 180.0800000000183
9005 1.444685615489825 180.1000000000183
9006 1.436886777307267 180.1200000000183
9007 1.431287583341813 180.1400000000183
9008 1.428103068572274 180.1600000000184
9009 1.427315857642772 180.1800000000184
9010 1.428335151583156 180.2000000000184
9011 1.431390965721843 180.2200000000184
9012 1.436773199415747 180.2400000000184
9013 1.444451898684954 180.2600000000184
9014 1.454553862749945 180.2800000000184
9015 1.467002751619296 180.3000000000184
9016 1.481917336191035 180.3200000000184
9017 1.498474112760552 180.3400000000184
9018 1.517931031773589 180.3600000000185
9019 1.539685432628831 180.3800000000185
9020 1.562901775049102 180.4000000000185
9021 1.588592305898311 180.4200000000185
9022 1.61668218787705 180.4400000000185
9023 1.646435731261614 180.4600000000185
9024 1.677863817686326 180.4800000000185
9025 1.711504549382812 180.5000000000185
9026 1.747188737717624 180.5200000000185
9027 1.785119362653754 180.5400000000186
9028 1.823616453174715 180.5600000000186
9029 1.863428817860033 180.5800000000186
9030 1.904630612510898 180.6000000000186
9031 1.947375548512545 180.6200000000186
9032 1.990993800337596 180.6400000000186
9033 2.035184847867965 180.6600000000186
9034 2.08026469728428 180.6800000000186
9035 2.125795045044979 180.7000000000186
9036 2.172181008784481 180.7200000000186
9037 2.218679752382321 180.7400000000187
9038 2.265336406603327 180.7600000000187
9039 2.312276495535532 180.7800000000187
9040 2.359390873406188 180.8000000000187
9041 2.405283844852074 180.8200000000187
9042 2.450899002690525 180.8400000000187
9043 2.495940748406922 180.8600000000187
9044 2.540443419457046 180.8800000000187
9045 2.583771887406918 180.9000000000187
9046 2.625797144906548 180.9200000000187
9047 2.666773085972544 180.9400000000188
9048 2.706001224962935 180.9600000000188
9049 2.74346334498867 180.9800000000188
9050 2.779452892627135 181.0000000000188
9051 2.813082896127077 181.0200000000188
9052 2.844866800033746 181.0400000000188
9053 2.875067050832968 181.0600000000188
9054 2.902730326989875 181.0800000000188
9055 2.928148243975658 181.1000000000188
9056 2.951004364728567 181.1200000000188
9057 2.971456367131979 181.1400000000189
9058 2.989645791657002 181.1600000000189
9059 3.005281742382473 181.1800000000189
9060 3.018276048696706 181.2000000000189
9061 3.028663535105765 181.2200000000189
9062 3.036439525683331 181.2400000000189
9063 3.041872796632244 181.2600000000189
9064 3.044367325416387 181.2800000000189
9065 3.044215572032136 181.3000000000189
9066 3.041584514366342 181.320000000019
9067 3.036649083515758 181.340000000019
9068 3.029096231506952 181.360000000019
9069 3.018933504601611 181.380000000019
9070 3.00621106592963 181.400000000019
9071 2.991429612809738 181.420000000019
9072 2.974617888074565 181.440000000019
9073 2.955590800101702 181.460000000019
9074 2.934286783524572 181.480000000019
9075 2.910912694981056 181.500000000019
9076 2.885922188117284 181.5200000000191
9077 2.859119976460966 181.5400000000191
9078 2.830602219992811 181.5600000000191
9079 2.800494763035219 181.5800000000191
9080 2.769074440125729 181.6000000000191
9081 2.736200946931614 181.6200000000191
9082 2.702230482909589 181.6400000000191
9083 2.667084749993436 181.6600000000191
9084 2.630820635822278 181.6800000000191
9085 2.593783646517863 181.7000000000191
9086 2.555812376638285 181.7200000000192
9087 2.517319121979707 181.7400000000192
9088 2.478140932883591 181.7600000000192
9089 2.438460095177764 181.7800000000192
9090 2.398361142352992 181.8000000000192
9091 2.358050493242232 181.8200000000192
9092 2.317504634126596 181.8400000000192
9093 2.276796873037118 181.8600000000192
9094 2.236297855243698 181.8800000000192
9095 2.195874606741819 181.9000000000192
9096 2.155621865498567 181.9200000000193
9097 2.115573359991962 181.9400000000193
9098 2.075951943844464 181.9600000000193
9099 2.036881780558901 181.9800000000193
9100 1.998309734893835 182.0000000000193
9101 1.960528349927902 182.0200000000193
9102 1.92318735208993 182.0400000000193
9103 1.88679765872294 182.0600000000193
9104 1.851168526045252 182.0800000000193
9105 1.816694313651234 182.1000000000193
9106 1.782860399093346 182.1200000000194
9107 1.750198094584072 182.1400000000194
9108 1.718982197691848 182.1600000000194
9109 1.688961344064577 182.1800000000194
9110 1.660291685746313 182.2000000000194
9111 1.632705349194687 182.2200000000194
9112 1.607134856756064 182.2400000000194
9113 1.58257976269336 182.2600000000194
9114 1.559967402593056 182.2800000000194
9115 1.538872973454053 182.3000000000195
9116 1.519882198034012 182.3200000000195
9117 1.502614720352845 182.3400000000195
9118 1.487173249414774 182.3600000000195
9119 1.474044181189781 182.3800000000195
9120 1.462697588611558 182.4000000000195
9121 1.453259558853419 182.4200000000195
9122 1.445503929274252 182.4400000000195
9123 1.440014465258908 182.4600000000195
9124 1.436704654465577 182.4800000000195
9125 1.435664275551147 182.5000000000196
9126 1.437344219906629 182.5200000000196
9127 1.441302575128393 182.5400000000196
9128 1.446986137288729 182.5600000000196
9129 1.454504332044829 182.5800000000196
9130 1.464451069789782 182.6000000000196
9131 1.477161925472769 182.6200000000196
9132 1.492570478634452 182.6400000000196
9133 1.509769722542244 182.6600000000196
9134 1.529241276167468 182.6800000000196
9135 1.550845579607209 182.7000000000197
9136 1.574820706399697 182.7200000000197
9137 1.601241984996446 182.7400000000197
9138 1.629896544521897 182.7600000000197
9139 1.660090479575116 182.7800000000197
9140 1.692309942206041 182.8000000000197
9141 1.726090282693403 182.8200000000197
9142 1.762241325095893 182.8400000000197
9143 1.800033198920346 182.8600000000197
9144 1.839344351546416 182.8800000000197
9145 1.880062230887543 182.9000000000198
9146 1.922365376439488 182.9200000000198
9147 1.965865225135041 182.9400000000198
9148 2.010236563889501 182.9600000000198
9149 2.055175355910417 182.9800000000198
9150 2.101366251277919 183.0000000000198
9151 2.147722485943731 183.0200000000198
9152 2.194879389973982 183.0400000000198
9153 2.242092938567505 183.0600000000198
9154 2.289391263429172 183.0800000000199
9155 2.336990273284508 183.1000000000199
9156 2.384065623726674 183.1200000000199
9157 2.430519628574321 183.1400000000199
9158 2.476880586418585 183.1600000000199
9159 2.522351531423893 183.1800000000199
9160 2.566875266950544 183.2000000000199
9161 2.610295465611244 183.2200000000199
9162 2.652652911317336 183.2400000000199
9163 2.693445764362677 183.2600000000199
9164 2.732745708000825 183.28000000002
9165 2.770116606136235 183.30000000002
9166 2.805523884681721 183.32000000002
9167 2.839036906568134 183.34000000002
9168 2.870704065300075 183.36000000002
9169 2.900167290352631 183.38000000002
9170 2.926967912273812 183.40000000002
9171 2.951579588806418 183.42000000002
9172 2.97380701660738 183.44000000002
9173 2.993498122332274 183.46000000002
9174 3.010373802699024 183.4800000000201
9175 3.024789851004741 183.5000000000201
9176 3.036394297013858 183.5200000000201
9177 3.045597287775512 183.5400000000201
9178 3.051993711969226 183.5600000000201
9179 3.055857191490668 183.5800000000201
9180 3.056892191713843 183.6000000000201
9181 3.05540397085427 183.6200000000201
9182 3.051209456936109 183.6400000000201
9183 3.044572023515934 183.6600000000201
9184 3.035518413085422 183.6800000000202
9185 3.023881316314841 183.7000000000202
9186 3.009660510142052 183.7200000000202
9187 2.993185867875234 183.7400000000202
9188 2.974806739209593 183.7600000000202
9189 2.954280952178068 183.7800000000202
9190 2.931615664342847 183.8000000000202
9191 2.907132163136283 183.8200000000202
9192 2.880651810252782 183.8400000000202
9193 2.852500611674506 183.8600000000202
9194 2.822839499993368 183.8800000000203
9195 2.791664877932484 183.9000000000203
9196 2.759026043703057 183.9200000000203
9197 2.725077800784545 183.9400000000203
9198 2.689722409724297 183.9600000000203
9199 2.65342806534424 183.9800000000203
9200 2.616174088441523 184.0000000000203
9201 2.578097992376306 184.0200000000203
9202 2.539208835620551 184.0400000000203
9203 2.499819234749417 184.0600000000204
9204 2.459747381866674 184.0800000000204
9205 2.418939671147827 184.1000000000204
9206 2.377929921723845 184.1200000000204
9207 2.336877516272342 184.1400000000204
9208 2.295636824873528 184.1600000000204
9209 2.254460537671085 184.1800000000204
9210 2.213550225085324 184.2000000000204
9211 2.172624796061054 184.2200000000204
9212 2.131788872228412 184.2400000000204
9213 2.091347203588116 184.2600000000205
9214 2.051518004502969 184.2800000000205
9215 2.012297762807495 184.3000000000205
9216 1.973456472186088 184.3200000000205
9217 1.935485707355623 184.3400000000205
9218 1.898380682407854 184.3600000000205
9219 1.862073376396965 184.3800000000205
9220 1.826534132557589 184.4000000000205
9221 1.791948593743264 184.4200000000205
9222 1.758720585077631 184.4400000000205
9223 1.726579698566502 184.4600000000206
9224 1.69584078155147 184.4800000000206
9225 1.666166976868168 184.5000000000206
9226 1.638168056914026 184.5200000000206
9227 1.611591847649593 184.5400000000206
9228 1.586348414189818 184.5600000000206
9229 1.563001605478874 184.5800000000206
9230 1.541191065415425 184.6000000000206
9231 1.520926993831849 184.6200000000206
9232 1.502617558953515 184.6400000000206
9233 1.486118595285238 184.6600000000207
9234 1.471694352901801 184.6800000000207
9235 1.459394029908309 184.7000000000207
9236 1.44888733064531 184.7200000000207
9237 1.440251912739312 184.7400000000207
9238 1.433592206504103 184.7600000000207
9239 1.429321807092756 184.7800000000207
9240 1.427494319052569 184.8000000000207
9241 1.427571689644151 184.8200000000207
9242 1.429678342052037 184.8400000000208
9243 1.43408134986946 184.8600000000208
9244 1.440574019836308 184.8800000000208
9245 1.449702476747682 184.9000000000208
9246 1.461044835577491 184.9200000000208
9247 1.474761847064761 184.9400000000208
9248 1.490628489139226 184.9600000000208
9249 1.508696011584353 184.9800000000208
9250 1.529488671904841 185.0000000000208
9251 1.552016112766024 185.0200000000208
9252 1.576476491430663 185.0400000000209
9253 1.603623308766905 185.0600000000209
9254 1.632625472740717 185.0800000000209
9255 1.663211565296554 185.1000000000209
9256 1.695873723479835 185.1200000000209
9257 1.730513577255922 185.1400000000209
9258 1.767527845848979 185.1600000000209
9259 1.805987973686091 185.1800000000209
9260 1.844991905123488 185.2000000000209
9261 1.885614048752606 185.2200000000209
9262 1.927560741539825 185.240000000021
9263 1.970969548428402 185.260000000021
9264 2.014860022911896 185.280000000021
9265 2.059547867987586 185.300000000021
9266 2.104768462003153 185.320000000021
9267 2.150916338727103 185.340000000021
9268 2.197315760615277 185.360000000021
9269 2.244016466474312 185.380000000021
9270 2.290748802748547 185.400000000021
9271 2.337885833428602 185.420000000021
9272 2.384341739345235 185.4400000000211
9273 2.430131048634953 185.4600000000211
9274 2.47542925455735 185.4800000000211
9275 2.520126377735104 185.5000000000211
9276 2.564078560855106 185.5200000000211
9277 2.60678873270139 185.5400000000211
9278 2.648055323219317 185.5600000000211
9279 2.688312220046235 185.5800000000211
9280 2.726555198116223 185.6000000000211
9281 2.763213838236257 185.6200000000212
9282 2.797893160210881 185.6400000000212
9283 2.830648588532805 185.6600000000212
9284 2.861360879274909 185.6800000000212
9285 2.890493490287282 185.7000000000212
9286 2.916818340152599 185.7200000000212
9287 2.940967188957699 185.7400000000212
9288 2.962400042635908 185.7600000000212
9289 2.981683203293486 185.7800000000212
9290 2.998440967170515 185.8000000000212
9291 3.012714226454871 185.8200000000213
9292 3.024288231890027 185.8400000000213
9293 3.033225228587765 185.8600000000213
9294 3.039753085786412 185.8800000000213
9295 3.043611259743306 185.9000000000213
9296 3.044653890376355 185.9200000000213
9297 3.043117285722393 185.9400000000213
9298 3.039269592947742 185.9600000000213
9299 3.032916110973767 185.9800000000213
9300 3.02401635600432 186.0000000000213
9301 3.012329300171658 186.0200000000214
9302 2.998531487033653 186.0400000000214
9303 2.982628263481359 186.0600000000214
9304 2.964643419448684 186.0800000000214
9305 2.944375549328444 186.1000000000214
9306 2.921916071375642 186.1200000000214
9307 2.897645841776828 186.1400000000214
9308 2.871674682827874 186.1600000000214
9309 2.843884989495118 186.1800000000214
9310 2.814472489702071 186.2000000000214
9311 2.783725058177459 186.2200000000215
9312 2.751473368116749 186.2400000000215
9313 2.717957946711261 186.2600000000215
9314 2.683404887039304 186.2800000000215
9315 2.647606974503734 186.3000000000215
9316 2.610904791747411 186.3200000000215
9317 2.573362920703838 186.3400000000215
9318 2.535037113080579 186.3600000000215
9319 2.49617693546053 186.3800000000215
9320 2.456759020607391 186.4000000000215
9321 2.416815624069926 186.4200000000216
9322 2.376590808609944 186.4400000000216
9323 2.336142691605041 186.4600000000216
9324 2.295490499479789 186.4800000000216
9325 2.254879426895688 186.5000000000216
9326 2.21441773778635 186.5200000000216
9327 2.174088581237112 186.5400000000216
9328 2.133899285140132 186.5600000000216
9329 2.094093186904207 186.5800000000216
9330 2.054736733313397 186.6000000000217
9331 2.01600852486509 186.6200000000217
9332 1.977681136389827 186.6400000000217
9333 1.940264202805711 186.6600000000217
9334 1.903315843373155 186.6800000000217
9335 1.867400695090384 186.7000000000217
9336 1.832441045070584 186.7200000000217
9337 1.798231782053157 186.7400000000217
9338 1.765041105413597 186.7600000000217
9339 1.733143237161058 186.7800000000217
9340 1.7026344961637 186.8000000000218
9341 1.673239192016735 186.8200000000218
9342 1.645210794465139 186.8400000000218
9343 1.618684345210823 186.8600000000218
9344 1.593648130520174 186.8800000000218
9345 1.570174637587672 186.9000000000218
9346 1.548244996208954 186.9200000000218
9347 1.528468400249769 186.9400000000218
9348 1.510339793866515 186.9600000000218
9349 1.49392207473889 186.9800000000218
9350 1.47985981663732 187.0000000000219
9351 1.467698959381723 187.0200000000219
9352 1.457339615959866 187.0400000000219
9353 1.448914422486787 187.0600000000219
9354 1.442188954201284 187.0800000000219
9355 1.437952944279267 187.1000000000219
9356 1.435839616218377 187.1200000000219
9357 1.436290370626921 187.1400000000219
9358 1.439187726191058 187.1600000000219
9359 1.444232791467096 187.1800000000219
9360 1.450755246086152 187.200000000022
9361 1.459577139186037 187.220000000022
9362 1.470900304930717 187.240000000022
9363 1.485311713240472 187.260000000022
9364 1.501606335324383 187.280000000022
9365 1.520021253119605 187.300000000022
9366 1.540679741257926 187.320000000022
9367 1.563590487842495 187.340000000022
9368 1.588832516954468 187.360000000022
9369 1.616463816295468 187.3800000000221
9370 1.646008213999522 187.4000000000221
9371 1.677322845011979 187.4200000000221
9372 1.710339208905743 187.4400000000221
9373 1.745449773354639 187.4600000000221
9374 1.782478245862684 187.4800000000221
9375 1.821260972832827 187.5000000000221
9376 1.861138542842711 187.5200000000221
9377 1.902863114025732 187.5400000000221
9378 1.945811059897566 187.5600000000221
9379 1.989809286929921 187.5800000000222
9380 2.034424894130296 187.6000000000222
9381 2.080205963838116 187.6200000000222
9382 2.126312325147438 187.6400000000222
9383 2.173399830631085 187.6600000000222
9384 2.220432428184333 187.6800000000222
9385 2.267790801398893 187.7000000000222
9386 2.315158829127651 187.7200000000222
9387 2.362598869493791 187.7400000000222
9388 2.409327690297684 187.7600000000222
9389 2.455698715745733 187.7800000000223
9390 2.501662313867448 187.8000000000223
9391 2.546601478093475 187.8200000000223
9392 2.590624272420435 187.8400000000223
9393 2.633417299726459 187.8600000000223
9394 2.675047186614261 187.8800000000223
9395 2.714962109865473 187.9000000000223
9396 2.753322906255338 187.9200000000223
9397 2.789575230221159 187.9400000000223
9398 2.823919851481371 187.9600000000223
9399 2.856487430203198 187.9800000000224
9400 2.887007661783802 188.0000000000224
9401 2.915147681598714 188.0200000000224
9402 2.940678262934794 188.0400000000224
9403 2.963939416572392 188.0600000000224
9404 2.984920906983196 188.0800000000224
9405 3.003020110057471 188.1000000000224
9406 3.018572013384034 188.1200000000224
9407 3.031478942219387 188.1400000000224
9408 3.041788186008412 188.1600000000224
9409 3.049453311065778 188.1800000000225
9410 3.054511692395539 188.2000000000225
9411 3.056831020963032 188.2200000000225
9412 3.056441879314061 188.2400000000225
9413 3.053515687546535 188.2600000000225
9414 3.047987567435176 188.2800000000225
9415 3.040098557642446 188.3000000000225
9416 3.029583768882657 188.3200000000225
9417 3.016569886387151 188.3400000000225
9418 3.001036768397188 188.3600000000226
9419 2.983521273243213 188.3800000000226
9420 2.964053481375442 188.4000000000226
9421 2.942318845380159 188.4200000000226
9422 2.918591378891794 188.4400000000226
9423 2.893112207919216 188.4600000000226
9424 2.86568203186363 188.4800000000226
9425 2.836676483618663 188.5000000000226
9426 2.806197029189564 188.5200000000226
9427 2.774226014826455 188.5400000000226
9428 2.7408612000243 188.5600000000227
9429 2.706085348827141 188.5800000000227
9430 2.670244780622276 188.6000000000227
9431 2.633384199438873 188.6200000000227
9432 2.595707668455227 188.6400000000227
9433 2.557142440623544 188.6600000000227
9434 2.517959154552877 188.6800000000227
9435 2.478259144868469 188.7000000000227
9436 2.437722743873891 188.7200000000227
9437 2.3967677860892 188.7400000000227
9438 2.355780003136838 188.7600000000228
9439 2.314576979857621 188.7800000000228
9440 2.273358075505573 188.8000000000228
9441 2.23230517653968 188.8200000000228
9442 2.191398447541671 188.8400000000228
9443 2.150478748179858 188.8600000000228
9444 2.109825767201016 188.8800000000228
9445 2.069709139842707 188.9000000000228
9446 2.030232512097842 188.9200000000228
9447 1.991190700895397 188.9400000000228
9448 1.952778960041054 188.9600000000229
9449 1.91529792990569 188.9800000000229
9450 1.878600660321601 189.0000000000229
9451 1.842745211028484 189.0200000000229
9452 1.807665374361 189.0400000000229
9453 1.773826668843012 189.0600000000229
9454 1.741167976446806 189.0800000000229
9455 1.709715316729461 189.1000000000229
9456 1.679665869859598 189.1200000000229
9457 1.650781907067169 189.140000000023
9458 1.623641151160431 189.160000000023
9459 1.597662450894651 189.180000000023
9460 1.573477622478956 189.200000000023
9461 1.551007198967357 189.220000000023
9462 1.530045276009175 189.240000000023
9463 1.510703996188786 189.260000000023
9464 1.493451480294996 189.280000000023
9465 1.477959691338813 189.300000000023
9466 1.464817362026007 189.320000000023
9467 1.453469956860112 189.3400000000231
9468 1.443982151421223 189.3600000000231
9469 1.436326709105646 189.3800000000231
9470 1.43094292718664 189.4000000000231
9471 1.427964049357543 189.4200000000231
9472 1.427325738357154 189.4400000000231
9473 1.428513532919487 189.4600000000231
9474 1.431794252378664 189.4800000000231
9475 1.437333127906787 189.5000000000231
9476 1.445255113109942 189.5200000000231
9477 1.455529946533056 189.5400000000232
9478 1.468174487621486 189.5600000000232
9479 1.483261740805941 189.5800000000232
9480 1.500026627155148 189.6000000000232
9481 1.519682183299863 189.6200000000232
9482 1.5415957849337 189.6400000000232
9483 1.564974438292296 189.6600000000232
9484 1.590917006495402 189.6800000000232
9485 1.619147002034049 189.7000000000232
9486 1.649037940481004 189.7200000000232
9487 1.680643870019821 189.7400000000233
9488 1.714484012590492 189.7600000000233
9489 1.75033373294705 189.7800000000233
9490 1.788401955378047 189.8000000000233
9491 1.826942460732723 189.8200000000233
9492 1.866887145830884 189.8400000000233
9493 1.908211255042875 189.8600000000233
9494 1.951118877218996 189.8800000000233
9495 1.994734974698475 189.9000000000233
9496 2.038992774464842 189.9200000000234
9497 2.084141473250052 189.9400000000234
9498 2.129725937326909 189.9600000000234
9499 2.176145922053822 189.9800000000234
9500 2.22269973514494 190.0000000000234
9501 2.269320884424808 190.0200000000234
9502 2.316289075593888 190.0400000000234
9503 2.363372897754703 190.0600000000234
9504 2.40920165318865 190.0800000000234
9505 2.454795120610474 190.1000000000234
9506 2.499751356243973 190.1200000000235
9507 2.544196754751574 190.1400000000235
9508 2.587445285796476 190.1600000000235
9509 2.629340756292856 190.1800000000235
9510 2.670206664165342 190.2000000000235
9511 2.709294138594057 190.2200000000235
9512 2.746623843208299 190.2400000000235
9513 2.782444338003569 190.2600000000235
9514 2.815900430477047 190.2800000000235
9515 2.847502372706255 190.3000000000235
9516 2.877589891988258 190.3200000000236
9517 2.905010040798188 190.3400000000236
9518 2.930261953571204 190.3600000000236
9519 2.952859782127747 190.3800000000236
9520 2.973130096499856 190.4000000000236
9521 2.991122714797075 190.4200000000236
9522 3.00654236774358 190.4400000000236
9523 3.019296219965534 190.4600000000236
9524 3.029474720753519 190.4800000000236
9525 3.037049757937687 190.5000000000236
9526 3.042236987428559 190.5200000000237
9527 3.044515857784912 190.5400000000237
9528 3.044139112213982 190.5600000000237
9529 3.041304750860139 190.5800000000237
9530 3.03615531913487 190.6000000000237
9531 3.028390650389969 190.6200000000237
9532 3.017985062204942 190.6400000000237
9533 3.005077904088514 190.6600000000237
9534 2.990125390475864 190.6800000000237
9535 2.973115709501983 190.7000000000237
9536 2.953906687768947 190.7200000000238
9537 2.932423727796392 190.7400000000238
9538 2.908905587338898 190.7600000000238
9539 2.883761106988576 190.7800000000238
9540 2.85680080172954 190.8000000000238
9541 2.828148429362347 190.8200000000238
9542 2.797936497495475 190.8400000000238
9543 2.766379006187118 190.8600000000238
9544 2.73339077560742 190.8800000000238
9545 2.699332108586652 190.9000000000239
9546 2.664080363803237 190.9200000000239
9547 2.627744040356121 190.9400000000239
9548 2.590629587347186 190.9600000000239
9549 2.552601360010163 190.9800000000239
9550 2.514042445001881 191.0000000000239
9551 2.474822115110554 191.0200000000239
9552 2.435099864064421 191.0400000000239
9553 2.394977501156045 191.0600000000239
9554 2.354650687416805 191.0800000000239
9555 2.314085978789397 191.100000000024
9556 2.273377396407633 191.120000000024
9557 2.232881999836835 191.140000000024
9558 2.192474672513207 191.160000000024
9559 2.152227567357744 191.180000000024
9560 2.112223655250887 191.200000000024
9561 2.072625797663395 191.220000000024
9562 2.033616164461633 191.240000000024
9563 1.995082543541389 191.260000000024
9564 1.957368565702123 191.280000000024
9565 1.920056969999906 191.3000000000241
9566 1.883759909847201 191.3200000000241
9567 1.848212109557626 191.3400000000241
9568 1.81381573325351 191.3600000000241
9569 1.780066142527856 191.3800000000241
9570 1.747513259214331 191.4000000000241
9571 1.716400534992466 191.4200000000241
9572 1.686471368240581 191.4400000000241
9573 1.657910024955501 191.4600000000241
9574 1.630455933640634 191.4800000000241
9575 1.605006356963292 191.5000000000242
9576 1.580585837302827 191.5200000000242
9577 1.558099684125209 191.5400000000242
9578 1.537220656965656 191.5600000000242
9579 1.518336178116161 191.5800000000242
9580 1.50121463407625 191.6000000000242
9581 1.485987059161249 191.6200000000242
9582 1.472982041518573 191.6400000000242
9583 1.461804871990892 191.6600000000242
9584 1.452614647744812 191.6800000000243
9585 1.444903349771872 191.7000000000243
9586 1.439638816867605 191.7200000000243
9587 1.436539897053645 191.7400000000243
9588 1.435694017678633 191.7600000000243
9589 1.437604783280678 191.7800000000243
9590 1.441693998328108 191.8000000000243
9591 1.447548660454952 191.8200000000243
9592 1.455219259607277 191.8400000000243
9593 1.465366912480509 191.8600000000243
9594 1.478369891305118 191.8800000000244
9595 1.49391455493938 191.9000000000244
9596 1.511291859093697 191.9200000000244
9597 1.530971858295602 191.9400000000244
9598 1.552786085897228 191.9600000000244
9599 1.576949091110475 191.9800000000244
9600 1.60355678922671 192.0000000000244
9601 1.632357436349662 192.0200000000244
9602 1.662738509836767 192.0400000000244
9603 1.695069994195889 192.0600000000244
9604 1.729053197446266 192.0800000000245
9605 1.765335810717793 192.1000000000245
9606 1.803310760124408 192.1200000000245
9607 1.842674389269406 192.1400000000245
9608 1.883559987405212 192.1600000000245
9609 1.92596334862597 192.1800000000245
9610 1.969547795487482 192.2000000000245
9611 2.013961233347383 192.2200000000245
9612 2.059023315532225 192.2400000000245
9613 2.105201464048978 192.2600000000245
9614 2.151682216525214 192.2800000000246
9615 2.19882205562618 192.3000000000246
9616 2.246092560881813 192.3200000000246
9617 2.293347098958901 192.3400000000246
9618 2.340974974684139 192.3600000000246
9619 2.387974111456003 192.3800000000246
9620 2.434402189434274 192.4000000000246
9621 2.4807292640331 192.4200000000246
9622 2.526120415981447 192.4400000000246
9623 2.570574031594947 192.4600000000246
9624 2.613888768621696 192.4800000000247
9625 2.65615079782698 192.5000000000247
9626 2.696792960305498 192.5200000000247
9627 2.735957903721199 192.5400000000247
9628 2.773156694297223 192.5600000000247
9629 2.808412197492552 192.5800000000247
9630 2.841764909095902 192.6000000000247
9631 2.873265125410028 192.6200000000247
9632 2.902544707840751 192.6400000000247
9633 2.929112014276758 192.6600000000248
9634 2.953535827217455 192.6800000000248
9635 2.975578464069582 192.7000000000248
9636 2.995018146376965 192.7200000000248
9637 3.011718891783534 192.7400000000248
9638 3.025885202350956 192.7600000000248
9639 3.037284345962103 192.7800000000248
9640 3.046259875786324 192.8000000000248
9641 3.052442638112366 192.8200000000248
9642 3.056076425541385 192.8400000000248
9643 3.056887247599972 192.8600000000249
9644 3.055170761546406 192.8800000000249
9645 3.05077042434218 192.9000000000249
9646 3.043928518363994 192.9200000000249
9647 3.034653796271894 192.9400000000249
9648 3.022817199312128 192.9600000000249
9649 3.008366343644021 192.9800000000249
9650 2.991748863641303 193.0000000000249
9651 2.973192663653165 193.0200000000249
9652 2.952473679605411 193.0400000000249
9653 2.929650677283203 193.060000000025
9654 2.905027836897872 193.080000000025
9655 2.878388610543258 193.100000000025
9656 2.850096074504957 193.120000000025
9657 2.820311974540224 193.140000000025
9658 2.789006997282246 193.160000000025
9659 2.756250588717014 193.180000000025
9660 2.722191146620639 193.200000000025
9661 2.686750829270552 193.220000000025
9662 2.650369920357984 193.240000000025
9663 2.613041485897847 193.2600000000251
9664 2.57489057006336 193.2800000000251
9665 2.535951345415494 193.3000000000251
9666 2.49651833588332 193.3200000000251
9667 2.456382046036572 193.3400000000251
9668 2.415539819860439 193.3600000000251
9669 2.374519131000763 193.3800000000251
9670 2.333457668660589 193.4000000000251
9671 2.292213882091355 193.4200000000251
9672 2.251041454221983 193.4400000000252
9673 2.21013976997286 193.4600000000252
9674 2.169219025067549 193.4800000000252
9675 2.128408576283853 193.5000000000252
9676 2.08801772351864 193.5200000000252
9677 2.04823806838841 193.5400000000252
9678 2.009058951440525 193.5600000000252
9679 1.970270858529365 193.5800000000252
9680 1.932355181554213 193.6000000000252
9681 1.895324482399534 193.6200000000252
9682 1.859077718101055 193.6400000000253
9683 1.823598509651639 193.6600000000253
9684 1.789120878443866 193.6800000000253
9685 1.755986907109515 193.7000000000253
9686 1.723937636386674 193.7200000000253
9687 1.693336083080623 193.7400000000253
9688 1.663741961293848 193.7600000000253
9689 1.635905119437908 193.7800000000253
9690 1.609412476778517 193.8000000000253
9691 1.584317411236618 193.8200000000253
9692 1.56111144897498 193.8400000000254
9693 1.539456491795997 193.8600000000254
9694 1.519316889174133 193.8800000000254
9695 1.50118205602273 193.9000000000254
9696 1.484827263170347 193.9200000000254
9697 1.470615673705023 193.9400000000254
9698 1.458462222684843 193.9600000000254
9699 1.44808430568885 193.9800000000254
9700 1.439615042262847 194.0000000000254
9701 1.433133645459459 194.0200000000254
9702 1.429075861802947 194.0400000000255
9703 1.427479659141509 194.0600000000255
9704 1.427686585577109 194.0800000000255
9705 1.429987141453484 194.1000000000255
9706 1.434556317347899 194.1200000000255
9707 1.441264096091647 194.1400000000255
9708 1.450578154067837 194.1600000000255
9709 1.462133941193314 194.1800000000255
9710 1.47609623390211 194.2000000000255
9711 1.492048165297552 194.2200000000255
9712 1.510392269339626 194.2400000000256
9713 1.53138536885188 194.2600000000256
9714 1.554006990987953 194.2800000000256
9715 1.578711700840143 194.3000000000256
9716 1.606038723315097 194.3200000000256
9717 1.635182807981349 194.3400000000256
9718 1.665922030053794 194.3600000000256
9719 1.698773846125415 194.3800000000256
9720 1.733569870251556 194.4000000000256
9721 1.77080049669659 194.4200000000257
9722 1.809272423433064 194.4400000000257
9723 1.848432815776834 194.4600000000257
9724 1.889165559930997 194.4800000000257
9725 1.931228603203334 194.5000000000257
9726 1.974709458617922 194.5200000000257
9727 2.018656556350038 194.5400000000257
9728 2.06343276673013 194.5600000000257
9729 2.108699656499327 194.5800000000257
9730 2.154902099878481 194.6000000000257
9731 2.201292300961772 194.6200000000258
9732 2.248014084510722 194.6400000000258
9733 2.294796961204298 194.6600000000258
9734 2.34195242819902 194.6800000000258
9735 2.388263547739946 194.7000000000258
9736 2.434029903209757 194.7200000000258
9737 2.479313640328137 194.7400000000258
9738 2.523961755222933 194.7600000000258
9739 2.567800279410811 194.7800000000258
9740 2.61038905890014 194.8000000000258
9741 2.651588371223929 194.8200000000259
9742 2.691672671417314 194.8400000000259
9743 2.729778491971187 194.8600000000259
9744 2.766316757277218 194.8800000000259
9745 2.800782082661408 194.9000000000259
9746 2.8333767839445 194.9200000000259
9747 2.863987303698501 194.9400000000259
9748 2.892877856934287 194.9600000000259
9749 2.919005570465912 194.9800000000259
9750 2.942928307893938 195.0000000000259
9751 2.964162885257688 195.020000000026
9752 2.983248559424181 195.040000000026
9753 2.99980031848459 195.060000000026
9754 3.01383618467107 195.080000000026
9755 3.025175778853911 195.100000000026
9756 3.033914973065265 195.120000000026
9757 3.04022049460445 195.140000000026
9758 3.043837770179478 195.160000000026
9759 3.044646314369558 195.180000000026
9760 3.042895622408858 195.2000000000261
9761 3.038867760708996 195.2200000000261
9762 3.032291226058469 195.2400000000261
9763 3.023133476881109 195.2600000000261
9764 3.011263207573298 195.2800000000261
9765 2.99727117865571 195.3000000000261
9766 2.981203717191683 195.3200000000261
9767 2.963030929851342 195.3400000000261
9768 2.942550284514873 195.3600000000261
9769 2.919927810565564 195.3800000000261
9770 2.895508584455488 195.4000000000262
9771 2.869406814610225 195.4200000000262
9772 2.841464110252584 195.4400000000262
9773 2.811920307015322 195.4600000000262
9774 2.781053997877684 195.4800000000262
9775 2.748690550860444 195.5000000000262
9776 2.715068298395334 195.5200000000262
9777 2.680413064171525 195.5400000000262
9778 2.644525932828326 195.5600000000262
9779 2.607760273924937 195.5800000000262
9780 2.570141464996425 195.6000000000263
9781 2.531760569280174 195.6200000000263
9782 2.492851838697855 195.6400000000263
9783 2.453389340602423 195.6600000000263
9784 2.413413072925769 195.6800000000263
9785 2.373162817656238 195.7000000000263
9786 2.33270511180663 195.7200000000263
9787 2.29204330888716 195.7400000000263
9788 2.251441999967051 195.7600000000263
9789 2.210996528329609 195.7800000000263
9790 2.170669328704587 195.8000000000264
9791 2.130499993579398 195.8200000000264
9792 2.090724683201726 195.8400000000264
9793 2.051424250597359 195.8600000000264
9794 2.012730926094831 195.8800000000264
9795 1.974465933094111 195.9000000000264
9796 1.937095826065574 195.9200000000264
9797 1.900212100133405 195.9400000000264
9798 1.864390583738757 195.9600000000264
9799 1.829512167568307 195.9800000000265
9800 1.795379807097738 196.0000000000265
9801 1.762261268979708 196.0200000000265
9802 1.730495172152867 196.0400000000265
9803 1.700080300751848 196.0600000000265
9804 1.670816961755301 196.0800000000265
9805 1.642853477074286 196.1000000000265
9806 1.616526834459606 196.1200000000265
9807 1.591546881056817 196.1400000000265
9808 1.568261099797179 196.1600000000265
9809 1.546468385751547 196.1800000000266
9810 1.526839086835909 196.2000000000266
9811 1.50888941700675 196.2200000000266
9812 1.492592225524164 196.2400000000266
9813 1.478743319637693 196.2600000000266
9814 1.466749352346704 196.2800000000266
9815 1.456502914258917 196.3000000000266
9816 1.448248369139384 196.3200000000266
9817 1.441730531589789 196.3400000000266
9818 1.437667280198315 196.3600000000266
9819 1.435773259816385 196.3800000000267
9820 1.436443854048605 196.4000000000267
9821 1.439546028642152 196.4200000000267
9822 1.444699818955371 196.4400000000267
9823 1.451413847146144 196.4600000000267
9824 1.460420012797011 196.4800000000267
9825 1.471976683828004 196.5000000000267
9826 1.486628697358659 196.5200000000267
9827 1.503085312382546 196.5400000000267
9828 1.521693520174924 196.5600000000267
9829 1.542521161367927 196.5800000000268
9830 1.565616958851531 196.6000000000268
9831 1.591103655121912 196.6200000000268
9832 1.618920053506194 196.6400000000268
9833 1.648561963038249 196.6600000000268
9834 1.680050113394628 196.6800000000268
9835 1.713199019543437 196.7000000000268
9836 1.748527162382058 196.7200000000268
9837 1.785683661326325 196.7400000000268
9838 1.8245732427547 196.7600000000268
9839 1.864601302484438 196.7800000000269
9840 1.90645084118731 196.8000000000269
9841 1.949501988190731 196.8200000000269
9842 1.993563037502202 196.8400000000269
9843 2.038220751061066 196.8600000000269
9844 2.084137841774441 196.8800000000269
9845 2.13021666494033 196.9000000000269
9846 2.177358791940789 196.9200000000269
9847 2.224413445996044 196.9400000000269
9848 2.271763151617542 196.960000000027
9849 2.319191124074044 196.980000000027
9850 2.366549990065438 197.000000000027
9851 2.413250337192728 197.020000000027
9852 2.459625339685132 197.040000000027
9853 2.505482816777797 197.060000000027
9854 2.550353586592445 197.080000000027
9855 2.594270673754786 197.100000000027
9856 2.636978791501583 197.120000000027
9857 2.678471833752875 197.140000000027
9858 2.718292480449612 197.1600000000271
9859 2.756463191500087 197.1800000000271
9860 2.792544072906489 197.2000000000271
9861 2.82674880780843 197.2200000000271
9862 2.859157931218707 197.2400000000271
9863 2.889485013782053 197.2600000000271
9864 2.917383449181782 197.2800000000271
9865 2.942764779132608 197.3000000000271
9866 2.965813337706775 197.3200000000271
9867 2.986587522465457 197.3400000000271
9868 3.004456087864809 197.3600000000272
9869 3.019798277913863 197.3800000000272
9870 3.032453832589592 197.4000000000272
9871 3.042560524267725 197.4200000000272
9872 3.049989032951694 197.4400000000272
9873 3.05482786412505 197.4600000000272
9874 3.056903957824677 197.4800000000272
9875 3.056332838719178 197.5000000000272
9876 3.053182918961921 197.5200000000272
9877 3.047437985416996 197.5400000000272
9878 3.039328084476496 197.5600000000273
9879 3.028608059725434 197.5800000000273
9880 3.015379334369554 197.6000000000273
9881 2.999666510697617 197.6200000000273
9882 2.98198441641134 197.6400000000273
9883 2.962325773354274 197.6600000000273
9884 2.940417314127494 197.6800000000273
9885 2.916540117723553 197.7000000000273
9886 2.890872856489966 197.7200000000273
9887 2.863315775172125 197.7400000000274
9888 2.834185761274944 197.7600000000274
9889 2.803572320317945 197.7800000000274
9890 2.771485020529592 197.8000000000274
9891 2.738007764957386 197.8200000000274
9892 2.703116535508664 197.8400000000274
9893 2.667192883989655 197.8600000000274
9894 2.630264072902909 197.8800000000274
9895 2.592509693914865 197.9000000000274
9896 2.553881677677474 197.9200000000274
9897 2.514651485784729 197.9400000000275
9898 2.474891336857679 197.9600000000275
9899 2.434298391803907 197.9800000000275
9900 2.393422877051102 198.0000000000275
9901 2.352333237101817 198.0200000000275
9902 2.311117353583279 198.0400000000275
9903 2.269898321031969 198.0600000000275
9904 2.22886512480687 198.0800000000275
9905 2.187966580216743 198.1000000000275
9906 2.147054575825419 198.1200000000275
9907 2.106433951079886 198.1400000000276
9908 2.06637744213536 198.1600000000276
9909 2.026945964744411 198.1800000000276
9910 1.987924973562147 198.2000000000276
9911 1.94959369208303 198.2200000000276
9912 1.912179112035047 198.2400000000276
9913 1.87555534972324 198.2600000000276
9914 1.839748775103985 198.2800000000276
9915 1.804751970031868 198.3000000000276
9916 1.771021581847252 198.3200000000276
9917 1.738460762369054 198.3400000000277
9918 1.707131011598919 198.3600000000277
9919 1.677154810004241 198.3800000000277
9920 1.648436270264466 198.4000000000277
9921 1.621413202107693 198.4200000000277
9922 1.595538986675832 198.4400000000277
9923 1.571529779772293 198.4600000000277
9924 1.549177706090789 198.4800000000277
9925 1.528353325434551 198.5000000000277
9926 1.509191357537509 198.5200000000277
9927 1.492071849494849 198.5400000000278
9928 1.47676436573693 198.5600000000278
9929 1.463783485112084 198.5800000000278
9930 1.452601406716456 198.6000000000278
9931 1.443278948820766 198.6200000000278
9932 1.435787184066994 198.6400000000278
9933 1.430629190755624 198.6600000000278
9934 1.427876781043784 198.6800000000278
9935 1.427353177042481 198.7000000000278
9936 1.42873326598867 198.7200000000279
9937 1.432199178872509 198.7400000000279
9938 1.437936244721649 198.7600000000279
9939 1.446078117192742 198.7800000000279
9940 1.456548441839757 198.8000000000279
9941 1.46939156722622 198.8200000000279
9942 1.484633685259642 198.8400000000279
9943 1.501621841434828 198.8600000000279
9944 1.521510678195948 198.8800000000279
9945 1.543547293326703 198.9000000000279
9946 1.567094457832638 198.920000000028
9947 1.593306204536106 198.940000000028
9948 1.621679758529051 198.960000000028
9949 1.651695027389686 198.980000000028
9950 1.683497932148266 199.000000000028
9951 1.717515842594483 199.020000000028
9952 1.753550874907762 199.040000000028
9953 1.791732538821134 199.060000000028
9954 1.83035120771093 199.080000000028
9955 1.870420089342038 199.100000000028
9956 1.911879059103907 199.1200000000281
9957 1.95488914440405 199.1400000000281
9958 1.998552074086317 199.1600000000281
9959 2.04288308854906 199.1800000000281
9960 2.088068289179366 199.2000000000281
9961 2.1337326468086 199.2200000000281
9962 2.180174017401222 199.2400000000281
9963 2.226766697224637 199.2600000000281
9964 2.273384791281098 199.2800000000281
9965 2.320380106339563 199.3000000000281
9966 2.367393245144011 199.3200000000282
9967 2.413189542831194 199.3400000000282
9968 2.458756110771039 199.3600000000282
9969 2.503626557061196 199.3800000000282
9970 2.54801366043897 199.4000000000282
9971 2.591169393180405 199.4200000000282
9972 2.632933536525618 199.4400000000282
9973 2.673721907721773 199.4600000000282
9974 2.712610428807441 199.4800000000282
9975 2.749819126008042 199.5000000000283
9976 2.785454739001061 199.5200000000283
9977 2.818753223699329 199.5400000000283
9978 2.850176615772628 199.5600000000283
9979 2.880132067096851 199.5800000000283
9980 2.907329352821891 199.6000000000283
9981 2.932374751970136 199.6200000000283
9982 2.954742398427649 199.6400000000283
9983 2.974824258156282 199.6600000000283
9984 2.99259927457376 199.6800000000283
9985 3.00780505825033 199.7000000000284
9986 3.020333535988832 199.7200000000284
9987 3.030276017727529 199.7400000000284
9988 3.037644711888619 199.7600000000284
9989 3.042584020934981 199.7800000000284
9990 3.044636776150631 199.8000000000284
9991 3.044033706666491 199.8200000000284
9992 3.040995658670402 199.8400000000284
9993 3.035628207570265 199.8600000000284
9994 3.027647451544904 199.8800000000284
9995 3.017016397747542 199.9000000000285
9996 3.003911085876066 199.9200000000285
9997 2.988777066970018 199.9400000000285
9998 2.97159226661156 199.9600000000285
9999 2.952176764585948 199.9800000000285
10000 2.930513258964477 200.0000000000285
10001 2.90685150919337 200.0200000000285
10002 2.881551842759959 200.0400000000285
10003 2.854429252874092 200.0600000000285
10004 2.825595858238767 200.0800000000285
10005 2.795318795505712 200.1000000000286
10006 2.763630291699637 200.1200000000286
10007 2.73052778957813 200.1400000000286
10008 2.696379280871223 200.1600000000286
10009 2.661020884326768 200.1800000000286
10010 2.624613175322974 200.2000000000286
10011 2.587419986956341 200.2200000000286
10012 2.549331066830815 200.2400000000286
10013 2.510710413366004 200.2600000000286
10014 2.471444048481243 200.2800000000287
10015 2.431686557026812 200.3000000000287
10016 2.391537803370285 200.3200000000287
10017 2.351192608260738 200.3400000000287
10018 2.310596472244113 200.3600000000287
10019 2.269902680544731 200.3800000000287
10020 2.229421026962953 200.4000000000287
10021 2.189017531287761 200.4200000000287
10022 2.148775746362911 200.4400000000287
10023 2.10882014854438 200.4600000000287
10024 2.069258808582873 200.4800000000288
10025 2.030305819485793 200.5000000000288
10026 1.991802051324449 200.5200000000288
10027 1.954074741158087 200.5400000000288
10028 1.91690734120817 200.5600000000288
10029 1.880666557608691 200.5800000000288
10030 1.845243574600686 200.6000000000288
10031 1.810862883053838 200.6200000000288
10032 1.777222001938352 200.6400000000288
10033 1.744785958257162 200.6600000000288
10034 1.713788925869092 200.6800000000289
10035 1.683957316259737 200.7000000000289
10036 1.655499491521435 200.7200000000289
10037 1.628200672103158 200.7400000000289
10038 1.602845507939368 200.7600000000289
10039 1.578573252806313 200.7800000000289
10040 1.556208512875211 200.8000000000289
10041 1.535558766175215 200.8200000000289
10042 1.51678255657743 200.8400000000289
10043 1.499801113409455 200.8600000000289
10044 1.484794817710616 200.880000000029
10045 1.471934222727304 200.900000000029
10046 1.460934299048613 200.920000000029
10047 1.451897390278214 200.940000000029
10048 1.444337250135601 200.960000000029
10049 1.439258062409029 200.980000000029
10050 1.436388963335387 201.000000000029
10051 1.435814147070256 201.020000000029
10052 1.437861206490266 201.040000000029
10053 1.44213637476433 201.060000000029
10054 1.448102335773524 201.0800000000291
10055 1.455975137590864 201.1000000000291
10056 1.466326957575446 201.1200000000291
10057 1.47962175592633 201.1400000000291
10058 1.49529230181677 201.1600000000291
10059 1.512902392066096 201.1800000000291
10060 1.532760226053131 201.2000000000291
10061 1.554771747517761 201.2200000000291
10062 1.579160220576363 201.2400000000291
10063 1.605920126240655 201.2600000000292
10064 1.634876123486566 201.2800000000292
10065 1.66546430441189 201.3000000000292
10066 1.697902387525335 201.3200000000292
10067 1.732091898524093 201.3400000000292
10068 1.768528076242504 201.3600000000292
10069 1.806671137125456 201.3800000000292
10070 1.84608415830167 201.4000000000292
10071 1.887154448948837 201.4200000000292
10072 1.929661305157472 201.4400000000292
10073 1.973333303434193 201.4600000000293
10074 2.017772143467917 201.4800000000293
10075 2.062962807766969 201.5000000000293
10076 2.109130169575746 201.5200000000293
10077 2.155749199940064 201.5400000000293
10078 2.202845611464593 201.5600000000293
10079 2.250173796771115 201.5800000000293
10080 2.297413602534186 201.6000000000293
10081 2.345051155731159 201.6200000000293
10082 2.391973262917782 201.6400000000293
10083 2.438388619648371 201.6600000000294
10084 2.484654478643101 201.6800000000294
10085 2.529976614687714 201.7000000000294
10086 2.574355010388702 201.7200000000294
10087 2.617558329377772 201.7400000000294
10088 2.659720951888422 201.7600000000294
10089 2.700214640669 201.7800000000294
10090 2.73922867343163 201.8000000000294
10091 2.776279874256138 201.8200000000294
10092 2.811341233065385 201.8400000000294
10093 2.84455067008463 201.8600000000295
10094 2.875880364580334 201.8800000000295
10095 2.904964353385926 201.9000000000295
10096 2.931316974722754 201.9200000000295
10097 2.955544047802291 201.9400000000295
10098 2.977380985590077 201.9600000000295
10099 2.996571646985203 201.9800000000295
10100 3.013049110111336 202.0000000000295
10101 3.026995888215374 202.0200000000295
10102 3.038179027401475 202.0400000000296
10103 3.046931899012459 202.0600000000296
10104 3.052889744948188 202.0800000000296
10105 3.056292422698489 202.1000000000296
10106 3.056874024304761 202.1200000000296
10107 3.054925165685868 202.1400000000296
10108 3.050311226106213 202.1600000000296
10109 3.043269250135276 202.1800000000296
10110 3.033770212305599 202.2000000000296
10111 3.021700130021395 202.2200000000296
10112 3.00707126497237 202.2400000000297
10113 2.990260460053851 202.2600000000297
10114 2.971531366724723 202.2800000000297
10115 2.950630501202355 202.3000000000297
10116 2.927638398181937 202.3200000000297
10117 2.902868318988657 202.3400000000297
10118 2.876073722234371 202.3600000000297
10119 2.847634630525293 202.3800000000297
10120 2.817723120013725 202.4000000000297
10121 2.786289807433173 202.4200000000297
10122 2.753415165488595 202.4400000000298
10123 2.719232266806274 202.4600000000298
10124 2.683713633808377 202.4800000000298
10125 2.647241395622649 202.5000000000298
10126 2.609837854097854 202.5200000000298
10127 2.571614094178997 202.5400000000298
10128 2.532620422262083 202.5600000000298
10129 2.493142014406326 202.5800000000298
10130 2.452930408125113 202.6000000000298
10131 2.412069807688605 202.6200000000298
10132 2.371129530353383 202.6400000000299
10133 2.329962035178831 202.6600000000299
10134 2.288717401031224 202.6800000000299
10135 2.247548525471677 202.7000000000299
10136 2.206657349160225 202.7200000000299
10137 2.165738174813416 202.7400000000299
10138 2.124951456200728 202.7600000000299
10139 2.084615699193283 202.7800000000299
10140 2.04488774701871 202.8000000000299
10141 2.005742227507806 202.8200000000299
10142 1.967020025537908 202.84000000003
10143 1.929170065345048 202.86000000003
10144 1.89219558390755 202.88000000003
10145 1.856023937923388 202.90000000003
10146 1.820606685900716 202.92000000003
10147 1.786236114096988 202.94000000003
10148 1.7532030876794 202.96000000003
10149 1.721254159507593 202.98000000003
10150 1.690767812352496 203.00000000003
10151 1.661295078834186 203.0200000000301
10152 1.633600391530892 203.0400000000301
10153 1.607195692505568 203.0600000000301
10154 1.582266467694263 203.0800000000301
10155 1.559203297155431 203.1000000000301
10156 1.537672420645502 203.1200000000301
10157 1.517679249042395 203.1400000000301
10158 1.499726972315793 203.1600000000301
10159 1.483524714174047 203.1800000000301
10160 1.469521349561077 203.2000000000301
10161 1.457523093946741 203.2200000000302
10162 1.447296152562227 203.2400000000302
10163 1.438982030029011 203.2600000000302
10164 1.432701246702341 203.2800000000302
10165 1.428790141993087 203.3000000000302
10166 1.427489299806274 203.3200000000302
10167 1.42786271968153 203.3400000000302
10168 1.430281353564836 203.3600000000302
10169 1.435085764094588 203.3800000000302
10170 1.441991349237161 203.4000000000302
10171 1.451494053092657 203.4200000000303
10172 1.463269488626747 203.4400000000303
10173 1.477458806656117 203.4600000000303
10174 1.493520600930479 203.4800000000303
10175 1.512133108118021 203.5000000000303
10176 1.533334738371807 203.5200000000303
10177 1.556073406749354 203.5400000000303
10178 1.581014506086106 203.5600000000303
10179 1.608513363500871 203.5800000000303
10180 1.637809572729066 203.6000000000303
10181 1.6687126734067 203.6200000000304
10182 1.701741008690241 203.6400000000304
10183 1.736720322315692 203.6600000000304
10184 1.774152287298479 203.6800000000304
10185 1.812635951602476 203.7000000000304
10186 1.851960091116706 203.7200000000304
10187 1.892797910163056 203.7400000000304
10188 1.934999049967391 203.7600000000304
10189 1.978540381891329 203.7800000000304
10190 2.022551660269729 203.8000000000305
10191 2.067404054708618 203.8200000000305
10192 2.112752221224252 203.8400000000305
10193 2.158967231564394 203.8600000000305
10194 2.205373454448469 203.8800000000305
10195 2.252106858198492 203.9000000000305
10196 2.298920431345039 203.9200000000305
10197 2.346098972679354 203.9400000000305
10198 2.392267762566092 203.9600000000305
10199 2.438024890928182 203.9800000000305
10200 2.483259291783018 204.0000000000306
10201 2.527882677524742 204.0200000000306
10202 2.571580831103799 204.0400000000306
10203 2.614051813455269 204.0600000000306
10204 2.655208939999494 204.0800000000306
10205 2.69508733907288 204.1000000000306
10206 2.733061694147653 204.1200000000306
10207 2.769470621548443 204.1400000000306
10208 2.80372911549826 204.1600000000306
10209 2.836132435496024 204.1800000000306
10210 2.866657418545306 204.2000000000307
10211 2.895272631236671 204.2200000000307
10212 2.921216102308573 204.2400000000307
10213 2.944902729219187 204.2600000000307
10214 2.965937514830188 204.2800000000307
10215 2.984825313427041 204.3000000000307
10216 3.001155788099409 204.3200000000307
10217 3.014955545857682 204.3400000000307
10218 3.026065534670856 204.3600000000307
10219 3.034579111042425 204.3800000000307
10220 3.040673444305471 204.4000000000308
10221 3.044037551523417 204.4200000000308
10222 3.044605430628432 204.4400000000308
10223 3.042650436163469 204.4600000000308
10224 3.038422567433697 204.4800000000308
10225 3.031617586270741 204.5000000000308
10226 3.022210299463703 204.5200000000308
10227 3.010149140012103 204.5400000000308
10228 2.995966221196077 204.5600000000308
10229 2.979720758375132 204.5800000000309
10230 2.961361339563263 204.6000000000309
10231 2.940672730082036 204.6200000000309
10232 2.917873824847999 204.6400000000309
10233 2.893321887963456 204.6600000000309
10234 2.867060360640275 204.6800000000309
10235 2.838977879258506 204.7000000000309
10236 2.809303386816606 204.7200000000309
10237 2.778322236206045 204.7400000000309
10238 2.745807218176567 204.7600000000309
10239 2.712102460490775 204.780000000031
10240 2.677340545564046 204.800000000031
10241 2.641348879755246 204.820000000031
10242 2.604538654038336 204.840000000031
10243 2.566831130113088 204.860000000031
10244 2.528402899814267 204.880000000031
10245 2.489444065947286 204.900000000031
10246 2.449930499193637 204.920000000031
10247 2.409926084227072 204.940000000031
10248 2.369661871194428 204.960000000031
10249 2.329182516493526 204.9800000000311
10250 2.288509324787356 205.0000000000311
10251 2.247933514083577 205.0200000000311
10252 2.207486337823489 205.0400000000311
10253 2.167167430351801 205.0600000000311
10254 2.127027953621871 205.0800000000311
10255 2.087280667998168 205.1000000000311
10256 2.048042720430038 205.1200000000311
10257 2.00938184279004 205.1400000000311
10258 1.971193104848586 205.1600000000311
10259 1.933847078722178 205.1800000000312
10260 1.896976846599701 205.2000000000312
10261 1.861310978257464 205.2200000000312
10262 1.826528086781219 205.2400000000312
10263 1.792459306603891 205.2600000000312
10264 1.759444529129703 205.2800000000312
10265 1.727794600121263 205.3000000000312
10266 1.69747748283746 205.3200000000312
10267 1.668345356765169 205.3400000000312
10268 1.640460021137944 205.3600000000312
10269 1.614325638101366 205.3800000000313
10270 1.589425671700134 205.4000000000313
10271 1.566311825103333 205.4200000000313
10272 1.544673130008602 205.4400000000313
10273 1.525190160424513 205.4600000000313
10274 1.507411360588082 205.4800000000313
10275 1.491265727387904 205.5000000000313
10276 1.477630018248742 205.5200000000313
10277 1.465773646657547 205.5400000000313
10278 1.455713809346146 205.5600000000314
10279 1.447561579265115 205.5800000000314
10280 1.441291831045894 205.6000000000314
10281 1.437387836539789 205.6200000000314
10282 1.435725596585967 205.6400000000314
10283 1.436610552531744 205.6600000000314
10284 1.43994014266072 205.6800000000314
10285 1.445193386151105 205.7000000000314
10286 1.452100810233258 205.7200000000314
10287 1.461307843342146 205.7400000000314
10288 1.473090206873631 205.7600000000315
10289 1.48801625493874 205.7800000000315
10290 1.504585065553249 205.8000000000315
10291 1.523420955862746 205.8200000000315
10292 1.544413015310049 205.8400000000315
10293 1.567705761930918 205.8600000000315
10294 1.593425953919247 205.8800000000315
10295 1.621496588177093 205.9000000000315
10296 1.651162569959747 205.9200000000315
10297 1.682876967467497 205.9400000000315
10298 1.716143900379437 205.9600000000316
10299 1.751696516401603 205.9800000000316
10300 1.78897389920367 206.0000000000316
10301 1.827974703902517 206.0200000000316
10302 1.868165070125551 206.0400000000316
10303 1.910120170861761 206.0600000000316
10304 1.953271957934324 206.0800000000316
10305 1.997409664093935 206.1000000000316
10306 2.042117670614204 206.1200000000316
10307 2.088135298510488 206.1400000000316
10308 2.134228208219946 206.1600000000317
10309 2.181417643899416 206.1800000000317
10310 2.228485478190802 206.2000000000317
10311 2.275826021303334 206.2200000000317
10312 2.323285759009639 206.2400000000317
10313 2.370609474827559 206.2600000000317
10314 2.417248237246974 206.2800000000317
10315 2.463635189730971 206.3000000000317
10316 2.509388500976882 206.3200000000317
10317 2.554187279270146 206.3400000000318
10318 2.597980767461784 206.3600000000318
10319 2.640629387463659 206.3800000000318
10320 2.681947820484856 206.4000000000318
10321 2.721664454026034 206.4200000000318
10322 2.75965123099671 206.4400000000318
10323 2.795572512766708 206.4600000000318
10324 2.829572582627343 206.4800000000318
10325 2.861884494710051 206.5000000000318
10326 2.891994226804387 206.5200000000318
10327 2.919650456354713 206.5400000000319
10328 2.944876714098424 206.5600000000319
10329 2.967706535954287 206.5800000000319
10330 2.988252290074211 206.6000000000319
10331 3.005892362159571 206.6200000000319
10332 3.021021304557957 206.6400000000319
10333 3.033432364778606 206.6600000000319
10334 3.043311886890733 206.6800000000319
10335 3.050511591285805 206.7000000000319
10336 3.055130460944133 206.7200000000319
10337 3.056963192736998 206.740000000032
10338 3.056178736478169 206.760000000032
10339 3.05279404970683 206.780000000032
10340 3.046847835722958 206.800000000032
10341 3.03851588350221 206.820000000032
10342 3.027582633089062 206.840000000032
10343 3.014128090305491 206.860000000032
10344 2.998236590076147 206.880000000032
10345 2.980383694106115 206.900000000032
10346 2.960532092537348 206.920000000032
10347 2.93844941835045 206.9400000000321
10348 2.914424968931589 206.9600000000321
10349 2.888581906952165 206.9800000000321
10350 2.860877753372594 207.0000000000321
10351 2.831613878860952 207.0200000000321
10352 2.800875768402927 207.0400000000321
10353 2.768660402960742 207.0600000000321
10354 2.73507191173435 207.0800000000321
10355 2.700073790610549 207.1000000000321
10356 2.664059902745512 207.1200000000321
10357 2.627060191302867 207.1400000000322
10358 2.589224737074364 207.1600000000322
10359 2.550540411463921 207.1800000000322
10360 2.511258185934491 207.2000000000322
10361 2.471441703440098 207.2200000000322
10362 2.430792171087343 207.2400000000322
10363 2.389900627078387 207.2600000000322
10364 2.348804608783707 207.2800000000322
10365 2.307581271405077 207.3000000000322
10366 2.266350095630902 207.3200000000323
10367 2.225354325484425 207.3400000000323
10368 2.184456378198038 207.3600000000323
10369 2.143549930872388 207.3800000000323
10370 2.102972316194519 207.4000000000323
10371 2.062966225193086 207.4200000000323
10372 2.023588394977362 207.4400000000323
10373 1.984603041449252 207.4600000000323
10374 1.946356582838299 207.4800000000323
10375 1.908998753627591 207.5000000000323
10376 1.87245022664077 207.5200000000324
10377 1.836693472861248 207.5400000000324
10378 1.801784169367668 207.5600000000324
10379 1.768170525595778 207.5800000000324
10380 1.735697791425918 207.6000000000324
10381 1.704503808576611 207.6200000000324
10382 1.674596407439293 207.6400000000324
10383 1.646053805360622 207.6600000000324
10384 1.619138241739418 207.6800000000324
10385 1.593393669434222 207.7000000000324
10386 1.56956020546194 207.7200000000325
10387 1.547318156514748 207.7400000000325
10388 1.526614223907047 207.7600000000325
10389 1.507667579629006 207.7800000000325
10390 1.490693530135861 207.8000000000325
10391 1.475572838817178 207.8200000000325
10392 1.462765943860739 207.8400000000325
10393 1.451726996606444 207.8600000000325
10394 1.442572748414907 207.8800000000325
10395 1.435261930941837 207.9000000000325
10396 1.430319675272097 207.9200000000326
10397 1.427786652044975 207.9400000000326
10398 1.427397045969781 207.9600000000326
10399 1.428962275341005 207.9800000000326
10400 1.43263765662475 208.0000000000326
10401 1.438553609381851 208.0200000000326
10402 1.446949930549356 208.0400000000326
10403 1.457603276875354 208.0600000000326
10404 1.470652386022671 208.0800000000326
10405 1.486045916122387 208.1000000000327
10406 1.503248409638972 208.1200000000327
10407 1.523390910278622 208.1400000000327
10408 1.545570772709921 208.1600000000327
10409 1.56927931874087 208.1800000000327
10410 1.595767729697766 208.2000000000327
10411 1.624281853990508 208.2200000000327
10412 1.654416589796891 208.2400000000327
10413 1.686435900054945 208.2600000000327
10414 1.720620640409683 208.2800000000327
10415 1.756852453283375 208.3000000000328
10416 1.7951372877257 208.3200000000328
10417 1.833846533194101 208.3400000000328
10418 1.874032459847136 208.3600000000328
10419 1.915630712723973 208.3800000000328
10420 1.958735287106995 208.4000000000328
10421 2.002453764064136 208.4200000000328
10422 2.04685656922697 208.4400000000328
10423 2.092059182333371 208.4600000000328
10424 2.137835726452715 208.4800000000328
10425 2.184284053622862 208.5000000000329
10426 2.230917365268783 208.5200000000329
10427 2.277519922403298 208.5400000000329
10428 2.324556390971463 208.5600000000329
10429 2.371481788918431 208.5800000000329
10430 2.417277162623976 208.6000000000329
10431 2.462771111725793 208.6200000000329
10432 2.507577096362505 208.6400000000329
10433 2.551897710708899 208.6600000000329
10434 2.59495479081107 208.6800000000329
10435 2.636581920043847 208.700000000033
10436 2.677257485569598 208.720000000033
10437 2.716016982011164 208.740000000033
10438 2.7530645700562 208.760000000033
10439 2.788489714777338 208.780000000033
10440 2.821652995683702 208.800000000033
10441 2.852901492313375 208.820000000033
10442 2.882677434456551 208.840000000033
10443 2.909706479834046 208.860000000033
10444 2.934502978739373 208.880000000033
10445 2.956639670005491 208.9000000000331
10446 2.976523753714956 208.9200000000331
10447 2.994072561105842 208.9400000000331
10448 3.009058874721961 208.9600000000331
10449 3.021361717929878 208.9800000000331
10450 3.031061552739879 209.0000000000331
10451 3.038227522937726 209.0200000000331
10452 3.042921568849187 209.0400000000331
10453 3.044725342533495 209.0600000000331
10454 3.043906492032344 209.0800000000332
10455 3.040661542816996 209.1000000000332
10456 3.035065574267519 209.1200000000332
10457 3.026864196730469 209.1400000000332
10458 3.015994278606427 209.1600000000332
10459 3.002705448497603 209.1800000000332
10460 2.987384117196133 209.2000000000332
10461 2.970013854197784 209.2200000000332
10462 2.95040590311509 209.2400000000332
10463 2.92855081921498 209.2600000000332
10464 2.904740885975102 209.2800000000333
10465 2.879281993007837 209.3000000000333
10466 2.851998434170809 209.3200000000333
10467 2.823029488387678 209.3400000000333
10468 2.792637163456665 209.3600000000333
10469 2.760814683940139 209.3800000000333
10470 2.727591688085707 209.4000000000333
10471 2.693368216070917 209.4200000000333
10472 2.657885517153613 209.4400000000333
10473 2.621401920338672 209.4600000000333
10474 2.584141731112624 209.4800000000334
10475 2.545982162214865 209.5000000000334
10476 2.507308503814096 209.5200000000334
10477 2.467997213824327 209.5400000000334
10478 2.428197641782605 209.5600000000334
10479 2.388021770880536 209.5800000000334
10480 2.347665954118228 209.6000000000334
10481 2.30705576630645 209.6200000000334
10482 2.266371768929236 209.6400000000334
10483 2.225879075950467 209.6600000000334
10484 2.18549588218951 209.6800000000335
10485 2.145266031433915 209.7000000000335
10486 2.105353412620456 209.7200000000335
10487 2.065824580446455 209.7400000000335
10488 2.026948364764197 209.7600000000335
10489 1.988470744709291 209.7800000000335
10490 1.950807496616552 209.8000000000335
10491 1.913691621288963 209.8200000000335
10492 1.877523787939486 209.8400000000335
10493 1.842226056881946 209.8600000000336
10494 1.807923180479254 209.8800000000336
10495 1.774328272406227 209.9000000000336
10496 1.74201841966274 209.9200000000336
10497 1.711162289014974 209.9400000000336
10498 1.681404976865392 209.9600000000336
10499 1.653045499016232 209.9800000000336
10500 1.625925206330788 210.0000000000336
10501 1.600639657036982 210.0200000000336
10502 1.576548090223842 210.0400000000336
10503 1.554275669924762 210.0600000000337
10504 1.533880288073153 210.0800000000337
10505 1.515228573838478 210.1000000000337
10506 1.498390842191533 210.1200000000337
10507 1.483591127001865 210.1400000000337
10508 1.470956887472611 210.1600000000337
10509 1.46005327240676 210.1800000000337
10510 1.451161829642032 210.2000000000337
10511 1.44373092822945 210.2200000000337
10512 1.43890070212821 210.2400000000337
10513 1.436247359294303 210.2600000000338
10514 1.435904289709767 210.2800000000338
10515 1.438152165281611 210.3000000000338
10516 1.442626608516462 210.3200000000338
10517 1.448687360748349 210.3400000000338
10518 1.456763142357483 210.3600000000338
10519 1.467367854135971 210.3800000000338
10520 1.480909885047692 210.4000000000338
10521 1.496754777294676 210.4200000000338
10522 1.514551844817739 210.4400000000338
10523 1.534591887979621 210.4600000000339
10524 1.556856908323134 210.4800000000339
10525 1.58141375288109 210.5000000000339
10526 1.608374957816046 210.5200000000339
10527 1.637457340026799 210.5400000000339
10528 1.668283944270481 210.5600000000339
10529 1.700822832758533 210.5800000000339
10530 1.73521352630954 210.6000000000339
10531 1.771800454516066 210.6200000000339
10532 1.810097011286817 210.640000000034
10533 1.849589337113688 210.660000000034
10534 1.890854123066622 210.680000000034
10535 1.933442045843528 210.700000000034
10536 1.977206075574145 210.720000000034
10537 2.021686234144189 210.740000000034
10538 2.06700528922028 210.760000000034
10539 2.113157775064126 210.780000000034
10540 2.15992159867484 210.800000000034
10541 2.206970971266356 210.820000000034
10542 2.254366258396078 210.8400000000341
10543 2.301580953126255 210.8600000000341
10544 2.349190109172104 210.8800000000341
10545 2.396073824940512 210.9000000000341
10546 2.442471112682352 210.9200000000341
10547 2.488669968134641 210.9400000000341
10548 2.533922784750677 210.9600000000341
10549 2.578208393315428 210.9800000000341
10550 2.62130712833166 211.0000000000341
10551 2.663361446264296 211.0200000000341
10552 2.703714145360588 211.0400000000342
10553 2.742580844356634 211.0600000000342
10554 2.779458029763128 211.0800000000342
10555 2.814337908434468 211.1000000000342
10556 2.847392873596274 211.1200000000342
10557 2.878555377830857 211.1400000000342
10558 2.907432761419273 211.1600000000342
10559 2.933566709669254 211.1800000000342
10560 2.957578561490646 211.2000000000342
10561 2.979214141098264 211.2200000000342
10562 2.998142275118557 211.2400000000343
10563 3.014425478739062 211.2600000000343
10564 3.028121105084615 211.2800000000343
10565 3.039121461769145 211.3000000000343
10566 3.047589588914621 211.3200000000343
10567 3.053339133987513 211.3400000000343
10568 3.056491400168301 211.3600000000343
10569 3.056857628829152 211.3800000000343
10570 3.054666033259026 211.4000000000343
10571 3.049830270957171 211.4200000000343
10572 3.04258681552262 211.4400000000344
10573 3.032854892745636 211.4600000000344
10574 3.020563672378968 211.4800000000344
10575 3.005722723597 211.5000000000344
10576 2.988740815795421 211.5200000000344
10577 2.96983338013479 211.5400000000344
10578 2.948734255753287 211.5600000000344
10579 2.92557255428822 211.5800000000344
10580 2.900649400218462 211.6000000000344
10581 2.873704170740536 211.6200000000345
10582 2.845115884464661 211.6400000000345
10583 2.815072576775932 211.6600000000345
10584 2.783510722553908 211.6800000000345
10585 2.750513062156752 211.7000000000345
10586 2.716201573551399 211.7200000000345
10587 2.680603460519068 211.7400000000345
10588 2.64403916783404 211.7600000000345
10589 2.606567008929032 211.7800000000345
10590 2.568262200500873 211.8000000000345
10591 2.529213013221271 211.8200000000346
10592 2.489694148518208 211.8400000000346
10593 2.44940250257179 211.8600000000346
10594 2.408508348835583 211.8800000000346
10595 2.367571561561511 211.9000000000346
10596 2.32639395729886 211.9200000000346
10597 2.285145107825436 211.9400000000346
10598 2.243999600096391 211.9600000000346
10599 2.203104237538192 211.9800000000346
10600 2.162190664043368 212.0000000000346
10601 2.121424950453663 212.0200000000347
10602 2.081143803306432 212.0400000000347
10603 2.041486536236699 212.0600000000347
10604 2.002366840885168 212.0800000000347
10605 1.96366214381096 212.1000000000347
10606 1.9259349929374 212.1200000000347
10607 1.889004064723548 212.1400000000347
10608 1.852913982620688 212.1600000000347
10609 1.817564611566421 212.1800000000347
10610 1.783292250726717 212.2000000000347
10611 1.750356603476766 212.2200000000348
10612 1.718531655420134 212.2400000000348
10613 1.688153704920706 212.2600000000348
10614 1.658823417114059 212.2800000000348
10615 1.631255584470791 212.3000000000348
10616 1.604942458176924 212.3200000000348
10617 1.580195426916077 212.3400000000348
10618 1.557263641770271 212.3600000000348
10619 1.535880408123208 212.3800000000348
10620 1.516007631716772 212.4000000000349
10621 1.498253761378968 212.4200000000349
10622 1.482252194476047 212.4400000000349
10623 1.46842563113741 212.4600000000349
10624 1.45657535644282 212.4800000000349
10625 1.446500440971185 212.5000000000349
10626 1.438350247040248 212.5200000000349
10627 1.432247368742924 212.5400000000349
10628 1.428580959388173 212.5600000000349
10629 1.427474263382726 212.5800000000349
10630 1.428009324258162 212.600000000035
10631 1.430630769962701 212.620000000035
10632 1.435609066581564 212.640000000035
10633 1.442789547716671 212.660000000035
10634 1.452456693013681 212.680000000035
10635 1.464427257522202 212.700000000035
10636 1.478873835455107 212.720000000035
10637 1.49504857861321 212.740000000035
10638 1.513937624835695 212.760000000035
10639 1.535349758181576 212.780000000035
10640 1.558217375290341 212.8000000000351
10641 1.583383503723883 212.8200000000351
10642 1.61107525086256 212.8400000000351
10643 1.640515514927151 212.8600000000351
10644 1.671588507686067 212.8800000000351
10645 1.704799296120657 212.9000000000351
10646 1.739995232144276 212.9200000000351
10647 1.777605499943806 212.9400000000351
10648 1.816092634822159 212.9600000000351
10649 1.855579917476095 212.9800000000351
10650 1.896520120938613 213.0000000000352
10651 1.938896962445938 213.0200000000352
10652 1.982468820924502 213.0400000000352
10653 2.02654269014878 213.0600000000352
10654 2.071472853759528 213.0800000000352
10655 2.116865925144163 213.1000000000352
10656 2.163141197969654 213.1200000000352
10657 2.20958078257701 213.1400000000352
10658 2.25628869070112 213.1600000000352
10659 2.303144341926473 213.1800000000352
10660 2.350326177374689 213.2000000000353
10661 2.396374489230843 213.2200000000353
10662 2.442100341628321 213.2400000000353
10663 2.487297605545744 213.2600000000353
10664 2.531883295302475 213.2800000000353
10665 2.575467451215517 213.3000000000353
10666 2.617791849808992 213.3200000000353
10667 2.658905938004752 213.3400000000353
10668 2.698586213793347 213.3600000000353
10669 2.736383392304213 213.3800000000354
10670 2.772680571700636 213.4000000000354
10671 2.806727642039272 213.4200000000354
10672 2.83893518308795 213.4400000000354
10673 2.869379585459525 213.4600000000354
10674 2.897711320146432 213.4800000000354
10675 2.923465122735537 213.5000000000354
10676 2.946903007256307 213.5200000000354
10677 2.96774293004128 213.5400000000354
10678 2.986418649919917 213.5600000000354
10679 3.002523450085433 213.5800000000355
10680 3.016076582388838 213.6000000000355
10681 3.026951784413789 213.6200000000355
10682 3.03524022709508 213.6400000000355
10683 3.04112703837792 213.6600000000355
10684 3.044224701680894 213.6800000000355
10685 3.044552318653754 213.7000000000355
10686 3.042391550169815 213.7200000000355
10687 3.037950631908145 213.7400000000355
10688 3.030900844977923 213.7600000000355
10689 3.021262923928556 213.7800000000356
10690 3.008992129690119 213.8000000000356
10691 2.994615390472699 213.8200000000356
10692 2.978202806660955 213.8400000000356
10693 2.959635295442097 213.8600000000356
10694 2.938739265393188 213.8800000000356
10695 2.915764977981479 213.9000000000356
10696 2.891078779695046 213.9200000000356
10697 2.864644748308865 213.9400000000356
10698 2.836431243102317 213.9600000000356
10699 2.806619866699544 213.9800000000357
10700 2.775499839997239 214.0000000000357
10701 2.74287470418516 214.0200000000357
10702 2.709061336361931 214.0400000000357
10703 2.674190389579489 214.0600000000357
10704 2.63810734051824 214.0800000000357
10705 2.601232092828992 214.1000000000357
10706 2.563445599614438 214.1200000000357
10707 2.524962126631425 214.1400000000357
10708 2.485955711783532 214.1600000000358
10709 2.446397956195273 214.1800000000358
10710 2.40635079347755 214.2000000000358
10711 2.366085670850355 214.2200000000358
10712 2.325572693053719 214.2400000000358
10713 2.284886919593046 214.2600000000358
10714 2.2443279691173 214.2800000000358
10715 2.203880897411075 214.3000000000358
10716 2.163583242517312 214.3200000000358
10717 2.123482898768414 214.3400000000358
10718 2.083764079133654 214.3600000000359
10719 2.044582636744018 214.3800000000359
10720 2.005958278744274 214.4000000000359
10721 1.967851382760211 214.4200000000359
10722 1.930606920384253 214.4400000000359
10723 1.893860961224463 214.4600000000359
10724 1.85815635533167 214.4800000000359
10725 1.823467372714945 214.5000000000359
10726 1.789466012217838 214.5200000000359
10727 1.756554306316217 214.5400000000359
10728 1.725043717644533 214.560000000036
10729 1.694821626460623 214.580000000036
10730 1.665822476540601 214.600000000036
10731 1.638022032085056 214.620000000036
10732 1.612073759460453 214.640000000036
10733 1.587275123219276 214.660000000036
10734 1.564316497067819 214.680000000036
10735 1.542864480195472 214.700000000036
10736 1.523511548295474 214.720000000036
10737 1.5058882782226 214.740000000036
10738 1.489971899388809 214.7600000000361
10739 1.476482808476602 214.7800000000361
10740 1.464793339208586 214.8000000000361
10741 1.454929107832917 214.8200000000361
10742 1.446857456897821 214.8400000000361
10743 1.440876857660437 214.8600000000361
10744 1.437139933026861 214.8800000000361
10745 1.435697194065758 214.9000000000361
10746 1.436819420265092 214.9200000000361
10747 1.440361124860171 214.9400000000362
10748 1.445712813556509 214.9600000000362
10749 1.452802070357449 214.9800000000362
10750 1.462233761344262 215.0000000000362
10751 1.474303509602155 215.0200000000362
10752 1.489439636873152 215.0400000000362
10753 1.50618744427591 215.0600000000362
10754 1.525165500880054 215.0800000000362
10755 1.546396980930523 215.1000000000362
10756 1.569864019020515 215.1200000000362
10757 1.595817808961826 215.1400000000363
10758 1.624115815864766 215.1600000000363
10759 1.653883900014758 215.1800000000363
10760 1.685780231182513 215.2000000000363
10761 1.719177371901567 215.2200000000363
10762 1.754948870312137 215.2400000000363
10763 1.792355735378736 215.2600000000363
10764 1.831472049261369 215.2800000000363
10765 1.871841718854016 215.3000000000363
10766 1.913869407638731 215.3200000000363
10767 1.957150692129709 215.3400000000364
10768 2.001348469645953 215.3600000000364
10769 2.046107613301188 215.3800000000364
10770 2.092221128141816 215.4000000000364
10771 2.138356485095539 215.4200000000364
10772 2.185570764145608 215.4400000000364
10773 2.232666889165488 215.4600000000364
10774 2.279979283622769 215.4800000000364
10775 2.327508920348174 215.5000000000364
10776 2.374758651662355 215.5200000000364
10777 2.421334129456504 215.5400000000365
10778 2.467720043601667 215.5600000000365
10779 2.513381781279458 215.5800000000365
10780 2.558103756915914 215.6000000000365
10781 2.601771134986567 215.6200000000365
10782 2.64434905137759 215.6400000000365
10783 2.685505725025203 215.6600000000365
10784 2.725091952875282 215.6800000000365
10785 2.76290409095589 215.7000000000365
10786 2.798659381683322 215.7200000000365
10787 2.832558685473752 215.7400000000366
10788 2.864616604037326 215.7600000000366
10789 2.894546444796097 215.7800000000366
10790 2.921939598423739 215.8000000000366
10791 2.946996080208783 215.8200000000366
10792 2.969614383544641 215.8400000000366
10793 2.989914858479669 215.8600000000366
10794 3.007332134680586 215.8800000000366
10795 3.02224282974736 215.9000000000366
10796 3.034406995987759 215.9200000000367
10797 3.04410324790531 215.9400000000367
10798 3.051012498729937 215.9600000000367
10799 3.055414671696813 215.9800000000367
10800 3.057004925313386 216.0000000000367
10801 3.056001359713853 216.0200000000367
10802 3.052362939981045 216.0400000000367
10803 3.046216877368866 216.0600000000367
10804 3.037658285057186 216.0800000000367
10805 3.026511839451447 216.1000000000367
10806 3.012824901258298 216.1200000000368
10807 2.996753000476679 216.1400000000368
10808 2.978728267406669 216.1600000000368
10809 2.958675403766311 216.1800000000368
10810 2.936415617203958 216.2000000000368
10811 2.912232809237638 216.2200000000368
10812 2.88620907130868 216.2400000000368
10813 2.858367532410601 216.2600000000368
10814 2.828968375938294 216.2800000000368
10815 2.798091726110763 216.3000000000368
10816 2.765753260275696 216.3200000000369
10817 2.732054558440973 216.3400000000369
10818 2.696946424530073 216.3600000000369
10819 2.660849562433575 216.3800000000369
10820 2.623771922276473 216.4000000000369
10821 2.585853989371139 216.4200000000369
10822 2.547112161429534 216.4400000000369
10823 2.507782622077734 216.4600000000369
10824 2.467901076987274 216.4800000000369
10825 2.427200973124161 216.5000000000369
10826 2.386294045568436 216.520000000037
10827 2.345192284237391 216.540000000037
10828 2.303959708220065 216.560000000037
10829 2.262731254381893 216.580000000037
10830 2.22175925430276 216.600000000037
10831 2.180862310711796 216.620000000037
10832 2.139967638444064 216.640000000037
10833 2.099439343371504 216.660000000037
10834 2.059488193223316 216.680000000037
10835 2.020160312517048 216.7000000000371
10836 1.981209249449396 216.7200000000371
10837 1.943045028239355 216.7400000000371
10838 1.905754660867355 216.7600000000371
10839 1.869270031323612 216.7800000000371
10840 1.833582768019916 216.8000000000371
10841 1.798763727957825 216.8200000000371
10842 1.765252177031524 216.8400000000371
10843 1.732882943329027 216.8600000000371
10844 1.701831435488122 216.8800000000371
10845 1.672000442977803 216.9000000000372
10846 1.643628457193678 216.9200000000372
10847 1.616818722085324 216.9400000000372
10848 1.591244655903109 216.9600000000372
10849 1.567538776741868 216.9800000000372
10850 1.545436762190739 217.0000000000372
10851 1.524865570171024 217.0200000000372
10852 1.50611658715742 217.0400000000372
10853 1.489300767237971 217.0600000000372
10854 1.474381605341139 217.0800000000372
10855 1.461742086617416 217.1000000000373
10856 1.450856902757544 217.1200000000373
10857 1.441863150609275 217.1400000000373
10858 1.434747581560426 217.1600000000373
10859 1.430061537544616 217.1800000000373
10860 1.42769612217753 217.2000000000373
10861 1.427470095260192 217.2200000000373
10862 1.429223847369151 217.2400000000373
10863 1.433101929340422 217.2600000000373
10864 1.439199712651512 217.2800000000373
10865 1.447854434190477 217.3000000000374
10866 1.458700526670423 217.3200000000374
10867 1.471956848572771 217.3400000000374
10868 1.487506007410713 217.3600000000374
10869 1.504987587875457 217.3800000000374
10870 1.525327357654356 217.4000000000374
10871 1.54762345181221 217.4200000000374
10872 1.571583500971615 217.4400000000374
10873 1.598288605664541 217.4600000000374
10874 1.626963272654696 217.4800000000374
10875 1.657232232090107 217.5000000000375
10876 1.689463531493558 217.5200000000375
10877 1.72379478279609 217.5400000000375
10878 1.760251615124468 217.5600000000375
10879 1.798632628855829 217.5800000000375
10880 1.837417900270426 217.6000000000375
10881 1.877738039324527 217.6200000000375
10882 1.919469355813402 217.6400000000375
10883 1.962674246679612 217.6600000000375
10884 2.006429883625845 217.6800000000376
10885 2.050945958370757 217.7000000000376
10886 2.096152849093179 217.7200000000376
10887 2.142017447958982 217.7400000000376
10888 2.188476012024557 217.7600000000376
10889 2.235137431762935 217.7800000000376
10890 2.281782582106352 217.8000000000376
10891 2.328838777314202 217.8200000000376
10892 2.375637337089803 217.8400000000376
10893 2.421436133924759 217.8600000000376
10894 2.466873890926458 217.8800000000377
10895 2.511623179978261 217.9000000000377
10896 2.5558389046827 217.9200000000377
10897 2.598778847128596 217.9400000000377
10898 2.640290524953447 217.9600000000377
10899 2.680862258507289 217.9800000000377
10900 2.719476389578221 218.0000000000377
10901 2.756359564019442 218.0200000000377
10902 2.791577906922519 218.0400000000377
10903 2.824592483234198 218.0600000000377
10904 2.855669737828661 218.0800000000378
10905 2.885257859526117 218.1000000000378
10906 2.912065736558429 218.1200000000378
10907 2.936656004233601 218.1400000000378
10908 2.958547913149836 218.1600000000378
10909 2.978242628630988 218.1800000000378
10910 2.995562324140421 218.2000000000378
10911 3.010311710586453 218.2200000000378
10912 3.022388168217888 218.2400000000378
10913 3.031840499931377 218.2600000000378
10914 3.038802600166846 218.2800000000379
10915 3.043230860962306 218.3000000000379
10916 3.044789714718236 218.3200000000379
10917 3.04374346715128 218.3400000000379
10918 3.040295397833134 218.3600000000379
10919 3.034473939055869 218.3800000000379
10920 3.026039409272625 218.4000000000379
10921 3.014915319796017 218.4200000000379
10922 3.001450712633871 218.4400000000379
10923 2.985949442596054 218.460000000038
10924 2.968371879988802 218.480000000038
10925 2.948575680069442 218.500000000038
10926 2.926509760361478 218.520000000038
10927 2.902559593364193 218.540000000038
10928 2.876933947740621 218.560000000038
10929 2.849489188789605 218.580000000038
10930 2.820388825095153 218.600000000038
10931 2.789873447501609 218.620000000038
10932 2.757916838223023 218.640000000038
10933 2.724577398800061 218.6600000000381
10934 2.690262638522879 218.6800000000381
10935 2.654669316155134 218.7000000000381
10936 2.618110988535221 218.7200000000381
10937 2.580774843721183 218.7400000000381
10938 2.542549391566542 218.7600000000381
10939 2.503817150892126 218.7800000000381
10940 2.464465392719499 218.8000000000381
10941 2.424616534591929 218.8200000000381
10942 2.38442816120672 218.8400000000381
10943 2.344053094853408 218.8600000000382
10944 2.303422441475598 218.8800000000382
10945 2.262745394400528 218.9000000000382
10946 2.222257310081772 218.9200000000382
10947 2.181900094526195 218.9400000000382
10948 2.141676766066543 218.9600000000382
10949 2.101801934571262 218.9800000000382
10950 2.062322973065817 219.0000000000382
10951 2.023497898443487 219.0200000000382
10952 1.985066287114463 219.0400000000382
10953 1.947465813700969 219.0600000000383
10954 1.91040928593236 219.0800000000383
10955 1.874317215921232 219.1000000000383
10956 1.839139099348917 219.1200000000383
10957 1.804806987310248 219.1400000000383
10958 1.771378993766257 219.1600000000383
10959 1.739203809304808 219.1800000000383
10960 1.708457210670081 219.2000000000383
10961 1.678805405293824 219.2200000000383
10962 1.650545004253422 219.2400000000383
10963 1.623613605879683 219.2600000000384
10964 1.59839836056841 219.2800000000384
10965 1.574520049653786 219.3000000000384
10966 1.552342663765713 219.3200000000384
10967 1.532179090084254 219.3400000000384
10968 1.513652283781076 219.3600000000384
10969 1.4969506959322 219.3800000000384
10970 1.48237532647064 219.4000000000384
10971 1.469899159387861 219.4200000000384
10972 1.459132728172653 219.4400000000385
10973 1.450412366595835 219.4600000000385
10974 1.443263756054575 219.4800000000385
10975 1.438600176063614 219.5000000000385
10976 1.436110791191585 219.5200000000385
10977 1.436003470374433 219.5400000000385
10978 1.438459882442016 219.5600000000385
10979 1.443148079319945 219.5800000000385
10980 1.449283725829227 219.6000000000385
10981 1.457619675412658 219.6200000000385
10982 1.4684086030415 219.6400000000386
10983 1.48227945128688 219.6600000000386
10984 1.498266191987837 219.6800000000386
10985 1.516235932081977 219.7000000000386
10986 1.536478073903179 219.7200000000386
10987 1.558984439970972 219.7400000000386
10988 1.583721008277861 219.7600000000386
10989 1.610921455191454 219.7800000000386
10990 1.640107291430259 219.8000000000386
10991 1.671143777741765 219.8200000000386
10992 1.703799408661051 219.8400000000387
10993 1.738434537339445 219.8600000000387
10994 1.775149108402777 219.8800000000387
10995 1.813601636331952 219.9000000000387
10996 1.853196455681057 219.9200000000387
10997 1.894627349946501 219.9400000000387
10998 1.937305551509232 219.9600000000387
10999 1.981173442813093 219.9800000000387
11000 2.025673011633316 220.0000000000387
11001 2.071143213799588 220.0200000000387
11002 2.117281253597103 220.0400000000388
11003 2.164183171845607 220.0600000000388
11004 2.211176389779921 220.0800000000388
11005 2.258589745797255 220.1000000000388
11006 2.305856973284678 220.1200000000388
11007 2.353403922374575 220.1400000000388
11008 2.400236924352523 220.1600000000388
11009 2.446634318852596 220.1800000000388
11010 2.49275883824761 220.2000000000388
11011 2.537935697679531 220.2200000000389
11012 2.582126291161861 220.2400000000389
11013 2.625126021012318 220.2600000000389
11014 2.667062934267634 220.2800000000389
11015 2.707272229855514 220.3000000000389
11016 2.745988106059074 220.3200000000389
11017 2.782684419348612 220.3400000000389
11018 2.817375130138362 220.3600000000389
11019 2.850277691270143 220.3800000000389
11020 2.881255296648716 220.4000000000389
11021 2.909919995666771 220.420000000039
11022 2.935853476424837 220.440000000039
11023 2.959636820218321 220.460000000039
11024 2.981067703038068 220.480000000039
11025 2.999735394220735 220.500000000039
11026 3.015796466344316 220.520000000039
11027 3.029245785172427 220.540000000039
11028 3.040036219822683 220.560000000039
11029 3.048256637827689 220.580000000039
11030 3.053783526791128 220.600000000039
11031 3.056685068187495 220.6200000000391
11032 3.056788584186308 220.6400000000391
11033 3.054392788728268 220.6600000000391
11034 3.049324813420661 220.6800000000391
11035 3.0418772585128 220.7000000000391
11036 3.031907698390549 220.7200000000391
11037 3.019395074187843 220.7400000000391
11038 3.004335888603572 220.7600000000391
11039 2.987180868216172 220.7800000000391
11040 2.968094048220122 220.8000000000391
11041 2.946791390595672 220.8200000000392
11042 2.923456493425292 220.8400000000392
11043 2.898370567772051 220.8600000000392
11044 2.871274550723315 220.8800000000392
11045 2.842538937283422 220.9000000000392
11046 2.812366509629892 220.9200000000392
11047 2.780667197154617 220.9400000000392
11048 2.747546636311626 220.9600000000392
11049 2.713097538745784 220.9800000000392
11050 2.677423479610118 221.0000000000393
11051 2.640760012990926 221.0200000000393
11052 2.603218475782949 221.0400000000393
11053 2.564837865706473 221.0600000000393
11054 2.525734508228604 221.0800000000393
11055 2.486164406972629 221.1000000000393
11056 2.445799565241033 221.1200000000393
11057 2.404877871439786 221.1400000000393
11058 2.363935258603342 221.1600000000393
11059 2.322752889715085 221.1800000000393
11060 2.281512085167208 221.2000000000394
11061 2.240372871105089 221.2200000000394
11062 2.199478186834878 221.2400000000394
11063 2.158565687059782 221.2600000000394
11064 2.117834097825791 221.2800000000394
11065 2.077603310519818 221.3000000000394
11066 2.038011899212025 221.3200000000394
11067 1.998911254002858 221.3400000000394
11068 1.96027284996118 221.3600000000394
11069 1.922623924779363 221.3800000000394
11070 1.885752079487015 221.4000000000395
11071 1.849737580600052 221.4200000000395
11072 1.814469123228219 221.4400000000395
11073 1.780372784592637 221.4600000000395
11074 1.747464679270496 221.4800000000395
11075 1.715756268071688 221.5000000000395
11076 1.685488913062451 221.5200000000395
11077 1.656312052104599 221.5400000000395
11078 1.62885847381146 221.5600000000395
11079 1.602664578109175 221.5800000000395
11080 1.578091347576252 221.6000000000396
11081 1.555295840870629 221.6200000000396
11082 1.53406102443803 221.6400000000396
11083 1.514332133200037 221.6600000000396
11084 1.496753654779831 221.6800000000396
11085 1.480875967291409 221.7000000000396
11086 1.467319078108737 221.7200000000396
11087 1.455584541909201 221.7400000000396
11088 1.44570739978193 221.7600000000396
11089 1.437720268788244 221.7800000000396
11090 1.431837482144082 221.8000000000397
11091 1.428412988491457 221.8200000000397
11092 1.427441759973604 221.8400000000397
11093 1.428180137964752 221.8600000000397
11094 1.43101786258587 221.8800000000397
11095 1.436183909705333 221.9000000000397
11096 1.4436046738083 221.9200000000397
11097 1.45346201674533 221.9400000000397
11098 1.465654411031668 221.9600000000397
11099 1.480330607112072 221.9800000000398
11100 1.496660744617608 222.0000000000398
11101 1.515801855944599 222.0200000000398
11102 1.537400436219893 222.0400000000398
11103 1.560441129053608 222.0600000000398
11104 1.58582880710726 222.0800000000398
11105 1.613725651957623 222.1000000000398
11106 1.643320577303041 222.1200000000398
11107 1.674551406168779 222.1400000000398
11108 1.707956646726376 222.1600000000398
11109 1.743384552370053 222.1800000000399
11110 1.781147786819462 222.2000000000399
11111 1.819653825325986 222.2200000000399
11112 1.859287026065762 222.2400000000399
11113 1.900359295045225 222.2600000000399
11114 1.942902402301986 222.2800000000399
11115 1.986509724790228 222.3000000000399
11116 2.030629790180515 222.3200000000399
11117 2.075646031915555 222.3400000000399
11118 2.121092768560001 222.3600000000399
11119 2.167425417939052 222.38000000004
11120 2.213898248960778 222.40000000004
11121 2.260570088625356 222.42000000004
11122 2.307481346730003 222.44000000004
11123 2.354633112803835 222.46000000004
11124 2.400586795469968 222.48000000004
11125 2.44628796883411 222.50000000004
11126 2.491427691415698 222.52000000004
11127 2.535963404065791 222.54000000004
11128 2.579424374574823 222.56000000004
11129 2.621617172932491 222.5800000000401
11130 2.662659016908738 222.6000000000401
11131 2.702155534039671 222.6200000000401
11132 2.739796236199056 222.6400000000401
11133 2.775941437224795 222.6600000000401
11134 2.809794695962602 222.6800000000401
11135 2.841783399057248 222.7000000000401
11136 2.872140085365102 222.7200000000401
11137 2.900185932726369 222.7400000000401
11138 2.925759981338162 222.7600000000402
11139 2.948930302945731 222.7800000000402
11140 2.969577555719065 222.8000000000402
11141 2.988035288733641 222.8200000000402
11142 3.003902923008925 222.8400000000402
11143 3.017206965612957 222.8600000000402
11144 3.027844388849864 222.8800000000402
11145 3.035903466352891 222.9000000000402
11146 3.041574307240847 222.9200000000402
11147 3.044399763645427 222.9400000000402
11148 3.044485351374102 222.9600000000403
11149 3.042104274106642 222.9800000000403
11150 3.037442806212734 223.0000000000403
11151 3.030147454301179 223.0200000000403
11152 3.020276892583111 223.0400000000403
11153 3.007787470269557 223.0600000000403
11154 2.99322151920846 223.0800000000403
11155 2.976619893210646 223.1000000000403
11156 2.957841588842835 223.1200000000403
11157 2.936748113588128 223.1400000000403
11158 2.913586691256768 223.1600000000404
11159 2.888757925079497 223.1800000000404
11160 2.862157601665951 223.2000000000404
11161 2.833799637241041 223.2200000000404
11162 2.803854053708889 223.2400000000404
11163 2.772607297208115 223.2600000000404
11164 2.739846361414053 223.2800000000404
11165 2.705929135605629 223.3000000000404
11166 2.670950013386814 223.3200000000404
11167 2.634794234463644 223.3400000000404
11168 2.597831294209363 223.3600000000405
11169 2.559955330002676 223.3800000000405
11170 2.521517870160785 223.4000000000405
11171 2.482370786467595 223.4200000000405
11172 2.442761759176717 223.4400000000405
11173 2.402679529306146 223.4600000000405
11174 2.362416873877979 223.4800000000405
11175 2.321871180883762 223.5000000000405
11176 2.281187303612599 223.5200000000405
11177 2.240627499571051 223.5400000000405
11178 2.200195609476925 223.5600000000406
11179 2.159910412332588 223.5800000000406
11180 2.119850021791741 223.6000000000406
11181 2.080152096894663 223.6200000000406
11182 2.041036874426411 223.6400000000406
11183 2.002451213197272 223.6600000000406
11184 1.964426857144915 223.6800000000406
11185 1.927178773120531 223.7000000000406
11186 1.890604825739857 223.7200000000406
11187 1.854933453088587 223.7400000000407
11188 1.820344891980145 223.7600000000407
11189 1.786405078401817 223.7800000000407
11190 1.753621481794215 223.8000000000407
11191 1.722244626213299 223.8200000000407
11192 1.692101868826255 223.8400000000407
11193 1.66326505379618 223.8600000000407
11194 1.635518668878597 223.8800000000407
11195 1.609759263250216 223.9000000000407
11196 1.585085634459021 223.9200000000407
11197 1.562279632450298 223.9400000000408
11198 1.541020356314839 223.9600000000408
11199 1.521796448406557 223.9800000000408
11200 1.504352870504867 224.0000000000408
11201 1.488655416907406 224.0200000000408
11202 1.47533886663366 224.0400000000408
11203 1.463796505320959 224.0600000000408
11204 1.454152526608714 224.0800000000408
11205 1.446158516221299 224.1000000000408
11206 1.44045697071493 224.1200000000408
11207 1.436904034876279 224.1400000000409
11208 1.435665892060976 224.1600000000409
11209 1.437050147019428 224.1800000000409
11210 1.440801971387131 224.2000000000409
11211 1.446276304170279 224.2200000000409
11212 1.453523754578136 224.2400000000409
11213 1.463197367236335 224.2600000000409
11214 1.475597137734874 224.2800000000409
11215 1.490847992740528 224.3000000000409
11216 1.507796481903859 224.3200000000409
11217 1.527031506229157 224.340000000041
11218 1.548408152198467 224.360000000041
11219 1.572132010121766 224.380000000041
11220 1.598295656191766 224.400000000041
11221 1.626733673367091 224.420000000041
11222 1.656708065052638 224.440000000041
11223 1.688750684612489 224.460000000041
11224 1.722332834889167 224.480000000041
11225 1.75827850196177 224.500000000041
11226 1.795849907045819 224.5200000000411
11227 1.83503897734081 224.5400000000411
11228 1.875581938904852 224.5600000000411
11229 1.917718512546882 224.5800000000411
11230 1.961124577988118 224.6000000000411
11231 2.0053876251032 224.6200000000411
11232 2.050203912033892 224.6400000000411
11233 2.096362651762077 224.6600000000411
11234 2.142617539144362 224.6800000000411
11235 2.189808171538249 224.7000000000411
11236 2.236948013292923 224.7200000000412
11237 2.284257193115006 224.7400000000412
11238 2.331817459601588 224.7600000000412
11239 2.378980338042536 224.7800000000412
11240 2.425524905863192 224.8000000000412
11241 2.471897817110181 224.8200000000412
11242 2.517466923146767 224.8400000000412
11243 2.562098672934409 224.8600000000412
11244 2.605649346639046 224.8800000000412
11245 2.648146348944018 224.9000000000412
11246 2.689138304984308 224.9200000000413
11247 2.728593985536281 224.9400000000413
11248 2.766217620819801 224.9600000000413
11249 2.801841793543667 224.9800000000413
11250 2.835523920506891 225.0000000000413
11251 2.86741320402782 225.0200000000413
11252 2.897132052213906 225.0400000000413
11253 2.92425274243091 225.0600000000413
11254 2.949132295419571 225.0800000000413
11255 2.971560433387978 225.1000000000413
11256 2.991600761768889 225.1200000000414
11257 3.008785862072216 225.1400000000414
11258 3.023469072587412 225.1600000000414
11259 3.035390830975456 225.1800000000414
11260 3.04485513650679 225.2000000000414
11261 3.051542606278788 225.2200000000414
11262 3.055678328523189 225.2400000000414
11263 3.057029801280195 225.2600000000414
11264 3.055804895232368 225.2800000000414
11265 3.051926367221063 225.3000000000415
11266 3.045525843539344 225.3200000000415
11267 3.036772333238539 225.3400000000415
11268 3.025397834033988 225.3600000000415
11269 3.011477068382708 225.3800000000415
11270 2.99521963816113 225.4000000000415
11271 2.9770232729568 225.4200000000415
11272 2.956755951604449 225.4400000000415
11273 2.934318486364236 225.4600000000415
11274 2.909986631063524 225.4800000000415
11275 2.883779892407778 225.5000000000416
11276 2.855792248491253 225.5200000000416
11277 2.826262655222898 225.5400000000416
11278 2.79524131152846 225.5600000000416
11279 2.762775275915327 225.5800000000416
11280 2.728960912557695 225.6000000000416
11281 2.693745812113153 225.6200000000416
11282 2.657567779911138 225.6400000000416
11283 2.620403191101321 225.6600000000416
11284 2.582409769928564 225.6800000000416
11285 2.543608193361061 225.7000000000417
11286 2.504230893505994 225.7200000000417
11287 2.464279746424916 225.7400000000417
11288 2.423535116330316 225.7600000000417
11289 2.382613939944789 225.7800000000417
11290 2.341504631153785 225.8000000000417
11291 2.300257868616981 225.8200000000417
11292 2.259042889720319 225.8400000000417
11293 2.218085158005423 225.8600000000417
11294 2.177188113895557 225.8800000000417
11295 2.136315978734625 225.9000000000418
11296 2.095831804968673 225.9200000000418
11297 2.05594573473434 225.9400000000418
11298 2.016657640859111 225.9600000000418
11299 1.977752506993068 225.9800000000418
11300 1.939668081997766 226.0000000000418
11301 1.902447802802981 226.0200000000418
11302 1.866030979199377 226.0400000000418
11303 1.830399975494363 226.0600000000418
11304 1.795687162671348 226.0800000000418
11305 1.762279444383032 226.1000000000419
11306 1.730018101764077 226.1200000000419
11307 1.699126449174893 226.1400000000419
11308 1.669350352091567 226.1600000000419
11309 1.641170321674979 226.1800000000419
11310 1.614457284842417 226.2000000000419
11311 1.589043721747618 226.2200000000419
11312 1.565491535854674 226.2400000000419
11313 1.543529616202188 226.2600000000419
11314 1.523098119709993 226.280000000042
11315 1.504544412732911 226.300000000042
11316 1.487887175708906 226.320000000042
11317 1.473190982993288 226.340000000042
11318 1.460706107816589 226.360000000042
11319 1.449992121113295 226.380000000042
11320 1.441153340656665 226.400000000042
11321 1.434239851993745 226.420000000042
11322 1.429763992526676 226.440000000042
11323 1.427635925348048 226.460000000042
11324 1.427558331230738 226.4800000000421
11325 1.429499431404789 226.5000000000421
11326 1.433595859922636 226.5200000000421
11327 1.439888672363641 226.5400000000421
11328 1.448789154776443 226.5600000000421
11329 1.45984541204396 226.5800000000421
11330 1.473339428649694 226.6000000000421
11331 1.489027982060864 226.6200000000421
11332 1.50679223280338 226.6400000000421
11333 1.527322453292552 226.6600000000421
11334 1.54975287379647 226.6800000000422
11335 1.573955304064549 226.7000000000422
11336 1.600878028455744 226.7200000000422
11337 1.629721247879828 226.7400000000422
11338 1.66012657720022 226.7600000000422
11339 1.692579909285343 226.7800000000422
11340 1.727063889573143 226.8000000000422
11341 1.763761320272022 226.8200000000422
11342 1.802218903047357 226.8400000000422
11343 1.841088344191405 226.8600000000422
11344 1.88157077616193 226.8800000000423
11345 1.923405411926725 226.9000000000423
11346 1.966719274253656 226.9200000000423
11347 2.010517361310633 226.9400000000423
11348 2.05514455316314 226.9600000000423
11349 2.10035049720845 226.9800000000423
11350 2.146344204837222 227.0000000000423
11351 2.192789921836366 227.0200000000423
11352 2.23949861857108 227.0400000000423
11353 2.286122217844689 227.0600000000424
11354 2.333253111519022 227.0800000000424
11355 2.379885894917965 227.1000000000424
11356 2.425694765458379 227.1200000000424
11357 2.471068486790055 227.1400000000424
11358 2.515791433294752 227.1600000000424
11359 2.559877378094091 227.1800000000424
11360 2.602711343887443 227.2000000000424
11361 2.644094940350126 227.2200000000424
11362 2.684550252208724 227.2400000000424
11363 2.722990938379483 227.2600000000425
11364 2.759737052784793 227.2800000000425
11365 2.794709633751465 227.3000000000425
11366 2.827602109231951 227.3200000000425
11367 2.858497353919574 227.3400000000425
11368 2.887888393240591 227.3600000000425
11369 2.914473171471925 227.3800000000425
11370 2.938854665409752 227.4000000000425
11371 2.960492922446529 227.4200000000425
11372 2.980007489778761 227.4400000000425
11373 2.997073218350518 227.4600000000426
11374 3.011574986840864 227.4800000000426
11375 3.023415782344252 227.5000000000426
11376 3.032627097776086 227.5200000000426
11377 3.039371916927474 227.5400000000426
11378 3.043529212669223 227.5600000000426
11379 3.044832288255341 227.5800000000426
11380 3.043558267202612 227.6000000000426
11381 3.039908696983196 227.6200000000426
11382 3.033842241998481 227.6400000000426
11383 3.025174242036249 227.6600000000427
11384 3.013785305417874 227.6800000000427
11385 3.000147413621799 227.7000000000427
11386 2.984471254654623 227.7200000000427
11387 2.96667323601572 227.7400000000427
11388 2.946676066543834 227.7600000000427
11389 2.924411148108709 227.7800000000427
11390 2.900308962534333 227.8000000000427
11391 2.874514219110875 227.8200000000427
11392 2.846909104107909 227.8400000000427
11393 2.817667940450813 227.8600000000428
11394 2.787037766384994 227.8800000000428
11395 2.754935488199522 227.9000000000428
11396 2.721481171862429 227.9200000000428
11397 2.687065618398912 227.9400000000428
11398 2.651360552444535 227.9600000000428
11399 2.614746034592982 227.9800000000428
11400 2.577317949513926 228.0000000000428
11401 2.539024318436187 228.0200000000428
11402 2.500237264631513 228.0400000000429
11403 2.460839391187512 228.0600000000429
11404 2.420951232090796 228.0800000000429
11405 2.380748037698117 228.1000000000429
11406 2.340355908845869 228.1200000000429
11407 2.29970011325648 228.1400000000429
11408 2.259032928380771 228.1600000000429
11409 2.218555414093565 228.1800000000429
11410 2.178206479080659 228.2000000000429
11411 2.137996862395112 228.2200000000429
11412 2.098152727584536 228.240000000043
11413 2.058736550571791 228.260000000043
11414 2.019965187745026 228.280000000043
11415 1.981584085955165 228.300000000043
11416 1.944054322066973 228.320000000043
11417 1.907042989246545 228.340000000043
11418 1.87104498267172 228.360000000043
11419 1.835976172487109 228.380000000043
11420 1.801686072539406 228.400000000043
11421 1.768374462800726 228.420000000043
11422 1.736323418894659 228.4400000000431
11423 1.705693629456579 228.4600000000431
11424 1.676148614807608 228.4800000000431
11425 1.647995433889865 228.5000000000431
11426 1.621247332732975 228.5200000000431
11427 1.596112530638353 228.5400000000431
11428 1.572439958513948 228.5600000000431
11429 1.550403803376489 228.5800000000431
11430 1.530393294542594 228.6000000000431
11431 1.512078063326038 228.6200000000431
11432 1.495481037550738 228.6400000000432
11433 1.481166682723977 228.6600000000432
11434 1.468849860779186 228.6800000000432
11435 1.458260280476215 228.7000000000432
11436 1.449645448923241 228.7200000000432
11437 1.442752298162599 228.7400000000432
11438 1.438259009899909 228.7600000000432
11439 1.435933163124062 228.7800000000432
11440 1.436136666648195 228.8000000000432
11441 1.438793586407447 228.8200000000433
11442 1.443662664643947 228.8400000000433
11443 1.44992122292872 228.8600000000433
11444 1.458508176143482 228.8800000000433
11445 1.469526804296305 228.9000000000433
11446 1.483669424979576 228.9200000000433
11447 1.499847476043877 228.9400000000433
11448 1.518012537423695 228.9600000000433
11449 1.538447766257052 228.9800000000433
11450 1.561138464083348 229.0000000000433
11451 1.586122316694959 229.0200000000434
11452 1.61354054874425 229.0400000000434
11453 1.642852668008948 229.0600000000434
11454 1.674061864803214 229.0800000000434
11455 1.706875778550941 229.1000000000434
11456 1.741709111672333 229.1200000000434
11457 1.778593606629562 229.1400000000434
11458 1.817175788436495 229.1600000000434
11459 1.856917195787595 229.1800000000434
11460 1.898492077606591 229.2000000000434
11461 1.941278347123683 229.2200000000435
11462 1.985224887538721 229.2400000000435
11463 2.029770938181786 229.2600000000435
11464 2.075372097814432 229.2800000000435
11465 2.12152340683651 229.3000000000435
11466 2.168526154723427 229.3200000000435
11467 2.215485571509802 229.3400000000435
11468 2.262911987359277 229.3600000000435
11469 2.31021064506906 229.3800000000435
11470 2.357701123976202 229.4000000000435
11471 2.404488601711199 229.4200000000436
11472 2.45088710379644 229.4400000000436
11473 2.496939006986723 229.4600000000436
11474 2.542005553584752 229.4800000000436
11475 2.586117955996228 229.5000000000436
11476 2.629016848071849 229.5200000000436
11477 2.670819775340748 229.5400000000436
11478 2.710892757179506 229.5600000000436
11479 2.749457286552531 229.5800000000436
11480 2.785966763855606 229.6000000000437
11481 2.82046306094701 229.6200000000437
11482 2.853217769234888 229.6400000000437
11483 2.883981630070814 229.6600000000437
11484 2.912416497654651 229.6800000000437
11485 2.938155104276754 229.7000000000437
11486 2.961708925047683 229.7200000000437
11487 2.982924944652441 229.7400000000437
11488 3.001334496555787 229.7600000000437
11489 3.017168145913302 229.7800000000437
11490 3.030373746897278 229.8000000000438
11491 3.040939818632953 229.8200000000438
11492 3.048901871217384 229.8400000000438
11493 3.054211615000291 229.8600000000438
11494 3.056829904322806 229.8800000000438
11495 3.056704720142249 229.9000000000438
11496 3.054061866967007 229.9200000000438
11497 3.048799538374416 229.9400000000438
11498 3.041118322795393 229.9600000000438
11499 3.030908831990117 229.9800000000438
11500 3.018172239694327 230.0000000000439
11501 3.002890082017682 230.0200000000439
11502 2.985562787586613 230.0400000000439
11503 2.966275000986633 230.0600000000439
11504 2.944789251770045 230.0800000000439
11505 2.921268064670483 230.1000000000439
11506 2.896015400894679 230.1200000000439
11507 2.868762886503736 230.1400000000439
11508 2.839882610909339 230.1600000000439
11509 2.80957067364177 230.1800000000439
11510 2.777737636646799 230.200000000044
11511 2.744499076179138 230.220000000044
11512 2.70991704055543 230.240000000044
11513 2.674157656358736 230.260000000044
11514 2.637402500048879 230.280000000044
11515 2.5997850329289 230.300000000044
11516 2.561330288261392 230.320000000044
11517 2.522171206539182 230.340000000044
11518 2.48254873565595 230.360000000044
11519 2.442110308241206 230.380000000044
11520 2.401168129491155 230.4000000000441
11521 2.360215971198838 230.4200000000441
11522 2.319028773219524 230.4400000000441
11523 2.277781561310094 230.4600000000441
11524 2.236657178486526 230.4800000000441
11525 2.195774401864951 230.5000000000441
11526 2.154855459507683 230.5200000000441
11527 2.114168609029131 230.5400000000441
11528 2.073986997212326 230.5600000000441
11529 2.034461146623912 230.5800000000442
11530 1.995380124769509 230.6000000000442
11531 1.956815725138812 230.6200000000442
11532 1.919255396932933 230.6400000000442
11533 1.882436154785197 230.6600000000442
11534 1.846497041259566 230.6800000000442
11535 1.81131578013562 230.7000000000442
11536 1.7773228220445 230.7200000000442
11537 1.744523715469163 230.7400000000442
11538 1.712935162140881 230.7600000000442
11539 1.682788961651101 230.7800000000443
11540 1.653752386989443 230.8000000000443
11541 1.626432649633097 230.8200000000443
11542 1.600348041601771 230.8400000000443
11543 1.575959362698036 230.8600000000443
11544 1.55330641383756 230.8800000000443
11545 1.532216124166058 230.9000000000443
11546 1.512652491528661 230.9200000000443
11547 1.495224832728919 230.9400000000443
11548 1.479558173224036 230.9600000000443
11549 1.466187287001677 230.9800000000444
11550 1.454613713606586 231.0000000000444
11551 1.444928695491965 231.0200000000444
11552 1.437094638961947 231.0400000000444
11553 1.431449113557154 231.0600000000444
11554 1.428262123902268 231.0800000000444
11555 1.427425421102441 231.1000000000444
11556 1.42841205957895 231.1200000000444
11557 1.431442400345344 231.1400000000444
11558 1.436791718348224 231.1600000000444
11559 1.444467502612818 231.1800000000445
11560 1.454515679481087 231.2000000000445
11561 1.466926416652462 231.2200000000445
11562 1.481817575900235 231.2400000000445
11563 1.498333046952017 231.2600000000445
11564 1.517728812863623 231.2800000000445
11565 1.539504107751227 231.3000000000445
11566 1.562706758026267 231.3200000000445
11567 1.588353311084469 231.3400000000445
11568 1.616446020392449 231.3600000000446
11569 1.646196781715225 231.3800000000446
11570 1.677592343984537 231.4000000000446
11571 1.711219363232269 231.4200000000446
11572 1.746849406223178 231.4400000000446
11573 1.784773625401996 231.4600000000446
11574 1.823303140200813 231.4800000000446
11575 1.863087419944578 231.5000000000446
11576 1.904299286279269 231.5200000000446
11577 1.947018304660268 231.5400000000446
11578 1.990625517312927 231.5600000000447
11579 2.034824162580712 231.5800000000447
11580 2.079913195978987 231.6000000000447
11581 2.125414571457362 231.6200000000447
11582 2.171806270114712 231.6400000000447
11583 2.218322394403308 231.6600000000447
11584 2.264962355370065 231.6800000000447
11585 2.311904460794365 231.7000000000447
11586 2.359018107736523 231.7200000000447
11587 2.404933428747362 231.7400000000447
11588 2.450569734691759 231.7600000000448
11589 2.495641215481765 231.7800000000448
11590 2.540128423409224 231.8000000000448
11591 2.583454745093817 231.8200000000448
11592 2.62554031843478 231.8400000000448
11593 2.666476280696821 231.8600000000448
11594 2.705794357712735 231.8800000000448
11595 2.743274671781549 231.9000000000448
11596 2.779271884812241 231.9200000000448
11597 2.812923400314025 231.9400000000448
11598 2.844698190631631 231.9600000000449
11599 2.874938532372969 231.9800000000449
11600 2.902704823819737 232.0000000000449
11601 2.928081623161866 232.0200000000449
11602 2.950987366518715 232.0400000000449
11603 2.97143918544171 232.0600000000449
11604 2.989675446682784 232.0800000000449
11605 3.005324291484651 232.1000000000449
11606 3.018348226419766 232.1200000000449
11607 3.028755425036253 232.1400000000449
11608 3.036582957671379 232.160000000045
11609 3.042007389057946 232.180000000045
11610 3.044572312191914 232.200000000045
11611 3.044410193807056 232.220000000045
11612 3.041814201312416 232.240000000045
11613 3.036924283032107 232.260000000045
11614 3.029361976165506 232.280000000045
11615 3.019269458473983 232.300000000045
11616 3.006545294606222 232.320000000045
11617 2.991789495682568 232.3400000000451
11618 2.974996520044455 232.3600000000451
11619 2.955999064998647 232.3800000000451
11620 2.934711591434445 232.4000000000451
11621 2.911367964674852 232.4200000000451
11622 2.886383734511496 232.4400000000451
11623 2.859611480039878 232.4600000000451
11624 2.831113441170451 232.4800000000451
11625 2.8010280448461 232.5000000000451
11626 2.769640820461055 232.5200000000451
11627 2.736767540675639 232.5400000000452
11628 2.702730596455348 232.5600000000452
11629 2.66763935871889 232.5800000000452
11630 2.631400498875208 232.6000000000452
11631 2.594352907678755 232.6200000000452
11632 2.55641709819044 232.6400000000452
11633 2.517911554812369 232.6600000000452
11634 2.478706331323017 232.6800000000452
11635 2.439052214434985 232.7000000000452
11636 2.398944791657693 232.7200000000452
11637 2.358667036142418 232.7400000000453
11638 2.318096067374992 232.7600000000453
11639 2.277410526006591 232.7800000000453
11640 2.236854321134661 232.8000000000453
11641 2.196437645787898 232.8200000000453
11642 2.156169953585909 232.8400000000453
11643 2.116143698951284 232.8600000000453
11644 2.076482624624964 232.8800000000453
11645 2.037422587356319 232.9000000000453
11646 1.998872468914532 232.9200000000453
11647 1.961025583045779 232.9400000000454
11648 1.923682639460674 232.9600000000454
11649 1.887282070397632 232.9800000000454
11650 1.851655802200762 233.0000000000454
11651 1.817160199838815 233.0200000000454
11652 1.783286041219536 233.0400000000454
11653 1.750635495857533 233.0600000000454
11654 1.719383865623912 233.0800000000454
11655 1.689340299044683 233.1000000000454
11656 1.660643428279228 233.1200000000455
11657 1.63301687673698 233.1400000000455
11658 1.607404971427923 233.1600000000455
11659 1.582866481023995 233.1800000000455
11660 1.560207769270635 233.2000000000455
11661 1.539176814448385 233.2200000000455
11662 1.520073118121375 233.2400000000455
11663 1.502795705975512 233.2600000000455
11664 1.487330623613483 233.2800000000455
11665 1.474180116438012 233.3000000000455
11666 1.462797405913876 233.3200000000456
11667 1.453338510781403 233.3400000000456
11668 1.445492813251164 233.3600000000456
11669 1.440045306957082 233.3800000000456
11670 1.436703222991195 233.4000000000456
11671 1.435660317659204 233.4200000000456
11672 1.437325016143448 233.4400000000456
11673 1.441267705329014 233.4600000000456
11674 1.446858855883612 233.4800000000456
11675 1.454306147528595 233.5000000000456
11676 1.46420652238196 233.5200000000457
11677 1.47691818096559 233.5400000000457
11678 1.492308661417977 233.5600000000457
11679 1.509500049337295 233.5800000000457
11680 1.528926735703064 233.6000000000457
11681 1.55051292543416 233.6200000000457
11682 1.574459517361284 233.6400000000457
11683 1.600841607835131 233.6600000000457
11684 1.629432630897993 233.6800000000457
11685 1.659630679499909 233.7000000000457
11686 1.691805936968113 233.7200000000458
11687 1.725592926913043 233.7400000000458
11688 1.761687755264177 233.7600000000458
11689 1.799434183163034 233.7800000000458
11690 1.83871980974486 233.8000000000458
11691 1.87943462445435 233.8200000000458
11692 1.921676136395272 233.8400000000458
11693 1.965189515635578 233.8600000000458
11694 2.009533383851453 233.8800000000458
11695 2.054439960010987 233.9000000000458
11696 2.100605504869249 233.9200000000459
11697 2.146998821586174 233.9400000000459
11698 2.194156559348868 233.9600000000459
11699 2.24133376534772 233.9800000000459
11700 2.288636495383653 234.0000000000459
11701 2.336220214579571 234.0200000000459
11702 2.383329889655624 234.0400000000459
11703 2.429811053956163 234.0600000000459
11704 2.476167848851034 234.0800000000459
11705 2.521655951791155 234.100000000046
11706 2.566190042884673 234.120000000046
11707 2.60962385340534 234.140000000046
11708 2.652017677164593 234.160000000046
11709 2.692845672409822 234.180000000046
11710 2.73216487130723 234.200000000046
11711 2.769595290110225 234.220000000046
11712 2.805046231689471 234.240000000046
11713 2.838554692449424 234.260000000046
11714 2.870261777462439 234.280000000046
11715 2.899767268415792 234.3000000000461
11716 2.926628943011242 234.3200000000461
11717 2.951304395575877 234.3400000000461
11718 2.973539368263239 234.3600000000461
11719 2.993307745500903 234.3800000000461
11720 3.010251577341887 234.4000000000461
11721 3.024702127443285 234.4200000000461
11722 3.036378837534887 234.4400000000461
11723 3.045594000901997 234.4600000000461
11724 3.052048593725902 234.4800000000461
11725 3.055961722479602 234.5000000000462
11726 3.057020543422748 234.5200000000462
11727 3.055591053417116 234.5400000000462
11728 3.051455243523633 234.5600000000462
11729 3.044828256298423 234.5800000000462
11730 3.035845099109884 234.6000000000462
11731 3.024239934214675 234.6200000000462
11732 3.010082842422923 234.6400000000462
11733 2.993633964435332 234.6600000000462
11734 2.975256811657497 234.6800000000462
11735 2.954771564058443 234.7000000000463
11736 2.932157903080355 234.7200000000463
11737 2.907687790019778 234.7400000000463
11738 2.881281502821234 234.7600000000463
11739 2.853145935624495 234.7800000000463
11740 2.823484834693814 234.8000000000463
11741 2.792317748103387 234.8200000000463
11742 2.759714827600719 234.8400000000463
11743 2.725781785376896 234.8600000000463
11744 2.690465537199866 234.8800000000464
11745 2.654193732614182 234.9000000000464
11746 2.616947446688701 234.9200000000464
11747 2.578874649327854 234.9400000000464
11748 2.540006052406791 234.9600000000464
11749 2.500579584056401 234.9800000000464
11750 2.460558189675941 235.0000000000464
11751 2.419778765333555 235.0200000000464
11752 2.378845770293356 235.0400000000464
11753 2.337723398925614 235.0600000000464
11754 2.296475296156169 235.0800000000465
11755 2.255262931611026 235.1000000000465
11756 2.214316837564658 235.1200000000465
11757 2.173424053044607 235.1400000000465
11758 2.132580790468393 235.1600000000465
11759 2.092148451358816 235.1800000000465
11760 2.052316112191157 235.2000000000465
11761 2.013073940978308 235.2200000000465
11762 1.974219630024076 235.2400000000465
11763 1.936213071451185 235.2600000000465
11764 1.899058642315353 235.2800000000466
11765 1.86271608718033 235.3000000000466
11766 1.827151799770209 235.3200000000466
11767 1.792538529720541 235.3400000000466
11768 1.759257251236848 235.3600000000466
11769 1.727087290870084 235.3800000000466
11770 1.696361492690366 235.4000000000466
11771 1.666669309990696 235.4200000000466
11772 1.638659568816757 235.4400000000466
11773 1.612045452667048 235.4600000000466
11774 1.586795895887676 235.4800000000467
11775 1.563408953544478 235.5000000000467
11776 1.541591692418797 235.5200000000467
11777 1.521293264960826 235.5400000000467
11778 1.502949877406013 235.5600000000467
11779 1.486434603609661 235.5800000000467
11780 1.471993588865922 235.6000000000467
11781 1.45966189348228 235.6200000000467
11782 1.449111540802314 235.6400000000467
11783 1.440440097536841 235.6600000000468
11784 1.433733282911288 235.6800000000468
11785 1.429465208421836 235.7000000000468
11786 1.427605073584058 235.7200000000468
11787 1.427667966012359 235.7400000000468
11788 1.429774434880537 235.7600000000468
11789 1.434144123340732 235.7800000000468
11790 1.440614325829663 235.8000000000468
11791 1.449735501316771 235.8200000000468
11792 1.461053924053959 235.8400000000468
11793 1.474761114280051 235.8600000000469
11794 1.490598550351278 235.8800000000469
11795 1.508651069097955 235.9000000000469
11796 1.529396897722043 235.9200000000469
11797 1.551946953395493 235.9400000000469
11798 1.576393498867876 235.9600000000469
11799 1.603542043163153 235.9800000000469
11800 1.6325408859908 236.0000000000469
11801 1.663114621676772 236.0200000000469
11802 1.69576876901279 236.0400000000469
11803 1.730416938297005 236.060000000047
11804 1.767371905332488 236.080000000047
11805 1.805875231292434 236.100000000047
11806 1.844859799944575 236.120000000047
11807 1.885501419697806 236.140000000047
11808 1.927454203529191 236.160000000047
11809 1.970846937278951 236.180000000047
11810 2.01470891722779 236.200000000047
11811 2.059443869640143 236.220000000047
11812 2.104666608992474 236.240000000047
11813 2.150755992087598 236.2600000000471
11814 2.197198810788998 236.2800000000471
11815 2.24390092212764 236.3000000000471
11816 2.290608249291755 236.3200000000471
11817 2.337746271098011 236.3400000000471
11818 2.384231179928303 236.3600000000471
11819 2.430032699438354 236.3800000000471
11820 2.475358248674011 236.4000000000471
11821 2.520041552819829 236.4200000000471
11822 2.564003949189303 236.4400000000471
11823 2.606736616745157 236.4600000000472
11824 2.648007392328643 236.4800000000472
11825 2.688295923771886 236.5000000000472
11826 2.726565874392731 236.5200000000472
11827 2.76319596872453 236.5400000000472
11828 2.797908047046561 236.5600000000472
11829 2.83064997775258 236.5800000000472
11830 2.861382907156372 236.6000000000472
11831 2.890565765444051 236.6200000000472
11832 2.91690361167044 236.6400000000473
11833 2.941060239258711 236.6600000000473
11834 2.962471420755757 236.6800000000473
11835 2.981789307401657 236.7000000000473
11836 2.998594710395769 236.7200000000473
11837 3.012843241891327 236.7400000000473
11838 3.024427451848139 236.7600000000473
11839 3.033416235694146 236.7800000000473
11840 3.039925100338911 236.8000000000473
11841 3.043807225628761 236.8200000000473
11842 3.044848840709693 236.8400000000474
11843 3.043339714839997 236.8600000000474
11844 3.039491710803925 236.8800000000474
11845 3.033177427772354 236.9000000000474
11846 3.024252825521804 236.9200000000474
11847 3.012610613455401 236.9400000000474
11848 2.998803586257738 236.9600000000474
11849 2.982921931778371 236.9800000000474
11850 2.964897114349442 237.0000000000474
11851 2.94470675371442 237.0200000000474
11852 2.922239941694565 237.0400000000475
11853 2.897980825412692 237.0600000000475
11854 2.872022118163201 237.0800000000475
11855 2.844246488013419 237.1000000000475
11856 2.814866931252982 237.1200000000475
11857 2.78411162631434 237.1400000000475
11858 2.751869446201043 237.1600000000475
11859 2.718303935026906 237.1800000000475
11860 2.683775481077304 237.2000000000475
11861 2.647973964058996 237.2200000000475
11862 2.61128500312171 237.2400000000476
11863 2.57377117245233 237.2600000000476
11864 2.535412144644317 237.2800000000476
11865 2.496564355814397 237.3000000000476
11866 2.457124130894111 237.3200000000476
11867 2.417201619870415 237.3400000000476
11868 2.376978054089278 237.3600000000476
11869 2.336558049658988 237.3800000000476
11870 2.29589343642263 237.4000000000476
11871 2.255232529330048 237.4200000000477
11872 2.214765430436465 237.4400000000477
11873 2.174428755278077 237.4600000000477
11874 2.13424574806649 237.4800000000477
11875 2.094438445028489 237.5000000000477
11876 2.055067696481832 237.5200000000477
11877 2.016349266406019 237.5400000000477
11878 1.978020860342448 237.5600000000477
11879 1.940561738153969 237.5800000000477
11880 1.903600895233943 237.6000000000477
11881 1.867714233157665 237.6200000000478
11882 1.83273830340507 237.6400000000478
11883 1.79850775652161 237.6600000000478
11884 1.765307763658378 237.6800000000478
11885 1.733399997494123 237.7000000000478
11886 1.702866644775069 237.7200000000478
11887 1.673450499289007 237.7400000000478
11888 1.64538616957521 237.7600000000478
11889 1.618852786298065 237.7800000000478
11890 1.593798020574026 237.8000000000478
11891 1.570316620570161 237.8200000000479
11892 1.548442254101807 237.8400000000479
11893 1.528574002077281 237.8600000000479
11894 1.510469541446823 237.8800000000479
11895 1.493994676606738 237.9000000000479
11896 1.479939211537182 237.9200000000479
11897 1.467783587001361 237.9400000000479
11898 1.457387598403655 237.9600000000479
11899 1.448875117295536 237.9800000000479
11900 1.442254794971479 238.0000000000479
11901 1.437929301269963 238.020000000048
11902 1.435843216483805 238.040000000048
11903 1.436287377416741 238.060000000048
11904 1.439175838314224 238.080000000048
11905 1.444183702371667 238.100000000048
11906 1.450612911976156 238.120000000048
11907 1.459432847944348 238.140000000048
11908 1.470709381126822 238.160000000048
11909 1.485139195110014 238.180000000048
11910 1.501455059633054 238.200000000048
11911 1.519848527303649 238.2200000000481
11912 1.540466935539557 238.2400000000481
11913 1.56338329279239 238.2600000000481
11914 1.588602977538013 238.2800000000481
11915 1.616250318600005 238.3000000000481
11916 1.645673531871039 238.3200000000481
11917 1.677057457127864 238.3400000000481
11918 1.710021779821597 238.3600000000481
11919 1.745109885009773 238.3800000000481
11920 1.782109444059808 238.4000000000482
11921 1.820845785178141 238.4200000000482
11922 1.860751135084294 238.4400000000482
11923 1.902437756800271 238.4600000000482
11924 1.945364321392526 238.4800000000482
11925 1.989367981147578 238.5000000000482
11926 2.033972659695232 238.5200000000482
11927 2.079722451187134 238.5400000000482
11928 2.125827592285978 238.5600000000482
11929 2.17293985517833 238.5800000000482
11930 2.219924696902587 238.6000000000483
11931 2.26731002869852 238.6200000000483
11932 2.314668550303722 238.6400000000483
11933 2.362107449671922 238.6600000000483
11934 2.408858808311906 238.6800000000483
11935 2.455234737569612 238.7000000000483
11936 2.501199300239834 238.7200000000483
11937 2.546172284284116 238.7400000000483
11938 2.590177626044118 238.7600000000483
11939 2.632988770159114 238.7800000000483
11940 2.674643770654695 238.8000000000484
11941 2.714585726553815 238.8200000000484
11942 2.752966547089316 238.8400000000484
11943 2.789274444334939 238.8600000000484
11944 2.823602683521315 238.8800000000484
11945 2.856206936843526 238.9000000000484
11946 2.886747827473203 238.9200000000484
11947 2.914931125247232 238.9400000000484
11948 2.940501603901559 238.9600000000484
11949 2.96379294191969 238.9800000000484
11950 2.984794396387036 239.0000000000485
11951 3.00294114717564 239.0200000000485
11952 3.018543847877464 239.0400000000485
11953 3.031493823935662 239.0600000000485
11954 3.041820518844802 239.0800000000485
11955 3.049522821478218 239.1000000000485
11956 3.054597930936708 239.1200000000485
11957 3.056957856262041 239.1400000000485
11958 3.056582561374845 239.1600000000485
11959 3.053705750054911 239.1800000000486
11960 3.048212675503819 239.2000000000486
11961 3.040314507038538 239.2200000000486
11962 3.029861680018458 239.2400000000486
11963 3.016878931328387 239.2600000000486
11964 3.00137971599086 239.2800000000486
11965 2.983877180435216 239.3000000000486
11966 2.964383264665988 239.3200000000486
11967 2.942710301906547 239.3400000000486
11968 2.919010595259234 239.3600000000486
11969 2.893580911965974 239.3800000000487
11970 2.86616388467193 239.4000000000487
11971 2.837140768808288 239.4200000000487
11972 2.806688759993506 239.4400000000487
11973 2.774713833402438 239.4600000000487
11974 2.741354205450177 239.4800000000487
11975 2.706647533454052 239.5000000000487
11976 2.670796047344528 239.5200000000487
11977 2.633952149535435 239.5400000000487
11978 2.596260622452882 239.5600000000487
11979 2.557728825842811 239.5800000000488
11980 2.518510963012498 239.6000000000488
11981 2.478831200398606 239.6200000000488
11982 2.438326502249998 239.6400000000488
11983 2.397361476204574 239.6600000000488
11984 2.356394887261146 239.6800000000488
11985 2.315206709891503 239.7000000000488
11986 2.273960426234899 239.7200000000488
11987 2.232863179749256 239.7400000000488
11988 2.191974205763737 239.7600000000488
11989 2.151058797408313 239.7800000000489
11990 2.110414285292479 239.8000000000489
11991 2.070288887224093 239.8200000000489
11992 2.030813954118744 239.8400000000489
11993 1.991760927387404 239.8600000000489
11994 1.953305825514069 239.8800000000489
11995 1.91579832731013 239.9000000000489
11996 1.87905960838423 239.9200000000489
11997 1.843186248755933 239.9400000000489
11998 1.808093151931474 239.960000000049
11999 1.774211020209878 239.980000000049
12000 1.741513077810065 240.000000000049
12001 1.710059525925361 240.020000000049
12002 1.680015998672874 240.040000000049
12003 1.651143770106597 240.060000000049
12004 1.623964053804414 240.080000000049
12005 1.597987386642903 240.100000000049
12006 1.573789329825911 240.120000000049
12007 1.551287139524393 240.140000000049
12008 1.53032929452496 240.1600000000491
12009 1.510956363673026 240.1800000000491
12010 1.493687557680483 240.2000000000491
12011 1.478181731308494 240.2200000000491
12012 1.465038736509538 240.2400000000491
12013 1.453638519302519 240.2600000000491
12014 1.444144852207665 240.2800000000491
12015 1.436465438744787 240.3000000000491
12016 1.431074786380648 240.3200000000491
12017 1.428092502427841 240.3400000000491
12018 1.427430701924743 240.3600000000492
12019 1.428635757773958 240.3800000000492
12020 1.431897395244527 240.4000000000492
12021 1.437430550436117 240.4200000000492
12022 1.445368556959739 240.4400000000492
12023 1.455613843776728 240.4600000000492
12024 1.468249935309639 240.4800000000492
12025 1.483327627824903 240.5000000000492
12026 1.500088296571818 240.5200000000492
12027 1.519714619011237 240.5400000000492
12028 1.541667596071602 240.5600000000493
12029 1.565045569039177 240.5800000000493
12030 1.590975956764838 240.6000000000493
12031 1.619230431543821 240.6200000000493
12032 1.649134982459494 240.6400000000493
12033 1.68072838070664 240.6600000000493
12034 1.714582581977639 240.6800000000493
12035 1.750397725602259 240.7000000000493
12036 1.788487752380403 240.7200000000493
12037 1.827049165955895 240.7400000000493
12038 1.86698577117523 240.7600000000494
12039 1.908344615332195 240.7800000000494
12040 1.951228210788761 240.8000000000494
12041 1.994833652191916 240.8200000000494
12042 2.039121785741111 240.8400000000494
12043 2.084279201067183 240.8600000000494
12044 2.129841942754233 240.8800000000494
12045 2.176277781183283 240.9000000000494
12046 2.222845095347922 240.9200000000494
12047 2.269446472253061 240.9400000000495
12048 2.316434678380297 240.9600000000495
12049 2.363510548049668 240.9800000000495
12050 2.409356582562994 241.0000000000495
12051 2.454950716312394 241.0200000000495
12052 2.499934279315843 241.0400000000495
12053 2.54435551016322 241.0600000000495
12054 2.587588194945816 241.0800000000495
12055 2.629534427429211 241.1000000000495
12056 2.670371456051024 241.1200000000495
12057 2.709504160560649 241.1400000000496
12058 2.746821881229493 241.1600000000496
12059 2.78265258612076 241.1800000000496
12060 2.8160946537714 241.2000000000496
12061 2.847680201153552 241.2200000000496
12062 2.877776647125497 241.2400000000496
12063 2.905278106596032 241.2600000000496
12064 2.930473945756989 241.2800000000496
12065 2.953077282758298 241.3000000000496
12066 2.973325319330245 241.3200000000496
12067 2.991340149016902 241.3400000000497
12068 3.006751016068892 241.3600000000497
12069 3.019498397915177 241.3800000000497
12070 3.029674108936545 241.4000000000497
12071 3.037269702755651 241.4200000000497
12072 3.04242895980393 241.4400000000497
12073 3.044731081467244 241.4600000000497
12074 3.044325630527615 241.4800000000497
12075 3.04150278650254 241.5000000000497
12076 3.036374220306876 241.5200000000497
12077 3.028564728716308 241.5400000000498
12078 3.018211940121475 241.5600000000498
12079 3.005270534262505 241.5800000000498
12080 2.990324765596701 241.6000000000498
12081 2.973313537419984 241.6200000000498
12082 2.954104040835003 241.6400000000498
12083 2.932607825193647 241.6600000000498
12084 2.909110046790342 241.6800000000498
12085 2.883950691505084 241.7000000000498
12086 2.856999472117677 241.7200000000499
12087 2.828365857497735 241.7400000000499
12088 2.798135828369418 241.7600000000499
12089 2.766605342522054 241.7800000000499
12090 2.733601659462683 241.8000000000499
12091 2.699470184709612 241.8200000000499
12092 2.664259213242135 241.8400000000499
12093 2.627938930910218 241.8600000000499
12094 2.590800358542346 241.8800000000499
12095 2.552792279081896 241.9000000000499
12096 2.514217608188047 241.92000000005
12097 2.474966531015389 241.94000000005
12098 2.435264419007048 241.96000000005
12099 2.395134113442299 241.98000000005
12100 2.35483588547747 242.00000000005
12101 2.314245509434113 242.02000000005
12102 2.273556376796807 242.04000000005
12103 2.233002534583773 242.06000000005
12104 2.192600247842543 242.08000000005
12105 2.152351342186244 242.10000000005
12106 2.112372217012854 242.1200000000501
12107 2.072742715183074 242.1400000000501
12108 2.033741379353646 242.1600000000501
12109 1.995234094282821 242.1800000000501
12110 1.95746809239839 242.2000000000501
12111 1.920147665447686 242.2200000000501
12112 1.883872447985981 242.2400000000501
12113 1.848321343708497 242.2600000000501
12114 1.813915107673153 242.2800000000501
12115 1.780132103709044 242.3000000000501
12116 1.74760901599868 242.3200000000502
12117 1.716476061635417 242.3400000000502
12118 1.686535334547476 242.3600000000502
12119 1.657961113488516 242.3800000000502
12120 1.630495113149681 242.4000000000502
12121 1.604998877262915 242.4200000000502
12122 1.580622937805761 242.4400000000502
12123 1.558109150907322 242.4600000000502
12124 1.537317355545528 242.4800000000502
12125 1.518333248049437 242.5000000000502
12126 1.501220118617997 242.5200000000503
12127 1.486001789472419 242.5400000000503
12128 1.473002813401996 242.5600000000503
12129 1.461809743982592 242.5800000000503
12130 1.452571502101673 242.6000000000503
12131 1.444853180183671 242.6200000000503
12132 1.439619553042057 242.6400000000503
12133 1.436530611980176 242.6600000000503
12134 1.435702815676719 242.6800000000503
12135 1.437614462224334 242.7000000000504
12136 1.441749865000457 242.7200000000504
12137 1.447459929264415 242.7400000000504
12138 1.455128858946192 242.7600000000504
12139 1.465274576585174 242.7800000000504
12140 1.478272025634529 242.8000000000504
12141 1.49384393058142 242.8200000000504
12142 1.511242487591221 242.8400000000504
12143 1.530890097349873 242.8600000000504
12144 1.552708216061349 242.8800000000504
12145 1.576884466898509 242.9000000000505
12146 1.603478582719728 242.9200000000505
12147 1.632185910037133 242.9400000000505
12148 1.662654633790418 242.9600000000505
12149 1.694935760452985 242.9800000000505
12150 1.728946607807113 243.0000000000505
12151 1.765196116415055 243.0200000000505
12152 1.80314362244519 243.0400000000505
12153 1.84250338210966 243.0600000000505
12154 1.883396382397032 243.0800000000505
12155 1.925770044223361 243.1000000000506
12156 1.969359111448241 243.1200000000506
12157 2.013759343165732 243.1400000000506
12158 2.058796490747275 243.1600000000506
12159 2.104952386547097 243.1800000000506
12160 2.151493345219828 243.2000000000506
12161 2.198616455384335 243.2200000000506
12162 2.245853971953821 243.2400000000506
12163 2.293118288210327 243.2600000000506
12164 2.34074030888836 243.2800000000506
12165 2.387757270491631 243.3000000000507
12166 2.434218559085398 243.3200000000507
12167 2.480529041751107 243.3400000000507
12168 2.525936635521902 243.3600000000507
12169 2.570369652475739 243.3800000000507
12170 2.613699456675065 243.4000000000507
12171 2.65598100731 243.4200000000507
12172 2.696638015725815 243.4400000000507
12173 2.735815226182426 243.4600000000507
12174 2.773050123355498 243.4800000000508
12175 2.808308690821061 243.5000000000508
12176 2.841648616233423 243.5200000000508
12177 2.873165005298216 243.5400000000508
12178 2.902461133180589 243.5600000000508
12179 2.929061355212434 243.5800000000508
12180 2.953528855388845 243.6000000000508
12181 2.975550856467768 243.6200000000508
12182 2.995038830186452 243.6400000000508
12183 3.011749682751123 243.6600000000508
12184 3.025955318037614 243.6800000000509
12185 3.037382881963706 243.7000000000509
12186 3.046349039629923 243.7200000000509
12187 3.052556902431389 243.7400000000509
12188 3.056211600691565 243.7600000000509
12189 3.057016098345916 243.7800000000509
12190 3.055317957216988 243.8000000000509
12191 3.05096538565341 243.8200000000509
12192 3.044118565248203 243.8400000000509
12193 3.034856518716632 243.8600000000509
12194 3.0230436101994 243.880000000051
12195 3.008639702520029 243.900000000051
12196 2.991995104426791 243.920000000051
12197 2.973433189762595 243.940000000051
12198 2.95272520362099 243.960000000051
12199 2.929929699610718 243.980000000051
12200 2.905310479285604 244.000000000051
12201 2.878714078643211 244.020000000051
12202 2.850423112436385 244.040000000051
12203 2.820634080125402 244.060000000051
12204 2.789308123676791 244.0800000000511
12205 2.756570139138211 244.1000000000511
12206 2.722515981798812 244.1200000000511
12207 2.68709411256958 244.1400000000511
12208 2.650728149823842 244.1600000000511
12209 2.613398130117825 244.1800000000511
12210 2.575242898972542 244.2000000000511
12211 2.536316267950376 244.2200000000511
12212 2.496838441321097 244.2400000000511
12213 2.456748279451184 244.2600000000511
12214 2.415930348287655 244.2800000000512
12215 2.374979399625271 244.3000000000512
12216 2.333848125580817 244.3200000000512
12217 2.292598098048514 244.3400000000512
12218 2.251389703496087 244.3600000000512
12219 2.210456664715693 244.3800000000512
12220 2.169563841179185 244.4000000000512
12221 2.128759857227449 244.4200000000512
12222 2.088380845840637 244.4400000000512
12223 2.048596635889572 244.4600000000513
12224 2.009404729744869 244.4800000000513
12225 1.970608634639769 244.5000000000513
12226 1.932662280149154 244.5200000000513
12227 1.895594975407827 244.5400000000513
12228 1.859325736695962 244.5600000000513
12229 1.823828918665229 244.5800000000513
12230 1.789334446957779 244.6000000000513
12231 1.756166762784903 244.6200000000513
12232 1.724100242314386 244.6400000000513
12233 1.6935249548329 244.6600000000514
12234 1.663941067645193 244.6800000000514
12235 1.636099271097891 244.7000000000514
12236 1.609586395859658 244.7200000000514
12237 1.584499064551148 244.7400000000514
12238 1.56128562112863 244.7600000000514
12239 1.539628056440586 244.7800000000514
12240 1.519469871190087 244.8000000000514
12241 1.501328614513861 244.8200000000514
12242 1.484979494808488 244.8400000000514
12243 1.470749825321258 244.8600000000515
12244 1.458604686899058 244.8800000000515
12245 1.448200282355904 244.9000000000515
12246 1.439717340755845 244.9200000000515
12247 1.433236028599405 244.9400000000515
12248 1.429165088871816 244.9600000000515
12249 1.427591905253699 244.9800000000515
12250 1.427809810699297 245.0000000000515
12251 1.430126311994485 245.0200000000515
12252 1.434701874576761 245.0400000000515
12253 1.441395925553475 245.0600000000516
12254 1.450736266255304 245.0800000000516
12255 1.462292881858441 245.1000000000516
12256 1.476267673469295 245.1200000000516
12257 1.492204092268987 245.1400000000516
12258 1.510557120077133 245.1600000000516
12259 1.531564122415531 245.1800000000516
12260 1.554207419195131 245.2000000000516
12261 1.57892154655946 245.2200000000516
12262 1.606276884609247 245.2400000000517
12263 1.63543470578657 245.2600000000517
12264 1.666183580487008 245.2800000000517
12265 1.699052491063429 245.3000000000517
12266 1.733856715305636 245.3200000000517
12267 1.77108124130658 245.3400000000517
12268 1.80960003783234 245.3600000000517
12269 1.848747624629033 245.3800000000517
12270 1.889519792438955 245.4000000000517
12271 1.931610095554042 245.4200000000517
12272 1.975079130438564 245.4400000000518
12273 2.019007150222977 245.4600000000518
12274 2.063831582814545 245.4800000000518
12275 2.109115441750405 245.5000000000518
12276 2.15527009893492 245.5200000000518
12277 2.201690607537652 245.5400000000518
12278 2.248406250797511 245.5600000000518
12279 2.295190241175344 245.5800000000518
12280 2.342348782998742 245.6000000000518
12281 2.388661522207017 245.6200000000518
12282 2.434451378616684 245.6400000000519
12283 2.479745369472059 245.6600000000519
12284 2.524378388748812 245.6800000000519
12285 2.568168785139874 245.7000000000519
12286 2.610835623551924 245.7200000000519
12287 2.651986129703944 245.7400000000519
12288 2.692100857572608 245.7600000000519
12289 2.730213026666402 245.7800000000519
12290 2.766696429160881 245.8000000000519
12291 2.801182759925021 245.8200000000519
12292 2.83372850408828 245.840000000052
12293 2.864350818262539 245.860000000052
12294 2.893272839349392 245.880000000052
12295 2.919375759173267 245.900000000052
12296 2.9432770701719 245.920000000052
12297 2.96445608591514 245.940000000052
12298 2.983563463690071 245.960000000052
12299 3.000128150147657 245.980000000052
12300 3.014103639058027 246.000000000052
12301 3.025438972933244 246.0200000000521
12302 3.034184499341934 246.0400000000521
12303 3.040448616515539 246.0600000000521
12304 3.044062344071936 246.0800000000521
12305 3.044832313102707 246.1000000000521
12306 3.0430784227259 246.1200000000521
12307 3.039030954435621 246.1400000000521
12308 3.032459700580935 246.1600000000521
12309 3.023256955994326 246.1800000000521
12310 3.011396327399755 246.2000000000521
12311 2.997381690725317 246.2200000000522
12312 2.981306630937208 246.2400000000522
12313 2.963072940192928 246.2600000000522
12314 2.942646099600756 246.2800000000522
12315 2.919990773342057 246.3000000000522
12316 2.895567968293042 246.3200000000522
12317 2.869450966822383 246.3400000000522
12318 2.841506294860168 246.3600000000522
12319 2.811974129320907 246.3800000000522
12320 2.781091775617428 246.4000000000522
12321 2.748716090964778 246.4200000000523
12322 2.715033308105839 246.4400000000523
12323 2.680388786229661 246.4600000000523
12324 2.64448770541944 246.4800000000523
12325 2.607728611787038 246.5000000000523
12326 2.570127051347735 246.5200000000523
12327 2.531707459293943 246.5400000000523
12328 2.492799464499596 246.5600000000523
12329 2.45331440579531 246.5800000000523
12330 2.413351212679283 246.6000000000523
12331 2.373112314218061 246.6200000000524
12332 2.332664036331386 246.6400000000524
12333 2.291981375973116 246.6600000000524
12334 2.251341311947086 246.6800000000524
12335 2.210883124312959 246.7000000000524
12336 2.170565541478499 246.7200000000524
12337 2.130407167600322 246.7400000000524
12338 2.090638671903983 246.7600000000524
12339 2.051321856653197 246.7800000000524
12340 2.012647897328981 246.8000000000524
12341 1.97438281738065 246.8200000000525
12342 1.936981690997153 246.8400000000525
12343 1.90009321742322 246.8600000000525
12344 1.864309221745683 246.8800000000525
12345 1.829426911515673 246.9000000000525
12346 1.795268064255124 246.9200000000525
12347 1.762172707358671 246.9400000000525
12348 1.730407653698518 246.9600000000525
12349 1.69998010088977 246.9800000000525
12350 1.670712838325645 247.0000000000526
12351 1.642722257982284 247.0200000000526
12352 1.616406020688775 247.0400000000526
12353 1.591437531991831 247.0600000000526
12354 1.568157493187486 247.0800000000526
12355 1.546440489211125 247.1000000000526
12356 1.526736314424779 247.1200000000526
12357 1.508824615524799 247.1400000000526
12358 1.492499626547235 247.1600000000526
12359 1.478682926988082 247.1800000000526
12360 1.466698101084963 247.2000000000527
12361 1.45644981139853 247.2200000000527
12362 1.448119306525455 247.2400000000527
12363 1.441694650817344 247.2600000000527
12364 1.437622689954869 247.2800000000527
12365 1.435770484925728 247.3000000000527
12366 1.436470125902418 247.3200000000527
12367 1.439600344459769 247.3400000000527
12368 1.444709331744336 247.3600000000527
12369 1.45136629527404 247.3800000000527
12370 1.460400546122876 247.4000000000528
12371 1.47194016616086 247.4200000000528
12372 1.486655415585503 247.4400000000528
12373 1.503124119417973 247.4600000000528
12374 1.521732185306721 247.4800000000528
12375 1.542566414445599 247.5000000000528
12376 1.565682644240721 247.5200000000528
12377 1.591190457340203 247.5400000000528
12378 1.619029813256307 247.5600000000528
12379 1.648563427384451 247.5800000000528
12380 1.680153608593419 247.6000000000529
12381 1.713272055683231 247.6200000000529
12382 1.748600229186696 247.6400000000529
12383 1.785738649652204 247.6600000000529
12384 1.824612351853415 247.6800000000529
12385 1.864676728708119 247.7000000000529
12386 1.906495683221618 247.7200000000529
12387 1.94956886562099 247.7400000000529
12388 1.99362727674947 247.7600000000529
12389 2.038279139255229 247.780000000053
12390 2.08417641786612 247.800000000053
12391 2.13026220203154 247.820000000053
12392 2.177438227067484 247.840000000053
12393 2.224450735617066 247.860000000053
12394 2.271819246662961 247.880000000053
12395 2.319230606200166 247.900000000053
12396 2.366601892916312 247.920000000053
12397 2.413314078046153 247.940000000053
12398 2.459685743031409 247.960000000053
12399 2.505532225252622 247.9800000000531
12400 2.550421648782621 248.0000000000531
12401 2.594304175453544 248.0200000000531
12402 2.63705241772416 248.0400000000531
12403 2.678532744749966 248.0600000000531
12404 2.718364307651529 248.0800000000531
12405 2.756531594510033 248.1000000000531
12406 2.792628717984832 248.1200000000531
12407 2.826815926921299 248.1400000000531
12408 2.859234971043914 248.1600000000531
12409 2.88956130093781 248.1800000000532
12410 2.917462346449173 248.2000000000532
12411 2.942872394855909 248.2200000000532
12412 2.96591262983943 248.2400000000532
12413 2.986681899127175 248.2600000000532
12414 3.004565381373835 248.2800000000532
12415 3.019921609046483 248.3000000000532
12416 3.032607773411903 248.3200000000532
12417 3.042706734715814 248.3400000000532
12418 3.050128690253639 248.3600000000532
12419 3.05495668603635 248.3800000000533
12420 3.057042300008927 248.4000000000533
12421 3.056440188753733 248.4200000000533
12422 3.053302012869759 248.4400000000533
12423 3.047583910560908 248.4600000000533
12424 3.039449927698221 248.4800000000533
12425 3.028756414967245 248.5000000000533
12426 3.015520186497452 248.5200000000533
12427 2.999813440281183 248.5400000000533
12428 2.982125662698533 248.5600000000533
12429 2.962427198636273 248.5800000000534
12430 2.94054517792824 248.6000000000534
12431 2.91667659399319 248.6200000000534
12432 2.891061617172991 248.6400000000534
12433 2.863478368779745 248.6600000000534
12434 2.834303794239893 248.6800000000534
12435 2.803706861330769 248.7000000000534
12436 2.771598797720076 248.7200000000534
12437 2.738108330831881 248.7400000000534
12438 2.703274500870328 248.7600000000535
12439 2.667330276896692 248.7800000000535
12440 2.630406807592343 248.8000000000535
12441 2.59263126400508 248.8200000000535
12442 2.554022670234258 248.8400000000535
12443 2.51474926672214 248.8600000000535
12444 2.475007815201323 248.8800000000535
12445 2.434436830905723 248.9000000000535
12446 2.393553953020535 248.9200000000535
12447 2.352474854989825 248.9400000000535
12448 2.31128462279457 248.9600000000536
12449 2.270037919888651 248.9800000000536
12450 2.228956803793423 249.0000000000536
12451 2.188074178969839 249.0200000000536
12452 2.147174219669908 249.0400000000536
12453 2.106568188976279 249.0600000000536
12454 2.066504855885318 249.0800000000536
12455 2.027082704180613 249.1000000000536
12456 1.988050121247817 249.1200000000536
12457 1.949698047296029 249.1400000000536
12458 1.912254017255751 249.1600000000537
12459 1.87559747666704 249.1800000000537
12460 1.839782490866522 249.2000000000537
12461 1.804787279037474 249.2200000000537
12462 1.771031623981419 249.2400000000537
12463 1.738442695107202 249.2600000000537
12464 1.707134848785734 249.2800000000537
12465 1.677168310241796 249.3000000000537
12466 1.648489034586878 249.3200000000537
12467 1.621437146717599 249.3400000000537
12468 1.595585217751289 249.3600000000538
12469 1.571585118670848 249.3800000000538
12470 1.549234021177701 249.4000000000538
12471 1.528395687784893 249.4200000000538
12472 1.5092556374477 249.4400000000538
12473 1.492125352384421 249.4600000000538
12474 1.47682524274794 249.4800000000538
12475 1.463851970277424 249.5000000000538
12476 1.452659352632593 249.5200000000538
12477 1.443345746920747 249.5400000000539
12478 1.435858732810108 249.5600000000539
12479 1.430719289810086 249.5800000000539
12480 1.42797757553313 249.6000000000539
12481 1.427475898734795 249.6200000000539
12482 1.428879678379436 249.6400000000539
12483 1.432366498289371 249.6600000000539
12484 1.438105940991919 249.6800000000539
12485 1.446311215182131 249.7000000000539
12486 1.456769129103227 249.7200000000539
12487 1.46962933807923 249.740000000054
12488 1.484881970548855 249.760000000054
12489 1.501904423675372 249.780000000054
12490 1.52177771367492 249.800000000054
12491 1.543887846419391 249.820000000054
12492 1.567442293777795 249.840000000054
12493 1.593687725006216 249.860000000054
12494 1.622090717272394 249.880000000054
12495 1.652163662276124 249.900000000054
12496 1.683966659854818 249.920000000054
12497 1.718019263146681 249.9400000000541
12498 1.754041743477511 249.9600000000541
12499 1.79227342950648 249.9800000000541
12500 1.830904370088773 250.0000000000541
12501 1.870989306331393 250.0200000000541
12502 1.91248955752151 250.0400000000541
12503 1.955509826462314 250.0600000000541
12504 1.999157155243614 250.0800000000541
12505 2.043535417093977 250.1000000000541
12506 2.088722389687623 250.1200000000541
12507 2.13438148992473 250.1400000000542
12508 2.180818799228901 250.1600000000542
12509 2.22745798427067 250.1800000000542
12510 2.274043757279718 250.2000000000542
12511 2.321050316194434 250.2200000000542
12512 2.368068802259934 250.2400000000542
12513 2.41387792237038 250.2600000000542
12514 2.459425025232642 250.2800000000542
12515 2.504319125721572 250.3000000000542
12516 2.548674359437653 250.3200000000543
12517 2.591809959307711 250.3400000000543
12518 2.633598249471373 250.3600000000543
12519 2.674342655997213 250.3800000000543
12520 2.713290879013156 250.4000000000543
12521 2.750435402716055 250.4200000000543
12522 2.786057651321484 250.4400000000543
12523 2.819317044255164 250.4600000000543
12524 2.850713634216361 250.4800000000543
12525 2.880649013276172 250.5000000000543
12526 2.907890850506158 250.5200000000544
12527 2.932878351447745 250.5400000000544
12528 2.955197987157525 250.5600000000544
12529 2.975239526875185 250.5800000000544
12530 2.993016358218254 250.6000000000544
12531 3.008177137254292 250.6200000000544
12532 3.020666443332163 250.6400000000544
12533 3.030582760373239 250.6600000000544
12534 3.037934443769157 250.6800000000544
12535 3.04283092379216 250.7000000000544
12536 3.044865072238401 250.7200000000545
12537 3.044213534990281 250.7400000000545
12538 3.041154981313697 250.7600000000545
12539 3.035781767968608 250.7800000000545
12540 3.027720805871155 250.8000000000545
12541 3.017103116301346 250.8200000000545
12542 3.003953692003632 250.8400000000545
12543 2.988806987744242 250.8600000000545
12544 2.97157738057981 250.8800000000545
12545 2.952156933315289 250.9000000000545
12546 2.930457156563799 250.9200000000546
12547 2.906783410160222 250.9400000000546
12548 2.881451836342362 250.9600000000546
12549 2.854316945108438 250.9800000000546
12550 2.825489302551125 251.0000000000546
12551 2.795177578377085 251.0200000000546
12552 2.763491692899352 251.0400000000546
12553 2.730360833265473 251.0600000000546
12554 2.696135147194734 251.0800000000546
12555 2.660801076580916 251.1000000000546
12556 2.624384855178198 251.1200000000547
12557 2.587178058241405 251.1400000000547
12558 2.549082926832027 251.1600000000547
12559 2.510447510699714 251.1800000000547
12560 2.47114718987783 251.2000000000547
12561 2.431398524220928 251.2200000000547
12562 2.391244229727879 251.2400000000547
12563 2.350928063342615 251.2600000000547
12564 2.310306615180255 251.2800000000547
12565 2.269625426312624 251.3000000000548
12566 2.22907201597911 251.3200000000548
12567 2.188691893294932 251.3400000000548
12568 2.148453765895459 251.3600000000548
12569 2.108519911565341 251.3800000000548
12570 2.068934875655948 251.4000000000548
12571 2.029997718457796 251.4200000000548
12572 1.991520925335089 251.4400000000548
12573 1.953752305691094 251.4600000000548
12574 1.916584794558424 251.4800000000548
12575 1.880374179440349 251.5000000000549
12576 1.84496169486404 251.5200000000549
12577 1.810580087704161 251.5400000000549
12578 1.776919091043067 251.5600000000549
12579 1.744526861222932 251.5800000000549
12580 1.713521569006644 251.6000000000549
12581 1.683687635664518 251.6200000000549
12582 1.655231072753497 251.6400000000549
12583 1.627948981090947 251.6600000000549
12584 1.602562522243854 251.6800000000549
12585 1.578349762049811 251.700000000055
12586 1.555985762465142 251.720000000055
12587 1.535429529689893 251.740000000055
12588 1.516582897012534 251.760000000055
12589 1.499626823648978 251.780000000055
12590 1.484655199642568 251.800000000055
12591 1.471827620748425 251.820000000055
12592 1.46082209085509 251.840000000055
12593 1.451736238471801 251.860000000055
12594 1.444238304785913 251.880000000055
12595 1.439193352494994 251.9000000000551
12596 1.436374597895486 251.9200000000551
12597 1.435830958433738 251.9400000000551
12598 1.437917835447013 251.9600000000551
12599 1.442231005271105 251.9800000000551
12600 1.448101703901986 252.0000000000551
12601 1.455998069709398 252.0200000000551
12602 1.466372577350862 252.0400000000551
12603 1.479704316383342 252.0600000000551
12604 1.495423982911166 252.0800000000552
12605 1.513075430795742 252.1000000000552
12606 1.532931305516379 252.1200000000552
12607 1.554983276244839 252.1400000000552
12608 1.579380110235123 252.1600000000552
12609 1.606210225016816 252.1800000000552
12610 1.635041145160958 252.2000000000552
12611 1.665778196875173 252.2200000000552
12612 1.698164190366203 252.2400000000552
12613 1.732388256640443 252.2600000000552
12614 1.768837848267781 252.2800000000553
12615 1.80695205839445 252.3000000000553
12616 1.846400239441127 252.3200000000553
12617 1.887494944046646 252.3400000000553
12618 1.929974198134576 252.3600000000553
12619 1.973668374029208 252.3800000000553
12620 2.01810191635246 252.4000000000553
12621 2.06327913674031 252.4200000000553
12622 2.109431605800118 252.4400000000553
12623 2.156116890187291 252.4600000000553
12624 2.203200470882622 252.4800000000554
12625 2.250502092010928 252.5000000000554
12626 2.297746332915953 252.5200000000554
12627 2.345370889581153 252.5400000000554
12628 2.392309950986116 252.5600000000554
12629 2.43875650050006 252.5800000000554
12630 2.484992752197779 252.6000000000554
12631 2.530332503221088 252.6200000000554
12632 2.574677186169813 252.6400000000554
12633 2.617877076385589 252.6600000000554
12634 2.660042545258437 252.6800000000555
12635 2.700538207373334 252.7000000000555
12636 2.739544838520709 252.7200000000555
12637 2.776603650842272 252.7400000000555
12638 2.811644503415145 252.7600000000555
12639 2.844823103009259 252.7800000000555
12640 2.8761433910958 252.8000000000555
12641 2.905221925809936 252.8200000000555
12642 2.931576229420288 252.8400000000555
12643 2.955802186007157 252.8600000000555
12644 2.9776078342701 252.8800000000556
12645 2.996819226017258 252.9000000000556
12646 3.013273064796168 252.9200000000556
12647 3.027221201256917 252.9400000000556
12648 3.038410998783981 252.9600000000556
12649 3.047119348134576 252.9800000000556
12650 3.053069020342611 253.0000000000556
12651 3.056444095087996 253.0200000000556
12652 3.057002176268288 253.0400000000556
12653 3.055043815166701 253.0600000000557
12654 3.050451148016434 253.0800000000557
12655 3.043370034369272 253.1000000000557
12656 3.033845437731384 253.1200000000557
12657 3.021785784524352 253.1400000000557
12658 3.007150493518985 253.1600000000557
12659 2.990314822414855 253.1800000000557
12660 2.97155185525456 253.2000000000557
12661 2.950634198929077 253.2200000000557
12662 2.927650519934704 253.2400000000557
12663 2.902865991388301 253.2600000000558
12664 2.876077259287576 253.2800000000558
12665 2.847621546364992 253.3000000000558
12666 2.817698029995653 253.3200000000558
12667 2.786221230991319 253.3400000000558
12668 2.753347654659608 253.3600000000558
12669 2.719164670195203 253.3800000000558
12670 2.683635135783514 253.4000000000558
12671 2.647174463185856 253.4200000000558
12672 2.60975538115401 253.4400000000558
12673 2.571520359516505 253.4600000000559
12674 2.532531164992131 253.4800000000559
12675 2.493000397578755 253.5000000000559
12676 2.452832145974442 253.5200000000559
12677 2.411982713815346 253.5400000000559
12678 2.371018822054044 253.5600000000559
12679 2.329873651090143 253.5800000000559
12680 2.288625890239286 253.6000000000559
12681 2.247422084196517 253.6200000000559
12682 2.206501986444895 253.6400000000559
12683 2.165612283124346 253.660000000056
12684 2.124839985980901 253.680000000056
12685 2.084511104006507 253.700000000056
12686 2.044795429206572 253.720000000056
12687 2.005634345452155 253.740000000056
12688 1.966889088648613 253.760000000056
12689 1.92903654030392 253.780000000056
12690 1.892033276961349 253.800000000056
12691 1.855851676212865 253.820000000056
12692 1.820430414969113 253.8400000000561
12693 1.786052669235584 253.8600000000561
12694 1.753005548387035 253.8800000000561
12695 1.721052183479959 253.9000000000561
12696 1.690612392029754 253.9200000000561
12697 1.661167045440561 253.9400000000561
12698 1.633480666652662 253.9600000000561
12699 1.607078168639329 253.9800000000561
12700 1.582163556093815 254.0000000000561
12701 1.559123946045466 254.0200000000561
12702 1.537621530584761 254.0400000000562
12703 1.517601144238471 254.0600000000562
12704 1.499688914106285 254.0800000000562
12705 1.483509831932165 254.1000000000562
12706 1.469505420839033 254.1200000000562
12707 1.457513404617449 254.1400000000562
12708 1.44729372736362 254.1600000000562
12709 1.439004447274643 254.1800000000562
12710 1.432739920863319 254.2000000000562
12711 1.428859197183279 254.2200000000562
12712 1.427595275139398 254.2400000000563
12713 1.428005358635504 254.2600000000563
12714 1.430458122309434 254.2800000000563
12715 1.435291568703667 254.3000000000563
12716 1.442252122587472 254.3200000000563
12717 1.451772122521418 254.3400000000563
12718 1.463570365549457 254.3600000000563
12719 1.477806083377487 254.3800000000563
12720 1.49387399731625 254.4000000000563
12721 1.512537479128346 254.4200000000563
12722 1.533775366650544 254.4400000000564
12723 1.556562124189508 254.4600000000564
12724 1.581541799070912 254.4800000000564
12725 1.609100430365452 254.5000000000564
12726 1.638419927271699 254.5200000000564
12727 1.669354466269676 254.5400000000564
12728 1.702426890770088 254.5600000000564
12729 1.737438876194084 254.5800000000564
12730 1.774889273058928 254.6000000000564
12731 1.813420931484522 254.6200000000565
12732 1.852755193802815 254.6400000000565
12733 1.893642627163922 254.6600000000565
12734 1.935895478475554 254.6800000000565
12735 1.979426339475133 254.7000000000565
12736 2.023434887808424 254.7200000000565
12737 2.068348683280498 254.7400000000565
12738 2.113667054523577 254.7600000000565
12739 2.159887687378394 254.7800000000565
12740 2.206335695501052 254.8000000000565
12741 2.253065463022927 254.8200000000566
12742 2.299863932524225 254.8400000000566
12743 2.347062507685102 254.8600000000566
12744 2.393209796991334 254.8800000000566
12745 2.438979445616901 254.9000000000566
12746 2.484224386308365 254.9200000000566
12747 2.528830958458649 254.9400000000566
12748 2.572476176601947 254.9600000000566
12749 2.614979584837582 254.9800000000566
12750 2.656075373033801 255.0000000000566
12751 2.695988618778008 255.0200000000567
12752 2.733933508172434 255.0400000000567
12753 2.770277373534956 255.0600000000567
12754 2.804526868717915 255.0800000000567
12755 2.836857927322448 255.1000000000567
12756 2.867374531717822 255.1200000000567
12757 2.896001478673858 255.1400000000567
12758 2.921878338283095 255.1600000000567
12759 2.945519059823063 255.1800000000567
12760 2.966473367381632 255.2000000000567
12761 2.985353061556007 255.2200000000568
12762 3.001667844496092 255.2400000000568
12763 3.015366379434152 255.2600000000568
12764 3.026438384480661 255.2800000000568
12765 3.034943831173047 255.3000000000568
12766 3.040952524379221 255.3200000000568
12767 3.044292385597492 255.3400000000568
12768 3.044783623615882 255.3600000000568
12769 3.042806194974056 255.3800000000568
12770 3.038529635574537 255.4000000000568
12771 3.03168129858933 255.4200000000569
12772 3.022213848458978 255.4400000000569
12773 3.010135893891293 255.4600000000569
12774 2.995898461750493 255.4800000000569
12775 2.979627908379912 255.5000000000569
12776 2.961187049534863 255.5200000000569
12777 2.940515181003248 255.5400000000569
12778 2.917666942522652 255.5600000000569
12779 2.893087507600133 255.5800000000569
12780 2.866787468830585 255.600000000057
12781 2.838685339035753 255.620000000057
12782 2.809000198507173 255.640000000057
12783 2.777998079287677 255.660000000057
12784 2.74545383938463 255.680000000057
12785 2.711669039391658 255.700000000057
12786 2.676908414184789 255.720000000057
12787 2.640897023959369 255.740000000057
12788 2.604070575682108 255.760000000057
12789 2.566381379620733 255.780000000057
12790 2.52789597097612 255.8000000000571
12791 2.488935056431764 255.8200000000571
12792 2.449401262641693 255.8400000000571
12793 2.409398088835073 255.8600000000571
12794 2.369143529393111 255.8800000000571
12795 2.328670128444139 255.9000000000571
12796 2.287976382972 255.9200000000571
12797 2.247347280421751 255.9400000000571
12798 2.206892215598055 255.9600000000571
12799 2.166593767331175 255.9800000000571
12800 2.126469083932718 256.0000000000571
12801 2.086738732108598 256.0200000000571
12802 2.047490677228118 256.0400000000571
12803 2.008856938608849 256.0600000000571
12804 1.970668745929082 256.0800000000571
12805 1.933297734338748 256.100000000057
12806 1.896447815892701 256.120000000057
12807 1.860818115378577 256.140000000057
12808 1.826043300205186 256.160000000057
12809 1.791952174260755 256.180000000057
12810 1.758985041919752 256.2000000000569
12811 1.72734461187295 256.2200000000569
12812 1.69703044999976 256.2400000000569
12813 1.667904402956869 256.2600000000569
12814 1.640018130794849 256.2800000000569
12815 1.613905462639158 256.3000000000569
12816 1.589043482786188 256.3200000000568
12817 1.565944263058898 256.3400000000568
12818 1.544421611534079 256.3600000000568
12819 1.524864739414543 256.3800000000568
12820 1.507134939115536 256.4000000000568
12821 1.491029582650485 256.4200000000567
12822 1.477425900282448 256.4400000000567
12823 1.465595226672971 256.4600000000567
12824 1.455556092254384 256.4800000000567
12825 1.447340784921615 256.5000000000567
12826 1.441217798524036 256.5200000000567
12827 1.43730463071122 256.5400000000566
12828 1.435749944053711 256.5600000000566
12829 1.436677911495723 256.5800000000566
12830 1.440052735624546 256.6000000000566
12831 1.445275280718946 256.6200000000566
12832 1.452147168236238 256.6400000000565
12833 1.461420368416508 256.6600000000565
12834 1.473243407706577 256.6800000000565
12835 1.488245848501291 256.7000000000565
12836 1.504826517037879 256.7200000000565
12837 1.523721214741575 256.7400000000565
12838 1.544734982308693 256.7600000000564
12839 1.568071762495479 256.7800000000564
12840 1.593856957600295 256.8000000000564
12841 1.621908357911907 256.8200000000564
12842 1.651576389474264 256.8400000000564
12843 1.68335089226056 256.8600000000563
12844 1.716637723030774 256.8800000000563
12845 1.75221969383799 256.9000000000563
12846 1.789489932120518 256.9200000000563
12847 1.828492312094074 256.9400000000563
12848 1.868741522157249 256.9600000000563
12849 1.910679002074192 256.9800000000562
12850 1.953869987547643 257.0000000000562
12851 1.998007485473798 257.0200000000562
12852 2.042708514883767 257.0400000000562
12853 2.088737884350472 257.0600000000562
12854 2.134838724738088 257.0800000000561
12855 2.182068927062142 257.1000000000561
12856 2.229097711538425 257.1200000000561
12857 2.276443125310977 257.1400000000561
12858 2.323904502991565 257.1600000000561
12859 2.371225770907639 257.1800000000561
12860 2.417869799687823 257.200000000056
12861 2.464252187441966 257.220000000056
12862 2.509983440910093 257.240000000056
12863 2.55478568839002 257.260000000056
12864 2.598529985489767 257.280000000056
12865 2.641208441107212 257.3000000000559
12866 2.682493055076047 257.3200000000559
12867 2.722202570216987 257.3400000000559
12868 2.760161926375699 257.3600000000559
12869 2.796086257103897 257.3800000000559
12870 2.830089221339405 257.4000000000559
12871 2.862318380665045 257.4200000000558
12872 2.892418427279112 257.4400000000558
12873 2.920038693739476 257.4600000000558
12874 2.945268112262282 257.4800000000558
12875 2.968062125494806 257.5000000000558
12876 2.988581037767061 257.5200000000557
12877 3.006195160059744 257.5400000000557
12878 3.021305512703663 257.5600000000557
12879 3.033698939052823 257.5800000000557
12880 3.043563509336256 257.6000000000557
12881 3.050710376039651 257.6200000000557
12882 3.055294157165518 257.6400000000556
12883 3.057101497937342 257.6600000000556
12884 3.056262474624168 257.6800000000556
12885 3.052886184837751 257.7000000000556
12886 3.046877436481481 257.7200000000556
12887 3.038529817502081 257.7400000000555
12888 3.027592078810363 257.7600000000555
12889 3.014067868815126 257.7800000000555
12890 2.998178556465866 257.8000000000555
12891 2.980289038858553 257.8200000000555
12892 2.960374473552096 257.8400000000555
12893 2.938286926294602 257.8600000000554
12894 2.914247062528308 257.8800000000554
12895 2.88842333366484 257.9000000000554
12896 2.860685285871246 257.9200000000554
12897 2.831369896197682 257.9400000000554
12898 2.800626016251623 257.9600000000553
12899 2.768377758504004 257.9800000000553
12900 2.734754933770374 258.0000000000553
12901 2.699796775543071 258.0200000000553
12902 2.663758905420865 258.0400000000553
12903 2.626746466225951 258.0600000000553
12904 2.588890544370884 258.0800000000552
12905 2.550209375526508 258.1000000000552
12906 2.510879308906081 258.1200000000552
12907 2.471072832869729 258.1400000000552
12908 2.430438884218142 258.1600000000552
12909 2.389535182093383 258.1800000000551
12910 2.348453467250599 258.2000000000551
12911 2.307249908682844 258.2200000000551
12912 2.265996516449461 258.2400000000551
12913 2.22495725776407 258.2600000000551
12914 2.184070913650601 258.2800000000551
12915 2.143186399224159 258.300000000055
12916 2.102624186081472 258.320000000055
12917 2.062616912831194 258.340000000055
12918 2.023253449240494 258.360000000055
12919 1.984261577821958 258.380000000055
12920 1.946007836629498 258.4000000000549
12921 1.90862358425718 258.4200000000549
12922 1.872052141738507 258.4400000000549
12923 1.836302906724633 258.4600000000549
12924 1.801405540599581 258.4800000000549
12925 1.767785172046891 258.5000000000549
12926 1.735299555793532 258.5200000000548
12927 1.704150965229549 258.5400000000548
12928 1.674260346532543 258.5600000000548
12929 1.645777675064154 258.5800000000548
12930 1.618849296412329 258.6000000000548
12931 1.593141080308822 258.6200000000547
12932 1.569337125545932 258.6400000000547
12933 1.54712394978404 258.6600000000547
12934 1.526436741534041 258.6800000000547
12935 1.507515393892831 258.7000000000547
12936 1.490569267063956 258.7200000000547
12937 1.475466217825014 258.7400000000546
12938 1.462697075113697 258.7600000000546
12939 1.451644463130354 258.7800000000546
12940 1.442535326773354 258.8000000000546
12941 1.435263246834434 258.8200000000546
12942 1.430363914258447 258.8400000000545
12943 1.427874016502215 258.8600000000545
12944 1.427526365187982 258.8800000000545
12945 1.429140277954022 258.9000000000545
12946 1.432862295620551 258.9200000000545
12947 1.438818163594988 258.9400000000545
12948 1.447297526966803 258.9600000000544
12949 1.457961090763981 258.9800000000544
12950 1.471060971908005 259.0000000000544
12951 1.486474308585875 259.0200000000544
12952 1.503780901415378 259.0400000000544
12953 1.523916009877143 259.0600000000543
12954 1.546150911209748 259.0800000000543
12955 1.56994073142848 259.1000000000543
12956 1.596481024203073 259.1200000000543
12957 1.625049121395563 259.1400000000543
12958 1.6552441445957 259.1600000000543
12959 1.687295049724967 259.1800000000542
12960 1.721537396791754 259.2000000000542
12961 1.75778304023 259.2200000000542
12962 1.796133546812426 259.2400000000542
12963 1.834852992390841 259.2600000000542
12964 1.875090173777305 259.2800000000541
12965 1.916742132069737 259.3000000000541
12966 1.959871956952556 259.3200000000541
12967 2.00357217103322 259.3400000000541
12968 2.048046186507104 259.3600000000541
12969 2.093245098284068 259.3800000000541
12970 2.139020753576042 259.400000000054
12971 2.185468397169061 259.420000000054
12972 2.232141167327244 259.440000000054
12973 2.278755043948796 259.460000000054
12974 2.325777375164076 259.480000000054
12975 2.372694809570238 259.5000000000539
12976 2.41850130972284 259.5200000000539
12977 2.463966045835482 259.5400000000539
12978 2.508781499123015 259.5600000000539
12979 2.553069692301833 259.5800000000539
12980 2.596094189797946 259.6000000000539
12981 2.637722727168474 259.6200000000538
12982 2.678360795030835 259.6400000000538
12983 2.717136587933213 259.6600000000538
12984 2.754091810934114 259.6800000000538
12985 2.789502360747701 259.7000000000538
12986 2.822588226701734 259.7200000000537
12987 2.853788112438158 259.7400000000537
12988 2.883539206086933 259.7600000000537
12989 2.910560031382976 259.7800000000537
12990 2.935275123602516 259.8000000000537
12991 2.957346860138195 259.8200000000537
12992 2.977157780578763 259.8400000000536
12993 2.994685032500677 259.8600000000536
12994 3.009596121701786 259.8800000000536
12995 3.021817470507099 259.9000000000536
12996 3.03147709859975 259.9200000000536
12997 3.03858481196312 259.9400000000535
12998 3.043209036418217 259.9600000000535
12999 3.044955559870645 259.9800000000535
13000 3.044059688157873 260.0000000000535
13001 3.04077091559769 260.0200000000535
13002 3.035138025939935 260.0400000000535
13003 3.026826159321871 260.0600000000534
13004 3.015938514960796 260.0800000000534
13005 3.002580003940399 260.1000000000534
13006 2.987228769466884 260.1200000000534
13007 2.969780422274639 260.1400000000534
13008 2.950137872533755 260.1600000000533
13009 2.928225796571704 260.1800000000533
13010 2.904384499029351 260.2000000000533
13011 2.878880922677983 260.2200000000533
13012 2.851559306628833 260.2400000000533
13013 2.822580105102485 260.2600000000533
13014 2.792134543945512 260.2800000000532
13015 2.760300741622541 260.3000000000532
13016 2.727028975221879 260.3200000000532
13017 2.692715954766457 260.3400000000532
13018 2.657231751121872 260.3600000000532
13019 2.62074908934392 260.3800000000531
13020 2.583459809395908 260.4000000000531
13021 2.545277818401181 260.4200000000531
13022 2.506585816982442 260.4400000000531
13023 2.467242955125409 260.4600000000531
13024 2.427444792188283 260.4800000000531
13025 2.387269423610999 260.500000000053
13026 2.346931089651765 260.520000000053
13027 2.306285899699986 260.540000000053
13028 2.26560736677428 260.560000000053
13029 2.2250499184655 260.580000000053
13030 2.184696928985162 260.6000000000529
13031 2.144485569890651 260.6200000000529
13032 2.104590792224723 260.6400000000529
13033 2.065046351571731 260.6600000000529
13034 2.02619046849713 260.6800000000529
13035 1.987741935901877 260.7000000000529
13036 1.950054703049909 260.7200000000528
13037 1.912942702600386 260.7400000000528
13038 1.876815226927495 260.7600000000528
13039 1.841545325665879 260.7800000000528
13040 1.807237557599027 260.8000000000528
13041 1.773659613577964 260.8200000000527
13042 1.741392184338701 260.8400000000527
13043 1.710541421722197 260.8600000000527
13044 1.680795403003653 260.8800000000527
13045 1.652453346462106 260.9000000000527
13046 1.625376581122219 260.9200000000527
13047 1.600078782927569 260.9400000000526
13048 1.576058734081038 260.9600000000526
13049 1.553847960599514 260.9800000000526
13050 1.533489499070418 261.0000000000526
13051 1.514844212897848 261.0200000000526
13052 1.498036931528784 261.0400000000525
13053 1.483299365340299 261.0600000000525
13054 1.470715392107511 261.0800000000525
13055 1.459768308698472 261.1000000000525
13056 1.450909955381712 261.1200000000525
13057 1.443650762024596 261.1400000000525
13058 1.438776697663477 261.1600000000524
13059 1.436228002098091 261.1800000000524
13060 1.435939902018702 261.2000000000524
13061 1.438253335043385 261.2200000000524
13062 1.442755063180294 261.2400000000524
13063 1.448778835177389 261.2600000000523
13064 1.456916741671728 261.2800000000523
13065 1.467541644365251 261.3000000000523
13066 1.481197096067746 261.3200000000523
13067 1.497087579959227 261.3400000000523
13068 1.514946115638972 261.3600000000523
13069 1.535024395311408 261.3800000000522
13070 1.557328972864606 261.4000000000522
13071 1.581955021909664 261.4200000000522
13072 1.608999732965655 261.4400000000522
13073 1.637990476682138 261.4600000000522
13074 1.668963889601809 261.4800000000521
13075 1.701486576029909 261.5000000000521
13076 1.73595761985793 261.5200000000521
13077 1.772548390199965 261.5400000000521
13078 1.810842451189482 261.5600000000521
13079 1.850383313401267 261.5800000000521
13080 1.891697111553821 261.600000000052
13081 1.934268878315532 261.620000000052
13082 1.97806595287161 261.640000000052
13083 2.02255326662402 261.660000000052
13084 2.067880165813919 261.680000000052
13085 2.114022817806398 261.7000000000519
13086 2.160851189311285 261.7200000000519
13087 2.207879866266078 261.7400000000519
13088 2.255263928268354 261.7600000000519
13089 2.30248879250357 261.7800000000519
13090 2.350071620405372 261.8000000000519
13091 2.396964662190458 261.8200000000518
13092 2.443391762843966 261.8400000000518
13093 2.489555906715757 261.8600000000518
13094 2.534815016750062 261.8800000000518
13095 2.579055767014693 261.9000000000518
13096 2.622137705904101 261.9200000000517
13097 2.664172468845129 261.9400000000517
13098 2.704510295766883 261.9600000000517
13099 2.743346819021587 261.9800000000517
13100 2.780213713372667 262.0000000000517
13101 2.815040456920582 262.0200000000517
13102 2.848050008186995 262.0400000000516
13103 2.879177440123004 262.0600000000516
13104 2.908019308887611 262.0800000000516
13105 2.934125565828794 262.1000000000516
13106 2.958101912526515 262.1200000000516
13107 2.979681622797369 262.1400000000515
13108 2.998600342109052 262.1600000000515
13109 3.014831750412421 262.1800000000515
13110 3.028491045249488 262.2000000000515
13111 3.039438077936353 262.2200000000515
13112 3.047875204273291 262.2400000000515
13113 3.053576182153998 262.2600000000514
13114 3.056673587416681 262.2800000000514
13115 3.056965342459919 262.3000000000514
13116 3.054757203185731 262.3200000000514
13117 3.049896968279341 262.3400000000514
13118 3.04256667223146 262.3600000000513
13119 3.032808898761559 262.3800000000513
13120 3.020482660212568 262.4000000000513
13121 3.005610703042605 262.4200000000513
13122 2.988580453716454 262.4400000000513
13123 2.969614250042751 262.4600000000513
13124 2.948468012093153 262.4800000000512
13125 2.925304271891135 262.5000000000512
13126 2.900355891503335 262.5200000000512
13127 2.873370493994527 262.5400000000512
13128 2.844750832679823 262.5600000000512
13129 2.814667615279574 262.5800000000511
13130 2.783064847428778 262.6000000000511
13131 2.750042053407809 262.6200000000511
13132 2.715725718189612 262.6400000000511
13133 2.680096826948531 262.6600000000511
13134 2.643533975168895 262.6800000000511
13135 2.606030097006209 262.700000000051
13136 2.56771057259737 262.720000000051
13137 2.528658358055603 262.740000000051
13138 2.489077625992126 262.760000000051
13139 2.448823019799196 262.780000000051
13140 2.407927267812082 262.8000000000509
13141 2.366970791105647 262.8200000000509
13142 2.325818985484001 262.8400000000509
13143 2.284561882544041 262.8600000000509
13144 2.243389232658811 262.8800000000509
13145 2.202467625565319 262.9000000000509
13146 2.161583882763907 262.9200000000508
13147 2.120840455305415 262.9400000000508
13148 2.080562562922414 262.9600000000508
13149 2.040928295509837 262.9800000000508
13150 2.001797105832596 263.0000000000508
13151 1.963095189232625 263.0200000000507
13152 1.925347608789554 263.0400000000507
13153 1.888404539476769 263.0600000000507
13154 1.852314321282576 263.0800000000507
13155 1.816976127864439 263.1000000000507
13156 1.782712451138474 263.1200000000507
13157 1.74976808535917 263.1400000000506
13158 1.717964113980613 263.1600000000506
13159 1.687650123421009 263.1800000000506
13160 1.65836209465099 263.2000000000506
13161 1.630812174406983 263.2200000000506
13162 1.604521383505954 263.2400000000505
13163 1.579819988729412 263.2600000000505
13164 1.556925676873148 263.2800000000505
13165 1.535587786103711 263.3000000000505
13166 1.515719425082004 263.3200000000505
13167 1.498015186706297 263.3400000000505
13168 1.482058647384112 263.3600000000504
13169 1.468258284802689 263.3800000000504
13170 1.456421057675105 263.4000000000504
13171 1.446405845198279 263.4200000000504
13172 1.43828355944377 263.4400000000504
13173 1.432235466947453 263.4600000000503
13174 1.428634312833446 263.4800000000503
13175 1.427579866665585 263.5000000000503
13176 1.428176463409185 263.5200000000503
13177 1.430862753530794 263.5400000000503
13178 1.435893270308813 263.5600000000503
13179 1.443163910444711 263.5800000000502
13180 1.452869259207261 263.6000000000502
13181 1.464895804573839 263.6200000000502
13182 1.479392378324932 263.6400000000502
13183 1.495626235832797 263.6600000000502
13184 1.514589288305719 263.6800000000501
13185 1.53606221333788 263.7000000000501
13186 1.558999067257111 263.7200000000501
13187 1.584225257449829 263.7400000000501
13188 1.612005007270696 263.7600000000501
13189 1.641499557932399 263.7800000000501
13190 1.672623570234607 263.80000000005
13191 1.705891002106049 263.82000000005
13192 1.74115213298213 263.84000000005
13193 1.778806109873642 263.86000000005
13194 1.817348305387739 263.88000000005
13195 1.85686075214956 263.9000000000499
13196 1.897866534262798 263.9200000000499
13197 1.940308825797436 263.9400000000499
13198 1.983884542043921 263.9600000000499
13199 2.02796118227786 263.9800000000499
13200 2.07295356290939 264.0000000000499
13201 2.118325864931435 264.0200000000498
13202 2.164615596568479 264.0400000000498
13203 2.211126680751383 264.0600000000498
13204 2.257783898675892 264.0800000000498
13205 2.304656807201102 264.1000000000498
13206 2.35182662116039 264.1200000000497
13207 2.397881507550666 264.1400000000497
13208 2.443594998307221 264.1600000000497
13209 2.488803986070469 264.1800000000497
13210 2.533361816698749 264.2000000000497
13211 2.57686560228778 264.2200000000497
13212 2.619225456917518 264.2400000000496
13213 2.660240693189533 264.2600000000496
13214 2.699931529721213 264.2800000000496
13215 2.7376979211618 264.3000000000496
13216 2.773896320401457 264.3200000000496
13217 2.807930201987821 264.3400000000495
13218 2.840022351438532 264.3600000000495
13219 2.870446765877529 264.3800000000495
13220 2.898814594889596 264.4000000000495
13221 2.924399837664612 264.4200000000495
13222 2.947777838323085 264.4400000000495
13223 2.968512244734598 264.4600000000494
13224 2.987156724811959 264.4800000000494
13225 3.003210720637078 264.5000000000494
13226 3.016631588504356 264.5200000000494
13227 3.0274387269082 264.5400000000494
13228 3.035681703517973 264.5600000000493
13229 3.041459702460438 264.5800000000493
13230 3.044492722577296 264.6000000000493
13231 3.044717417429247 264.6200000000493
13232 3.042507068832629 264.6400000000493
13233 3.037982533998182 264.6600000000493
13234 3.030856468274675 264.6800000000492
13235 3.021139577724416 264.7000000000492
13236 3.00881195184894 264.7200000000492
13237 2.994366042351944 264.7400000000492
13238 2.977883987565865 264.7600000000492
13239 2.959220933200265 264.7800000000491
13240 2.938303979258298 264.8000000000491
13241 2.915263082447607 264.8200000000491
13242 2.890537666514266 264.8400000000491
13243 2.864045750593127 264.8600000000491
13244 2.835792572947043 264.8800000000491
13245 2.805943099412315 264.900000000049
13246 2.774802967811552 264.920000000049
13247 2.742117531766126 264.940000000049
13248 2.708215672900056 264.960000000049
13249 2.673324046396091 264.980000000049
13250 2.637237595595947 265.0000000000489
13251 2.600309254809837 265.0200000000489
13252 2.562523784556671 265.0400000000489
13253 2.523994158868175 265.0600000000489
13254 2.484980452391496 265.0800000000489
13255 2.445392445998132 265.1000000000489
13256 2.405352187613798 265.1200000000488
13257 2.365088935192567 265.1400000000488
13258 2.324575211887721 265.1600000000488
13259 2.283884132415148 265.1800000000488
13260 2.243245144077753 265.2000000000488
13261 2.202818435342591 265.2200000000487
13262 2.162537597516709 265.2400000000487
13263 2.12244806805418 265.2600000000487
13264 2.082751382528901 265.2800000000487
13265 2.043569741047336 265.3000000000487
13266 2.004981616031641 265.3200000000487
13267 1.966875177808743 265.3400000000486
13268 1.929607654830751 265.3600000000486
13269 1.892829144846086 265.3800000000486
13270 1.857245605796874 265.4000000000486
13271 1.822574728292907 265.4200000000486
13272 1.788555163982236 265.4400000000485
13273 1.755716326120266 265.4600000000485
13274 1.724233513184982 265.4800000000485
13275 1.694014363797158 265.5000000000485
13276 1.665061046947402 265.5200000000485
13277 1.63726572634076 265.5400000000485
13278 1.611348605798024 265.5600000000484
13279 1.586614531724356 265.5800000000484
13280 1.563687439192973 265.6000000000484
13281 1.542381086103307 265.6200000000484
13282 1.522960745467002 265.6400000000484
13283 1.505420543506717 265.6600000000483
13284 1.489562699275318 265.6800000000483
13285 1.476136233609622 265.7000000000483
13286 1.464483037417714 265.7200000000483
13287 1.454644454375931 265.7400000000483
13288 1.446577231148402 265.7600000000483
13289 1.44074879349526 265.7800000000482
13290 1.437052691051556 265.8000000000482
13291 1.435694873433044 265.8200000000482
13292 1.436934022552255 265.8400000000482
13293 1.44054622631182 265.8600000000482
13294 1.445865066824617 265.8800000000481
13295 1.452953083658062 265.9000000000481
13296 1.462489115990759 265.9200000000481
13297 1.474641959770216 265.9400000000481
13298 1.489832509506417 265.9600000000481
13299 1.506655406139729 265.9800000000481
13300 1.525712895754863 266.000000000048
13301 1.546975201570217 266.020000000048
13302 1.570541548183264 266.040000000048
13303 1.596589878638378 266.060000000048
13304 1.624811196138011 266.080000000048
13305 1.654724465008276 266.1000000000479
13306 1.686634028975621 266.1200000000479
13307 1.720110018373059 266.1400000000479
13308 1.755912202394808 266.1600000000479
13309 1.793345342720511 266.1800000000479
13310 1.832474660153377 266.2000000000479
13311 1.872915580557812 266.2200000000478
13312 1.914947001778934 266.2400000000478
13313 1.958280489622365 266.2600000000478
13314 2.002482189305663 266.2800000000478
13315 2.047246676349058 266.3000000000478
13316 2.093357011529192 266.3200000000477
13317 2.139551436172614 266.3400000000477
13318 2.186781936310343 266.3600000000477
13319 2.233865419722138 266.3800000000477
13320 2.281164824586663 266.4000000000477
13321 2.328696899951173 266.4200000000477
13322 2.375939174319652 266.4400000000476
13323 2.422517555256181 266.4600000000476
13324 2.468894508956345 266.4800000000476
13325 2.514527116780172 266.5000000000476
13326 2.559224237997542 266.5200000000476
13327 2.60284081942629 266.5400000000475
13328 2.645436408579978 266.5600000000475
13329 2.686533864335328 266.5800000000475
13330 2.726092417732742 266.6000000000475
13331 2.763853345563252 266.6200000000475
13332 2.799598846792152 266.6400000000475
13333 2.833416254922613 266.6600000000474
13334 2.865434272984659 266.6800000000474
13335 2.895313146123044 266.7000000000474
13336 2.922644376406001 266.7200000000474
13337 2.947677724620352 266.7400000000474
13338 2.970223528460948 266.7600000000473
13339 2.990483444203321 266.7800000000473
13340 3.0078338261144 266.8000000000473
13341 3.022697900618829 266.8200000000473
13342 3.034806867780673 266.8400000000473
13343 3.044418652720384 266.8600000000473
13344 3.051289252750322 266.8800000000472
13345 3.055616024309771 266.9000000000472
13346 3.057137937230215 266.9200000000472
13347 3.05607450768416 266.9400000000472
13348 3.052392879035512 266.9600000000472
13349 3.046142428952235 266.9800000000471
13350 3.037567435739426 267.0000000000471
13351 3.026366636751802 267.0200000000471
13352 3.012592340903969 267.0400000000471
13353 2.99649389370819 267.0600000000471
13354 2.978403957000989 267.0800000000471
13355 2.958269897986194 267.100000000047
13356 2.935978090916782 267.120000000047
13357 2.911760892925699 267.140000000047
13358 2.885735301286805 267.160000000047
13359 2.85783225313156 267.180000000047
13360 2.828362141402391 267.2000000000469
13361 2.797465825621787 267.2200000000469
13362 2.765080667646131 267.2400000000469
13363 2.731329702366434 267.2600000000469
13364 2.696241568025798 267.2800000000469
13365 2.660113369110638 267.3000000000469
13366 2.623007524206151 267.3200000000468
13367 2.585070925902432 267.3400000000468
13368 2.546316816869641 267.3600000000468
13369 2.506927419811653 267.3800000000468
13370 2.467054926662398 267.4000000000468
13371 2.426362828627614 267.4200000000467
13372 2.385348305355737 267.4400000000467
13373 2.34435347899769 267.4600000000467
13374 2.303138178733564 267.4800000000467
13375 2.261892315117763 267.5000000000467
13376 2.220878341663114 267.5200000000467
13377 2.179997113534573 267.5400000000466
13378 2.139127505337636 267.5600000000466
13379 2.098616546231257 267.5800000000466
13380 2.058664110072039 267.6000000000466
13381 2.019357576340064 267.6200000000466
13382 1.980407774120725 267.6400000000465
13383 1.942243739886184 267.6600000000465
13384 1.904934979616843 267.6800000000465
13385 1.868440707847896 267.7000000000465
13386 1.832772375589039 267.7200000000465
13387 1.797975261921492 267.7400000000465
13388 1.764476756194315 267.7600000000464
13389 1.732110251848566 267.7800000000464
13390 1.701130171775203 267.8000000000464
13391 1.671314440539686 267.8200000000464
13392 1.643025795772182 267.8400000000464
13393 1.616222374602476 267.8600000000463
13394 1.590699688689569 267.8800000000463
13395 1.567041830166805 267.9000000000463
13396 1.544992059759439 267.9200000000463
13397 1.524450024709168 267.9400000000463
13398 1.505762306931256 267.9600000000463
13399 1.488992754409739 267.9800000000462
13400 1.474120475778484 268.0000000000462
13401 1.461526523545233 268.0200000000462
13402 1.450658612184164 268.0400000000462
13403 1.441731801360032 268.0600000000462
13404 1.434679810947521 268.0800000000461
13405 1.430071577920136 268.1000000000461
13406 1.427782223289866 268.1200000000461
13407 1.427606625739519 268.1400000000461
13408 1.429433850248025 268.1600000000461
13409 1.433393973881417 268.180000000046
13410 1.439558439862818 268.200000000046
13411 1.448302225408953 268.220000000046
13412 1.459210169141799 268.240000000046
13413 1.472560458018499 268.260000000046
13414 1.48814518895284 268.280000000046
13415 1.505743839839194 268.3000000000459
13416 1.526123164911644 268.3200000000459
13417 1.548494615960906 268.3400000000459
13418 1.572547487723251 268.3600000000459
13419 1.599345949923805 268.3800000000459
13420 1.628090684407834 268.4000000000458
13421 1.658430738059618 268.4200000000458
13422 1.690726827237953 268.4400000000458
13423 1.725138669395443 268.4600000000458
13424 1.761643287573065 268.4800000000458
13425 1.800088083070393 268.5000000000458
13426 1.838907677457186 268.5200000000457
13427 1.879303423292905 268.5400000000457
13428 1.921089354923065 268.5600000000457
13429 1.96433577930851 268.5800000000457
13430 2.008080410444123 268.6000000000457
13431 2.052680016148156 268.6200000000456
13432 2.097884903351193 268.6400000000456
13433 2.14377028226036 268.6600000000456
13434 2.19022505442851 268.6800000000456
13435 2.236937221897307 268.7000000000456
13436 2.283568900195255 268.7200000000456
13437 2.330644822162236 268.7400000000455
13438 2.377395997835421 268.7600000000455
13439 2.423198867355361 268.7800000000455
13440 2.468626430182264 268.8000000000455
13441 2.513372967115234 268.8200000000455
13442 2.557529577479809 268.8400000000454
13443 2.600455073879878 268.8600000000454
13444 2.641937251250829 268.8800000000454
13445 2.68244801425778 268.9000000000454
13446 2.721027003796188 268.9200000000454
13447 2.757845025923424 268.9400000000454
13448 2.793003558963211 268.9600000000453
13449 2.825916819568247 268.9800000000453
13450 2.856930697407067 269.0000000000453
13451 2.886478153084042 269.0200000000453
13452 2.913218861113199 269.0400000000453
13453 2.937708216833374 269.0600000000452
13454 2.959505006939481 269.0800000000452
13455 2.979122416093243 269.1000000000452
13456 2.996378567597534 269.1200000000452
13457 3.011018450892389 269.1400000000452
13458 3.022986753692097 269.1600000000452
13459 3.032372326471425 269.1800000000451
13460 3.039238078460383 269.2000000000451
13461 3.043565776493968 269.2200000000451
13462 3.04502581078353 269.2400000000451
13463 3.043883277107096 269.2600000000451
13464 3.040363994725501 269.280000000045
13465 3.034461803918339 269.300000000045
13466 3.025890359139587 269.320000000045
13467 3.01472367196341 269.340000000045
13468 3.001161801974132 269.360000000045
13469 2.985598676752182 269.380000000045
13470 2.967923304490506 269.4000000000449
13471 2.948062338351698 269.4200000000449
13472 2.925929669544729 269.4400000000449
13473 2.901915265128395 269.4600000000449
13474 2.876228318537659 269.4800000000449
13475 2.84872322828879 269.5000000000448
13476 2.819589858085431 269.5200000000448
13477 2.7890080383154 269.5400000000448
13478 2.757026262503451 269.5600000000448
13479 2.723613177555575 269.5800000000448
13480 2.689204656435015 269.6000000000448
13481 2.653590802614487 269.6200000000447
13482 2.617024633841945 269.6400000000447
13483 2.579641271681902 269.6600000000447
13484 2.541378211327502 269.6800000000447
13485 2.502636032536242 269.7000000000447
13486 2.463249020433925 269.7200000000446
13487 2.423399032754808 269.7400000000446
13488 2.383195722191913 269.7600000000446
13489 2.34284311773052 269.7800000000446
13490 2.302171546725688 269.8000000000446
13491 2.261487054214566 269.8200000000446
13492 2.220952324861432 269.8400000000445
13493 2.180619854220638 269.8600000000445
13494 2.140418778345178 269.8800000000445
13495 2.100571757795983 269.9000000000445
13496 2.0610770395026 269.9200000000445
13497 2.022283273774709 269.9400000000444
13498 1.983883279996797 269.9600000000444
13499 1.946278076923263 269.9800000000444
13500 1.909221640338672 270.0000000000444
13501 1.87318883000426 270.0200000000444
13502 1.838046473585182 270.0400000000444
13503 1.803709572570958 270.0600000000443
13504 1.77033407458639 270.0800000000443
13505 1.738203012018319 270.1000000000443
13506 1.707478461498203 270.1200000000443
13507 1.677851886061217 270.1400000000443
13508 1.649622871547132 270.1600000000442
13509 1.6227580062952 270.1800000000442
13510 1.597553519177777 270.2000000000442
13511 1.573758420813679 270.2200000000442
13512 1.551707984739222 270.2400000000442
13513 1.531507274083307 270.2600000000442
13514 1.513092999416683 270.2800000000441
13515 1.496399747186245 270.3000000000441
13516 1.481942015341398 270.3200000000441
13517 1.469540674842077 270.3400000000441
13518 1.4587928381457 270.3600000000441
13519 1.450060799436384 270.380000000044
13520 1.443073180583251 270.400000000044
13521 1.438447656928528 270.420000000044
13522 1.436090164198877 270.440000000044
13523 1.436071518579441 270.460000000044
13524 1.438619863116398 270.480000000044
13525 1.443317977769383 270.5000000000439
13526 1.449475133135062 270.5200000000439
13527 1.457859972771976 270.5400000000439
13528 1.468796041471002 270.5600000000439
13529 1.482755109447497 270.5800000000439
13530 1.498815800285012 270.6000000000438
13531 1.516889490373706 270.6200000000438
13532 1.537174749204023 270.6400000000438
13533 1.559753083858358 270.6600000000438
13534 1.584603457946222 270.6800000000438
13535 1.611850796505026 270.7000000000438
13536 1.641049832635027 270.7200000000437
13537 1.672215033272952 270.7400000000437
13538 1.704892926001196 270.7600000000437
13539 1.739595538747751 270.7800000000437
13540 1.776359377567235 270.8000000000437
13541 1.814815699658745 270.8200000000436
13542 1.854506061683544 270.8400000000436
13543 1.895977140120065 270.8600000000436
13544 1.938667013267926 270.8800000000436
13545 1.982572481280709 270.9000000000436
13546 2.027094473711989 270.9200000000436
13547 2.07257514320622 270.9400000000435
13548 2.118736797157014 270.9600000000435
13549 2.165687803576579 270.9800000000435
13550 2.212645142267777 271.0000000000435
13551 2.260066915419248 271.0200000000435
13552 2.307341350874985 271.0400000000434
13553 2.354869839020965 271.0600000000434
13554 2.401695688876177 271.0800000000434
13555 2.448116638440164 271.1000000000434
13556 2.494198361936386 271.1200000000434
13557 2.539364944843609 271.1400000000434
13558 2.583503885509925 271.1600000000433
13559 2.626474136065275 271.1800000000433
13560 2.668357398227439 271.2000000000433
13561 2.708547122514716 271.2200000000433
13562 2.747215011472372 271.2400000000433
13563 2.783868946869343 271.2600000000432
13564 2.818484080676583 271.2800000000432
13565 2.851324945935032 271.3000000000432
13566 2.882238110677781 271.3200000000432
13567 2.910834136728719 271.3400000000432
13568 2.936712386261727 271.3600000000432
13569 2.960428204808537 271.3800000000431
13570 2.981777451220906 271.4000000000431
13571 3.000395773902089 271.4200000000431
13572 3.016374624157374 271.4400000000431
13573 3.029759853591095 271.4600000000431
13574 3.040459878138198 271.480000000043
13575 3.048608040037203 271.500000000043
13576 3.054059200036932 271.520000000043
13577 3.056874234972137 271.540000000043
13578 3.0568975395293 271.560000000043
13579 3.054424291292441 271.580000000043
13580 3.049296563083152 271.6000000000429
13581 3.04174487535102 271.6200000000429
13582 3.031717134255586 271.6400000000429
13583 3.019138575725352 271.6600000000429
13584 3.004020277200109 271.6800000000429
13585 2.986791709948009 271.7000000000428
13586 2.967616012997864 271.7200000000428
13587 2.946253104908437 271.7400000000428
13588 2.922879295126737 271.7600000000428
13589 2.897754380330052 271.7800000000428
13590 2.870595835586272 271.8000000000428
13591 2.841805233967759 271.8200000000427
13592 2.811590029306199 271.8400000000427
13593 2.779820197361688 271.8600000000427
13594 2.746663272273382 271.8800000000427
13595 2.712210255078681 271.9000000000427
13596 2.676470330696282 271.9200000000426
13597 2.639806699355001 271.9400000000426
13598 2.602218853040858 271.9600000000426
13599 2.563817622619016 271.9800000000426
13600 2.524700269538956 272.0000000000426
13601 2.485066054802159 272.0200000000426
13602 2.444726054423341 272.0400000000425
13603 2.403801994234449 272.0600000000425
13604 2.362838235401308 272.0800000000425
13605 2.321679791664115 272.1000000000425
13606 2.280428326556019 272.1200000000425
13607 2.239266257281487 272.1400000000424
13608 2.198355381200758 272.1600000000424
13609 2.157472491894552 272.1800000000424
13610 2.116766929817176 272.2000000000424
13611 2.076538378425536 272.2200000000424
13612 2.036982261018859 272.2400000000424
13613 1.997870129220396 272.2600000000423
13614 1.959242702649153 272.2800000000423
13615 1.921581078906125 272.3000000000423
13616 1.884708499528662 272.3200000000423
13617 1.848705898592244 272.3400000000423
13618 1.813468137391416 272.3600000000422
13619 1.779390757026124 272.3800000000422
13620 1.746491734041281 272.4000000000422
13621 1.7148257363876 272.4200000000422
13622 1.684634218703113 272.4400000000422
13623 1.655518838119371 272.4600000000422
13624 1.628098893721578 272.4800000000421
13625 1.601940190521721 272.5000000000421
13626 1.577439195763016 272.5200000000421
13627 1.55469932252192 272.5400000000421
13628 1.533526329016462 272.5600000000421
13629 1.513831159597834 272.580000000042
13630 1.496317939067314 272.600000000042
13631 1.480513985830021 272.620000000042
13632 1.467008262333398 272.640000000042
13633 1.455298062574774 272.660000000042
13634 1.445513214782073 272.680000000042
13635 1.437570209853058 272.7000000000419
13636 1.431790174954466 272.7200000000419
13637 1.42845110476553 272.7400000000419
13638 1.427543618916104 272.7600000000419
13639 1.428378780562602 272.7800000000419
13640 1.4313036800847 272.8000000000418
13641 1.436557617946858 272.8200000000418
13642 1.444090168278731 272.8400000000418
13643 1.454013620685292 272.8600000000418
13644 1.466283064708419 272.8800000000418
13645 1.48103507655944 272.9000000000418
13646 1.497448836946251 272.9200000000417
13647 1.516699046919343 272.9400000000417
13648 1.538384453069549 272.9600000000417
13649 1.56151194983432 272.9800000000417
13650 1.586998745194447 273.0000000000417
13651 1.615001994086987 273.0200000000416
13652 1.644673695426349 273.0400000000416
13653 1.67597503381538 273.0600000000416
13654 1.70947562238328 273.0800000000416
13655 1.744972864177505 273.1000000000416
13656 1.782808151177698 273.1200000000416
13657 1.8213717992507 273.1400000000415
13658 1.861055793809182 273.1600000000415
13659 1.902210674085172 273.1800000000415
13660 1.944848614838156 273.2000000000415
13661 1.988437866854822 273.2200000000415
13662 2.032589811485801 273.2400000000414
13663 2.077663964134637 273.2600000000414
13664 2.123112920104759 273.2800000000414
13665 2.169468192344029 273.3000000000414
13666 2.216015160881393 273.3200000000414
13667 2.262618052699682 273.3400000000414
13668 2.309562868015747 273.3600000000413
13669 2.356697380101567 273.3800000000413
13670 2.402630793798219 273.4000000000413
13671 2.448340438617188 273.4200000000413
13672 2.493471774993247 273.4400000000413
13673 2.537962667499413 273.4600000000412
13674 2.581349299506389 273.4800000000412
13675 2.62355376641796 273.5000000000412
13676 2.664484017889406 273.5200000000412
13677 2.703961903696878 273.5400000000412
13678 2.741546375393874 273.5600000000412
13679 2.777591973593495 273.5800000000411
13680 2.811388176305399 273.6000000000411
13681 2.843246763294128 273.6200000000411
13682 2.873556084871023 273.6400000000411
13683 2.9015594911568 273.6600000000411
13684 2.927005436180033 273.680000000041
13685 2.950065625808574 273.700000000041
13686 2.970582856193778 273.720000000041
13687 2.988982307579517 273.740000000041
13688 3.004769662570889 273.760000000041
13689 3.01791095579854 273.780000000041
13690 3.028451198098002 273.8000000000409
13691 3.036428890021803 273.8200000000409
13692 3.041952644966797 273.8400000000409
13693 3.044692765277921 273.8600000000409
13694 3.044639813308699 273.8800000000409
13695 3.042188802220229 273.9000000000408
13696 3.037413358931097 273.9200000000408
13697 3.029998189863549 273.9400000000408
13698 3.020030956614673 273.9600000000408
13699 3.007445145602536 273.9800000000408
13700 2.992795935119068 274.0000000000408
13701 2.976089861608396 274.0200000000407
13702 2.957201157036584 274.0400000000407
13703 2.936052249504983 274.0600000000407
13704 2.912804566035371 274.0800000000407
13705 2.887922877621126 274.1000000000407
13706 2.861235360822034 274.1200000000406
13707 2.832824863726608 274.1400000000406
13708 2.80281601517946 274.1600000000406
13709 2.771537046438084 274.1800000000406
13710 2.738713121464603 274.2000000000406
13711 2.704670072668715 274.2200000000406
13712 2.669669986756211 274.2400000000405
13713 2.633481577122076 274.2600000000405
13714 2.596469563040058 274.2800000000405
13715 2.558594726006664 274.3000000000405
13716 2.520092366422048 274.3200000000405
13717 2.480934514686342 274.3400000000404
13718 2.441291928741426 274.3600000000404
13719 2.401206562990672 274.3800000000404
13720 2.360939065648498 274.4000000000404
13721 2.320392130207603 274.4200000000404
13722 2.279688109343275 274.4400000000404
13723 2.239068917367697 274.4600000000403
13724 2.198654613735089 274.4800000000403
13725 2.158388387575695 274.5000000000403
13726 2.118350208371879 274.5200000000403
13727 2.078680593666069 274.5400000000403
13728 2.039569476365634 274.5600000000402
13729 2.001022001001909 274.5800000000402
13730 1.963093553992337 274.6000000000402
13731 1.925734890613653 274.6200000000402
13732 1.889157001592831 274.6400000000402
13733 1.853609100589054 274.6600000000402
13734 1.819046021869843 274.6800000000401
13735 1.785102093599586 274.7000000000401
13736 1.75240823733783 274.7200000000401
13737 1.721067396270999 274.7400000000401
13738 1.690942348261864 274.7600000000401
13739 1.662182616638498 274.78000000004
13740 1.634449760172949 274.80000000004
13741 1.608736704183438 274.82000000004
13742 1.584148128335364 274.84000000004
13743 1.561392232133737 274.86000000004
13744 1.540311480783287 274.88000000004
13745 1.521041053840482 274.9000000000399
13746 1.503687177789955 274.9200000000399
13747 1.488099334217755 274.9400000000399
13748 1.474854287994293 274.9600000000399
13749 1.463360992966798 274.9800000000399
13750 1.453741866943496 275.0000000000398
13751 1.445839135102843 275.0200000000398
13752 1.44028321506475 275.0400000000398
13753 1.436808592499821 275.0600000000398
13754 1.435684944594523 275.0800000000398
13755 1.437208307282382 275.1000000000398
13756 1.44104784368454 275.1200000000397
13757 1.446484738671278 275.1400000000397
13758 1.453802041765153 275.1600000000397
13759 1.463586866948025 275.1800000000397
13760 1.476112854794978 275.2000000000397
13761 1.491452263322612 275.2200000000396
13762 1.508514512161142 275.2400000000396
13763 1.52781809306587 275.2600000000396
13764 1.549283769517836 275.2800000000396
13765 1.573109478827037 275.3000000000396
13766 1.599399379430741 275.3200000000396
13767 1.627785978107996 275.3400000000395
13768 1.6579498146474 275.3600000000395
13769 1.690025342727527 275.3800000000395
13770 1.723681319246321 275.4000000000395
13771 1.759709616706236 275.4200000000395
13772 1.797318628530333 275.4400000000394
13773 1.83653745067117 275.4600000000394
13774 1.877166424701559 275.4800000000394
13775 1.919311077375881 275.5000000000394
13776 1.962795260621612 275.5200000000394
13777 2.007067747192775 275.5400000000394
13778 2.051906116709469 275.5600000000393
13779 2.098058050836682 275.5800000000393
13780 2.144402323141961 275.6000000000393
13781 2.191599228457146 275.6200000000393
13782 2.238731668694293 275.6400000000393
13783 2.286015694945931 275.6600000000392
13784 2.333582025313377 275.6800000000392
13785 2.380753529699222 275.7000000000392
13786 2.427276511370999 275.7200000000392
13787 2.473630677850412 275.7400000000392
13788 2.519164864037557 275.7600000000392
13789 2.563766244746766 275.7800000000391
13790 2.607252104624108 275.8000000000391
13791 2.649736552047822 275.8200000000391
13792 2.690656326325175 275.8400000000391
13793 2.730065745544293 275.8600000000391
13794 2.767621998694873 275.880000000039
13795 2.80319419560868 275.900000000039
13796 2.836781583885773 275.920000000039
13797 2.868606543051839 275.940000000039
13798 2.898246861677027 275.960000000039
13799 2.925272859549481 275.980000000039
13800 2.950106161617338 276.0000000000389
13801 2.972431791606372 276.0200000000389
13802 2.99238780933773 276.0400000000389
13803 3.009480691481845 276.0600000000389
13804 3.024087425713377 276.0800000000389
13805 3.035918449087613 276.1000000000388
13806 3.045266459817621 276.1200000000388
13807 3.051862459931835 276.1400000000388
13808 3.05593301680042 276.1600000000388
13809 3.057157412217775 276.1800000000388
13810 3.055846498279467 276.2000000000388
13811 3.051878741021709 276.2200000000387
13812 3.045382805988659 276.2400000000387
13813 3.036555139774697 276.2600000000387
13814 3.025096980709504 276.2800000000387
13815 3.011064442511254 276.3000000000387
13816 2.994758953416756 276.3200000000386
13817 2.976460696576775 276.3400000000386
13818 2.956091238679266 276.3600000000386
13819 2.933602187860761 276.3800000000386
13820 2.909215001989601 276.4000000000386
13821 2.882972290591272 276.4200000000386
13822 2.854906003635975 276.4400000000385
13823 2.825287968132931 276.4600000000385
13824 2.794221431768974 276.4800000000385
13825 2.761695733661758 276.5000000000385
13826 2.727823622028533 276.5200000000385
13827 2.692603156581485 276.5400000000384
13828 2.656382254305476 276.5600000000384
13829 2.619183620089163 276.5800000000384
13830 2.581160508730459 276.6000000000384
13831 2.542335324512734 276.6200000000384
13832 2.50288772580943 276.6400000000384
13833 2.462942917066278 276.6600000000383
13834 2.422199673735357 276.6800000000383
13835 2.381165233580753 276.7000000000383
13836 2.340165703215827 276.7200000000383
13837 2.298935295647242 276.7400000000383
13838 2.257697143216181 276.7600000000382
13839 2.216699366165238 276.7800000000382
13840 2.175829090476135 276.8000000000382
13841 2.134983888737192 276.8200000000382
13842 2.094520114988921 276.8400000000382
13843 2.054640603310077 276.8600000000382
13844 2.015379345197228 276.8800000000381
13845 1.976480528982566 276.9000000000381
13846 1.9384061585476 276.9200000000381
13847 1.901172131238635 276.9400000000381
13848 1.864763584872068 276.9600000000381
13849 1.829163343259548 276.980000000038
13850 1.794477187463289 277.000000000038
13851 1.761116293016056 277.020000000038
13852 1.728863027902125 277.040000000038
13853 1.698055622016766 277.060000000038
13854 1.668344349488704 277.080000000038
13855 1.640233600648296 277.1000000000379
13856 1.613549078371244 277.1200000000379
13857 1.58820287994861 277.1400000000379
13858 1.564724685207341 277.1600000000379
13859 1.542834062636029 277.1800000000379
13860 1.522444748278405 277.2000000000378
13861 1.503990147862408 277.2200000000378
13862 1.487394058550519 277.2400000000378
13863 1.472775182560325 277.2600000000378
13864 1.460343083097452 277.2800000000378
13865 1.449677386992342 277.3000000000378
13866 1.440934628081688 277.3200000000377
13867 1.434089803840635 277.3400000000377
13868 1.429753396227101 277.3600000000377
13869 1.427711849121825 277.3800000000377
13870 1.427722036112059 277.4000000000377
13871 1.429760445486709 277.4200000000376
13872 1.433949021674412 277.4400000000376
13873 1.440340468516507 277.4600000000376
13874 1.44934288216988 277.4800000000376
13875 1.460519856177765 277.5000000000376
13876 1.474107212581264 277.5200000000376
13877 1.489875418121357 277.5400000000375
13878 1.507781529628259 277.5600000000375
13879 1.528399344599786 277.5800000000375
13880 1.550907268456034 277.6000000000375
13881 1.575227858956 277.6200000000375
13882 1.602273754068034 277.6400000000374
13883 1.63120805923818 277.6600000000374
13884 1.661694502764481 277.6800000000374
13885 1.694246425001917 277.7000000000374
13886 1.728835424503023 277.7200000000374
13887 1.765613525166001 277.7400000000374
13888 1.804137690762565 277.7600000000373
13889 1.843057837057517 277.7800000000373
13890 1.883645281829993 277.8000000000373
13891 1.925546116147588 277.8200000000373
13892 1.968899748138717 277.8400000000373
13893 2.012703806641286 277.8600000000372
13894 2.057423810724864 277.8800000000372
13895 2.102646373217153 277.9000000000372
13896 2.148638277543912 277.9200000000372
13897 2.195102219100932 277.9400000000372
13898 2.241822404793952 277.9600000000372
13899 2.288499045030681 277.9800000000371
13900 2.335617295261099 278.0000000000371
13901 2.382196384146487 278.0200000000371
13902 2.428008043760188 278.0400000000371
13903 2.473378283729769 278.0600000000371
13904 2.518070438729498 278.080000000037
13905 2.562090553109119 278.100000000037
13906 2.604913015807693 278.120000000037
13907 2.646243244538966 278.140000000037
13908 2.686604016559197 278.160000000037
13909 2.725002682251753 278.180000000037
13910 2.761640979294227 278.2000000000369
13911 2.796550357672162 278.2200000000369
13912 2.829297156925352 278.2400000000369
13913 2.860138871604624 278.2600000000369
13914 2.889444352367647 278.2800000000369
13915 2.91592340444328 278.3000000000368
13916 2.940182305731136 278.3200000000368
13917 2.961691323274917 278.3400000000368
13918 2.981108759554439 278.3600000000368
13919 2.998082968449808 278.3800000000368
13920 3.012431396495508 278.4000000000368
13921 3.024136766186282 278.4200000000367
13922 3.03325234580213 278.4400000000367
13923 3.039864895635036 278.4600000000367
13924 3.043893791313027 278.4800000000367
13925 3.045065603850752 278.5000000000367
13926 3.043663521580791 278.5200000000366
13927 3.039919297729512 278.5400000000366
13928 3.033740559228568 278.5600000000366
13929 3.024898920145533 278.5800000000366
13930 3.013446885358041 278.6000000000366
13931 2.999681645510265 278.6200000000366
13932 2.983911998361795 278.6400000000365
13933 2.965981029863705 278.6600000000365
13934 2.945911417683049 278.6800000000365
13935 2.923546803750117 278.7000000000365
13936 2.89936205796481 278.7200000000365
13937 2.873489279394691 278.7400000000364
13938 2.845806686362901 278.7600000000364
13939 2.816509331593475 278.7800000000364
13940 2.785789434090889 278.8000000000364
13941 2.753655261947725 278.8200000000364
13942 2.72010447964714 278.8400000000364
13943 2.685592284521037 278.8600000000363
13944 2.649858132250917 278.8800000000363
13945 2.61320857722574 278.9000000000363
13946 2.575736491835943 278.9200000000363
13947 2.537387117732134 278.9400000000363
13948 2.498592611570932 278.9600000000362
13949 2.459156623108426 278.9800000000362
13950 2.41926144416211 279.0000000000362
13951 2.379033559121948 279.0200000000362
13952 2.338659959979458 279.0400000000362
13953 2.297966823754679 279.0600000000362
13954 2.257290420382672 279.0800000000361
13955 2.216768660523984 279.1000000000361
13956 2.176449794639101 279.1200000000361
13957 2.136263536804171 279.1400000000361
13958 2.096462299843006 279.1600000000361
13959 2.057030944232684 279.180000000036
13960 2.018291764567326 279.200000000036
13961 1.979946036570081 279.220000000036
13962 1.942417968402127 279.240000000036
13963 1.905423860629168 279.260000000036
13964 1.869499637792008 279.280000000036
13965 1.834467417027576 279.3000000000359
13966 1.800177287095961 279.3200000000359
13967 1.766947900066927 279.3400000000359
13968 1.734952651971744 279.3600000000359
13969 1.704350738517988 279.3800000000359
13970 1.674862385726865 279.4000000000358
13971 1.646734730949027 279.4200000000358
13972 1.62009160592443 279.4400000000358
13973 1.595004325248565 279.4600000000358
13974 1.571405385938185 279.4800000000358
13975 1.549530701491868 279.5000000000358
13976 1.529491601342079 279.5200000000357
13977 1.511322215274046 279.5400000000357
13978 1.49474769595892 279.5600000000357
13979 1.480578573110621 279.5800000000357
13980 1.468342082763141 279.6000000000357
13981 1.457808806110691 279.6200000000356
13982 1.449221655266833 279.6400000000356
13983 1.442513166484268 279.6600000000356
13984 1.43807908030246 279.6800000000356
13985 1.435906375816711 279.7000000000356
13986 1.436241777393477 279.7200000000356
13987 1.439016083693095 279.7400000000355
13988 1.443885223621503 279.7600000000355
13989 1.450248239130055 279.7800000000355
13990 1.458871136526811 279.8000000000355
13991 1.470093158130584 279.8200000000355
13992 1.484363942935162 279.8400000000354
13993 1.500596137703177 279.8600000000354
13994 1.518900940724138 279.8800000000354
13995 1.539409669401655 279.9000000000354
13996 1.562212453228065 279.9200000000354
13997 1.587330531172546 279.9400000000354
13998 1.614852264648658 279.9600000000353
13999 1.644162555056441 279.9800000000353
14000 1.675526807907056 280.0000000000353
14001 1.708371315728321 280.0200000000353
14002 1.743338971629347 280.0400000000353
14003 1.780274666864567 280.0600000000352
14004 1.818882298395053 280.0800000000352
14005 1.858750968620783 280.1000000000352
14006 1.900342576362543 280.1200000000352
14007 1.943192160722311 280.1400000000352
14008 1.987165632302811 280.1600000000352
14009 2.031738268506917 280.1800000000351
14010 2.077389488229473 280.2000000000351
14011 2.123517187440255 280.2200000000351
14012 2.170600047213747 280.2400000000351
14013 2.21753529715533 280.2600000000351
14014 2.264947090514335 280.280000000035
14015 2.312294654668304 280.300000000035
14016 2.359740026519432 280.320000000035
14017 2.406525542411769 280.340000000035
14018 2.452920048547874 280.360000000035
14019 2.498922569184609 280.380000000035
14020 2.543973168763094 280.4000000000349
14021 2.588016507158546 280.4200000000349
14022 2.630880050492335 280.4400000000349
14023 2.672608433216265 280.4600000000349
14024 2.712644601363017 280.4800000000349
14025 2.751126650848557 280.5000000000348
14026 2.787567828341792 280.5200000000348
14027 2.821971459781994 280.5400000000348
14028 2.854655711005706 280.5600000000348
14029 2.885321019179515 280.5800000000348
14030 2.913647614610856 280.6000000000348
14031 2.939321985713343 280.6200000000347
14032 2.962764337120715 280.6400000000347
14033 2.983876207989351 280.6600000000347
14034 3.002194692462195 280.6800000000347
14035 3.01792360102127 280.7000000000347
14036 3.031024677601418 280.7200000000346
14037 3.04146184737623 280.7400000000346
14038 3.049319831516988 280.7600000000346
14039 3.054513411871797 280.7800000000346
14040 3.057030460837094 280.8000000000346
14041 3.056783029280412 280.8200000000346
14042 3.054056334665884 280.8400000000345
14043 3.04865279524475 280.8600000000345
14044 3.040869710393553 280.8800000000345
14045 3.030578721462199 280.9000000000345
14046 3.017728595199258 280.9200000000345
14047 3.002366382858773 280.9400000000344
14048 2.984940194819888 280.9600000000344
14049 2.96553645996528 280.9800000000344
14050 2.943964448149002 281.0000000000344
14051 2.920375552222609 281.0200000000344
14052 2.895068875083084 281.0400000000344
14053 2.867735272578362 281.0600000000343
14054 2.83877371595546 281.0800000000343
14055 2.808401417448705 281.1000000000343
14056 2.776484526601691 281.1200000000343
14057 2.743190935830239 281.1400000000343
14058 2.708592099793677 281.1600000000342
14059 2.672755153008271 281.1800000000342
14060 2.635991369017918 281.2000000000342
14061 2.598316994346637 281.2200000000342
14062 2.55982919633174 281.2400000000342
14063 2.520642403895581 281.2600000000342
14064 2.480958730620005 281.2800000000341
14065 2.440535866099042 281.3000000000341
14066 2.399594882185566 281.3200000000341
14067 2.358605924794608 281.3400000000341
14068 2.317447962386152 281.3600000000341
14069 2.276190799728141 281.380000000034
14070 2.235055552972782 281.400000000034
14071 2.194154105396194 281.420000000034
14072 2.153271083763242 281.440000000034
14073 2.112603942924721 281.460000000034
14074 2.072438059729104 281.480000000034
14075 2.032928518526181 281.5000000000339
14076 1.993861995409008 281.5200000000339
14077 1.955328692006443 281.5400000000339
14078 1.917752033039701 281.5600000000339
14079 1.88095462112944 281.5800000000339
14080 1.845035806422833 281.6000000000338
14081 1.809893810499767 281.6200000000338
14082 1.775937821603625 281.6400000000338
14083 1.743159621521007 281.6600000000338
14084 1.711636293054096 281.6800000000338
14085 1.681559849399714 281.7000000000338
14086 1.652626706886365 281.7200000000337
14087 1.625351890000287 281.7400000000337
14088 1.599319225224484 281.7600000000337
14089 1.575030215459341 281.7800000000337
14090 1.552450422842809 281.8000000000337
14091 1.531429492582822 281.8200000000336
14092 1.511939422437238 281.8400000000336
14093 1.494601503392371 281.8600000000336
14094 1.479006161854574 281.8800000000336
14095 1.465723509894589 281.9000000000336
14096 1.454206013431292 281.9200000000336
14097 1.444641898554038 281.9400000000335
14098 1.436865473628189 281.9600000000335
14099 1.431358534377213 281.9800000000335
14100 1.428247585596492 282.0000000000335
14101 1.427537441473495 282.0200000000335
14102 1.428639009112848 282.0400000000334
14103 1.431788798456191 282.0600000000334
14104 1.437233944931409 282.0800000000334
14105 1.445078526182207 282.1000000000334
14106 1.455209344810554 282.1200000000334
14107 1.467724250864011 282.1400000000334
14108 1.482699745518731 282.1600000000333
14109 1.499365815886288 282.1800000000333
14110 1.518875944101837 282.2000000000333
14111 1.540763821083055 282.2200000000333
14112 1.564077869035063 282.2400000000333
14113 1.589861306729579 282.2600000000332
14114 1.618074133370186 282.2800000000332
14115 1.647916125305505 282.3000000000332
14116 1.6794206332011 282.3200000000332
14117 1.713171919090487 282.3400000000332
14118 1.748877629266547 282.3600000000332
14119 1.786911487024171 282.3800000000331
14120 1.82549502935668 282.4000000000331
14121 1.865349745736772 282.4200000000331
14122 1.90666759562072 282.4400000000331
14123 1.949475809498782 282.4600000000331
14124 1.993065696685836 282.480000000033
14125 2.037332780431908 282.500000000033
14126 2.082473883520279 282.520000000033
14127 2.127988955290743 282.540000000033
14128 2.174401811664724 282.560000000033
14129 2.22099506519442 282.580000000033
14130 2.26757120329776 282.6000000000329
14131 2.314557992735095 282.6200000000329
14132 2.36163842851156 282.6400000000329
14133 2.407533582951682 282.6600000000329
14134 2.453153199609147 282.6800000000329
14135 2.49820832810092 282.7000000000328
14136 2.542641384749759 282.7200000000328
14137 2.585917345068181 282.7400000000328
14138 2.62795515197868 282.7600000000328
14139 2.668788329367959 282.7800000000328
14140 2.708061025582316 282.8000000000328
14141 2.74545750333987 282.8200000000327
14142 2.781341837370303 282.8400000000327
14143 2.8148988255138 282.8600000000327
14144 2.846542136907112 282.8800000000327
14145 2.876699384337554 282.9000000000327
14146 2.904401447341695 282.9200000000326
14147 2.929620472476617 282.9400000000326
14148 2.952372363930909 282.9600000000326
14149 2.972681936736531 282.9800000000326
14150 2.990828680642716 283.0000000000326
14151 3.00634676317023 283.0200000000326
14152 3.01919200953941 283.0400000000325
14153 3.029473850703345 283.0600000000325
14154 3.037188462425605 283.0800000000325
14155 3.042438016022477 283.1000000000325
14156 3.044886023967083 283.1200000000325
14157 3.044556740305097 283.1400000000324
14158 3.041854383910669 283.1600000000324
14159 3.036826820977282 283.1800000000324
14160 3.029126029678647 283.2000000000324
14161 3.018886016120931 283.2200000000324
14162 3.006051554050163 283.2400000000324
14163 2.991183052755167 283.2600000000323
14164 2.974258681943709 283.2800000000323
14165 2.955130322581741 283.3000000000323
14166 2.933741814728763 283.3200000000323
14167 2.910322876435964 283.3400000000323
14168 2.885240181490565 283.3600000000322
14169 2.85836397601661 283.3800000000322
14170 2.829794407993012 283.4000000000322
14171 2.799634216813449 283.4200000000322
14172 2.768184666305801 283.4400000000322
14173 2.735232154232487 283.4600000000322
14174 2.701066816981957 283.4800000000321
14175 2.665937708689851 283.5000000000321
14176 2.629656353939559 283.5200000000321
14177 2.592547993182247 283.5400000000321
14178 2.554600664411308 283.5600000000321
14179 2.516029303037287 283.580000000032
14180 2.47681510729048 283.600000000032
14181 2.437116084405762 283.620000000032
14182 2.396992208895607 283.640000000032
14183 2.356715462092766 283.660000000032
14184 2.316136599119369 283.680000000032
14185 2.275433331594225 283.7000000000319
14186 2.234817306254472 283.7200000000319
14187 2.19441963651342 283.7400000000319
14188 2.154178865824835 283.7600000000319
14189 2.114183241411844 283.7800000000319
14190 2.07454160284601 283.8000000000318
14191 2.035503424632421 283.8200000000318
14192 1.996991016638875 283.8400000000318
14193 1.959159801044747 283.8600000000318
14194 1.921809638149259 283.8800000000318
14195 1.885504833678287 283.9000000000318
14196 1.849912848864939 283.9200000000317
14197 1.81546023430503 283.9400000000317
14198 1.781596184876136 283.9600000000317
14199 1.749055239856906 283.9800000000317
14200 1.717844593498141 284.0000000000317
14201 1.687836631547918 284.0200000000316
14202 1.659226019659742 284.0400000000316
14203 1.631656911145207 284.0600000000316
14204 1.606080215459033 284.0800000000316
14205 1.581658119600023 284.1000000000316
14206 1.559093783326463 284.1200000000316
14207 1.538217154601339 284.1400000000315
14208 1.519118288058136 284.1600000000315
14209 1.50193649208761 284.1800000000315
14210 1.486617247158778 284.2000000000315
14211 1.473556275203204 284.2200000000315
14212 1.462246045782888 284.2400000000314
14213 1.45288345225032 284.2600000000314
14214 1.445127443372223 284.2800000000314
14215 1.439808839879622 284.3000000000314
14216 1.436603820277365 284.3200000000314
14217 1.435714761375431 284.3400000000314
14218 1.437510400947205 284.3600000000313
14219 1.441543242052077 284.3800000000313
14220 1.447168520233139 284.4000000000313
14221 1.454690129686643 284.4200000000313
14222 1.464723718853064 284.4400000000313
14223 1.477636276328285 284.4600000000312
14224 1.493135218007199 284.4800000000312
14225 1.510441024790536 284.5000000000312
14226 1.529993651630535 284.5200000000312
14227 1.551678174446991 284.5400000000312
14228 1.575785195216334 284.5600000000312
14229 1.602282899921176 284.5800000000311
14230 1.630846494182962 284.6000000000311
14231 1.661279819551602 284.6200000000311
14232 1.693487462962736 284.6400000000311
14233 1.727403399488862 284.6600000000311
14234 1.763594471369164 284.680000000031
14235 1.801418359340061 284.700000000031
14236 1.840735712124351 284.720000000031
14237 1.881554018345238 284.740000000031
14238 1.923824760659773 284.760000000031
14239 1.967411400036354 284.780000000031
14240 2.011741871933602 284.8000000000309
14241 2.056723490890602 284.8200000000309
14242 2.102872644238361 284.8400000000309
14243 2.14938323625169 284.8600000000309
14244 2.196521810997166 284.8800000000309
14245 2.243713664172549 284.9000000000308
14246 2.290977918085603 284.9200000000308
14247 2.338583327093438 284.9400000000308
14248 2.385664697294209 284.9600000000308
14249 2.432157946317828 284.9800000000308
14250 2.478466795116851 285.0000000000308
14251 2.523922382701013 285.0200000000307
14252 2.568399351809848 285.0400000000307
14253 2.611777561479831 285.0600000000307
14254 2.654122225090972 285.0800000000307
14255 2.694867797834375 285.1000000000307
14256 2.73411981561181 285.1200000000306
14257 2.77146940795097 285.1400000000306
14258 2.806806854017091 285.1600000000306
14259 2.840206839520492 285.1800000000306
14260 2.871831262797441 285.2000000000306
14261 2.901236074685601 285.2200000000306
14262 2.927974102461336 285.2400000000305
14263 2.95256786759483 285.2600000000305
14264 2.974670786738383 285.2800000000305
14265 2.994320181180008 285.3000000000305
14266 3.011145076971108 285.3200000000305
14267 3.025480116419859 285.3400000000304
14268 3.037040326797368 285.3600000000304
14269 3.046113307194071 285.3800000000304
14270 3.052440651349755 285.4000000000304
14271 3.056229974626111 285.4200000000304
14272 3.057160281065006 285.4400000000304
14273 3.05558376056895 285.4600000000303
14274 3.051353651550601 285.4800000000303
14275 3.044590742719623 285.5000000000303
14276 3.035493898856115 285.5200000000303
14277 3.023771322940226 285.5400000000303
14278 3.009499581860617 285.5600000000302
14279 2.992965192292507 285.5800000000302
14280 2.974455264772902 285.6000000000302
14281 2.953845392097652 285.6200000000302
14282 2.93115082732716 285.6400000000302
14283 2.906598961570133 285.6600000000302
14284 2.880135073528312 285.6800000000301
14285 2.851907263765696 285.7000000000301
14286 2.82213613502597 285.7200000000301
14287 2.790903949401269 285.7400000000301
14288 2.758221997901707 285.7600000000301
14289 2.724225866286625 285.78000000003
14290 2.688879712912498 285.80000000003
14291 2.652555034316296 285.82000000003
14292 2.615262726606316 285.84000000003
14293 2.577147021683206 285.86000000003
14294 2.538246970558296 285.88000000003
14295 2.498753008840612 285.9000000000299
14296 2.458738632814252 285.9200000000299
14297 2.41794555006749 285.9400000000299
14298 2.376990859323681 285.9600000000299
14299 2.335873175808434 285.9800000000299
14300 2.294643858042474 286.0000000000298
14301 2.25340831526579 286.0200000000298
14302 2.21243169822413 286.0400000000298
14303 2.171564492375141 286.0600000000298
14304 2.130749396049561 286.0800000000298
14305 2.090342075115837 286.1000000000298
14306 2.05052729735145 286.1200000000297
14307 2.011313912525306 286.1400000000297
14308 1.972473595950189 286.1600000000297
14309 1.934467484685725 286.1800000000297
14310 1.897329493617129 286.2000000000297
14311 1.86100586188908 286.2200000000296
14312 1.825480406828421 286.2400000000296
14313 1.79091659538954 286.2600000000296
14314 1.757690729963543 286.2800000000296
14315 1.725550340197001 286.3000000000296
14316 1.694901427565971 286.3200000000296
14317 1.66531503104245 286.3400000000295
14318 1.637393461101764 286.3600000000295
14319 1.61082423278897 286.3800000000295
14320 1.585658749842886 286.4000000000295
14321 1.562367721940841 286.4200000000295
14322 1.540650915472995 286.4400000000294
14323 1.520399019779764 286.4600000000294
14324 1.502191583562619 286.4800000000294
14325 1.485782454274696 286.5000000000294
14326 1.471423064880093 286.5200000000294
14327 1.459157256747618 286.5400000000294
14328 1.448683733801399 286.5600000000293
14329 1.44011657911898 286.5800000000293
14330 1.433533729621957 286.6000000000293
14331 1.42938605151982 286.6200000000293
14332 1.427690969434279 286.6400000000293
14333 1.42786580809798 286.6600000000292
14334 1.430097002073002 286.6800000000292
14335 1.434559657508925 286.7000000000292
14336 1.441190318085561 286.7200000000292
14337 1.45043193521007 286.7400000000292
14338 1.461888348594242 286.7600000000292
14339 1.475740534205331 286.7800000000291
14340 1.491643023811524 286.8000000000291
14341 1.509869308555199 286.8200000000291
14342 1.530765574305917 286.8400000000291
14343 1.553398490410939 286.8600000000291
14344 1.577999832672062 286.880000000029
14345 1.605297145523866 286.900000000029
14346 1.634389654793877 286.920000000029
14347 1.665072295569779 286.940000000029
14348 1.697858001750421 286.960000000029
14349 1.732619626894918 286.980000000029
14350 1.769702292869713 287.0000000000289
14351 1.808256100252053 287.0200000000289
14352 1.847336872209718 287.0400000000289
14353 1.888079741124155 287.0600000000289
14354 1.930122394655697 287.0800000000289
14355 1.97356457726324 287.1000000000288
14356 2.017441179812785 287.1200000000288
14357 2.062270557157603 287.1400000000288
14358 2.1075402364754 287.1600000000288
14359 2.153605873230552 287.1800000000288
14360 2.200080352743328 287.2000000000288
14361 2.246809167662253 287.2200000000287
14362 2.293547183020102 287.2400000000287
14363 2.340682659201167 287.2600000000287
14364 2.387083756899706 287.2800000000287
14365 2.432896345392148 287.3000000000287
14366 2.478218551669755 287.3200000000286
14367 2.52286305825572 287.3400000000286
14368 2.566732216827745 287.3600000000286
14369 2.60942234241178 287.3800000000286
14370 2.650640691060252 287.4000000000286
14371 2.690827872218845 287.4200000000286
14372 2.729041358600194 287.4400000000285
14373 2.765500845337796 287.4600000000285
14374 2.800145672175299 287.4800000000285
14375 2.832709852950944 287.5000000000285
14376 2.863412417011833 287.5200000000285
14377 2.89243966775206 287.5400000000284
14378 2.918657922964064 287.5600000000284
14379 2.942652733399362 287.5800000000284
14380 2.963879339347073 287.6000000000284
14381 2.983092101421398 287.6200000000284
14382 2.999782692673551 287.6400000000284
14383 3.013833237933168 287.6600000000283
14384 3.025256146403773 287.6800000000283
14385 3.03412048955472 287.7000000000283
14386 3.040467627543447 287.7200000000283
14387 3.044183689593623 287.7400000000283
14388 3.045052427251211 287.7600000000282
14389 3.043393449670647 287.7800000000282
14390 3.039425296998669 287.8000000000282
14391 3.032949477758228 287.8200000000282
14392 3.023835036867589 287.8400000000282
14393 3.012101965879869 287.8600000000282
14394 2.998122492434688 287.8800000000281
14395 2.982132965659392 287.9000000000281
14396 2.963966929791435 287.9200000000281
14397 2.943651745808047 287.9400000000281
14398 2.921070884202527 287.9600000000281
14399 2.896709321017522 287.980000000028
14400 2.870660646435077 288.000000000028
14401 2.842773605848768 288.020000000028
14402 2.813327236839616 288.040000000028
14403 2.782465620709631 288.060000000028
14404 2.750176513217734 288.080000000028
14405 2.716489985122972 288.1000000000279
14406 2.681879277436482 288.1200000000279
14407 2.646012669890817 288.1400000000279
14408 2.609282901238244 288.1600000000279
14409 2.571721790524628 288.1800000000279
14410 2.533295746965896 288.2000000000278
14411 2.494438490300609 288.2200000000278
14412 2.454958099763127 288.2400000000278
14413 2.415015205921642 288.2600000000278
14414 2.374768384602707 288.2800000000278
14415 2.334365816599911 288.3000000000278
14416 2.293651972724333 288.3200000000277
14417 2.252995312554732 288.3400000000277
14418 2.212479404697124 288.3600000000277
14419 2.172175928567696 288.3800000000277
14420 2.132012296449509 288.4000000000277
14421 2.092257699062127 288.4200000000276
14422 2.052893797620176 288.4400000000276
14423 2.014205510689564 288.4600000000276
14424 1.975919011229232 288.4800000000276
14425 1.938468481525436 288.5000000000276
14426 1.901548180893771 288.5200000000276
14427 1.865735053625576 288.5400000000275
14428 1.830808443097618 288.5600000000275
14429 1.796587209643946 288.5800000000275
14430 1.763483869969832 288.6000000000275
14431 1.731649202190105 288.6200000000275
14432 1.70115370365638 288.6400000000274
14433 1.671827334408967 288.6600000000274
14434 1.643790420150936 288.6800000000274
14435 1.617378844731795 288.7000000000274
14436 1.592389026782452 288.7200000000274
14437 1.569021099806093 288.7400000000274
14438 1.547318696156317 288.7600000000273
14439 1.527452376276094 288.7800000000273
14440 1.509488487574465 288.8000000000273
14441 1.493095494499572 288.8200000000273
14442 1.479196728292727 288.8400000000273
14443 1.467133285217434 288.8600000000272
14444 1.456780157974608 288.8800000000272
14445 1.448367628616484 288.9000000000272
14446 1.441894194616257 288.9200000000272
14447 1.437729283616598 288.9400000000272
14448 1.435846789476956 288.9600000000272
14449 1.436417662247673 288.9800000000271
14450 1.439471420799583 289.0000000000271
14451 1.444493378578305 289.0200000000271
14452 1.451067850846576 289.0400000000271
14453 1.459941111940037 289.0600000000271
14454 1.471452734724057 289.080000000027
14455 1.486031805233922 289.100000000027
14456 1.502444507730748 289.120000000027
14457 1.520995129775629 289.140000000027
14458 1.541713185930379 289.160000000027
14459 1.564747246096944 289.180000000027
14460 1.590180415836747 289.2000000000269
14461 1.617919049562799 289.2200000000269
14462 1.647352664792681 289.2400000000269
14463 1.678932340954648 289.2600000000269
14464 1.711958948393134 289.2800000000269
14465 1.747192087380594 289.3000000000268
14466 1.784265669988908 289.3200000000268
14467 1.823056951282554 289.3400000000268
14468 1.863092460843691 289.3600000000268
14469 1.904817577783499 289.3800000000268
14470 1.947841558372625 289.4000000000268
14471 1.991862815004196 289.4200000000267
14472 2.036485806491411 289.4400000000267
14473 2.082316255849397 289.4600000000267
14474 2.128410049202753 289.4800000000267
14475 2.175607199382943 289.5000000000267
14476 2.222543542866437 289.5200000000266
14477 2.269935770763849 289.5400000000266
14478 2.317354139206062 289.5600000000266
14479 2.364718988563607 289.5800000000266
14480 2.411481803261446 289.6000000000266
14481 2.457845578973274 289.6200000000266
14482 2.503731041155769 289.6400000000265
14483 2.548683748034334 289.6600000000265
14484 2.592590401897575 289.6800000000265
14485 2.63538075455104 289.7000000000265
14486 2.676948818940128 289.7200000000265
14487 2.716824112163762 289.7400000000264
14488 2.755081457674514 289.7600000000264
14489 2.791300942725214 289.7800000000264
14490 2.825513304291108 289.8000000000264
14491 2.858025387557698 289.8200000000264
14492 2.888442607890848 289.8400000000264
14493 2.916467169786757 289.8600000000263
14494 2.941972576443643 289.8800000000263
14495 2.965117924216192 289.9000000000263
14496 2.98598004382667 289.9200000000263
14497 3.003997524158325 289.9400000000263
14498 3.019462854870659 289.9600000000262
14499 3.032268865577985 289.9800000000262
14500 3.042443064232266 290.0000000000262
14501 3.050006489797819 290.0200000000262
14502 3.054927550050838 290.0400000000262
14503 3.057140699069643 290.0600000000262
14504 3.056627903190795 290.0800000000261
14505 3.053624489652424 290.1000000000261
14506 3.047962036740091 290.1200000000261
14507 3.039937156701296 290.1400000000261
14508 3.029372473133602 290.1600000000261
14509 3.016239374873166 290.180000000026
14510 3.000640030650603 290.200000000026
14511 2.983015717123495 290.220000000026
14512 2.963371104608659 290.240000000026
14513 2.941589299075599 290.260000000026
14514 2.917798541488519 290.280000000026
14515 2.892287538472189 290.3000000000259
14516 2.864773326305718 290.3200000000259
14517 2.835643595408275 290.3400000000259
14518 2.805107520404489 290.3600000000259
14519 2.773041022988895 290.3800000000259
14520 2.739604238479007 290.4000000000258
14521 2.704867728610806 290.4200000000258
14522 2.668934816068937 290.4400000000258
14523 2.632064797454084 290.4600000000258
14524 2.594307267083614 290.4800000000258
14525 2.555731091312087 290.5000000000258
14526 2.516474721228645 290.5200000000257
14527 2.476734290164602 290.5400000000257
14528 2.436237837610981 290.5600000000257
14529 2.395267525683719 290.5800000000257
14530 2.354264224327803 290.6000000000257
14531 2.313105326513969 290.6200000000256
14532 2.271852364580015 290.6400000000256
14533 2.230734866584187 290.6600000000256
14534 2.18984736715562 290.6800000000256
14535 2.148964720662152 290.7000000000256
14536 2.10834388674271 290.7200000000255
14537 2.06824759127168 290.7400000000255
14538 2.028798764156504 290.7600000000255
14539 1.989757683992144 290.7800000000255
14540 1.951335588878254 290.8000000000255
14541 1.91382555966609 290.8200000000255
14542 1.877114434121776 290.8400000000254
14543 1.841272788660465 290.8600000000254
14544 1.806228002085464 290.8800000000254
14545 1.772417391824692 290.9000000000254
14546 1.73975539085848 290.9200000000254
14547 1.708397089746859 290.9400000000253
14548 1.678414062457817 290.9600000000253
14549 1.649677039367368 290.9800000000253
14550 1.622555978326727 291.0000000000253
14551 1.596655703128812 291.0200000000253
14552 1.572574954084287 291.0400000000253
14553 1.550172872992367 291.0600000000252
14554 1.529279408465729 291.0800000000252
14555 1.510041434266974 291.1000000000252
14556 1.492863973078708 291.1200000000252
14557 1.47748386121 291.1400000000252
14558 1.464418573492311 291.1600000000251
14559 1.453108232183546 291.1800000000251
14560 1.44375112165109 291.2000000000251
14561 1.436168979971279 291.2200000000251
14562 1.430936003421563 291.2400000000251
14563 1.428098127095212 291.2600000000251
14564 1.427574096313607 291.280000000025
14565 1.428896423219125 291.300000000025
14566 1.432300622711345 291.320000000025
14567 1.437972457213422 291.340000000025
14568 1.446101806585369 291.360000000025
14569 1.456468461433901 291.3800000000249
14570 1.469236391717628 291.4000000000249
14571 1.484407183156072 291.4200000000249
14572 1.501357611309444 291.4400000000249
14573 1.521132821464124 291.4600000000249
14574 1.543193821007982 291.4800000000249
14575 1.566735019590963 291.5000000000248
14576 1.592842579676542 291.5200000000248
14577 1.621222430960311 291.5400000000248
14578 1.651248993247275 291.5600000000248
14579 1.682976513095237 291.5800000000248
14580 1.716965623907196 291.6000000000247
14581 1.752889996519297 291.6200000000247
14582 1.791111202820818 291.6400000000247
14583 1.829716496859311 291.6600000000247
14584 1.869761905449006 291.6800000000247
14585 1.911240563344679 291.7000000000247
14586 1.95420046789855 291.7200000000246
14587 1.997828451459482 291.7400000000246
14588 2.042193490078532 291.7600000000246
14589 2.087389796952124 291.7800000000246
14590 2.132978238650609 291.8000000000246
14591 2.179435519490187 291.8200000000245
14592 2.226077036198637 291.8400000000245
14593 2.272661240405982 291.8600000000245
14594 2.319663326339428 291.8800000000245
14595 2.366693062457194 291.9000000000245
14596 2.412525921166167 291.9200000000245
14597 2.458088223684277 291.9400000000244
14598 2.503049269594914 291.9600000000244
14599 2.547412493225784 291.9800000000244
14600 2.590580386338919 292.0000000000244
14601 2.63244891816779 292.0200000000244
14602 2.673182279567051 292.0400000000243
14603 2.712245120795425 292.0600000000243
14604 2.749440489637207 292.0800000000243
14605 2.78514030823187 292.1000000000243
14606 2.81845584556723 292.1200000000243
14607 2.849897234054299 292.1400000000243
14608 2.879883005225069 292.1600000000242
14609 2.907286186599058 292.1800000000242
14610 2.932294331051555 292.2000000000242
14611 2.954714213448164 292.2200000000242
14612 2.974807095644114 292.2400000000242
14613 2.992689523889539 292.2600000000241
14614 3.007918436881065 292.2800000000241
14615 3.020491605320703 292.3000000000241
14616 3.03048432917292 292.3200000000241
14617 3.037942597065929 292.3400000000241
14618 3.04288086380463 292.3600000000241
14619 3.04504863691307 292.380000000024
14620 3.044441607801215 292.400000000024
14621 3.041483644708382 292.420000000024
14622 3.036192158840573 292.440000000024
14623 3.02819259347316 292.460000000024
14624 3.017686405409407 292.4800000000239
14625 3.004600125544771 292.5000000000239
14626 2.989505114131575 292.5200000000239
14627 2.972350876177158 292.5400000000239
14628 2.952991737839946 292.5600000000239
14629 2.931363131370706 292.5800000000239
14630 2.907769533096812 292.6000000000238
14631 2.882476648872324 292.6200000000238
14632 2.855411198783943 292.6400000000238
14633 2.826685623332033 292.6600000000238
14634 2.79635759590166 292.6800000000238
14635 2.764748712439709 292.7000000000237
14636 2.731650742278531 292.7200000000237
14637 2.697379927507416 292.7400000000237
14638 2.662115216327987 292.7600000000237
14639 2.625741839910326 292.7800000000237
14640 2.588538268911235 292.8000000000237
14641 2.550499845810033 292.8200000000236
14642 2.511863233614146 292.8400000000236
14643 2.472595325666384 292.8600000000236
14644 2.432842562894314 292.8800000000236
14645 2.392689969869517 292.9000000000236
14646 2.352392848368232 292.9200000000235
14647 2.311781730305755 292.9400000000235
14648 2.271085005100755 292.9600000000235
14649 2.230472562505856 292.9800000000235
14650 2.190082359450964 293.0000000000235
14651 2.149870019295071 293.0200000000235
14652 2.109930817302004 293.0400000000234
14653 2.070319533437447 293.0600000000234
14654 2.031365562268626 293.0800000000234
14655 1.992883415054314 293.1000000000234
14656 1.955055684755401 293.1200000000234
14657 1.917852969300323 293.1400000000233
14658 1.881642920220298 293.1600000000233
14659 1.84617171286861 293.1800000000233
14660 1.811780498818768 293.2000000000233
14661 1.778066188129413 293.2200000000233
14662 1.745639295246481 293.2400000000233
14663 1.714564969994266 293.2600000000232
14664 1.6846865564055 293.2800000000232
14665 1.656189617805778 293.3000000000232
14666 1.62883283578579 293.3200000000232
14667 1.603387206017083 293.3400000000232
14668 1.579133980791692 293.3600000000231
14669 1.556783754111679 293.3800000000231
14670 1.536080045850614 293.4000000000231
14671 1.517186149003062 293.4200000000231
14672 1.500175738308639 293.4400000000231
14673 1.48512917297286 293.4600000000231
14674 1.472253951388166 293.480000000023
14675 1.461121064613087 293.500000000023
14676 1.451906704636558 293.520000000023
14677 1.44445660172861 293.540000000023
14678 1.439384271370116 293.560000000023
14679 1.436427196947132 293.5800000000229
14680 1.435837885926317 293.6000000000229
14681 1.437854272043559 293.6200000000229
14682 1.442055817715614 293.6400000000229
14683 1.447866205847325 293.6600000000229
14684 1.455630189516592 293.6800000000229
14685 1.465960035172273 293.7000000000228
14686 1.479210539146 293.7200000000228
14687 1.494886797591478 293.7400000000228
14688 1.512425983540398 293.7600000000228
14689 1.532220111583842 293.7800000000228
14690 1.554206338393639 293.8000000000227
14691 1.578529751153817 293.8200000000227
14692 1.605285204494817 293.8400000000227
14693 1.633987463158908 293.8600000000227
14694 1.664715001928051 293.8800000000227
14695 1.697042471987633 293.9000000000227
14696 1.731210981380684 293.9200000000226
14697 1.767591022038515 293.9400000000226
14698 1.805608879010255 293.9600000000226
14699 1.845036972983323 293.9800000000226
14700 1.886062571101371 294.0000000000226
14701 1.928478636389836 294.0200000000225
14702 1.972144979012674 294.0400000000225
14703 2.016561216768703 294.0600000000225
14704 2.061658197945191 294.0800000000225
14705 2.107809228022905 294.1000000000225
14706 2.154482830423302 294.1200000000225
14707 2.201570179515693 294.1400000000224
14708 2.248831120922258 294.1600000000224
14709 2.296079686085533 294.1800000000224
14710 2.343688321321966 294.2000000000224
14711 2.390692363410511 294.2200000000224
14712 2.437166920783659 294.2400000000223
14713 2.483409124248162 294.2600000000223
14714 2.528789583599332 294.2800000000223
14715 2.573140501909089 294.3000000000223
14716 2.616389411249894 294.3200000000223
14717 2.658606334335523 294.3400000000223
14718 2.699164722294414 294.3600000000222
14719 2.738243974013212 294.3800000000222
14720 2.775394442069532 294.4000000000222
14721 2.810504242425964 294.4200000000222
14722 2.84371589460226 294.4400000000222
14723 2.875122496225298 294.4600000000221
14724 2.904286309449408 294.4800000000221
14725 2.930736876437158 294.5000000000221
14726 2.955076200908026 294.5200000000221
14727 2.976937421442297 294.5400000000221
14728 2.996278543466605 294.5600000000221
14729 3.012835627850488 294.580000000022
14730 3.026881050688603 294.600000000022
14731 3.038170648151899 294.620000000022
14732 3.046958433717924 294.640000000022
14733 3.053013245336537 294.660000000022
14734 3.056487413022727 294.6800000000219
14735 3.057129097253908 294.7000000000219
14736 3.055290498248252 294.7200000000219
14737 3.05077208165969 294.7400000000219
14738 3.043758151028959 294.7600000000219
14739 3.034376671747108 294.7800000000219
14740 3.02240301736587 294.8000000000218
14741 3.007845240515212 294.8200000000218
14742 2.991106819967521 294.8400000000218
14743 2.972372290166187 294.8600000000218
14744 2.951525160549549 294.8800000000218
14745 2.928620295382537 294.9000000000217
14746 2.903898726438718 294.9200000000217
14747 2.877210970448089 294.9400000000217
14748 2.848812461454441 294.9600000000217
14749 2.818892286229697 294.9800000000217
14750 2.787484951834448 295.0000000000217
14751 2.754651266263081 295.0200000000216
14752 2.720519334521933 295.0400000000216
14753 2.685048750267958 295.0600000000216
14754 2.648622014042703 295.0800000000216
14755 2.611227641750334 295.1000000000216
14756 2.573023985335676 295.1200000000215
14757 2.534055913239839 295.1400000000215
14758 2.494508084314734 295.1600000000215
14759 2.454406736791324 295.1800000000215
14760 2.413583905920394 295.2000000000215
14761 2.372603725063615 295.2200000000215
14762 2.33147900814047 295.2400000000214
14763 2.290244882930923 295.2600000000214
14764 2.249018450741064 295.2800000000214
14765 2.208061817360052 295.3000000000214
14766 2.167189490328917 295.3200000000214
14767 2.12641275826843 295.3400000000213
14768 2.086062944757407 295.3600000000213
14769 2.046320311514227 295.3800000000213
14770 2.007145889403383 295.4000000000213
14771 1.968377440639084 295.4200000000213
14772 1.930447454990528 295.4400000000213
14773 1.893388943251634 295.4600000000212
14774 1.857165425553288 295.4800000000212
14775 1.821719605083784 295.5000000000212
14776 1.787286600435316 295.5200000000212
14777 1.754190263043659 295.5400000000212
14778 1.722177892542856 295.5600000000211
14779 1.691686274724757 295.5800000000211
14780 1.662248598392165 295.6000000000211
14781 1.63449144958403 295.6200000000211
14782 1.608049153193933 295.6400000000211
14783 1.583075415400822 295.6600000000211
14784 1.559971637793052 295.680000000021
14785 1.53843289337745 295.700000000021
14786 1.518337094747454 295.720000000021
14787 1.500360089583264 295.740000000021
14788 1.484138110080408 295.760000000021
14789 1.470046467197871 295.7800000000209
14790 1.457954319016762 295.8000000000209
14791 1.447680716316612 295.8200000000209
14792 1.439319499309063 295.8400000000209
14793 1.432980717037427 295.8600000000209
14794 1.429036656491981 295.8800000000209
14795 1.427680159173592 295.9000000000208
14796 1.428066628071194 295.9200000000208
14797 1.430454826334321 295.9400000000208
14798 1.435211050651755 295.9600000000208
14799 1.442124670537634 295.9800000000208
14800 1.451565034523637 296.0000000000207
14801 1.463278111932735 296.0200000000207
14802 1.477439004915237 296.0400000000207
14803 1.493481737357767 296.0600000000207
14804 1.512036449003662 296.0800000000207
14805 1.533197457624427 296.1000000000207
14806 1.55598281977817 296.1200000000206
14807 1.580875350319424 296.1400000000206
14808 1.608391538222181 296.1600000000206
14809 1.637668310318551 296.1800000000206
14810 1.668551870632773 296.2000000000206
14811 1.701572738353849 296.2200000000205
14812 1.736527915039661 296.2400000000205
14813 1.773894732587957 296.2600000000205
14814 1.812469713736562 296.2800000000205
14815 1.851731258613805 296.3000000000205
14816 1.892612282829814 296.3200000000205
14817 1.934830255132319 296.3400000000204
14818 1.978343150862144 296.3600000000204
14819 2.022306307925419 296.3800000000204
14820 2.067240582401362 296.4000000000204
14821 2.112518492768984 296.4200000000204
14822 2.15871119491359 296.4400000000203
14823 2.205185101547055 296.4600000000203
14824 2.251907598936112 296.4800000000203
14825 2.298698561889272 296.5000000000203
14826 2.345875715712663 296.5200000000203
14827 2.392085802136688 296.5400000000203
14828 2.43786674154719 296.5600000000202
14829 2.483156281039525 296.5800000000202
14830 2.52776186641741 296.6000000000202
14831 2.571456896227602 296.6200000000202
14832 2.614012581381621 296.6400000000202
14833 2.655122205972379 296.6600000000201
14834 2.695112522460519 296.6800000000201
14835 2.733123317056467 296.7000000000201
14836 2.769452883463396 296.7200000000201
14837 2.803807413671554 296.7400000000201
14838 2.836165665482902 296.7600000000201
14839 2.866723242372851 296.78000000002
14840 2.895466983020699 296.80000000002
14841 2.921432111504968 296.82000000002
14842 2.945111490852021 296.84000000002
14843 2.9660974087226 296.86000000002
14844 2.985063222018911 296.8800000000199
14845 3.001475983171307 296.9000000000199
14846 3.015220689574579 296.9200000000199
14847 3.026365029370169 296.9400000000199
14848 3.034953942614743 296.9600000000199
14849 3.041016435111444 296.9800000000199
14850 3.044431162575979 297.0000000000198
14851 3.044988162230891 297.0200000000198
14852 3.043083290187847 297.0400000000198
14853 3.038866961516582 297.0600000000198
14854 3.032092664469634 297.0800000000198
14855 3.022687283295342 297.1000000000197
14856 3.010701606923961 297.1200000000197
14857 2.996500543518451 297.1400000000197
14858 2.980274641105986 297.1600000000197
14859 2.961884826740827 297.1800000000197
14860 2.941306443083648 297.2000000000197
14861 2.918507290514513 297.2200000000196
14862 2.893967192811125 297.2400000000196
14863 2.867727204395427 297.2600000000196
14864 2.839659709160162 297.2800000000196
14865 2.810042398295874 297.3000000000196
14866 2.77904651178643 297.3200000000195
14867 2.746583820366301 297.3400000000195
14868 2.71276908155679 297.3600000000195
14869 2.678048594079566 297.3800000000195
14870 2.642056003949215 297.4000000000195
14871 2.605246981004602 297.4200000000195
14872 2.567593236157175 297.4400000000194
14873 2.529106948856715 297.4600000000194
14874 2.490179185164947 297.4800000000194
14875 2.450647535902908 297.5000000000194
14876 2.410653239332754 297.5200000000194
14877 2.370396518554834 297.5400000000193
14878 2.329960765720633 297.5600000000193
14879 2.289232388631324 297.5800000000193
14880 2.248593467849866 297.6000000000193
14881 2.208102599739273 297.6200000000193
14882 2.167806231522169 297.6400000000193
14883 2.127677740997614 297.6600000000192
14884 2.087956386166185 297.6800000000192
14885 2.048674136447105 297.7000000000192
14886 2.010024977250784 297.7200000000192
14887 1.971814799236515 297.7400000000192
14888 1.934410395739251 297.7600000000191
14889 1.897529858505127 297.7800000000191
14890 1.861888696103866 297.8000000000191
14891 1.827078642280854 297.8200000000191
14892 1.792931886404542 297.8400000000191
14893 1.75996379419093 297.8600000000191
14894 1.728270292911277 297.880000000019
14895 1.697896806712194 297.900000000019
14896 1.668741923473927 297.920000000019
14897 1.640798784509213 297.940000000019
14898 1.614613089449315 297.960000000019
14899 1.589746568151479 297.9800000000189
14900 1.566580633870176 298.0000000000189
14901 1.545086773773624 298.0200000000189
14902 1.525383797187852 298.0400000000189
14903 1.50762380655758 298.0600000000189
14904 1.491462655981478 298.0800000000189
14905 1.477809906347243 298.1000000000188
14906 1.465886980943325 298.1200000000188
14907 1.455767112831647 298.1400000000188
14908 1.447531237706773 298.1600000000188
14909 1.44136326904912 298.1800000000188
14910 1.437384476455116 298.2000000000187
14911 1.435787258341636 298.2200000000187
14912 1.436655419685114 298.2400000000187
14913 1.439959789555664 298.2600000000187
14914 1.445095724713943 298.2800000000187
14915 1.45192719416282 298.3000000000187
14916 1.461062474242009 298.3200000000186
14917 1.472852362444346 298.3400000000186
14918 1.487768106045898 298.3600000000186
14919 1.504352411202851 298.3800000000186
14920 1.523152316305242 298.4000000000186
14921 1.544093219173905 298.4200000000185
14922 1.567370468175723 298.4400000000185
14923 1.593114280522626 298.4600000000185
14924 1.621052621587373 298.4800000000185
14925 1.650698896861444 298.5000000000185
14926 1.682417712008913 298.5200000000185
14927 1.715662627200763 298.5400000000184
14928 1.751160153260813 298.5600000000184
14929 1.78838190208638 298.5800000000184
14930 1.827333475670549 298.6000000000184
14931 1.867554900623181 298.6200000000184
14932 1.909425441987801 298.6400000000183
14933 1.952582997503489 298.6600000000183
14934 1.996685011504482 298.6800000000183
14935 2.041371318958068 298.7000000000183
14936 2.087341008246099 298.7200000000183
14937 2.133446527322632 298.7400000000183
14938 2.180694082689279 298.7600000000182
14939 2.227674805161246 298.7800000000182
14940 2.275032603359739 298.8000000000182
14941 2.322482003076394 298.8200000000182
14942 2.369818387446029 298.8400000000182
14943 2.416504055126363 298.8600000000181
14944 2.462875057870482 298.8800000000181
14945 2.508638222106037 298.9000000000181
14946 2.553486173009857 298.9200000000181
14947 2.59724859791358 298.9400000000181
14948 2.639961406091814 298.9600000000181
14949 2.681318139068349 298.980000000018
14950 2.721071510849709 299.000000000018
14951 2.759085186859948 299.020000000018
14952 2.795094516166688 299.040000000018
14953 2.829126069198774 299.060000000018
14954 2.861423166572973 299.0800000000179
14955 2.891591365535533 299.1000000000179
14956 2.919306876754736 299.1200000000179
14957 2.944622896884421 299.1400000000179
14958 2.967470539358071 299.1600000000179
14959 2.98808663692648 299.1800000000179
14960 3.00579662763136 299.2000000000178
14961 3.020994077863968 299.2200000000178
14962 3.033496138540704 299.2400000000178
14963 3.043404194331087 299.2600000000178
14964 3.050654915914757 299.2800000000178
14965 3.055305090469326 299.3000000000177
14966 3.057210535447929 299.3200000000177
14967 3.056440544677417 299.3400000000177
14968 3.053132872075705 299.3600000000177
14969 3.047215102240427 299.3800000000177
14970 3.038940072507452 299.4000000000177
14971 3.028086993540132 299.4200000000176
14972 3.014677566898229 299.4400000000176
14973 2.998838044404579 299.4600000000176
14974 2.98100160282238 299.4800000000176
14975 2.96111874485019 299.5000000000176
14976 2.939121478281905 299.5200000000175
14977 2.915132757644341 299.5400000000175
14978 2.889412927461264 299.5600000000175
14979 2.86171080773964 299.5800000000175
14980 2.832409464491497 299.6000000000175
14981 2.801708927023688 299.6200000000175
14982 2.769510746244489 299.6400000000174
14983 2.735908674152445 299.6600000000174
14984 2.701033977519323 299.6800000000174
14985 2.665009000051211 299.7000000000174
14986 2.628032022748709 299.7200000000174
14987 2.59018509954585 299.7400000000173
14988 2.55152881859249 299.7600000000173
14989 2.512202248166848 299.7800000000173
14990 2.472404933930537 299.8000000000173
14991 2.431828967966289 299.8200000000173
14992 2.390835813152089 299.8400000000173
14993 2.349832543634143 299.8600000000172
14994 2.308667094976738 299.8800000000172
14995 2.267406310437259 299.9000000000172
14996 2.226325431110231 299.9200000000172
14997 2.185438255343946 299.9400000000172
14998 2.144573397213177 299.9600000000171
14999 2.103994874411097 299.9800000000171
15000 2.063963224551038 300.0000000000171
15001 2.024583237759578 300.0200000000171
15002 1.985558604823795 300.0400000000171
15003 1.947258128572796 300.0600000000171
15004 1.909820879357611 300.080000000017
15005 1.873203346240087 300.100000000017
15006 1.837430490709281 300.120000000017
15007 1.802495808809432 300.140000000017
15008 1.768836222293233 300.160000000017
15009 1.736296300446955 300.1800000000169
15010 1.705107430557758 300.2000000000169
15011 1.675207984502255 300.2200000000169
15012 1.646684573866967 300.2400000000169
15013 1.619706377360809 300.2600000000169
15014 1.593949687324314 300.2800000000169
15015 1.570083573538201 300.3000000000168
15016 1.547850062807751 300.3200000000168
15017 1.527109097705312 300.3400000000168
15018 1.508127999531678 300.3600000000168
15019 1.491138823544992 300.3800000000168
15020 1.475971742837371 300.4000000000167
15021 1.46312769963768 300.4200000000167
15022 1.45200153460648 300.4400000000167
15023 1.442848256769602 300.4600000000167
15024 1.43549802282661 300.4800000000167
15025 1.430537250717869 300.5000000000167
15026 1.428016468422396 300.5200000000166
15027 1.427615609961554 300.5400000000166
15028 1.429180877028127 300.5600000000166
15029 1.432840023615867 300.5800000000166
15030 1.438747941961834 300.6000000000166
15031 1.447174915508089 300.6200000000165
15032 1.457769721608478 300.6400000000165
15033 1.470802108374835 300.6600000000165
15034 1.486154643467292 300.6800000000165
15035 1.503435728006649 300.7000000000165
15036 1.523469581174046 300.7200000000165
15037 1.545700782872481 300.7400000000164
15038 1.569450258794885 300.7600000000164
15039 1.595906721242088 300.7800000000164
15040 1.624455008404292 300.8000000000164
15041 1.654663290104818 300.8200000000164
15042 1.686622435781495 300.8400000000163
15043 1.720840221370103 300.8600000000163
15044 1.756993347509684 300.8800000000163
15045 1.795363375951003 300.9000000000163
15046 1.834051698668082 300.9200000000163
15047 1.874274828678176 300.9400000000163
15048 1.915906068412478 300.9600000000162
15049 1.95900372281533 300.9800000000162
15050 2.002685092895077 301.0000000000162
15051 2.047157179950588 301.0200000000162
15052 2.092367646427891 301.0400000000162
15053 2.138084081728043 301.0600000000161
15054 2.184549758022426 301.0800000000161
15055 2.23124220233422 301.1000000000161
15056 2.27780957613751 301.1200000000161
15057 2.324864353482085 301.1400000000161
15058 2.371796355489098 301.1600000000161
15059 2.417611225457725 301.180000000016
15060 2.4630960959702 301.200000000016
15061 2.507963766171137 301.220000000016
15062 2.552241720805586 301.240000000016
15063 2.595304171139243 301.260000000016
15064 2.636991316390653 301.2800000000159
15065 2.677635110900958 301.3000000000159
15066 2.716489058456547 301.3200000000159
15067 2.753453049634511 301.3400000000159
15068 2.788953405437606 301.3600000000159
15069 2.82204118161056 301.3800000000159
15070 2.853289848093782 301.4000000000158
15071 2.883075768462287 301.4200000000158
15072 2.910161940019047 301.4400000000158
15073 2.934970435760011 301.4600000000158
15074 2.957070976446093 301.4800000000158
15075 2.976926259912712 301.5000000000157
15076 2.994527975294339 301.5200000000157
15077 3.009491021221343 301.5400000000157
15078 3.021762569973607 301.5600000000157
15079 3.031480349959581 301.5800000000157
15080 3.038670285973663 301.6000000000157
15081 3.043305421297488 301.6200000000156
15082 3.045157233049404 301.6400000000156
15083 3.044287026797212 301.6600000000156
15084 3.041064073235665 301.6800000000156
15085 3.035498753019313 301.7000000000156
15086 3.027213574842468 301.7200000000155
15087 3.016414248801551 301.7400000000155
15088 3.003092655484761 301.7600000000155
15089 2.987778039344392 301.7800000000155
15090 2.970380058899797 301.8000000000155
15091 2.950789294260598 301.8200000000155
15092 2.92891435559029 301.8400000000154
15093 2.905134791794981 301.8600000000154
15094 2.879652387130325 301.8800000000154
15095 2.852380100946453 301.9000000000154
15096 2.82344701893459 301.9200000000154
15097 2.79300974741814 301.9400000000153
15098 2.761245235207175 301.9600000000153
15099 2.727983983930915 301.9800000000153
15100 2.693614821177226 302.0000000000153
15101 2.658206091774965 302.0200000000153
15102 2.621742923472818 302.0400000000153
15103 2.584455417093491 302.0600000000152
15104 2.546321006386049 302.0800000000152
15105 2.507619943923235 302.1000000000152
15106 2.468296286728256 302.1200000000152
15107 2.428489029076812 302.1400000000152
15108 2.388317622792509 302.1600000000151
15109 2.347996806946595 302.1800000000151
15110 2.307353343267667 302.2000000000151
15111 2.266663859968898 302.2200000000151
15112 2.226072209519586 302.2400000000151
15113 2.185686659625614 302.2600000000151
15114 2.145499949922081 302.280000000015
15115 2.10560770383435 302.300000000015
15116 2.066041795027854 302.320000000015
15117 2.027164701787433 302.340000000015
15118 1.988717466682349 302.360000000015
15119 1.950987633943303 302.3800000000149
15120 1.913849092400816 302.4000000000149
15121 1.877720479175696 302.4200000000149
15122 1.842407696290238 302.4400000000149
15123 1.808077784316668 302.4600000000149
15124 1.774484578905398 302.4800000000149
15125 1.74218155924222 302.5000000000148
15126 1.711270332113692 302.5200000000148
15127 1.681501512245628 302.5400000000148
15128 1.653121071541903 302.5600000000148
15129 1.625991480349732 302.5800000000148
15130 1.600660922438801 302.6000000000147
15131 1.576598492652149 302.6200000000147
15132 1.554431512808104 302.6400000000147
15133 1.53393201977552 302.6600000000147
15134 1.515274498505108 302.6800000000147
15135 1.498399024406172 302.7000000000147
15136 1.483640823783178 302.7200000000146
15137 1.471015906727068 302.7400000000146
15138 1.460021971069147 302.7600000000146
15139 1.450983421104165 302.7800000000146
15140 1.443813028492526 302.8000000000146
15141 1.438919730079222 302.8200000000145
15142 1.436263339549823 302.8400000000145
15143 1.435951852081939 302.8600000000145
15144 1.438221828584254 302.8800000000145
15145 1.442598368428371 302.9000000000145
15146 1.448605234436403 302.9200000000145
15147 1.456631253836133 302.9400000000144
15148 1.467242155829874 302.9600000000144
15149 1.480845203516452 302.9800000000144
15150 1.496692917894944 303.0000000000144
15151 1.514502285760425 303.0200000000144
15152 1.534515616309628 303.0400000000143
15153 1.556783751339541 303.0600000000143
15154 1.58135178846217 303.0800000000143
15155 1.60834969061939 303.1000000000143
15156 1.637248459864254 303.1200000000143
15157 1.668218951165137 303.1400000000143
15158 1.700686208775341 303.1600000000142
15159 1.735099871747057 303.1800000000142
15160 1.771675947443393 303.2000000000142
15161 1.809884950835576 303.2200000000142
15162 1.849432897211756 303.2400000000142
15163 1.890675952134663 303.2600000000141
15164 1.933213881457565 303.2800000000141
15165 1.976999270094612 303.3000000000141
15166 2.021446818240473 303.3200000000141
15167 2.066722788697231 303.3400000000141
15168 2.112867276575275 303.3600000000141
15169 2.159682674131291 303.380000000014
15170 2.206720981509749 303.400000000014
15171 2.254064888943293 303.420000000014
15172 2.301299380961132 303.440000000014
15173 2.348886488915451 303.460000000014
15174 2.395814233203717 303.4800000000139
15175 2.44226836394166 303.5000000000139
15176 2.488430505956474 303.5200000000139
15177 2.533727912357758 303.5400000000139
15178 2.577971293848215 303.5600000000139
15179 2.621084659797087 303.5800000000139
15180 2.663157483058104 303.6000000000138
15181 2.703552820316086 303.6200000000138
15182 2.742433926464866 303.6400000000138
15183 2.7793709471803 303.6600000000138
15184 2.814245742270965 303.6800000000138
15185 2.847279945115864 303.7000000000137
15186 2.878468982430172 303.7200000000137
15187 2.907371582664546 303.7400000000137
15188 2.933553431443963 303.7600000000137
15189 2.957609644570891 303.7800000000137
15190 2.979231874848414 303.8000000000137
15191 2.998264598989783 303.8200000000136
15192 3.014544291958035 303.8400000000136
15193 3.028290257535919 303.8600000000136
15194 3.039306328658701 303.8800000000136
15195 3.047803511198768 303.9000000000136
15196 3.053563771077372 303.9200000000135
15197 3.056739362110794 303.9400000000135
15198 3.057099365490967 303.9600000000135
15199 3.054957794446403 303.9800000000135
15200 3.050167681724495 304.0000000000135
15201 3.042896056542537 304.0200000000135
15202 3.033229979806537 304.0400000000134
15203 3.020978251959231 304.0600000000134
15204 3.006172100883748 304.0800000000134
15205 2.989191754263359 304.1000000000134
15206 2.97024285814996 304.1200000000134
15207 2.949160785002099 304.1400000000133
15208 2.926043689163595 304.1600000000133
15209 2.901132573431603 304.1800000000133
15210 2.874236118580995 304.2000000000133
15211 2.845654667827111 304.2200000000133
15212 2.815586366472473 304.2400000000133
15213 2.78399921097945 304.2600000000132
15214 2.751018007413127 304.2800000000132
15215 2.716739898581024 304.3000000000132
15216 2.681156404627897 304.3200000000132
15217 2.644617938519724 304.3400000000132
15218 2.607125733062618 304.3600000000131
15219 2.568831336006763 304.3800000000131
15220 2.529790563280403 304.4000000000131
15221 2.490189472386485 304.4200000000131
15222 2.449999780310798 304.4400000000131
15223 2.409134663870047 304.4600000000131
15224 2.368143763446001 304.480000000013
15225 2.327013347867577 304.500000000013
15226 2.285771862685104 304.520000000013
15227 2.244566745050272 304.540000000013
15228 2.203619519268448 304.560000000013
15229 2.162750109833287 304.5800000000129
15230 2.122007347095332 304.6000000000129
15231 2.081714698573324 304.6200000000129
15232 2.042058713471929 304.6400000000129
15233 2.002915207355706 304.6600000000129
15234 1.964174586161143 304.6800000000129
15235 1.926377115228532 304.7000000000128
15236 1.889389963778891 304.7200000000128
15237 1.853267968621676 304.7400000000128
15238 1.817910856668326 304.7600000000128
15239 1.78360629446376 304.7800000000128
15240 1.750623800332168 304.8000000000127
15241 1.718776827762936 304.8200000000127
15242 1.688424498901646 304.8400000000127
15243 1.659162613612781 304.8600000000127
15244 1.631556244606304 304.8800000000127
15245 1.605229205797467 304.9000000000127
15246 1.580486330163674 304.9200000000126
15247 1.557546472484216 304.9400000000126
15248 1.536187183853365 304.9600000000126
15249 1.516261014867709 304.9800000000126
15250 1.498515187541718 305.0000000000126
15251 1.48247699932075 305.0200000000125
15252 1.468666078284054 305.0400000000125
15253 1.45675180266725 305.0600000000125
15254 1.446681614011802 305.0800000000125
15255 1.438524719957775 305.1000000000125
15256 1.432423290829134 305.1200000000125
15257 1.428739264411127 305.1400000000124
15258 1.42769964321535 305.1600000000124
15259 1.428257628631118 305.1800000000124
15260 1.430896335280301 305.2000000000124
15261 1.435874402451196 305.2200000000124
15262 1.443108717335556 305.2400000000123
15263 1.452765085390868 305.2600000000123
15264 1.464726267014977 305.2800000000123
15265 1.479175631998194 305.3000000000123
15266 1.495376376639966 305.3200000000123
15267 1.514277394437925 305.3400000000123
15268 1.535706856476823 305.3600000000122
15269 1.558646457209843 305.3800000000122
15270 1.583820009137468 305.4000000000122
15271 1.611577162796417 305.4200000000122
15272 1.641047951390957 305.4400000000122
15273 1.672138508443387 305.4600000000121
15274 1.70537735025824 305.4800000000121
15275 1.740585235393762 305.5000000000121
15276 1.778196520713959 305.5200000000121
15277 1.816776635513031 305.5400000000121
15278 1.856240257392285 305.5600000000121
15279 1.897246114533668 305.580000000012
15280 1.939667971231847 305.600000000012
15281 1.983237136319548 305.620000000012
15282 2.027284309985408 305.640000000012
15283 2.07229612252926 305.660000000012
15284 2.117624539255738 305.6800000000119
15285 2.163912473946862 305.7000000000119
15286 2.210435404527326 305.7200000000119
15287 2.257110533938584 305.7400000000119
15288 2.303961676812863 305.7600000000119
15289 2.351116075608798 305.7800000000119
15290 2.397211974034275 305.8000000000118
15291 2.442948413615295 305.8200000000118
15292 2.488185201461487 305.8400000000118
15293 2.532744099408024 305.8600000000118
15294 2.576263223191704 305.8800000000118
15295 2.618691131107202 305.9000000000117
15296 2.659671503760715 305.9200000000117
15297 2.69945768670889 305.9400000000117
15298 2.737251595407812 305.9600000000117
15299 2.773453305958658 305.9800000000117
15300 2.807544564353524 306.0000000000117
15301 2.8396545945806 306.0200000000116
15302 2.870101652410776 306.0400000000116
15303 2.898523315587591 306.0600000000116
15304 2.924204603728248 306.0800000000116
15305 2.947606680122597 306.1000000000116
15306 2.968346375522674 306.1200000000115
15307 2.987052949911749 306.1400000000115
15308 3.003178117000255 306.1600000000115
15309 3.016617666251176 306.1800000000115
15310 3.02746588646164 306.2000000000115
15311 3.035778214308963 306.2200000000115
15312 3.041558281378467 306.2400000000114
15313 3.044671385534853 306.2600000000114
15314 3.044916576247147 306.2800000000114
15315 3.042765846585419 306.3000000000114
15316 3.03827838753218 306.3200000000114
15317 3.031195376701996 306.3400000000113
15318 3.02151451465785 306.3600000000113
15319 3.009249100781973 306.3800000000113
15320 2.994832891283617 306.4000000000113
15321 2.978368076194243 306.4200000000113
15322 2.959731521881811 306.4400000000113
15323 2.938897949984615 306.4600000000112
15324 2.915869712335441 306.4800000000112
15325 2.891172904161744 306.5000000000112
15326 2.86471845329143 306.5200000000112
15327 2.836478945753092 306.5400000000112
15328 2.806684756951514 306.5600000000111
15329 2.775553074951882 306.5800000000111
15330 2.742899768883131 306.6000000000111
15331 2.708975428814918 306.6200000000111
15332 2.674116509444958 306.6400000000111
15333 2.638032662561409 306.6600000000111
15334 2.601116792565205 306.680000000011
15335 2.5633789370499 306.700000000011
15336 2.524826879405995 306.720000000011
15337 2.485834417833403 306.740000000011
15338 2.446243975605414 306.760000000011
15339 2.406208527358335 306.7800000000109
15340 2.365947941026123 306.8000000000109
15341 2.325463547312751 306.8200000000109
15342 2.284732179749875 306.8400000000109
15343 2.244102532217371 306.8600000000109
15344 2.203609880034299 306.8800000000109
15345 2.163350575884568 306.9000000000108
15346 2.123261245864903 306.9200000000108
15347 2.083576298633075 306.9400000000108
15348 2.044364646284183 306.9600000000108
15349 2.005764291677134 306.9800000000108
15350 1.967641325553455 307.0000000000107
15351 1.930355834552615 307.0200000000107
15352 1.893547249942733 307.0400000000107
15353 1.857962598151481 307.0600000000107
15354 1.823274831844435 307.0800000000107
15355 1.789198523333344 307.1000000000107
15356 1.756370832991923 307.1200000000106
15357 1.724837468280376 307.1400000000106
15358 1.694585950326525 307.1600000000106
15359 1.66561284547988 307.1800000000106
15360 1.63776693324783 307.2000000000106
15361 1.611800073161968 307.2200000000105
15362 1.58706906564998 307.2400000000105
15363 1.564113721129933 307.2600000000105
15364 1.542826425407752 307.2800000000105
15365 1.523289733046757 307.3000000000105
15366 1.50572818427527 307.3200000000105
15367 1.489853908808328 307.3400000000104
15368 1.476385269594845 307.3600000000104
15369 1.464657140437909 307.3800000000104
15370 1.454756603063808 307.4000000000104
15371 1.446695669834113 307.4200000000104
15372 1.440848661384848 307.4400000000103
15373 1.437089226216221 307.4600000000103
15374 1.435734457653798 307.4800000000103
15375 1.436925872029619 307.5000000000103
15376 1.440492525467268 307.5200000000103
15377 1.44573016776926 307.5400000000103
15378 1.452770619499635 307.5600000000102
15379 1.462255766361849 307.5800000000102
15380 1.474372476463256 307.6000000000102
15381 1.489547876034337 307.6200000000102
15382 1.506312037668045 307.6400000000102
15383 1.525345028132154 307.6600000000101
15384 1.546559270669974 307.6800000000101
15385 1.570093621914103 307.7000000000101
15386 1.5961140403669 307.7200000000101
15387 1.624228503096996 307.7400000000101
15388 1.654154521383277 307.7600000000101
15389 1.686025579739349 307.78000000001
15390 1.719452413746054 307.80000000001
15391 1.75522376715784 307.82000000001
15392 1.792614857788435 307.84000000001
15393 1.83170800951867 307.86000000001
15394 1.872133595808155 307.8800000000099
15395 1.914116206232637 307.9000000000099
15396 1.957436259590132 307.9200000000099
15397 2.001613693079701 307.9400000000099
15398 2.046360983109333 307.9600000000099
15399 2.092429383108271 307.9800000000099
15400 2.138624815811847 308.0000000000098
15401 2.185880858775302 308.0200000000098
15402 2.232929383158226 308.0400000000098
15403 2.280216354105903 308.0600000000098
15404 2.327751726053235 308.0800000000098
15405 2.374990914561931 308.1000000000097
15406 2.421617125160191 308.1200000000097
15407 2.46798288460362 308.1400000000097
15408 2.513635391490227 308.1600000000097
15409 2.55836706542612 308.1800000000097
15410 2.601992645439116 308.2000000000097
15411 2.644614016680259 308.2200000000096
15412 2.685757027899316 308.2400000000096
15413 2.725349491870385 308.2600000000096
15414 2.76315189649022 308.2800000000096
15415 2.798958787214086 308.3000000000096
15416 2.832790644381039 308.3200000000095
15417 2.864857214993076 308.3400000000095
15418 2.894788230762452 308.3600000000095
15419 2.922183593425705 308.3800000000095
15420 2.947294375081364 308.4000000000095
15421 2.969861306145847 308.4200000000095
15422 2.990197279998684 308.4400000000094
15423 3.007607710813757 308.4600000000094
15424 3.022526946748478 308.4800000000094
15425 3.034707722599038 308.5000000000094
15426 3.044344722062242 308.5200000000094
15427 3.051292410065919 308.5400000000093
15428 3.055672658508595 308.5600000000093
15429 3.057260553395286 308.5800000000093
15430 3.056231309153642 308.6000000000093
15431 3.052597227336604 308.6200000000093
15432 3.046443020581571 308.6400000000093
15433 3.037868251314817 308.6600000000092
15434 3.026780243288148 308.6800000000092
15435 3.013049426614734 308.7000000000092
15436 2.996990453060221 308.7200000000092
15437 2.978932909609814 308.7400000000092
15438 2.9588122343527 308.7600000000091
15439 2.936588389700338 308.7800000000091
15440 2.912400573102246 308.8000000000091
15441 2.886444381199756 308.8200000000091
15442 2.858572537983082 308.8400000000091
15443 2.829110153324046 308.8600000000091
15444 2.7982403369185 308.880000000009
15445 2.765887669169937 308.900000000009
15446 2.732145299902113 308.920000000009
15447 2.697134843811186 308.940000000009
15448 2.661007486724715 308.960000000009
15449 2.623923029358056 308.9800000000089
15450 2.585987465012341 309.0000000000089
15451 2.547255029556096 309.0200000000089
15452 2.507854408257387 309.0400000000089
15453 2.467992330161704 309.0600000000089
15454 2.427342374064929 309.0800000000089
15455 2.386332088441691 309.1000000000088
15456 2.345327789775916 309.1200000000088
15457 2.30414866438181 309.1400000000088
15458 2.262890309705086 309.1600000000088
15459 2.221837201114888 309.1800000000088
15460 2.180960052779674 309.2000000000087
15461 2.140105666483414 309.2200000000087
15462 2.099584173930714 309.2400000000087
15463 2.059611847916043 309.2600000000087
15464 2.020294335189003 309.2800000000087
15465 1.98131537108913 309.3000000000087
15466 1.943108352752164 309.3200000000086
15467 1.905758280940351 309.3400000000086
15468 1.869229408237504 309.3600000000086
15469 1.833546411645465 309.3800000000086
15470 1.798718137304662 309.4000000000086
15471 1.765196093373467 309.4200000000085
15472 1.732785679362219 309.4400000000085
15473 1.701783820647345 309.4600000000085
15474 1.671948824518322 309.4800000000085
15475 1.643654593970576 309.5000000000085
15476 1.616818138599119 309.5200000000085
15477 1.591262580043966 309.5400000000084
15478 1.567558416323144 309.5600000000084
15479 1.545502465877217 309.5800000000084
15480 1.52491732450381 309.6000000000084
15481 1.506190752035544 309.6200000000084
15482 1.489404016032116 309.6400000000083
15483 1.474467144386403 309.6600000000083
15484 1.461835770740659 309.6800000000083
15485 1.450902613742705 309.7000000000083
15486 1.44195594191227 309.7200000000083
15487 1.434854221739771 309.7400000000083
15488 1.430209158418055 309.7600000000082
15489 1.427914599446157 309.7800000000082
15490 1.427702823698882 309.8000000000082
15491 1.429514443570721 309.8200000000082
15492 1.433430122791253 309.8400000000082
15493 1.439538132600927 309.8600000000081
15494 1.448261633550084 309.8800000000081
15495 1.459134046951451 309.9000000000081
15496 1.472433762100832 309.9200000000081
15497 1.487979110415556 309.9400000000081
15498 1.505576662658717 309.9600000000081
15499 1.525895991735987 309.980000000008
15500 1.548264061580304 310.000000000008
15501 1.572297500753561 310.020000000008
15502 1.599063977148523 310.040000000008
15503 1.627789395741612 310.060000000008
15504 1.658131070276821 310.0800000000079
15505 1.690381814006401 310.1000000000079
15506 1.724801763212982 310.1200000000079
15507 1.761224204392306 310.1400000000079
15508 1.799704038644302 310.1600000000079
15509 1.838503446309742 310.1800000000079
15510 1.878899502731664 310.2000000000078
15511 1.920682731737692 310.2200000000078
15512 1.963908206134791 310.2400000000078
15513 2.007629584882274 310.2600000000078
15514 2.052245114565873 310.2800000000078
15515 2.097458781388198 310.3000000000077
15516 2.143301706287037 310.3200000000077
15517 2.18976745020692 310.3400000000077
15518 2.236499688111954 310.3600000000077
15519 2.283103545065613 310.3800000000077
15520 2.33019866065587 310.4000000000077
15521 2.376957100074956 310.4200000000076
15522 2.422769460126372 310.4400000000076
15523 2.468210472767975 310.4600000000076
15524 2.512993875478166 310.4800000000076
15525 2.557145137576911 310.5000000000076
15526 2.600096258150796 310.5200000000075
15527 2.641620125544799 310.5400000000075
15528 2.682128065502451 310.5600000000075
15529 2.720769199864602 310.5800000000075
15530 2.757577230055008 310.6000000000075
15531 2.792799060616444 310.6200000000075
15532 2.825695472453364 310.6400000000074
15533 2.856736460611433 310.6600000000074
15534 2.886316902472303 310.6800000000074
15535 2.91314135588215 310.7000000000074
15536 2.937631436536628 310.7200000000074
15537 2.959446099777108 310.7400000000073
15538 2.979081351212983 310.7600000000073
15539 2.996392342007001 310.7800000000073
15540 3.011066115164742 310.8000000000073
15541 3.023045165792278 310.8200000000073
15542 3.03247293726893 310.8400000000073
15543 3.039384219570037 310.8600000000072
15544 3.04371934264245 310.8800000000072
15545 3.045234155474432 310.9000000000072
15546 3.044099571517494 310.9200000000072
15547 3.040617039040935 310.9400000000072
15548 3.034761291959884 310.9600000000071
15549 3.026190152224872 310.9800000000071
15550 3.015084510065762 311.0000000000071
15551 3.001535476500395 311.0200000000071
15552 2.985990428068433 311.0400000000071
15553 2.968344261507613 311.0600000000071
15554 2.948508726764258 311.080000000007
15555 2.926393792588738 311.100000000007
15556 2.90242752614992 311.120000000007
15557 2.876742612091266 311.140000000007
15558 2.84926370430795 311.160000000007
15559 2.820166293379007 311.1800000000069
15560 2.789576095977162 311.2000000000069
15561 2.757646433621728 311.2200000000069
15562 2.724235585459605 311.2400000000069
15563 2.689763993121702 311.2600000000069
15564 2.654202188194328 311.2800000000069
15565 2.617651165915173 311.3000000000068
15566 2.580268336715304 311.3200000000068
15567 2.542046446407514 311.3400000000068
15568 2.503282072388689 311.3600000000068
15569 2.463904771657754 311.3800000000068
15570 2.424043021685503 311.4000000000067
15571 2.383849180210349 311.4200000000067
15572 2.343507869897394 311.4400000000067
15573 2.302833169306135 311.4600000000067
15574 2.26215125487708 311.4800000000067
15575 2.221556191422333 311.5000000000067
15576 2.181214085549259 311.5200000000066
15577 2.141042549063795 311.5400000000066
15578 2.10119545927698 311.5600000000066
15579 2.061676977047715 311.5800000000066
15580 2.022889229411949 311.6000000000066
15581 1.984470299739937 311.6200000000065
15582 1.946835480646466 311.6400000000065
15583 1.909765589780905 311.6600000000065
15584 1.873735372407801 311.6800000000065
15585 1.838569245458032 311.7000000000065
15586 1.804202485719092 311.7200000000065
15587 1.770832039970098 311.7400000000064
15588 1.738670135726884 311.7600000000064
15589 1.707905511880807 311.7800000000064
15590 1.678274266804549 311.8000000000064
15591 1.650000038835685 311.8200000000064
15592 1.623111664554258 311.8400000000063
15593 1.597897427070227 311.8600000000063
15594 1.574063865851787 311.8800000000063
15595 1.552072914188547 311.9000000000063
15596 1.531758691309107 311.9200000000063
15597 1.513348316925902 311.9400000000063
15598 1.496604138256519 311.9600000000062
15599 1.482137239722243 311.9800000000062
15600 1.46968973354774 312.0000000000062
15601 1.458969077861437 312.0200000000062
15602 1.450118811784708 312.0400000000062
15603 1.443167431694654 312.0600000000061
15604 1.438490514560983 312.0800000000061
15605 1.436115228787594 312.1000000000061
15606 1.436095877310855 312.1200000000061
15607 1.438621805124726 312.1400000000061
15608 1.443208819893613 312.1600000000061
15609 1.449382581585872 312.180000000006
15610 1.457677927155818 312.200000000006
15611 1.468606034986145 312.220000000006
15612 1.482541841599569 312.240000000006
15613 1.498584323883726 312.260000000006
15614 1.516629822589326 312.2800000000059
15615 1.536883083821324 312.3000000000059
15616 1.559433457478415 312.3200000000059
15617 1.584255700947995 312.3400000000059
15618 1.611509927371176 312.3600000000059
15619 1.640583552239938 312.3800000000059
15620 1.671801496589043 312.4000000000058
15621 1.704427122956943 312.4200000000058
15622 1.739106225320814 312.4400000000058
15623 1.775837734143295 312.4600000000058
15624 1.814244371824886 312.4800000000058
15625 1.853951911350858 312.5000000000057
15626 1.895373647313959 312.5200000000057
15627 1.938043764538493 312.5400000000057
15628 1.981933301853068 312.5600000000057
15629 2.026442493179323 312.5800000000057
15630 2.071887228342988 312.6000000000057
15631 2.118028135056363 312.6200000000056
15632 2.164984962996669 312.6400000000056
15633 2.211942964508697 312.6600000000056
15634 2.259345657402313 312.6800000000056
15635 2.306633111448609 312.7000000000056
15636 2.354145565474229 312.7200000000055
15637 2.401002985626734 312.7400000000055
15638 2.447446292641803 312.7600000000055
15639 2.493508769158007 312.7800000000055
15640 2.538718639166432 312.8000000000055
15641 2.582854562468672 312.8200000000055
15642 2.625848299830734 312.8400000000054
15643 2.667755337052246 312.8600000000054
15644 2.707983294905039 312.8800000000054
15645 2.746678998055207 312.9000000000054
15646 2.783385220679979 312.9200000000054
15647 2.81802272062709 312.9400000000053
15648 2.850879112848848 312.9600000000053
15649 2.88182989179984 312.9800000000053
15650 2.910471099996814 313.0000000000053
15651 2.936392807067119 313.0200000000053
15652 2.960160949447378 313.0400000000053
15653 2.981530941768991 313.0600000000052
15654 3.000235159957164 313.0800000000052
15655 3.01624168157897 313.1000000000052
15656 3.029686701533455 313.1200000000052
15657 3.040411300883596 313.1400000000052
15658 3.048609000502258 313.1600000000051
15659 3.054095618677908 313.1800000000051
15660 3.056958668460717 313.2000000000051
15661 3.057024929561295 313.2200000000051
15662 3.054601214884466 313.2400000000051
15663 3.049514946584224 313.260000000005
15664 3.041973843734595 313.280000000005
15665 3.032023969019678 313.300000000005
15666 3.019486836989724 313.320000000005
15667 3.00441704412932 313.340000000005
15668 2.987209026947981 313.360000000005
15669 2.968037332095811 313.3800000000049
15670 2.946719805053407 313.4000000000049
15671 2.923386221444212 313.4200000000049
15672 2.898291240361735 313.4400000000049
15673 2.871175808754106 313.4600000000049
15674 2.842409257824903 313.4800000000048
15675 2.812188074441394 313.5000000000048
15676 2.780441113174853 313.5200000000048
15677 2.747302848983131 313.5400000000048
15678 2.712876633591201 313.5600000000048
15679 2.677169151155627 313.5800000000048
15680 2.640520098182548 313.6000000000047
15681 2.602935972401056 313.6200000000047
15682 2.564547895190841 313.6400000000047
15683 2.525436640011491 313.6600000000047
15684 2.485782005496239 313.6800000000047
15685 2.445495453556436 313.7000000000046
15686 2.404601669631928 313.7200000000046
15687 2.363596491309617 313.7400000000046
15688 2.32246328160978 313.7600000000046
15689 2.28122561667204 313.7800000000046
15690 2.240042047395963 313.8000000000046
15691 2.199090722837536 313.8200000000045
15692 2.158234360049042 313.8400000000045
15693 2.117527967655563 313.8600000000045
15694 2.07728891458616 313.8800000000045
15695 2.037721376122236 313.9000000000045
15696 1.998592036503332 313.9200000000044
15697 1.959931546228919 313.9400000000044
15698 1.922236706652316 313.9600000000044
15699 1.885325383303502 313.9800000000044
15700 1.849302697971305 314.0000000000044
15701 1.814049260925327 314.0200000000044
15702 1.779956072357035 314.0400000000043
15703 1.747018476640229 314.0600000000043
15704 1.715333243951576 314.0800000000043
15705 1.685117162670811 314.1000000000043
15706 1.656031533065913 314.1200000000043
15707 1.628577238836565 314.1400000000042
15708 1.602393663255905 314.1600000000042
15709 1.577866412544436 314.1800000000042
15710 1.555099625796682 314.2000000000042
15711 1.533920889862857 314.2200000000042
15712 1.514185457172749 314.2400000000042
15713 1.4966516004079 314.2600000000041
15714 1.480812761812567 314.2800000000041
15715 1.467283079747846 314.3000000000041
15716 1.45552499931809 314.3200000000041
15717 1.445691876308905 314.3400000000041
15718 1.437739099743697 314.360000000004
15719 1.431923690465214 314.380000000004
15720 1.428564067381977 314.400000000004
15721 1.427668741155112 314.420000000004
15722 1.428470319083518 314.440000000004
15723 1.431372053399907 314.460000000004
15724 1.436613910781942 314.4800000000039
15725 1.444118603839094 314.5000000000039
15726 1.454015791891652 314.5200000000039
15727 1.466239405445263 314.5400000000039
15728 1.480963679439108 314.5600000000039
15729 1.497372389412366 314.5800000000038
15730 1.516589269601123 314.6000000000038
15731 1.538255808055222 314.6200000000038
15732 1.561390556080946 314.6400000000038
15733 1.58685350205952 314.6600000000038
15734 1.614855954295556 314.6800000000038
15735 1.644520964136549 314.7000000000037
15736 1.675802764595755 314.7200000000037
15737 1.70928868797014 314.7400000000037
15738 1.744754623727975 314.7600000000037
15739 1.782574398026715 314.7800000000037
15740 1.821180733282091 314.8000000000036
15741 1.860839227860423 314.8200000000036
15742 1.902005763088483 314.8400000000036
15743 1.944633340084089 314.8600000000036
15744 1.988222899809572 314.8800000000036
15745 2.032357153077767 314.9000000000036
15746 2.07744807090873 314.9200000000035
15747 2.122870238783603 314.9400000000035
15748 2.169217359737095 314.9600000000035
15749 2.215794443336939 314.9800000000035
15750 2.262399280866939 315.0000000000035
15751 2.309330114029849 315.0200000000034
15752 2.356438726412207 315.0400000000034
15753 2.402437640931885 315.0600000000034
15754 2.448137782894923 315.0800000000034
15755 2.493299196574484 315.1000000000034
15756 2.537785594943335 315.1200000000034
15757 2.581174430871888 315.1400000000033
15758 2.623437685150716 315.1600000000033
15759 2.664304160043852 315.1800000000033
15760 2.703854463145997 315.2000000000033
15761 2.741477251090953 315.2200000000033
15762 2.777496029596416 315.2400000000032
15763 2.81133805878085 315.2600000000032
15764 2.843182782736506 315.2800000000032
15765 2.873503203954662 315.3000000000032
15766 2.901585528696087 315.3200000000032
15767 2.927036474612105 315.3400000000032
15768 2.950110944303859 315.3600000000031
15769 2.97060979364857 315.3800000000031
15770 2.989055059269154 315.4000000000031
15771 3.004886553118469 315.4200000000031
15772 3.018011967025884 315.4400000000031
15773 3.028574538891204 315.460000000003
15774 3.036599013502876 315.480000000003
15775 3.04208600799274 315.500000000003
15776 3.044883417189114 315.520000000003
15777 3.044818427682332 315.540000000003
15778 3.04241734655499 315.560000000003
15779 3.037652219888039 315.5800000000029
15780 3.030250651337033 315.6000000000029
15781 3.02030165363476 315.6200000000029
15782 3.007752646659661 315.6400000000029
15783 2.993103276296145 315.6600000000029
15784 2.976395271648515 315.6800000000028
15785 2.957503893165027 315.7000000000028
15786 2.936425641260701 315.7200000000028
15787 2.913173692940342 315.7400000000028
15788 2.888307223357403 315.7600000000028
15789 2.861643643226008 315.7800000000028
15790 2.833224324178456 315.8000000000027
15791 2.803255994560183 315.8200000000027
15792 2.771974392739879 315.8400000000027
15793 2.73916354978846 315.8600000000027
15794 2.705091019155465 315.8800000000027
15795 2.670100518141524 315.9000000000026
15796 2.633925134956632 315.9200000000026
15797 2.596913697345064 315.9400000000026
15798 2.55906400874623 315.9600000000026
15799 2.520552172440196 315.9800000000026
15800 2.481394804923446 316.0000000000026
15801 2.441750996823759 316.0200000000025
15802 2.401667249329412 316.0400000000025
15803 2.361404259358077 316.0600000000025
15804 2.320881613128399 316.0800000000025
15805 2.280143933000075 316.1000000000025
15806 2.239523208527016 316.1200000000024
15807 2.199055012039593 316.1400000000024
15808 2.158813467870331 316.1600000000024
15809 2.118771148192519 316.1800000000024
15810 2.079109376229627 316.2000000000024
15811 2.039984526241133 316.2200000000024
15812 2.001426916481825 316.2400000000023
15813 1.963394392490755 316.2600000000023
15814 1.926123948469803 316.2800000000023
15815 1.88952544107936 316.3000000000023
15816 1.85398230847072 316.3200000000023
15817 1.819396461516706 316.3400000000022
15818 1.78542277798125 316.3600000000022
15819 1.752745141821959 316.3800000000022
15820 1.721362737456925 316.4000000000022
15821 1.691231249030557 316.4200000000022
15822 1.662455123498003 316.4400000000022
15823 1.634691765767224 316.4600000000021
15824 1.608939341361109 316.4800000000021
15825 1.584364037901642 316.5000000000021
15826 1.561647343602544 316.5200000000021
15827 1.540503845812954 316.5400000000021
15828 1.521198797964491 316.560000000002
15829 1.503839439910803 316.580000000002
15830 1.488221559972628 316.600000000002
15831 1.474986924108233 316.620000000002
15832 1.463408136817617 316.640000000002
15833 1.453763991601505 316.660000000002
15834 1.445893897044488 316.6800000000019
15835 1.440326693028571 316.7000000000019
15836 1.436830459360571 316.7200000000019
15837 1.435776784426788 316.7400000000019
15838 1.4372107629443 316.7600000000019
15839 1.441016214330691 316.7800000000018
15840 1.446404276220454 316.8000000000018
15841 1.453686219301979 316.8200000000018
15842 1.463446290615723 316.8400000000018
15843 1.475951431984139 316.8600000000018
15844 1.491320911843422 316.8800000000018
15845 1.508345963179273 316.9000000000017
15846 1.527644041345402 316.9200000000017
15847 1.549082955921471 316.9400000000017
15848 1.572912597326102 316.9600000000017
15849 1.599185245693408 316.9800000000017
15850 1.627464441573825 317.0000000000016
15851 1.657691705280246 317.0200000000016
15852 1.689716224967754 317.0400000000016
15853 1.723380533100436 317.0600000000016
15854 1.759363209323607 317.0800000000016
15855 1.796960262481464 317.1000000000016
15856 1.836165104915839 317.1200000000015
15857 1.876791544181588 317.1400000000015
15858 1.918903592939796 317.1600000000015
15859 1.962382188104219 317.1800000000015
15860 2.006639817673081 317.2000000000015
15861 2.051463141149791 317.2200000000014
15862 2.097579178772164 317.2400000000014
15863 2.143935827137747 317.2600000000014
15864 2.191152911906772 317.2800000000014
15865 2.238284381252054 317.3000000000014
15866 2.285522794590464 317.3200000000014
15867 2.333099425195829 317.3400000000013
15868 2.380278156903922 317.3600000000013
15869 2.426831090337002 317.3800000000013
15870 2.473171236485797 317.4000000000013
15871 2.518714362177748 317.4200000000013
15872 2.563334087549852 317.4400000000012
15873 2.606829489863244 317.4600000000012
15874 2.649328983471469 317.4800000000012
15875 2.690272675196483 317.5000000000012
15876 2.729702701105747 317.5200000000012
15877 2.767288160452409 317.5400000000012
15878 2.802903118186381 317.5600000000011
15879 2.836486553324382 317.5800000000011
15880 2.868332994437457 317.6000000000011
15881 2.898009230490159 317.6200000000011
15882 2.925074135580787 317.6400000000011
15883 2.949953422359748 317.660000000001
15884 2.972288258515859 317.680000000001
15885 2.992293938271009 317.700000000001
15886 3.009418929893458 317.720000000001
15887 3.024059003379096 317.740000000001
15888 3.035932203683231 317.760000000001
15889 3.045289105791366 317.7800000000009
15890 3.051925559647716 317.8000000000009
15891 3.056030107505143 317.8200000000009
15892 3.057291023577213 317.8400000000009
15893 3.055993149604786 317.8600000000009
15894 3.052077733722293 317.8800000000008
15895 3.045588214413732 317.9000000000008
15896 3.036808573594256 317.9200000000008
15897 3.025391907181897 317.9400000000008
15898 3.011381878915129 317.9600000000008
15899 2.995095168176484 317.9800000000008
15900 2.97680526839956 318.0000000000007
15901 2.956443118670638 318.0200000000007
15902 2.93398754619802 318.0400000000007
15903 2.909620827449301 318.0600000000007
15904 2.883433010941808 318.0800000000007
15905 2.85537512881807 318.1000000000006
15906 2.825741418003531 318.1200000000006
15907 2.79469743210677 318.1400000000006
15908 2.762192932931129 318.1600000000006
15909 2.728310449225792 318.1800000000006
15910 2.693154621917422 318.2000000000006
15911 2.656927591582188 318.2200000000005
15912 2.619734175851902 318.2400000000005
15913 2.581708080969912 318.2600000000005
15914 2.542900768536146 318.2800000000005
15915 2.503423986577636 318.3000000000005
15916 2.46350065224092 318.3200000000004
15917 2.422784760513854 318.3400000000004
15918 2.381747155912109 318.3600000000004
15919 2.340744436246546 318.3800000000004
15920 2.299548067078558 318.4000000000004
15921 2.258299825229507 318.4200000000004
15922 2.217263351040279 318.4400000000003
15923 2.176403230213455 318.4600000000003
15924 2.135567677428095 318.4800000000003
15925 2.095096970391988 318.5000000000003
15926 2.05520464032198 318.5200000000003
15927 2.015933528955298 318.5400000000002
15928 1.977007060789716 318.5600000000002
15929 1.938895475542377 318.5800000000002
15930 1.901635838591391 318.6000000000002
15931 1.865199116900981 318.6200000000002
15932 1.829594850065098 318.6400000000002
15933 1.794890399617246 318.6600000000001
15934 1.761508456797988 318.6800000000001
15935 1.729232000610735 318.7000000000001
15936 1.698399719972438 318.7200000000001
15937 1.668692700595329 318.7400000000001
15938 1.640593446048459 318.76
15939 1.613895303655477 318.78
15940 1.588532570199745 318.8
15941 1.565020857459298 318.82
15942 1.543136998850628 318.84
15943 1.522718158608885 318.86
15944 1.504243834376745 318.8799999999999
15945 1.487658583567291 318.8999999999999
15946 1.47299296383763 318.9199999999999
15947 1.460524949393535 318.9399999999999
15948 1.449833632540988 318.9599999999999
15949 1.441069875724919 318.9799999999998
15950 1.434217494851334 318.9999999999998
15951 1.429830895537414 319.0199999999998
15952 1.42781474293197 319.0399999999998
15953 1.42783213397167 319.0599999999998
15954 1.429869048358079 319.0799999999998
15955 1.43403106180953 319.0999999999997
15956 1.440412352095101 319.1199999999997
15957 1.449400361270082 319.1399999999997
15958 1.460555608863971 319.1599999999997
15959 1.474139286258316 319.1799999999997
15960 1.489879045336397 319.1999999999996
15961 1.507784360342716 319.2199999999996
15962 1.528392274480652 319.2399999999996
15963 1.550906638288184 319.2599999999996
15964 1.575227099644238 319.2799999999996
15965 1.602277092783481 319.2999999999996
15966 1.63119785786476 319.3199999999995
15967 1.661692607149753 319.3399999999995
15968 1.694235793943257 319.3599999999995
15969 1.72884239735656 319.3799999999995
15970 1.76556701205808 319.3999999999995
15971 1.804129474097714 319.4199999999994
15972 1.843052037766484 319.4399999999994
15973 1.883650386169054 319.4599999999994
15974 1.925551540258299 319.4799999999994
15975 1.968903026942601 319.4999999999994
15976 2.012695545054096 319.5199999999994
15977 2.057433375700799 319.5399999999993
15978 2.102683513873478 319.5599999999993
15979 2.148602198568193 319.5799999999993
15980 2.195106894406417 319.5999999999993
15981 2.24184533433513 319.6199999999993
15982 2.288491337285513 319.6399999999992
15983 2.335628632226417 319.6599999999992
15984 2.382213288277681 319.6799999999992
15985 2.42802180280232 319.6999999999992
15986 2.473417339965801 319.7199999999992
15987 2.518116258158453 319.7399999999992
15988 2.562142523077338 319.7599999999991
15989 2.604978790307279 319.7799999999991
15990 2.64633338179917 319.7999999999991
15991 2.686677641404416 319.8199999999991
15992 2.725128926712966 319.8399999999991
15993 2.761733625237445 319.859999999999
15994 2.796684711878957 319.879999999999
15995 2.82939127322344 319.899999999999
15996 2.86025580861745 319.919999999999
15997 2.889572651219343 319.939999999999
15998 2.91609412805061 319.959999999999
15999 2.940329893253789 319.9799999999989
16000 2.961842749002816 319.9999999999989
16001 2.981255350120048 320.0199999999989
16002 2.998263671977452 320.0399999999989
16003 3.012612990213712 320.0599999999989
16004 3.024289531812901 320.0799999999988
16005 3.033451540851318 320.0999999999988
16006 3.040060387268509 320.1199999999988
16007 3.044088475401383 320.1399999999988
16008 3.045274604951475 320.1599999999988
16009 3.043861746730284 320.1799999999988
16010 3.040128518708778 320.1999999999987
16011 3.033973293246427 320.2199999999987
16012 3.025097474669626 320.2399999999987
16013 3.013694218922599 320.2599999999987
16014 2.999910645412157 320.2799999999987
16015 2.984140477530662 320.2999999999986
16016 2.966228389274165 320.3199999999986
16017 2.946149322680752 320.3399999999986
16018 2.923785875796665 320.3599999999986
16019 2.899635362091602 320.3799999999986
16020 2.873746575034757 320.3999999999986
16021 2.846069370743066 320.4199999999985
16022 2.816795462474968 320.4399999999985
16023 2.786056082353532 320.4599999999985
16024 2.753952811986825 320.4799999999985
16025 2.720394015465342 320.4999999999985
16026 2.685813959442727 320.5199999999984
16027 2.650110460316284 320.5399999999984
16028 2.613472837335171 320.5599999999984
16029 2.575991983678425 320.5799999999984
16030 2.537675429175732 320.5999999999984
16031 2.498853134848349 320.6199999999984
16032 2.459421532344083 320.6399999999983
16033 2.41951420632294 320.6599999999983
16034 2.37928873054548 320.6799999999983
16035 2.338932563494468 320.6999999999983
16036 2.298223143178216 320.7199999999983
16037 2.257556210740844 320.7399999999982
16038 2.216970302662545 320.7599999999982
16039 2.176662124416885 320.7799999999982
16040 2.136490314580436 320.7999999999982
16041 2.096693270503679 320.8199999999982
16042 2.057245564144216 320.8399999999982
16043 2.018511881605872 320.8599999999981
16044 1.980154806606297 320.8799999999981
16045 1.942613065590819 320.8999999999981
16046 1.905610204751512 320.9199999999981
16047 1.869696256789627 320.9399999999981
16048 1.834648674453608 320.959999999998
16049 1.800329209075531 320.979999999998
16050 1.767123374778147 320.999999999998
16051 1.73510215550552 321.019999999998
16052 1.704481387278923 321.039999999998
16053 1.674994740380405 321.059999999998
16054 1.64683955160876 321.0799999999979
16055 1.620177243348515 321.0999999999979
16056 1.59509885566458 321.1199999999979
16057 1.571492883376242 321.1399999999979
16058 1.549681696776839 321.1599999999979
16059 1.529543236744807 321.1799999999978
16060 1.511386982161306 321.1999999999978
16061 1.494803740389722 321.2199999999978
16062 1.480635688936916 321.2399999999978
16063 1.468357425294757 321.2599999999978
16064 1.457822753332645 321.2799999999978
16065 1.449212381210425 321.2999999999977
16066 1.442538105968154 321.3199999999977
16067 1.438095258717101 321.3399999999977
16068 1.435923126500136 321.3599999999977
16069 1.436266555107623 321.3799999999977
16070 1.439055723970373 321.3999999999976
16071 1.443845516441414 321.4199999999976
16072 1.450202423611984 321.4399999999976
16073 1.458793886315164 321.4599999999976
16074 1.470022373297112 321.4799999999976
16075 1.48429670244781 321.4999999999976
16076 1.500527037067244 321.5199999999975
16077 1.518826608292436 321.5399999999975
16078 1.539323524422197 321.5599999999975
16079 1.562125847410635 321.5799999999975
16080 1.587253663131812 321.5999999999975
16081 1.614762255976365 321.6199999999974
16082 1.643995734698391 321.6399999999974
16083 1.675419653009433 321.6599999999974
16084 1.708238121308919 321.6799999999974
16085 1.743188341958557 321.6999999999974
16086 1.780102190796844 321.7199999999974
16087 1.818674409081645 321.7399999999973
16088 1.858583937030125 321.7599999999973
16089 1.900146159293439 321.7799999999973
16090 1.942991530495884 321.7999999999973
16091 1.986963650245188 321.8199999999973
16092 2.031524998270665 321.8399999999972
16093 2.077156145184299 321.8599999999972
16094 2.123252813374711 321.8799999999972
16095 2.170364828893505 321.8999999999972
16096 2.217305966918968 321.9199999999972
16097 2.26469903416838 321.9399999999972
16098 2.312044503061452 321.9599999999971
16099 2.359480174517533 321.9799999999971
16100 2.406289952615784 321.9999999999971
16101 2.452694414157443 322.0199999999971
16102 2.49868837717182 322.0399999999971
16103 2.543767785576813 322.059999999997
16104 2.587786245661213 322.079999999997
16105 2.630665231121083 322.099999999997
16106 2.672410756049996 322.119999999997
16107 2.712461539161401 322.139999999997
16108 2.750963440169057 322.159999999997
16109 2.787432624964488 322.1799999999969
16110 2.821837574424275 322.1999999999969
16111 2.854524487082597 322.2199999999969
16112 2.885200852873504 322.2399999999969
16113 2.913550505103716 322.2599999999969
16114 2.939252269082218 322.2799999999968
16115 2.962712840886313 322.2999999999968
16116 2.983823814853679 322.3199999999968
16117 3.002198707167157 322.3399999999968
16118 3.017932984771438 322.3599999999968
16119 3.031064322855909 322.3799999999968
16120 3.041496033312731 322.3999999999967
16121 3.04939024183123 322.4199999999967
16122 3.054590031358198 322.4399999999967
16123 3.057131282206058 322.4599999999967
16124 3.056898883999859 322.4799999999967
16125 3.054186287909736 322.4999999999966
16126 3.048821947050025 322.5199999999966
16127 3.041020931166922 322.5399999999966
16128 3.030769253850024 322.5599999999966
16129 3.017938602108325 322.5799999999966
16130 3.002600992052482 322.5999999999966
16131 2.985170366288864 322.6199999999965
16132 2.965755999969156 322.6399999999965
16133 2.944206518279142 322.6599999999965
16134 2.92064514941969 322.6799999999965
16135 2.89535237835012 322.6999999999965
16136 2.868033329615705 322.7199999999964
16137 2.839078113767938 322.7399999999964
16138 2.808692283401502 322.7599999999964
16139 2.77679068923447 322.7799999999964
16140 2.743497313957588 322.7999999999964
16141 2.708932724332858 322.8199999999964
16142 2.673088858788666 322.8399999999963
16143 2.636334137133034 322.8599999999963
16144 2.598656132460253 322.8799999999963
16145 2.560179007054487 322.8999999999963
16146 2.520984726747363 322.9199999999963
16147 2.48127626313694 322.9399999999962
16148 2.440898377929151 322.9599999999962
16149 2.399976064992146 322.9799999999962
16150 2.358962332919373 322.9999999999962
16151 2.317823004809439 323.0199999999962
16152 2.276577383087337 323.0399999999962
16153 2.235425683032078 323.0599999999961
16154 2.194485210150408 323.0799999999961
16155 2.153633914890491 323.0999999999961
16156 2.112968501588684 323.1199999999961
16157 2.072790836217931 323.1399999999961
16158 2.033277891560246 323.159999999996
16159 1.994197440462446 323.179999999996
16160 1.955634614304027 323.199999999996
16161 1.91803680533043 323.219999999996
16162 1.881205733014573 323.239999999996
16163 1.845284995348855 323.259999999996
16164 1.810124076415875 323.2799999999959
16165 1.776175129562286 323.2999999999959
16166 1.743367485005213 323.3199999999959
16167 1.711843443917872 323.3399999999959
16168 1.68174838354449 323.3599999999959
16169 1.652858481044042 323.3799999999958
16170 1.625569287933344 323.3999999999958
16171 1.599521092500913 323.4199999999958
16172 1.575219798654014 323.4399999999958
16173 1.552634614454977 323.4599999999958
16174 1.531611061930692 323.4799999999958
16175 1.512112779979162 323.4999999999957
16176 1.494774580865444 323.5199999999957
16177 1.479157697670004 323.5399999999957
16178 1.465868909899595 323.5599999999957
16179 1.454324425685074 323.5799999999957
16180 1.444738998235928 323.5999999999956
16181 1.436965338873592 323.6199999999956
16182 1.431444907143879 323.6399999999956
16183 1.42835788759424 323.6599999999956
16184 1.427655702452723 323.6799999999956
16185 1.428734367015743 323.6999999999956
16186 1.431901949954972 323.7199999999955
16187 1.437353228517742 323.7399999999955
16188 1.445199493119789 323.7599999999955
16189 1.455317064146013 323.7799999999955
16190 1.467816149646095 323.7999999999955
16191 1.482784896470687 323.8199999999954
16192 1.499462464016533 323.8399999999954
16193 1.518970363647902 323.8599999999954
16194 1.540861037238098 323.8799999999954
16195 1.56420060977118 323.8999999999954
16196 1.589980923813256 323.9199999999954
16197 1.618213017208588 323.9399999999953
16198 1.648064481422205 323.9599999999953
16199 1.679566943084024 323.9799999999953
16200 1.713332379508907 323.9999999999953
16201 1.749020686441528 324.0199999999953
16202 1.787053139864665 324.0399999999952
16203 1.825675421043332 324.0599999999952
16204 1.865538551743848 324.0799999999952
16205 1.906876772715596 324.0999999999952
16206 1.949678668212671 324.1199999999952
16207 1.99326585203827 324.1399999999952
16208 2.037549842957915 324.1599999999951
16209 2.082695278214599 324.1799999999951
16210 2.128196208509636 324.1999999999951
16211 2.174618663942133 324.2199999999951
16212 2.221234906218402 324.2399999999951
16213 2.267806412629334 324.259999999995
16214 2.314788052466008 324.279999999995
16215 2.36185669681485 324.299999999995
16216 2.407766522865692 324.319999999995
16217 2.453400709913661 324.339999999995
16218 2.498482420323882 324.359999999995
16219 2.542893134462512 324.3799999999949
16220 2.586168174713499 324.3999999999949
16221 2.628243522329702 324.4199999999949
16222 2.669010321550601 324.4399999999949
16223 2.708332575528875 324.4599999999949
16224 2.745743081995331 324.4799999999948
16225 2.781598129515257 324.4999999999948
16226 2.815165815214677 324.5199999999948
16227 2.846787723601441 324.5399999999948
16228 2.876933060336329 324.5599999999948
16229 2.904699314428431 324.5799999999948
16230 2.929887309248544 324.5999999999947
16231 2.952629962184373 324.6199999999947
16232 2.972905406679834 324.6399999999947
16233 2.991065849326954 324.6599999999947
16234 3.006614403662148 324.6799999999947
16235 3.019407829066315 324.6999999999946
16236 3.029690760505001 324.7199999999946
16237 3.037423296197307 324.7399999999946
16238 3.042616368051621 324.7599999999946
16239 3.045100697826248 324.7799999999946
16240 3.04472881410215 324.7999999999946
16241 3.042051189006015 324.8199999999945
16242 3.037006685964413 324.8399999999945
16243 3.029289770157828 324.8599999999945
16244 3.019045424312072 324.8799999999945
16245 3.006223823226167 324.8999999999945
16246 2.991339000213914 324.9199999999944
16247 2.974381872548963 324.9399999999944
16248 2.955242195403672 324.9599999999944
16249 2.933891836970182 324.9799999999944
16250 2.910449106954363 324.9999999999944
16251 2.885377666188464 325.0199999999944
16252 2.85849635653148 325.0399999999943
16253 2.829910447759416 325.0599999999943
16254 2.799768154421437 325.0799999999943
16255 2.768312072173138 325.0999999999943
16256 2.735357355121504 325.1199999999943
16257 2.701141683547986 325.1399999999942
16258 2.666011349523448 325.1599999999942
16259 2.629740136571995 325.1799999999942
16260 2.592626518133066 325.1999999999942
16261 2.554691346230455 325.2199999999942
16262 2.516109362456769 325.2399999999942
16263 2.476884811066798 325.2599999999941
16264 2.437185525715893 325.2799999999941
16265 2.397059945115774 325.2999999999941
16266 2.356782910859644 325.3199999999941
16267 2.316221305819766 325.3399999999941
16268 2.275492844839637 325.359999999994
16269 2.234865872000647 325.379999999994
16270 2.194428169108922 325.399999999994
16271 2.15420960831158 325.419999999994
16272 2.114212827000447 325.439999999994
16273 2.074581198765169 325.459999999994
16274 2.035536131978649 325.4799999999939
16275 1.99702854293398 325.4999999999939
16276 1.959175491159111 325.5199999999939
16277 1.921824732229936 325.5399999999939
16278 1.885528260242685 325.5599999999939
16279 1.849931532255514 325.5799999999938
16280 1.815458311958171 325.5999999999938
16281 1.781599746363504 325.6199999999938
16282 1.749065249719894 325.6399999999938
16283 1.717832385774261 325.6599999999938
16284 1.687837866811281 325.6799999999938
16285 1.659204408319669 325.6999999999937
16286 1.631637637985477 325.7199999999937
16287 1.606039389232312 325.7399999999937
16288 1.581635703651071 325.7599999999937
16289 1.559151913060887 325.7799999999937
16290 1.538186871822965 325.7999999999936
16291 1.519105142071227 325.8199999999936
16292 1.501910328030773 325.8399999999936
16293 1.486609143796011 325.8599999999936
16294 1.473556809119602 325.8799999999936
16295 1.462200346506618 325.8999999999936
16296 1.452758312647494 325.9199999999935
16297 1.44513728802746 325.9399999999935
16298 1.439785219322315 325.9599999999935
16299 1.436616358610842 325.9799999999935
16300 1.435805495440581 325.9999999999935
16301 1.437545321810935 326.0199999999934
16302 1.441550809808399 326.0399999999934
16303 1.447146279377993 326.0599999999934
16304 1.454651127819471 326.0799999999934
16305 1.464722039996143 326.0999999999934
16306 1.477640880937234 326.1199999999934
16307 1.49315823293869 326.1399999999933
16308 1.510457522660939 326.1599999999933
16309 1.530013138691706 326.1799999999933
16310 1.551698320918859 326.1999999999933
16311 1.575837281225121 326.2199999999933
16312 1.60234644989051 326.2399999999932
16313 1.630798445112401 326.2599999999932
16314 1.661335667933993 326.2799999999932
16315 1.69350137199057 326.2999999999932
16316 1.727442775699368 326.3199999999932
16317 1.763621083238084 326.3399999999932
16318 1.801420240954576 326.3599999999931
16319 1.840738556292719 326.3799999999931
16320 1.881564588351925 326.3999999999931
16321 1.923837282537964 326.4199999999931
16322 1.967435704082044 326.4399999999931
16323 2.01174950630412 326.459999999993
16324 2.056707489610811 326.479999999993
16325 2.102840212341039 326.499999999993
16326 2.149389055670395 326.519999999993
16327 2.196542079266839 326.539999999993
16328 2.243745256732883 326.559999999993
16329 2.290969924658368 326.5799999999929
16330 2.338552408908491 326.5999999999929
16331 2.385661122663588 326.6199999999929
16332 2.432181561539106 326.6399999999929
16333 2.478463494445729 326.6599999999929
16334 2.523923657838507 326.6799999999928
16335 2.568405053315089 326.6999999999928
16336 2.61177165263961 326.7199999999928
16337 2.654126394600339 326.7399999999928
16338 2.694880117306822 326.7599999999928
16339 2.734137872699133 326.7799999999928
16340 2.771497915417233 326.7999999999927
16341 2.806853600394007 326.8199999999927
16342 2.840231938274965 326.8399999999927
16343 2.87186845840568 326.8599999999927
16344 2.90128075591411 326.8799999999927
16345 2.9280260116571 326.8999999999926
16346 2.952640871567177 326.9199999999926
16347 2.974736470317688 326.9399999999926
16348 2.994409713423755 326.9599999999926
16349 3.011235198471703 326.9799999999926
16350 3.025583666809474 326.9999999999926
16351 3.037153669507141 327.0199999999925
16352 3.046215892088624 327.0399999999925
16353 3.052547091440815 327.0599999999925
16354 3.056346828590234 327.0799999999925
16355 3.057279455441197 327.0999999999925
16356 3.055718977197655 327.1199999999924
16357 3.051495297157155 327.1399999999924
16358 3.044717991621796 327.1599999999924
16359 3.035633590720812 327.1799999999924
16360 3.023933966489416 327.1999999999924
16361 3.009668562767339 327.2199999999924
16362 2.993124849305868 327.2399999999923
16363 2.974599598495086 327.2599999999923
16364 2.953986748478091 327.2799999999923
16365 2.93130025003874 327.2999999999923
16366 2.906745458702031 327.3199999999923
16367 2.880325907300735 327.3399999999922
16368 2.852088691134173 327.3599999999922
16369 2.82228788860865 327.3799999999922
16370 2.791065870654705 327.3999999999922
16371 2.758392800941856 327.4199999999922
16372 2.724369191715696 327.4399999999922
16373 2.689071403591607 327.4599999999921
16374 2.652735060729089 327.4799999999921
16375 2.61543582476289 327.4999999999921
16376 2.577314778295196 327.5199999999921
16377 2.538425945390093 327.5399999999921
16378 2.498887469341462 327.559999999992
16379 2.458897644355968 327.579999999992
16380 2.418122647369977 327.599999999992
16381 2.377059429242237 327.619999999992
16382 2.336052210483524 327.639999999992
16383 2.294845300466515 327.659999999992
16384 2.253608947545875 327.6799999999919
16385 2.212585250670023 327.6999999999919
16386 2.171735293940493 327.7199999999919
16387 2.130932315499615 327.7399999999919
16388 2.090520461123394 327.7599999999919
16389 2.050696260137172 327.7799999999918
16390 2.011477545211676 327.7999999999918
16391 1.972614601390771 327.8199999999918
16392 1.93458453184309 327.8399999999918
16393 1.897425590293476 327.8599999999918
16394 1.861090109304992 327.8799999999918
16395 1.825557537893761 327.8999999999917
16396 1.790989214058759 327.9199999999917
16397 1.757761777478062 327.9399999999917
16398 1.725606038566507 327.9599999999917
16399 1.694971737985632 327.9799999999917
16400 1.66538524523906 327.9999999999916
16401 1.637481318728536 328.0199999999916
16402 1.610912752148958 328.0399999999916
16403 1.585745864797864 328.0599999999916
16404 1.562440994608833 328.0799999999916
16405 1.540746964811592 328.0999999999916
16406 1.520480063400883 328.1199999999915
16407 1.502281310442217 328.1399999999915
16408 1.485881505204917 328.1599999999915
16409 1.471500257864933 328.1799999999915
16410 1.459223108935586 328.1999999999915
16411 1.448742870742838 328.2199999999914
16412 1.440171735805772 328.2399999999914
16413 1.433599948108125 328.2599999999914
16414 1.429460821269741 328.2799999999914
16415 1.427784773869357 328.2999999999914
16416 1.427984707173408 328.3199999999914
16417 1.430235429960285 328.3399999999913
16418 1.434700109338969 328.3599999999913
16419 1.441347377781018 328.3799999999913
16420 1.450611790700254 328.3999999999913
16421 1.462040227440964 328.4199999999913
16422 1.47591405871564 328.4399999999912
16423 1.491813078206564 328.4599999999912
16424 1.510050491485785 328.4799999999912
16425 1.530968799124012 328.4999999999912
16426 1.553638346128861 328.5199999999912
16427 1.578247036104252 328.5399999999912
16428 1.605574002709402 328.5599999999911
16429 1.634670563383744 328.5799999999911
16430 1.665373440734945 328.5999999999911
16431 1.698182661349291 328.6199999999911
16432 1.732967467803962 328.6399999999911
16433 1.77003230333181 328.659999999991
16434 1.808628128013936 328.679999999991
16435 1.847721264858762 328.699999999991
16436 1.888489471969955 328.719999999991
16437 1.93055159250909 328.739999999991
16438 1.973997729375203 328.759999999991
16439 2.017873766264073 328.7799999999909
16440 2.062717909343385 328.7999999999909
16441 2.108011650314087 328.8199999999909
16442 2.154021520189169 328.8399999999909
16443 2.200549383777821 328.8599999999909
16444 2.247281577956285 328.8799999999908
16445 2.294005836010001 328.8999999999908
16446 2.341150803281858 328.9199999999908
16447 2.387556208213678 328.9399999999908
16448 2.433354851068841 328.9599999999908
16449 2.478709044024495 328.9799999999908
16450 2.523348575688977 328.9999999999907
16451 2.567209157329257 329.0199999999907
16452 2.609901227997807 329.0399999999907
16453 2.651122572445245 329.0599999999907
16454 2.691301540125065 329.0799999999907
16455 2.729520154306824 329.0999999999906
16456 2.765955209202204 329.1199999999906
16457 2.800604188631562 329.1399999999906
16458 2.833108086946913 329.1599999999906
16459 2.863835421080463 329.1799999999906
16460 2.892852181605607 329.1999999999906
16461 2.91907586998551 329.2199999999905
16462 2.943019445454301 329.2399999999905
16463 2.964229811447539 329.2599999999905
16464 2.983421082341581 329.2799999999905
16465 3.000117503034193 329.2999999999905
16466 3.014132080985225 329.3199999999904
16467 3.025519860681523 329.3399999999904
16468 3.034393159968724 329.3599999999904
16469 3.040706301037192 329.3799999999904
16470 3.044394911636155 329.3999999999904
16471 3.045253662277439 329.4199999999904
16472 3.043567273055744 329.4399999999903
16473 3.039582861933457 329.4599999999903
16474 3.033095343105277 329.4799999999903
16475 3.023924463806406 329.4999999999903
16476 3.012234364432454 329.5199999999903
16477 2.998197718518397 329.5399999999902
16478 2.982189225289757 329.5599999999902
16479 2.964013136077472 329.5799999999902
16480 2.943681655107651 329.5999999999902
16481 2.921081317773719 329.6199999999902
16482 2.896725673062797 329.6399999999902
16483 2.870662751155296 329.6599999999901
16484 2.84275401553948 329.6799999999901
16485 2.813313872436134 329.6999999999901
16486 2.782426963643755 329.7199999999901
16487 2.750141728693624 329.7399999999901
16488 2.716440521048453 329.75999999999
16489 2.681747299692006 329.77999999999
16490 2.645910187254841 329.79999999999
16491 2.609173387842603 329.81999999999
16492 2.571599594960642 329.83999999999
16493 2.533199354765249 329.85999999999
16494 2.494311614982648 329.8799999999899
16495 2.454823744579494 329.8999999999899
16496 2.414871502899266 329.9199999999899
16497 2.3746256446801 329.9399999999899
16498 2.334236741066153 329.9599999999899
16499 2.293506182350892 329.9799999999898
16500 2.252860528678267 329.9999999999898
16501 2.212281947381411 330.0199999999898
16502 2.171991471902742 330.0399999999898
16503 2.13184334056758 330.0599999999898
16504 2.092091465980974 330.0799999999898
16505 2.05272447971482 330.0999999999897
16506 2.01402968557408 330.1199999999897
16507 1.975754265088121 330.1399999999897
16508 1.938290352296014 330.1599999999897
16509 1.90130351481932 330.1799999999897
16510 1.865585276824518 330.1999999999896
16511 1.830640874598699 330.2199999999896
16512 1.796410488266667 330.2399999999896
16513 1.763336948594059 330.2599999999896
16514 1.731488739978159 330.2799999999896
16515 1.700992740959673 330.2999999999896
16516 1.671677739291916 330.3199999999895
16517 1.643624729012054 330.3399999999895
16518 1.61720964870945 330.3599999999895
16519 1.592241662672471 330.3799999999895
16520 1.568887896446694 330.3999999999895
16521 1.547268378950909 330.4199999999894
16522 1.527319195624364 330.4399999999894
16523 1.509372262199813 330.4599999999894
16524 1.493019124613207 330.4799999999894
16525 1.479119222339714 330.4999999999894
16526 1.467026550429831 330.5199999999894
16527 1.456673124530885 330.5399999999893
16528 1.44829958792921 330.5599999999893
16529 1.441866952523155 330.5799999999893
16530 1.43771959311916 330.5999999999893
16531 1.435828292539376 330.6199999999893
16532 1.436459161980105 330.6399999999892
16533 1.439592319401057 330.6599999999892
16534 1.444466984863951 330.6799999999892
16535 1.451105558727598 330.6999999999892
16536 1.459963038578947 330.7199999999892
16537 1.471511326251676 330.7399999999892
16538 1.486118447460253 330.7599999999891
16539 1.502545281233057 330.7799999999891
16540 1.521110674025727 330.7999999999891
16541 1.541830935672379 330.8199999999891
16542 1.564898059256906 330.8399999999891
16543 1.590362782946462 330.859999999989
16544 1.618040071263402 330.879999999989
16545 1.64754066576582 330.899999999989
16546 1.67910792611812 330.919999999989
16547 1.712158956069701 330.939999999989
16548 1.747399496598593 330.959999999989
16549 1.784457437935734 330.9799999999889
16550 1.823233558713167 330.9999999999889
16551 1.863314486640455 331.0199999999889
16552 1.905021919674524 331.0399999999889
16553 1.948059331811299 331.0599999999889
16554 1.992091008916183 331.0799999999888
16555 2.036718319797369 331.0999999999888
16556 2.082520448325395 331.1199999999888
16557 2.128612345722049 331.1399999999888
16558 2.175830192388952 331.1599999999888
16559 2.22277056016433 331.1799999999888
16560 2.270149128248292 331.1999999999887
16561 2.31757904495412 331.2199999999887
16562 2.364941494498475 331.2399999999887
16563 2.411696345922411 331.2599999999887
16564 2.458061102490653 331.2799999999887
16565 2.503940583409614 331.2999999999886
16566 2.548911693537402 331.3199999999886
16567 2.592778944561201 331.3399999999886
16568 2.635586226321839 331.3599999999886
16569 2.677149738863502 331.3799999999886
16570 2.717019204548957 331.3999999999886
16571 2.75527729291768 331.4199999999885
16572 2.791497184310971 331.4399999999885
16573 2.82570084894988 331.4599999999885
16574 2.85820030488579 331.4799999999885
16575 2.888605691296952 331.4999999999885
16576 2.916629926565568 331.5199999999884
16577 2.942144207916901 331.5399999999884
16578 2.965277022930882 331.5599999999884
16579 2.986122149354427 331.5799999999884
16580 3.004166421341322 331.5999999999884
16581 3.019620411483865 331.6199999999884
16582 3.032425663289851 331.6399999999883
16583 3.042568298827788 331.6599999999883
16584 3.050140144000576 331.6799999999883
16585 3.055041031245318 331.6999999999883
16586 3.057252504919176 331.7199999999883
16587 3.056730260740958 331.7399999999882
16588 3.053717176838858 331.7599999999882
16589 3.048066350688797 331.7799999999882
16590 3.040007361568551 331.7999999999882
16591 3.029460730944297 331.8199999999882
16592 3.016313573257413 331.8399999999882
16593 3.00070640837503 331.8599999999881
16594 2.983068094108921 331.8799999999881
16595 2.963394438946008 331.8999999999881
16596 2.941607629966787 331.9199999999881
16597 2.917827467439877 331.9399999999881
16598 2.892312335618189 331.959999999988
16599 2.864799681554836 331.979999999988
16600 2.835651154177133 331.999999999988
16601 2.805098211666307 332.019999999988
16602 2.773036096731673 332.039999999988
16603 2.739576466966121 332.059999999988
16604 2.704866968429244 332.0799999999879
16605 2.668910233191445 332.0999999999879
16606 2.632052880218788 332.1199999999879
16607 2.594275958202843 332.1399999999879
16608 2.555704559974532 332.1599999999879
16609 2.516432820507092 332.1799999999878
16610 2.476658995047043 332.1999999999878
16611 2.436198104508704 332.2199999999878
16612 2.39525033527282 332.2399999999878
16613 2.354223033670508 332.2599999999878
16614 2.313077179380508 332.2799999999878
16615 2.271840800580385 332.2999999999877
16616 2.230705543173354 332.3199999999877
16617 2.189782079224548 332.3399999999877
16618 2.148932348351815 332.3599999999877
16619 2.108317107829393 332.3799999999877
16620 2.068211113292019 332.3999999999876
16621 2.02876444983917 332.4199999999876
16622 1.989703616449933 332.4399999999876
16623 1.951267714310998 332.4599999999876
16624 1.913746930634292 332.4799999999876
16625 1.877017637327307 332.4999999999876
16626 1.841173638456737 332.5199999999875
16627 1.806123296824238 332.5399999999875
16628 1.772325983021688 332.5599999999875
16629 1.739652102723895 332.5799999999875
16630 1.708309781153855 332.5999999999875
16631 1.678311169209109 332.6199999999874
16632 1.649638555258725 332.6399999999874
16633 1.622513551059623 332.6599999999874
16634 1.596604660215507 332.6799999999874
16635 1.572531581752339 332.6999999999874
16636 1.550146539368327 332.7199999999874
16637 1.529262322550644 332.7399999999873
16638 1.510042767384283 332.7599999999873
16639 1.492872721195453 332.7799999999873
16640 1.477487730444459 332.7999999999873
16641 1.464433061928039 332.8199999999873
16642 1.453114928336015 332.8399999999872
16643 1.443759306972357 332.8599999999872
16644 1.436207179980608 332.8799999999872
16645 1.430994481542438 332.8999999999872
16646 1.428208019483533 332.9199999999872
16647 1.42767486547988 332.9399999999872
16648 1.429020551343798 332.9599999999871
16649 1.432463062448926 332.9799999999871
16650 1.438153223485783 332.9999999999871
16651 1.446306868044081 333.0199999999871
16652 1.456705565525004 333.0399999999871
16653 1.469467092991292 333.059999999987
16654 1.484643896183028 333.079999999987
16655 1.501635917294269 333.099999999987
16656 1.521424341349506 333.119999999987
16657 1.543521424859831 333.139999999987
16658 1.56710522481789 333.159999999987
16659 1.593225610676926 333.1799999999869
16660 1.621648358974282 333.1999999999869
16661 1.651702613346788 333.2199999999869
16662 1.683444446055754 333.2399999999869
16663 1.717476002533201 333.2599999999869
16664 1.75339657169725 333.2799999999868
16665 1.791647355909875 333.2999999999868
16666 1.830278701274922 333.3199999999868
16667 1.870356485083261 333.3399999999868
16668 1.911871243623137 333.3599999999868
16669 1.954827417302858 333.3799999999868
16670 1.998463516888854 333.3999999999867
16671 2.042847921994001 333.4199999999867
16672 2.088049172796905 333.4399999999867
16673 2.133636985429605 333.4599999999867
16674 2.18011230717562 333.4799999999867
16675 2.226774907464915 333.4999999999866
16676 2.273349739961793 333.5199999999866
16677 2.320353785380523 333.5399999999866
16678 2.367368863922814 333.5599999999866
16679 2.413212611595078 333.5799999999866
16680 2.458777166726336 333.5999999999866
16681 2.503762020525707 333.6199999999865
16682 2.548090485807981 333.6399999999865
16683 2.591254191578411 333.6599999999865
16684 2.633125342925462 333.6799999999865
16685 2.673816159908308 333.6999999999865
16686 2.712903532661766 333.7199999999864
16687 2.750085771593334 333.7399999999864
16688 2.785735957546347 333.7599999999864
16689 2.819041445572377 333.7799999999864
16690 2.850443319708814 333.7999999999864
16691 2.880424345671481 333.8199999999864
16692 2.907842004363484 333.8399999999863
16693 2.93279939835304 333.8599999999863
16694 2.95517946566226 333.8799999999863
16695 2.975219748048678 333.8999999999863
16696 2.993093958179666 333.9199999999863
16697 3.008318365139464 333.9399999999862
16698 3.020816673283639 333.9599999999862
16699 3.030788202411759 333.9799999999862
16700 3.038225974719877 333.9999999999862
16701 3.043108859678215 334.0199999999862
16702 3.045267077433407 334.0399999999862
16703 3.044603152755208 334.0599999999861
16704 3.041639438969173 334.0799999999861
16705 3.036312642654993 334.0999999999861
16706 3.028272710699245 334.1199999999861
16707 3.01773437494247 334.1399999999861
16708 3.004632234587881 334.159999999986
16709 2.989509858342334 334.179999999986
16710 2.9723044367867 334.199999999986
16711 2.952906263217438 334.219999999986
16712 2.931293948013172 334.239999999986
16713 2.907656449805623 334.259999999986
16714 2.882360080631801 334.2799999999859
16715 2.855264227910363 334.2999999999859
16716 2.826476288479614 334.3199999999859
16717 2.796178820575206 334.3399999999859
16718 2.764571473344742 334.3599999999859
16719 2.731451659178588 334.3799999999858
16720 2.697114266012672 334.3999999999858
16721 2.661840160393517 334.4199999999858
16722 2.625465745540677 334.4399999999858
16723 2.588245413451196 334.4599999999858
16724 2.550215893292662 334.4799999999858
16725 2.511565790488901 334.4999999999857
16726 2.472281225130414 334.5199999999857
16727 2.432519379767248 334.5399999999857
16728 2.392364048582317 334.5599999999857
16729 2.352065667969299 334.5799999999857
16730 2.311467104986438 334.5999999999856
16731 2.270747483095127 334.6199999999856
16732 2.230118511420245 334.6399999999856
16733 2.189705592244674 334.6599999999856
16734 2.149512773046975 334.6799999999856
16735 2.109571520260601 334.6999999999856
16736 2.069987396979186 334.7199999999855
16737 2.03101127387211 334.7399999999855
16738 1.992548166654742 334.7599999999855
16739 1.954703836445261 334.7799999999855
16740 1.917513518653538 334.7999999999855
16741 1.881321328513304 334.8199999999854
16742 1.845846620268244 334.8399999999854
16743 1.811434416774557 334.8599999999854
16744 1.777753746417616 334.8799999999854
16745 1.745333528576549 334.8999999999854
16746 1.714259006444161 334.9199999999854
16747 1.684395275938306 334.9399999999853
16748 1.655891525885315 334.9599999999853
16749 1.628554474128397 334.9799999999853
16750 1.603109652574408 334.9999999999853
16751 1.578883331040804 335.0199999999853
16752 1.556632732123305 335.0399999999852
16753 1.535854803649192 335.0599999999852
16754 1.517020298387392 335.0799999999852
16755 1.499988726494894 335.0999999999852
16756 1.484989239145632 335.1199999999852
16757 1.472120112950887 335.1399999999852
16758 1.461005409650303 335.1599999999851
16759 1.451758508902427 335.1799999999851
16760 1.444406198505505 335.1999999999851
16761 1.439320003776982 335.2199999999851
16762 1.436423379590387 335.2399999999851
16763 1.435879937062642 335.259999999985
16764 1.437939483172762 335.279999999985
16765 1.442098724485485 335.299999999985
16766 1.447911224783145 335.319999999985
16767 1.455691623815918 335.339999999985
16768 1.466050050485162 335.359999999985
16769 1.479368626954862 335.3799999999849
16770 1.495066446541971 335.3999999999849
16771 1.512622778942318 335.4199999999849
16772 1.532444225305658 335.4399999999849
16773 1.55443269329774 335.4599999999849
16774 1.57882852608683 335.4799999999848
16775 1.605602391674432 335.4999999999848
16776 1.634260768248398 335.5199999999848
16777 1.665059454845734 335.5399999999848
16778 1.697388709991586 335.5599999999848
16779 1.731587008835203 335.5799999999848
16780 1.767966385562233 335.5999999999847
16781 1.805984815970811 335.6199999999847
16782 1.8454272151356 335.6399999999847
16783 1.886486020626454 335.6599999999847
16784 1.928891230909032 335.6799999999847
16785 1.972594560565862 335.6999999999846
16786 2.016989690959889 335.7199999999846
16787 2.06209855251613 335.7399999999846
16788 2.108226511723454 335.7599999999846
16789 2.154948262494162 335.7799999999846
16790 2.202035185487242 335.7999999999845
16791 2.249304367976762 335.8199999999845
16792 2.296528434279513 335.8399999999845
16793 2.344141525026152 335.8599999999845
16794 2.391127050250661 335.8799999999845
16795 2.437640128086408 335.8999999999845
16796 2.483832332140584 335.9199999999844
16797 2.529232098339663 335.9399999999844
16798 2.573566219139223 335.9599999999844
16799 2.61680147029883 335.9799999999844
16800 2.659016270391528 335.9999999999844
16801 2.699564523623351 336.0199999999843
16802 2.738627413805268 336.0399999999843
16803 2.775783870271579 336.0599999999843
16804 2.810869563122489 336.0799999999843
16805 2.844050941412407 336.0999999999843
16806 2.875444194066092 336.1199999999843
16807 2.904595674962813 336.1399999999842
16808 2.931036854724302 336.1599999999842
16809 2.955370142758422 336.1799999999842
16810 2.977196472204276 336.1999999999842
16811 2.996540209512765 336.2199999999842
16812 3.013073099397797 336.2399999999841
16813 3.027106545732068 336.2599999999841
16814 3.038384325697323 336.2799999999841
16815 3.047135864099773 336.2999999999841
16816 3.053164789621356 336.3199999999841
16817 3.05662323576372 336.3399999999841
16818 3.057246043257241 336.359999999984
16819 3.055383797614033 336.379999999984
16820 3.050859699842836 336.399999999984
16821 3.043804483524398 336.419999999984
16822 3.034425036727926 336.439999999984
16823 3.022422867545481 336.4599999999839
16824 3.007873018244168 336.4799999999839
16825 2.991098265960257 336.4999999999839
16826 2.972326136986911 336.5199999999839
16827 2.951447291256862 336.5399999999839
16828 2.928549236783298 336.5599999999839
16829 2.903799864324433 336.5799999999838
16830 2.877132053788743 336.5999999999838
16831 2.848711172933206 336.6199999999838
16832 2.818741473875668 336.6399999999838
16833 2.787335906015074 336.6599999999838
16834 2.754494691123127 336.6799999999837
16835 2.720329972229069 336.6999999999837
16836 2.684890367805315 336.7199999999837
16837 2.648443144503234 336.7399999999837
16838 2.611030513985306 336.7599999999837
16839 2.572824850660232 336.7799999999837
16840 2.53385632256769 336.7999999999836
16841 2.494251601558499 336.8199999999836
16842 2.454179936356674 336.8399999999836
16843 2.41335623641239 336.8599999999836
16844 2.372377330932768 336.8799999999836
16845 2.331258555856979 336.8999999999835
16846 2.290044684911306 336.9199999999835
16847 2.248814428037184 336.9399999999835
16848 2.207814811429063 336.9599999999835
16849 2.166966113819786 336.9799999999835
16850 2.126197611716946 336.9999999999835
16851 2.085850094757248 337.0199999999834
16852 2.046104159093582 337.0399999999834
16853 2.00692449765643 337.0599999999834
16854 1.968135864386289 337.0799999999834
16855 1.930197497208929 337.0999999999834
16856 1.893127023900957 337.1199999999833
16857 1.856903354493668 337.1399999999833
16858 1.821454561921067 337.1599999999833
16859 1.787033576656869 337.1799999999833
16860 1.753940436713959 337.1999999999833
16861 1.721932908956179 337.2199999999833
16862 1.691472579660063 337.2399999999832
16863 1.662077156661058 337.2599999999832
16864 1.634319824909924 337.2799999999832
16865 1.607886345082594 337.2999999999832
16866 1.582929527366543 337.3199999999832
16867 1.559827912756577 337.3399999999831
16868 1.538329849855583 337.3599999999831
16869 1.518235154856744 337.3799999999831
16870 1.500279555456853 337.3999999999831
16871 1.484078405682105 337.4199999999831
16872 1.469997049943572 337.4399999999831
16873 1.457908182053433 337.459999999983
16874 1.447642088754191 337.479999999983
16875 1.439313390161434 337.499999999983
16876 1.432999527092845 337.519999999983
16877 1.429100677399794 337.539999999983
16878 1.42778112163989 337.5599999999829
16879 1.428203751193798 337.5799999999829
16880 1.430628294632816 337.5999999999829
16881 1.435387676206224 337.6199999999829
16882 1.442373649882436 337.6399999999829
16883 1.451844297332645 337.6599999999829
16884 1.463551685736408 337.6799999999828
16885 1.477737440938116 337.6999999999828
16886 1.493833155824755 337.7199999999828
16887 1.512415270269952 337.7399999999828
16888 1.53361685236113 337.7599999999828
16889 1.556453375802377 337.7799999999827
16890 1.581371512152166 337.7999999999827
16891 1.60894788728043 337.8199999999827
16892 1.638253064335065 337.8399999999827
16893 1.6691614772802 337.8599999999827
16894 1.702230365725719 337.8799999999827
16895 1.737217612841269 337.8999999999826
16896 1.774612006330551 337.9199999999826
16897 1.813221749045737 337.9399999999826
16898 1.852503359104475 337.9599999999826
16899 1.893422308619431 337.9799999999826
16900 1.935689963879605 337.9999999999825
16901 1.979193599361375 338.0199999999825
16902 2.023176476261806 338.0399999999825
16903 2.068129920017769 338.0599999999825
16904 2.113414412829999 338.0799999999825
16905 2.159590581198203 338.0999999999825
16906 2.206115747406832 338.1199999999824
16907 2.252831829094181 338.1399999999824
16908 2.299619437883578 338.1599999999824
16909 2.346788220179593 338.1799999999824
16910 2.3930028413468 338.1999999999824
16911 2.438782403752625 338.2199999999823
16912 2.484083808172466 338.2399999999823
16913 2.528676601119933 338.2599999999823
16914 2.572353463733132 338.2799999999823
16915 2.614899183789708 338.2999999999823
16916 2.655987416713823 338.3199999999823
16917 2.695962740877721 338.3399999999822
16918 2.733968102751428 338.3599999999822
16919 2.770226538687075 338.3799999999822
16920 2.804583661367275 338.3999999999822
16921 2.836863004215438 338.4199999999822
16922 2.86741498711433 338.4399999999821
16923 2.896151578180064 338.4599999999821
16924 2.922070903545398 338.4799999999821
16925 2.945706077320067 338.4999999999821
16926 2.966615751800417 338.5199999999821
16927 2.985565092876549 338.5399999999821
16928 3.00195647887834 338.559999999982
16929 3.015630698578332 338.579999999982
16930 3.026712580914062 338.599999999982
16931 3.035293484670246 338.619999999982
16932 3.041298033556965 338.639999999982
16933 3.04466130694634 338.6599999999819
16934 3.045172121970025 338.6799999999819
16935 3.043237966341164 338.6999999999819
16936 3.038970080426335 338.7199999999819
16937 3.03213972566557 338.7399999999819
16938 3.022693863038052 338.7599999999819
16939 3.010685886842038 338.7799999999818
16940 2.996427290448329 338.7999999999818
16941 2.980157632319569 338.8199999999818
16942 2.961730877999184 338.8399999999818
16943 2.9411264685971 338.8599999999818
16944 2.91828236696118 338.8799999999817
16945 2.8937317351282 338.8999999999817
16946 2.867462619847534 338.9199999999817
16947 2.839352468279916 338.9399999999817
16948 2.80973270489795 338.9599999999817
16949 2.778684848102743 338.9799999999817
16950 2.74623052453585 338.9999999999816
16951 2.712377876540054 339.0199999999816
16952 2.677573714188243 339.0399999999816
16953 2.641600186395339 339.0599999999816
16954 2.60475638048774 339.0799999999816
16955 2.567098878044743 339.0999999999815
16956 2.528623883185946 339.1199999999815
16957 2.489665199537024 339.1399999999815
16958 2.450121379370811 339.1599999999815
16959 2.410121053330745 339.1799999999815
16960 2.369858389287515 339.1999999999815
16961 2.329431305279285 339.2199999999814
16962 2.288692924991919 339.2399999999814
16963 2.248059320750524 339.2599999999814
16964 2.207517623255464 339.2799999999814
16965 2.167230230951291 339.2999999999814
16966 2.127117544032701 339.3199999999813
16967 2.08740744163332 339.3399999999813
16968 2.04811970289434 339.3599999999813
16969 2.009469180149655 339.3799999999813
16970 1.971278349125313 339.3999999999813
16971 1.933884423227442 339.4199999999813
16972 1.897019328231911 339.4399999999812
16973 1.861390056668144 339.4599999999812
16974 1.826573489947764 339.4799999999812
16975 1.792428491221564 339.4999999999812
16976 1.759498887976355 339.5199999999812
16977 1.727808941796459 339.5399999999811
16978 1.697445443563245 339.5599999999811
16979 1.668315561708461 339.5799999999811
16980 1.640367918076179 339.5999999999811
16981 1.614192479914573 339.6199999999811
16982 1.589365746340809 339.6399999999811
16983 1.566272268999803 339.659999999981
16984 1.544791857325174 339.679999999981
16985 1.525079031834894 339.699999999981
16986 1.507341687199523 339.719999999981
16987 1.491245542108396 339.739999999981
16988 1.477596489327377 339.7599999999809
16989 1.465693318732034 339.7799999999809
16990 1.45556648853873 339.7999999999809
16991 1.44739881014801 339.8199999999809
16992 1.441286659193944 339.8399999999809
16993 1.437355445359958 339.8599999999809
16994 1.435773720570608 339.8799999999808
16995 1.4367299541219 339.8999999999808
16996 1.440084036087874 339.9199999999808
16997 1.445117377056235 339.9399999999808
16998 1.452019077921798 339.9599999999808
16999 1.46117994337524 339.9799999999807
17000 1.473073618199824 339.9999999999807
17001 1.488001766599115 340.0199999999807
17002 1.504630964987504 340.0399999999807
17003 1.523474679616927 340.0599999999807
17004 1.544425978276646 340.0799999999807
17005 1.567764418073871 340.0999999999806
17006 1.593572745319361 340.1199999999806
17007 1.621453823363384 340.1399999999806
17008 1.651202665522499 340.1599999999806
17009 1.682919868149565 340.1799999999806
17010 1.716184717704581 340.1999999999805
17011 1.751721851299083 340.2199999999805
17012 1.788943785582851 340.2399999999805
17013 1.827900690846586 340.2599999999805
17014 1.868175837970202 340.2799999999805
17015 1.910036389728629 340.2999999999805
17016 1.953221838786416 340.3199999999804
17017 1.997337353800197 340.3399999999804
17018 2.042027110533932 340.3599999999804
17019 2.088005944025979 340.3799999999804
17020 2.134103772301758 340.3999999999804
17021 2.181386009583725 340.4199999999803
17022 2.228374836867092 340.4399999999803
17023 2.275685311706421 340.4599999999803
17024 2.32317850904287 340.4799999999803
17025 2.370489153432168 340.4999999999803
17026 2.417174875166679 340.5199999999803
17027 2.463532718547036 340.5399999999802
17028 2.509283538065548 340.5599999999802
17029 2.554138454784687 340.5799999999802
17030 2.597854697680838 340.5999999999802
17031 2.64057502633488 340.6199999999802
17032 2.681907365983479 340.6399999999801
17033 2.721639557703156 340.6599999999801
17034 2.759623393881766 340.6799999999801
17035 2.795644156599677 340.6999999999801
17036 2.829621876047779 340.7199999999801
17037 2.861894332575048 340.7399999999801
17038 2.892037830923108 340.75999999998
17039 2.919717030434256 340.77999999998
17040 2.945037602976964 340.79999999998
17041 2.967837461829536 340.81999999998
17042 2.988420757715901 340.83999999998
17043 3.006121020317169 340.8599999999799
17044 3.021281240112989 340.8799999999799
17045 3.03373573323152 340.8999999999799
17046 3.043607888609359 340.9199999999799
17047 3.050845176419446 340.9399999999799
17048 3.055453396271309 340.9599999999799
17049 3.057322827017821 340.9799999999798
17050 3.056522429134936 340.9999999999798
17051 3.053178371972169 341.0199999999798
17052 3.047246793711192 341.0399999999798
17053 3.03892097353373 341.0599999999798
17054 3.028060905070498 341.0799999999797
17055 3.014585037336483 341.0999999999797
17056 2.998737727050837 341.1199999999797
17057 2.980872517461654 341.1399999999797
17058 2.960929522413541 341.1599999999797
17059 2.938920117838983 341.1799999999797
17060 2.914913081276824 341.1999999999796
17061 2.889172020823372 341.2199999999796
17062 2.861463841392574 341.2399999999796
17063 2.832122889638897 341.2599999999796
17064 2.801402643458616 341.2799999999796
17065 2.769163186447829 341.2999999999795
17066 2.735551504858338 341.3199999999795
17067 2.700692283604525 341.3399999999795
17068 2.664633517182833 341.3599999999795
17069 2.627665180333672 341.3799999999795
17070 2.58979028823015 341.3999999999795
17071 2.55112205128159 341.4199999999794
17072 2.511776818985588 341.4399999999794
17073 2.471941141760825 341.4599999999794
17074 2.431393028875289 341.4799999999794
17075 2.390418802311668 341.4999999999794
17076 2.349388733935543 341.5199999999793
17077 2.30824163132749 341.5399999999793
17078 2.266994945316418 341.5599999999793
17079 2.225898672522311 341.5799999999793
17080 2.184985508104023 341.5999999999793
17081 2.144152081955558 341.6199999999793
17082 2.103580127206718 341.6399999999792
17083 2.063537195734301 341.6599999999792
17084 2.024162345352806 341.6799999999792
17085 1.985137323467271 341.6999999999792
17086 1.946823651044632 341.7199999999792
17087 1.909379853931055 341.7399999999791
17088 1.872762398809863 341.7599999999791
17089 1.836989255520234 341.7799999999791
17090 1.802063214914141 341.7999999999791
17091 1.768425241479682 341.8199999999791
17092 1.735883904636281 341.8399999999791
17093 1.70473465178561 341.859999999979
17094 1.674826452949014 341.879999999979
17095 1.646379900294476 341.899999999979
17096 1.61940959259859 341.919999999979
17097 1.593670401714099 341.939999999979
17098 1.569821522579171 341.9599999999789
17099 1.547617250558124 341.9799999999789
17100 1.526900650678942 341.9999999999789
17101 1.50795761591968 342.0199999999789
17102 1.491002385151962 342.0399999999789
17103 1.475843396029965 342.0599999999789
17104 1.463012701133917 342.0799999999788
17105 1.45190584890258 342.0999999999788
17106 1.442787475410904 342.1199999999788
17107 1.435477396649874 342.1399999999788
17108 1.430570050107983 342.1599999999788
17109 1.428090596048611 342.1799999999787
17110 1.427729723178742 342.1999999999787
17111 1.429320123967979 342.2199999999787
17112 1.43306492862013 342.2399999999787
17113 1.43898672698838 342.2599999999787
17114 1.447478266285685 342.2799999999787
17115 1.458101619575451 342.2999999999786
17116 1.471190014205936 342.3199999999786
17117 1.486553409789794 342.3399999999786
17118 1.503895977074083 342.3599999999786
17119 1.523980109632207 342.3799999999786
17120 1.546239564223885 342.3999999999785
17121 1.57007002040224 342.4199999999785
17122 1.596567669914451 342.4399999999785
17123 1.625165214972671 342.4599999999785
17124 1.65542466308848 342.4799999999785
17125 1.687414321002209 342.4999999999785
17126 1.721693182596711 342.5199999999784
17127 1.757864947073608 342.5399999999784
17128 1.796287677415064 342.5599999999784
17129 1.834989974668483 342.5799999999784
17130 1.875270423505313 342.5999999999784
17131 1.916936058862829 342.6199999999783
17132 1.960045530016097 342.6399999999783
17133 2.003739597469297 342.6599999999783
17134 2.048250918801005 342.6799999999783
17135 2.093471198459904 342.6999999999783
17136 2.139188656871679 342.7199999999783
17137 2.185678277398843 342.7399999999782
17138 2.232387156724944 342.7599999999782
17139 2.278971786767848 342.7799999999782
17140 2.326014707553569 342.7999999999782
17141 2.372917891734689 342.8199999999782
17142 2.418751403876568 342.8399999999781
17143 2.464223526476697 342.8599999999781
17144 2.509107091789009 342.8799999999781
17145 2.553339465633819 342.8999999999781
17146 2.596393983082436 342.9199999999781
17147 2.638068078535952 342.9399999999781
17148 2.678655825640914 342.959999999978
17149 2.717513164250109 342.979999999978
17150 2.754443157203909 342.999999999978
17151 2.789880923120829 343.019999999978
17152 2.82294283630458 343.039999999978
17153 2.854137691663103 343.0599999999779
17154 2.883896074858472 343.0799999999779
17155 2.910961150507908 343.0999999999779
17156 2.935697960623378 343.1199999999779
17157 2.957726916129054 343.1399999999779
17158 2.977536708115919 343.1599999999779
17159 2.995095622691296 343.1799999999778
17160 3.009998708035793 343.1999999999778
17161 3.022200134504753 343.2199999999778
17162 3.031868884286366 343.2399999999778
17163 3.039017819491536 343.2599999999778
17164 3.043565276499204 343.2799999999777
17165 3.045373860329661 343.2999999999777
17166 3.044431209858697 343.3199999999777
17167 3.041177184179922 343.3399999999777
17168 3.035550306928002 343.3599999999777
17169 3.027195105477876 343.3799999999777
17170 3.016354717342223 343.3999999999776
17171 3.002984867768407 343.4199999999776
17172 2.987618762289749 343.4399999999776
17173 2.970160185070233 343.4599999999776
17174 2.95050482982481 343.4799999999776
17175 2.928614071907504 343.4999999999775
17176 2.904797317582309 343.5199999999775
17177 2.87927243872693 343.5399999999775
17178 2.851958148327544 343.5599999999775
17179 2.823002191633447 343.5799999999775
17180 2.792519126103663 343.5999999999775
17181 2.760755775332024 343.6199999999774
17182 2.727452434136071 343.6399999999774
17183 2.69301927258878 343.6599999999774
17184 2.657592921807694 343.6799999999774
17185 2.621104242004725 343.6999999999774
17186 2.583796928169636 343.7199999999773
17187 2.545664724892818 343.7399999999773
17188 2.506942877224987 343.7599999999773
17189 2.46759432083455 343.7799999999773
17190 2.427781681195341 343.7999999999773
17191 2.387599346311259 343.8199999999773
17192 2.347275006313538 343.8399999999772
17193 2.306647255629096 343.8599999999772
17194 2.265933074283809 343.8799999999772
17195 2.225325147914533 343.8999999999772
17196 2.184926571209469 343.9199999999772
17197 2.144766977224903 343.9399999999771
17198 2.104864307155238 343.9599999999771
17199 2.06533398732849 343.9799999999771
17200 2.026428830507716 343.9999999999771
17201 1.988014322153091 344.0199999999771
17202 1.950289932935519 344.0399999999771
17203 1.913153987719286 344.059999999977
17204 1.877050268180076 344.079999999977
17205 1.841749500508831 344.099999999977
17206 1.807340620147832 344.119999999977
17207 1.773857662763787 344.139999999977
17208 1.741570442526774 344.1599999999769
17209 1.710678456067977 344.1799999999769
17210 1.680934849529248 344.1999999999769
17211 1.652548078342098 344.2199999999769
17212 1.62546302461169 344.2399999999769
17213 1.600154863129416 344.2599999999769
17214 1.576147452610386 344.2799999999768
17215 1.554082826093718 344.2999999999768
17216 1.533508179789302 344.3199999999768
17217 1.51494745834496 344.3399999999768
17218 1.498061726507435 344.3599999999768
17219 1.483373199457772 344.3799999999767
17220 1.470756311631296 344.3999999999767
17221 1.459811801787399 344.4199999999767
17222 1.450842056598167 344.4399999999767
17223 1.443693994734411 344.4599999999767
17224 1.438828785169361 344.4799999999767
17225 1.436248025952293 344.4999999999766
17226 1.436010545150367 344.5199999999766
17227 1.438342056815566 344.5399999999766
17228 1.442697817239821 344.5599999999766
17229 1.44872448648667 344.5799999999766
17230 1.456792838136606 344.5999999999765
17231 1.467447564340003 344.6199999999765
17232 1.481149875592348 344.6399999999765
17233 1.497036260804497 344.6599999999765
17234 1.51488704516608 344.6799999999765
17235 1.534947153138025 344.6999999999765
17236 1.557242617207879 344.7199999999764
17237 1.581901855997001 344.7399999999764
17238 1.608942656725728 344.7599999999764
17239 1.6377946422056 344.7799999999764
17240 1.668875391813335 344.7999999999764
17241 1.701367819751251 344.8199999999763
17242 1.735833727711835 344.8399999999763
17243 1.772409362191069 344.8599999999763
17244 1.810625340655689 344.8799999999763
17245 1.850240363774559 344.8999999999763
17246 1.891512343313106 344.9199999999763
17247 1.934034889235423 344.9399999999762
17248 1.977855186978654 344.9599999999762
17249 2.022325615448704 344.9799999999762
17250 2.067599564496554 344.9999999999762
17251 2.113734654351176 345.0199999999762
17252 2.160601845608187 345.0399999999761
17253 2.207634129220143 345.0599999999761
17254 2.254977429031898 345.0799999999761
17255 2.302210418274035 345.0999999999761
17256 2.349768635602206 345.1199999999761
17257 2.396708250489115 345.1399999999761
17258 2.443184734364985 345.159999999976
17259 2.489287282409215 345.179999999976
17260 2.534605684989892 345.199999999976
17261 2.578810472200114 345.219999999976
17262 2.62190386120376 345.239999999976
17263 2.66395925462795 345.2599999999759
17264 2.70433398573701 345.2799999999759
17265 2.743182246487661 345.2999999999759
17266 2.780105518268375 345.3199999999759
17267 2.814935156786617 345.3399999999759
17268 2.847919465270424 345.3599999999759
17269 2.879072915255161 345.3799999999758
17270 2.907940427186413 345.3999999999758
17271 2.934091174566892 345.4199999999758
17272 2.958116309070458 345.4399999999758
17273 2.979679422511814 345.4599999999758
17274 2.998687932375804 345.4799999999757
17275 3.014918209526085 345.4999999999757
17276 3.028628062725326 345.5199999999757
17277 3.039598764393893 345.5399999999757
17278 3.048037575807203 345.5599999999757
17279 3.053756874930858 345.5799999999757
17280 3.056881638954827 345.5999999999756
17281 3.057189102993537 345.6199999999756
17282 3.055022223798488 345.6399999999756
17283 3.050180254159952 345.6599999999756
17284 3.042853956005387 345.6799999999756
17285 3.033170447318192 345.6999999999755
17286 3.020867788800628 345.7199999999755
17287 3.006014823813738 345.7399999999755
17288 2.989010273437658 345.7599999999755
17289 2.969993067973665 345.7799999999755
17290 2.948861148235307 345.7999999999755
17291 2.925732090090863 345.8199999999754
17292 2.900787369121872 345.8399999999754
17293 2.873876501438717 345.8599999999754
17294 2.845262945852762 345.8799999999754
17295 2.815129178704471 345.8999999999754
17296 2.783536956146563 345.9199999999753
17297 2.750525693233139 345.9399999999753
17298 2.716213895807558 345.9599999999753
17299 2.680636382602617 345.9799999999753
17300 2.64407179573599 345.9999999999753
17301 2.606556173063177 346.0199999999753
17302 2.568253105649418 346.0399999999752
17303 2.529202848938137 346.0599999999752
17304 2.489543481494763 346.0799999999752
17305 2.449377083126853 346.0999999999752
17306 2.408512137151937 346.1199999999752
17307 2.367511021028505 346.1399999999751
17308 2.326392324971679 346.1599999999751
17309 2.285168468334931 346.1799999999751
17310 2.243958475241815 346.1999999999751
17311 2.202978236178096 346.2199999999751
17312 2.162128879204506 346.2399999999751
17313 2.121396166540438 346.259999999975
17314 2.081109750292312 346.279999999975
17315 2.041462986882075 346.299999999975
17316 2.002301643059528 346.319999999975
17317 1.963560102571126 346.339999999975
17318 1.925763065739917 346.3599999999749
17319 1.888775327600867 346.3799999999749
17320 1.85266336317611 346.3999999999749
17321 1.817314344286946 346.4199999999749
17322 1.783030727614781 346.4399999999749
17323 1.750057778343088 346.4599999999749
17324 1.718240586531585 346.4799999999748
17325 1.687927510249727 346.4999999999748
17326 1.658715709018063 346.5199999999748
17327 1.631126958010818 346.5399999999748
17328 1.604821376450921 346.5599999999748
17329 1.580112266005651 346.5799999999747
17330 1.557193703162052 346.5999999999747
17331 1.535888885229816 346.6199999999747
17332 1.515980530035988 346.6399999999747
17333 1.498272388918136 346.6599999999747
17334 1.482314050343605 346.6799999999747
17335 1.468490880404609 346.6999999999746
17336 1.456595921091683 346.7199999999746
17337 1.446560227005115 346.7399999999746
17338 1.438452440089545 346.7599999999746
17339 1.432401830886931 346.7799999999746
17340 1.428782719631712 346.7999999999745
17341 1.427787215436418 346.8199999999745
17342 1.42839906637087 346.8399999999745
17343 1.431090471779719 346.8599999999745
17344 1.436143602355238 346.8799999999745
17345 1.443454822543661 346.8999999999745
17346 1.453139432637006 346.9199999999744
17347 1.465131999338336 346.9399999999744
17348 1.479644610179266 346.9599999999744
17349 1.495907432754807 346.9799999999744
17350 1.514855051361654 346.9999999999744
17351 1.536338470477903 347.0199999999743
17352 1.559353917028008 347.0399999999743
17353 1.584580231393455 347.0599999999743
17354 1.612413792771358 347.0799999999743
17355 1.641931585888692 347.0999999999743
17356 1.673057592914056 347.1199999999743
17357 1.706363392865265 347.1399999999742
17358 1.74160881002552 347.1599999999742
17359 1.779273258463099 347.1799999999742
17360 1.817902200533567 347.1999999999742
17361 1.857398069563474 347.2199999999742
17362 1.898458817406897 347.2399999999741
17363 1.940929795894134 347.2599999999741
17364 1.984515028381796 347.2799999999741
17365 2.028570663715235 347.2999999999741
17366 2.073610878555598 347.3199999999741
17367 2.118956158632684 347.3399999999741
17368 2.165251156176244 347.359999999974
17369 2.211813160093129 347.379999999974
17370 2.258474708061966 347.399999999974
17371 2.30533002844037 347.419999999974
17372 2.352465750592076 347.439999999974
17373 2.398570558827959 347.4599999999739
17374 2.444311390414271 347.4799999999739
17375 2.489536485437803 347.4999999999739
17376 2.534072693582095 347.5199999999739
17377 2.577563582048507 347.5399999999739
17378 2.61997991456961 347.5599999999739
17379 2.660906999523443 347.5799999999738
17380 2.7006781216586 347.5999999999738
17381 2.738444486097309 347.6199999999738
17382 2.77455861222253 347.6399999999738
17383 2.808628555628663 347.6599999999738
17384 2.840641059986344 347.6799999999737
17385 2.871085335148056 347.6999999999737
17386 2.899462267829105 347.7199999999737
17387 2.925082076701102 347.7399999999737
17388 2.948396792179979 347.7599999999737
17389 2.969046008560151 347.7799999999737
17390 2.987715896551117 347.7999999999736
17391 3.003796177281356 347.8199999999736
17392 3.017137508971076 347.8399999999736
17393 3.027912588510137 347.8599999999736
17394 3.03617676080543 347.8799999999736
17395 3.041863467415828 347.8999999999735
17396 3.044910936797677 347.9199999999735
17397 3.045072244598601 347.9399999999735
17398 3.04287572439965 347.9599999999735
17399 3.038328549699906 347.9799999999735
17400 3.031154560867909 347.9999999999735
17401 3.021412175460245 348.0199999999734
17402 3.009099347128505 348.0399999999734
17403 2.994617019403969 348.0599999999734
17404 2.978073550752453 348.0799999999734
17405 2.959382035953065 348.0999999999734
17406 2.938515729338364 348.1199999999733
17407 2.915414755480715 348.1399999999733
17408 2.890686713610947 348.1599999999733
17409 2.864188143636985 348.1799999999733
17410 2.835899291993929 348.1999999999733
17411 2.806082064826897 348.2199999999733
17412 2.774882393519353 348.2399999999732
17413 2.742233447301019 348.2599999999732
17414 2.708240041681837 348.2799999999732
17415 2.673313346887042 348.2999999999732
17416 2.63722971833947 348.3199999999732
17417 2.600283604033287 348.3399999999731
17418 2.56252067716333 348.3599999999731
17419 2.52405760223234 348.3799999999731
17420 2.484941240577209 348.3999999999731
17421 2.44533984901018 348.4199999999731
17422 2.405291595504309 348.4399999999731
17423 2.365025922733318 348.459999999973
17424 2.324543870899868 348.479999999973
17425 2.283803128839363 348.499999999973
17426 2.243192220174047 348.519999999973
17427 2.202649696324915 348.539999999973
17428 2.162401001591336 348.5599999999729
17429 2.122323169114057 348.5799999999729
17430 2.082658312463499 348.5999999999729
17431 2.043437567744334 348.6199999999729
17432 2.004848656667828 348.6399999999729
17433 1.966758357460464 348.6599999999729
17434 1.929470168535971 348.6799999999728
17435 1.892701566664212 348.6999999999728
17436 1.857123656972059 348.7199999999728
17437 1.822429793106104 348.7399999999728
17438 1.788382879457167 348.7599999999728
17439 1.755601791478545 348.7799999999727
17440 1.724089033845497 348.7999999999727
17441 1.693856145110987 348.8199999999727
17442 1.664928676544858 348.8399999999727
17443 1.637088016863772 348.8599999999727
17444 1.61114287691284 348.8799999999727
17445 1.586479265017857 348.8999999999726
17446 1.563653543833402 348.9199999999726
17447 1.542296020865918 348.9399999999726
17448 1.522830343419375 348.9599999999726
17449 1.505299553495837 348.9799999999726
17450 1.489496439213686 348.9999999999725
17451 1.47606519142422 349.0199999999725
17452 1.46435304854011 349.0399999999725
17453 1.454478634133936 349.0599999999725
17454 1.446506792000343 349.0799999999725
17455 1.440728102055153 349.0999999999725
17456 1.437044203721097 349.1199999999724
17457 1.435806498570735 349.1399999999724
17458 1.437027589926912 349.1599999999724
17459 1.44063660917621 349.1799999999724
17460 1.445817720598134 349.1999999999724
17461 1.452942291662659 349.2199999999723
17462 1.462474630913538 349.2399999999723
17463 1.474725134979616 349.2599999999723
17464 1.48994512224833 349.2799999999723
17465 1.506761726026827 349.2999999999723
17466 1.525864275849039 349.3199999999723
17467 1.547114548318021 349.3399999999722
17468 1.570735565243904 349.3599999999722
17469 1.596830105948077 349.3799999999722
17470 1.624901995866614 349.3999999999722
17471 1.654953740761399 349.4199999999722
17472 1.686831243178229 349.4399999999721
17473 1.720333943130834 349.4599999999721
17474 1.756125945730447 349.4799999999721
17475 1.793554545135818 349.4999999999721
17476 1.832654984428309 349.5199999999721
17477 1.873140952977923 349.5399999999721
17478 1.915143875591855 349.559999999972
17479 1.958496235668903 349.579999999972
17480 2.002699643872409 349.599999999972
17481 2.047453792047708 349.619999999972
17482 2.093498495905556 349.639999999972
17483 2.139752930498252 349.6599999999719
17484 2.187020061745038 349.6799999999719
17485 2.23409894017984 349.6999999999719
17486 2.281329358711533 349.7199999999719
17487 2.328876461810367 349.7399999999719
17488 2.376110443899996 349.7599999999719
17489 2.422738606600522 349.7799999999718
17490 2.46908283649862 349.7999999999718
17491 2.514715188562249 349.8199999999718
17492 2.559437493086327 349.8399999999718
17493 2.603017351446973 349.8599999999718
17494 2.645626821348227 349.8799999999717
17495 2.686731145886925 349.8999999999717
17496 2.726294868327748 349.9199999999717
17497 2.764051496103885 349.9399999999717
17498 2.799827453182398 349.9599999999717
17499 2.833605622274828 349.9799999999717
17500 2.865620639178324 349.9999999999716
17501 2.895506772858964 350.0199999999716
17502 2.922846929171889 350.0399999999716
17503 2.947936641584826 350.0599999999716
17504 2.97043600243619 350.0799999999716
17505 2.990713342170876 350.0999999999715
17506 3.008078168506818 350.1199999999715
17507 3.022944767294331 350.1399999999715
17508 3.035068580105944 350.1599999999715
17509 3.044637462733531 350.1799999999715
17510 3.051534690757916 350.1999999999715
17511 3.05584699301068 350.2199999999714
17512 3.057375077864461 350.2399999999714
17513 3.056287364529004 350.2599999999714
17514 3.052642414218066 350.2799999999714
17515 3.046370800313138 350.2999999999714
17516 3.037765569920231 350.3199999999713
17517 3.026624430087996 350.3399999999713
17518 3.012823150938452 350.3599999999713
17519 2.996727083719534 350.3799999999713
17520 2.978620336799232 350.3999999999713
17521 2.95841753204474 350.4199999999713
17522 2.936166441235027 350.4399999999712
17523 2.911944944939154 350.4599999999712
17524 2.885969227238783 350.4799999999712
17525 2.858058553422264 350.4999999999712
17526 2.82853012918913 350.5199999999712
17527 2.797631593529998 350.5399999999711
17528 2.765232232876797 350.5599999999711
17529 2.731456169311289 350.5799999999711
17530 2.69645061627095 350.5999999999711
17531 2.66028918503065 350.6199999999711
17532 2.623196199788963 350.6399999999711
17533 2.585225463486191 350.659999999971
17534 2.546468795461315 350.679999999971
17535 2.507047067274681 350.699999999971
17536 2.467144978951216 350.719999999971
17537 2.426522750824205 350.739999999971
17538 2.385514235206593 350.7599999999709
17539 2.34449342359196 350.7799999999709
17540 2.303326564777736 350.7999999999709
17541 2.262086333092334 350.8199999999709
17542 2.221015870250667 350.8399999999709
17543 2.180117315374819 350.8599999999709
17544 2.139296156926407 350.8799999999708
17545 2.098787783198841 350.8999999999708
17546 2.058804393267507 350.9199999999708
17547 2.019496749836233 350.9399999999708
17548 1.980515006462358 350.9599999999708
17549 1.9423108111028 350.9799999999707
17550 1.904962331962816 350.9999999999707
17551 1.868443640463854 351.0199999999707
17552 1.832770400672815 351.0399999999707
17553 1.797962342127844 351.0599999999707
17554 1.764467405135351 351.0799999999707
17555 1.732073167385382 351.0999999999706
17556 1.701100289093659 351.1199999999706
17557 1.671341050273098 351.1399999999706
17558 1.643080386067108 351.1599999999706
17559 1.616274012708918 351.1799999999706
17560 1.590739236674357 351.1999999999705
17561 1.567089304447359 351.2199999999705
17562 1.545069308887727 351.2399999999705
17563 1.52452211529408 351.2599999999705
17564 1.505860106685029 351.2799999999705
17565 1.489116634543784 351.2999999999705
17566 1.474217537707982 351.3199999999704
17567 1.461605506045939 351.3399999999704
17568 1.450718477216431 351.3599999999704
17569 1.441818680145925 351.3799999999704
17570 1.434772326728477 351.3999999999704
17571 1.430218803867289 351.4199999999703
17572 1.42795969591872 351.4399999999703
17573 1.427844482821694 351.4599999999703
17574 1.429670358614262 351.4799999999703
17575 1.433699123593771 351.4999999999703
17576 1.439863202106086 351.5199999999703
17577 1.448670268252509 351.5399999999702
17578 1.459587226811112 351.5599999999702
17579 1.472970104834189 351.5799999999702
17580 1.488557232235413 351.5999999999702
17581 1.506234603825723 351.6199999999702
17582 1.526636643988416 351.6399999999701
17583 1.54902318745705 351.6599999999701
17584 1.57315674162935 351.6799999999701
17585 1.599997951491266 351.6999999999701
17586 1.628779661437585 351.7199999999701
17587 1.659179956007931 351.7399999999701
17588 1.691504315471963 351.75999999997
17589 1.72598976083461 351.77999999997
17590 1.762457832694578 351.79999999997
17591 1.801002527387353 351.81999999997
17592 1.839836454405981 351.83999999997
17593 1.88028859322554 351.8599999999699
17594 1.922117328534717 351.8799999999699
17595 1.965371632736109 351.8999999999699
17596 2.009121138984472 351.9199999999699
17597 2.053773251668106 351.9399999999699
17598 2.099008241349747 351.9599999999699
17599 2.144839917586578 351.9799999999698
17600 2.191347294594319 351.9999999999698
17601 2.238102760234362 352.0199999999698
17602 2.284684815620309 352.0399999999698
17603 2.331814933232793 352.0599999999698
17604 2.378527158688422 352.0799999999697
17605 2.424347431760615 352.0999999999697
17606 2.46976894921432 352.1199999999697
17607 2.514558381430929 352.1399999999697
17608 2.558661238958284 352.1599999999697
17609 2.601589525840495 352.1799999999697
17610 2.643088968213092 352.1999999999696
17611 2.683533438064041 352.2199999999696
17612 2.722164699112946 352.2399999999696
17613 2.75887965439743 352.2599999999696
17614 2.794060687526041 352.2799999999696
17615 2.826890447596033 352.2999999999695
17616 2.857879606142223 352.3199999999695
17617 2.887394311024805 352.3399999999695
17618 2.914180706295799 352.3599999999695
17619 2.938568801551749 352.3799999999695
17620 2.960288868201912 352.3999999999695
17621 2.979864127669503 352.4199999999694
17622 2.997102657854818 352.4399999999694
17623 3.011683085098412 352.4599999999694
17624 3.023575063262207 352.4799999999694
17625 3.032931148387327 352.4999999999694
17626 3.039785944213363 352.5199999999693
17627 3.043986231068738 352.5399999999693
17628 3.045440711549048 352.5599999999693
17629 3.044210310997236 352.5799999999693
17630 3.040677065831032 352.5999999999693
17631 3.034735625866872 352.6199999999693
17632 3.0260661352358 352.6399999999692
17633 3.014899622493489 352.6599999999692
17634 3.001278728261137 352.6799999999692
17635 2.985662977641454 352.6999999999692
17636 2.967933763937631 352.7199999999692
17637 2.948025426148997 352.7399999999691
17638 2.925858755258648 352.7599999999691
17639 2.901852459412101 352.7799999999691
17640 2.876107895625902 352.7999999999691
17641 2.848562750566749 352.8199999999691
17642 2.819433739936458 352.8399999999691
17643 2.78878739229209 352.859999999969
17644 2.756838353891989 352.879999999969
17645 2.723368556265942 352.899999999969
17646 2.688821151918315 352.919999999969
17647 2.653264701875622 352.939999999969
17648 2.616656137601355 352.9599999999689
17649 2.579231030488499 352.9799999999689
17650 2.541017253816426 352.9999999999689
17651 2.502222573717128 353.0199999999689
17652 2.462817934905603 353.0399999999689
17653 2.422950584614826 353.0599999999689
17654 2.38273843778405 353.0799999999688
17655 2.342402503447312 353.0999999999688
17656 2.30173605856912 353.1199999999688
17657 2.261040654893939 353.1399999999688
17658 2.220437343901335 353.1599999999688
17659 2.18007792531867 353.1799999999687
17660 2.139922849187229 353.1999999999687
17661 2.100076598005506 353.2199999999687
17662 2.060590391935015 353.2399999999687
17663 2.021772940742116 353.2599999999687
17664 1.983400839523833 353.2799999999687
17665 1.9457815200162 353.2999999999686
17666 1.90872264428506 353.3199999999686
17667 1.872727852487839 353.3399999999686
17668 1.837559353575611 353.3599999999686
17669 1.803204952860477 353.3799999999686
17670 1.769894378067562 353.3999999999685
17671 1.737759655994892 353.4199999999685
17672 1.707021069186783 353.4399999999685
17673 1.677430161364502 353.4599999999685
17674 1.649163827934981 353.4799999999685
17675 1.622330655505614 353.4999999999685
17676 1.597172109611871 353.5199999999684
17677 1.573402006385468 353.5399999999684
17678 1.551512108094325 353.5599999999684
17679 1.531162735905975 353.5799999999684
17680 1.512843053831781 353.5999999999684
17681 1.496130332147939 353.6199999999683
17682 1.48172693076282 353.6399999999683
17683 1.469334243598025 353.6599999999683
17684 1.458640402451365 353.6799999999683
17685 1.449858511663816 353.6999999999683
17686 1.443003368930314 353.7199999999683
17687 1.438378326866934 353.7399999999682
17688 1.436088590898696 353.7599999999682
17689 1.436164352552125 353.7799999999682
17690 1.438792385679755 353.7999999999682
17691 1.443360444981198 353.8199999999682
17692 1.449578224633859 353.8399999999681
17693 1.457955674761908 353.8599999999681
17694 1.468931354969856 353.8799999999681
17695 1.483001738860018 353.8999999999681
17696 1.499098292976272 353.9199999999681
17697 1.517208952132882 353.9399999999681
17698 1.537532938225511 353.959999999968
17699 1.560124373653425 353.979999999968
17700 1.585082310776432 353.999999999968
17701 1.612362178639161 354.019999999968
17702 1.641437172636753 354.039999999968
17703 1.672767815193277 354.0599999999679
17704 1.705430494626818 354.0799999999679
17705 1.740177707090489 354.0999999999679
17706 1.776937395857364 354.1199999999679
17707 1.815359643518952 354.1399999999679
17708 1.855156341649419 354.1599999999679
17709 1.89659409042466 354.1799999999678
17710 1.939308002866738 354.1999999999678
17711 1.983213346231606 354.2199999999678
17712 2.027742238056697 354.2399999999678
17713 2.073219808794955 354.2599999999678
17714 2.119321067380268 354.2799999999677
17715 2.166351372679406 354.2999999999677
17716 2.213312721214373 354.3199999999677
17717 2.260689939743124 354.3399999999677
17718 2.307992621579415 354.3599999999677
17719 2.355482968438216 354.3799999999677
17720 2.402336155878142 354.3999999999676
17721 2.448793294048349 354.4199999999676
17722 2.494825118404912 354.4399999999676
17723 2.540012784286812 354.4599999999676
17724 2.584101999566308 354.4799999999676
17725 2.627062447431656 354.4999999999675
17726 2.668960389627407 354.5199999999675
17727 2.709138712741256 354.5399999999675
17728 2.747788573008735 354.5599999999675
17729 2.784454026239002 354.5799999999675
17730 2.818968905306358 354.5999999999675
17731 2.851843216379824 354.6199999999674
17732 2.882713605634679 354.6399999999674
17733 2.911289964209404 354.6599999999674
17734 2.937167897687946 354.6799999999674
17735 2.960872787812995 354.6999999999674
17736 2.982163710004134 354.7199999999673
17737 3.000823768549431 354.7399999999673
17738 3.016747997910042 354.7599999999673
17739 3.030124543458785 354.7799999999673
17740 3.040782881308655 354.7999999999673
17741 3.04890289266155 354.8199999999673
17742 3.054319192472557 354.8399999999672
17743 3.057101160230538 354.8599999999672
17744 3.057099927362015 354.8799999999672
17745 3.054626038625055 354.8999999999672
17746 3.049467579327038 354.9199999999672
17747 3.041847555699411 354.9399999999671
17748 3.031839389109686 354.9599999999671
17749 3.019230325361963 354.9799999999671
17750 3.004103936842474 354.9999999999671
17751 2.986834950020957 355.0199999999671
17752 2.967586101074259 355.0399999999671
17753 2.946198073395608 355.059999999967
17754 2.922835889102847 355.079999999967
17755 2.897687639813552 355.099999999967
17756 2.870530027835038 355.119999999967
17757 2.841728147004844 355.139999999967
17758 2.811437592937046 355.1599999999669
17759 2.779646749041196 355.1799999999669
17760 2.746485217641986 355.1999999999669
17761 2.712018951489295 355.2199999999669
17762 2.676287927883916 355.2399999999669
17763 2.639609429719898 355.2599999999669
17764 2.601996563435917 355.2799999999668
17765 2.563583956932322 355.2999999999668
17766 2.52446264774583 355.3199999999668
17767 2.484745506396192 355.3399999999668
17768 2.444483353622469 355.3599999999668
17769 2.403588313971529 355.3799999999667
17770 2.362561409123483 355.3999999999667
17771 2.321442364386291 355.4199999999667
17772 2.280219492801253 355.4399999999667
17773 2.239032533136635 355.4599999999667
17774 2.198052597324958 355.4799999999667
17775 2.157216656278703 355.4999999999666
17776 2.11652589818587 355.5199999999666
17777 2.076299931608881 355.5399999999666
17778 2.036738696874936 355.5599999999666
17779 1.997596284587813 355.5799999999666
17780 1.958948938653163 355.5999999999665
17781 1.92126359654143 355.6199999999665
17782 1.88435417036824 355.6399999999665
17783 1.848358918687956 355.6599999999665
17784 1.813118343865232 355.6799999999665
17785 1.779064843839558 355.6999999999665
17786 1.746144543956642 355.7199999999664
17787 1.714509548336033 355.7399999999664
17788 1.684324161193874 355.7599999999664
17789 1.655311318933605 355.7799999999664
17790 1.627899103842718 355.7999999999664
17791 1.601740674680635 355.8199999999663
17792 1.577263863371498 355.8399999999663
17793 1.554538517696454 355.8599999999663
17794 1.533417783645458 355.8799999999663
17795 1.51373490233739 355.8999999999663
17796 1.496255357156471 355.9199999999663
17797 1.480461497787172 355.9399999999662
17798 1.466978961263959 355.9599999999662
17799 1.455263916717532 355.9799999999662
17800 1.445501689168438 355.9999999999662
17801 1.437605510470716 356.0199999999662
17802 1.431871713410454 356.0399999999661
17803 1.428591769939383 356.0599999999661
17804 1.427763378481814 356.0799999999661
17805 1.428633394015796 356.0999999999661
17806 1.43162130440439 356.1199999999661
17807 1.436912888260014 356.1399999999661
17808 1.444546582938548 356.159999999966
17809 1.454519718192194 356.179999999966
17810 1.466775828947705 356.199999999966
17811 1.481591576899536 356.219999999966
17812 1.498077061317433 356.239999999966
17813 1.517388546457995 356.2599999999659
17814 1.539094382243622 356.2799999999659
17815 1.562331812832855 356.2999999999659
17816 1.587861915406756 356.3199999999659
17817 1.61596756319967 356.3399999999659
17818 1.645707008201364 356.3599999999659
17819 1.677053197039483 356.3799999999658
17820 1.710621600967987 356.3999999999658
17821 1.746130887772862 356.4199999999658
17822 1.784004567997309 356.4399999999658
17823 1.822666404343742 356.4599999999658
17824 1.862390402219728 356.4799999999657
17825 1.903625540243732 356.4999999999657
17826 1.946310225151026 356.5199999999657
17827 1.989883305726188 356.5399999999657
17828 2.034085851602881 356.5599999999657
17829 2.079192970700755 356.5799999999657
17830 2.124629779324017 356.5999999999656
17831 2.171002781107398 356.6199999999656
17832 2.217615169302547 356.6399999999656
17833 2.264201538402066 356.6599999999656
17834 2.311157651843815 356.6799999999656
17835 2.3582341826438 356.6999999999655
17836 2.404223446379896 356.7199999999655
17837 2.449930630519134 356.7399999999655
17838 2.495073808420654 356.7599999999655
17839 2.539529833452939 356.7799999999655
17840 2.582873940526529 356.7999999999655
17841 2.625119347519764 356.8199999999654
17842 2.665898483466336 356.8399999999654
17843 2.705437907024859 356.8599999999654
17844 2.742994478778565 356.8799999999654
17845 2.778950808958403 356.8999999999654
17846 2.812719167004203 356.9199999999653
17847 2.844490357292927 356.9399999999653
17848 2.874753292329125 356.9599999999653
17849 2.902787414704108 356.9799999999653
17850 2.928114250055558 356.9999999999653
17851 2.951097288379489 357.0199999999653
17852 2.971501585482334 357.0399999999652
17853 2.989874400911392 357.0599999999652
17854 3.005641187063733 357.0799999999652
17855 3.018642391124587 357.0999999999652
17856 3.029111678319101 357.1199999999652
17857 3.037064041164951 357.1399999999651
17858 3.042427468796718 357.1599999999651
17859 3.045148105369386 357.1799999999651
17860 3.044957441135572 357.1999999999651
17861 3.042500871463298 357.2199999999651
17862 3.03764667687895 357.2399999999651
17863 3.030139672753405 357.259999999965
17864 3.020086912877252 357.279999999965
17865 3.00747350968289 357.299999999965
17866 2.992742104607762 357.319999999965
17867 2.975931689135213 357.339999999965
17868 2.956975041947679 357.3599999999649
17869 2.935830525079779 357.3799999999649
17870 2.912497987678187 357.3999999999649
17871 2.887573860029925 357.4199999999649
17872 2.860842204212622 357.4399999999649
17873 2.83237387676883 357.4599999999649
17874 2.802359539054625 357.4799999999648
17875 2.771010013697597 357.4999999999648
17876 2.738184761712495 357.5199999999648
17877 2.704011397054283 357.5399999999648
17878 2.668996104013192 357.5599999999648
17879 2.632761221895086 357.5799999999647
17880 2.595721610919977 357.5999999999647
17881 2.557859370838149 357.6199999999647
17882 2.519323816938211 357.6399999999647
17883 2.480135513507194 357.6599999999647
17884 2.440475495833712 357.6799999999647
17885 2.4003739778241 357.6999999999646
17886 2.360103381957237 357.7199999999646
17887 2.319581855306559 357.7399999999646
17888 2.278849512183387 357.7599999999646
17889 2.238234820946532 357.7799999999646
17890 2.19771927283408 357.7999999999645
17891 2.157494565444754 357.8199999999645
17892 2.117459009088979 357.8399999999645
17893 2.07783221406094 357.8599999999645
17894 2.038690120774516 357.8799999999645
17895 2.000155300452906 357.8999999999645
17896 1.962247183122876 357.9199999999644
17897 1.924877264477854 357.9399999999644
17898 1.888433134731798 357.9599999999644
17899 1.852791663303222 357.9799999999644
17900 1.818224007413764 357.9999999999644
17901 1.784301171491653 358.0199999999643
17902 1.751669142949318 358.0399999999643
17903 1.72032196791577 358.0599999999643
17904 1.690226460048432 358.0799999999643
17905 1.661481634448909 358.0999999999643
17906 1.633765279785143 358.1199999999643
17907 1.608057785898182 358.1399999999642
17908 1.583554127608466 358.1599999999642
17909 1.560981041627009 358.1799999999642
17910 1.539791332554179 358.1999999999642
17911 1.520583214815129 358.2199999999642
17912 1.503246767319484 358.2399999999641
17913 1.48776133365688 358.2599999999641
17914 1.474534542677885 358.2799999999641
17915 1.463040423836202 358.2999999999641
17916 1.45341405145252 358.3199999999641
17917 1.445665189112142 358.339999999964
17918 1.440153033909996 358.359999999964
17919 1.436778090348739 358.379999999964
17920 1.435804333577896 358.399999999964
17921 1.43734574213432 358.419999999964
17922 1.441197321836135 358.439999999964
17923 1.446587628609777 358.4599999999639
17924 1.453933863742549 358.4799999999639
17925 1.463795804761365 358.4999999999639
17926 1.476472398012573 358.5199999999639
17927 1.491884595340917 358.5399999999639
17928 1.508980193296641 358.5599999999638
17929 1.528364876946796 358.5799999999638
17930 1.549868235163529 358.5999999999638
17931 1.573827028740132 358.6199999999638
17932 1.600163718033435 358.6399999999638
17933 1.628424996160112 358.6599999999638
17934 1.658800841611602 358.6799999999637
17935 1.690840755198831 358.6999999999637
17936 1.72461895484362 358.7199999999637
17937 1.760635100150727 358.7399999999637
17938 1.798274152871246 358.7599999999637
17939 1.837507179449017 358.7799999999636
17940 1.878198939064237 358.7999999999636
17941 1.920350224093671 358.8199999999636
17942 1.963872957314353 358.8399999999636
17943 2.008147172308568 358.8599999999636
17944 2.053007960472256 358.8799999999636
17945 2.099097020375035 358.8999999999635
17946 2.145541316021041 358.9199999999635
17947 2.192749009536066 358.9399999999635
17948 2.239896698281574 358.9599999999635
17949 2.287106095060659 358.9799999999635
17950 2.334693456649006 358.9999999999634
17951 2.381842716523306 359.0199999999634
17952 2.428412180331905 359.0399999999634
17953 2.474716868255415 359.0599999999634
17954 2.520241356945557 359.0799999999634
17955 2.564825800057352 359.0999999999634
17956 2.608276651619471 359.1199999999633
17957 2.650745412667859 359.1399999999633
17958 2.691632750935504 359.1599999999633
17959 2.731018234461486 359.1799999999633
17960 2.768550608392504 359.1999999999633
17961 2.804039397455188 359.2199999999632
17962 2.83762564179826 359.2399999999632
17963 2.86939249791318 359.2599999999632
17964 2.89900604408594 359.2799999999632
17965 2.925990540030129 359.2999999999632
17966 2.950815154665932 359.3199999999632
17967 2.973069059100054 359.3399999999631
17968 2.992995863372057 359.3599999999631
17969 3.010034418803948 359.3799999999631
17970 3.0246003189651 359.3999999999631
17971 3.036396487900512 359.4199999999631
17972 3.045646315177725 359.439999999963
17973 3.052214445582239 359.459999999963
17974 3.056229467198949 359.479999999963
17975 3.057401092028177 359.499999999963
17976 3.056026921883646 359.519999999963
17977 3.052040708754918 359.539999999963
17978 3.045459859406446 359.5599999999629
17979 3.036582720997844 359.5799999999629
17980 3.025104647889092 359.5999999999629
17981 3.011028617501799 359.6199999999629
17982 2.994659368506755 359.6399999999629
17983 2.976301063271076 359.6599999999628
17984 2.955836467916118 359.6799999999628
17985 2.933341926699121 359.6999999999628
17986 2.908920491719326 359.7199999999628
17987 2.882695645721819 359.7399999999628
17988 2.854582512189676 359.7599999999628
17989 2.824869108671658 359.7799999999627
17990 2.793776076342859 359.7999999999627
17991 2.761215518886706 359.8199999999627
17992 2.727284518026445 359.8399999999627
17993 2.692130677463816 359.8599999999627
17994 2.655854079153253 359.8799999999626
17995 2.618638013618464 359.8999999999626
17996 2.580574714426389 359.9199999999626
17997 2.541738543105361 359.9399999999626
17998 2.502228578589851 359.9599999999626
17999 2.462261664473295 359.9799999999626
18000 2.421576423423442 359.9999999999625
18001 2.380527985742109 360.0199999999625
18002 2.339515147408374 360.0399999999625
18003 2.298342677954237 360.0599999999625
18004 2.257098026611219 360.0799999999625
18005 2.216042924225436 360.0999999999624
18006 2.175170604539341 360.1199999999624
18007 2.134367541917903 360.1399999999624
18008 2.093912172436265 360.1599999999624
18009 2.054018157413456 360.1799999999624
18010 2.01475220841242 360.1999999999624
18011 1.975839234286062 360.2199999999623
18012 1.937731419456455 360.2399999999623
18013 1.900483783918034 360.2599999999623
18014 1.864070500162032 360.2799999999623
18015 1.828481660490724 360.2999999999623
18016 1.793803583704181 360.3199999999622
18017 1.760468252213347 360.3399999999622
18018 1.728217408977015 360.3599999999622
18019 1.697453930666746 360.3799999999622
18020 1.667814692392737 360.3999999999622
18021 1.639755656015603 360.4199999999622
18022 1.613104271606172 360.4399999999621
18023 1.587787286214554 360.4599999999621
18024 1.564327447083605 360.4799999999621
18025 1.542509340123329 360.4999999999621
18026 1.522140110460248 360.5199999999621
18027 1.503745977466744 360.539999999962
18028 1.487221640552094 360.559999999962
18029 1.472618155687299 360.579999999962
18030 1.460187471480977 360.599999999962
18031 1.44955164543019 360.619999999962
18032 1.440858488419054 360.639999999962
18033 1.434088798397718 360.6599999999619
18034 1.429809906106204 360.6799999999619
18035 1.427883347770377 360.6999999999619
18036 1.427977322943686 360.7199999999619
18037 1.430043514838491 360.7399999999619
18038 1.434349274752902 360.7599999999618
18039 1.440821925807081 360.7799999999618
18040 1.449893627842676 360.7999999999618
18041 1.46113456781082 360.8199999999618
18042 1.474816839766048 360.8399999999618
18043 1.490604071285054 360.8599999999618
18044 1.508628855958876 360.8799999999617
18045 1.529344277713325 360.8999999999617
18046 1.551899002381654 360.9199999999617
18047 1.576328149683798 360.9399999999617
18048 1.60348395022442 360.9599999999617
18049 1.632479698698905 360.9799999999616
18050 1.663046423682134 360.9999999999616
18051 1.695686308136403 361.0199999999616
18052 1.730360206998848 361.0399999999616
18053 1.76716405102053 361.0599999999616
18054 1.805786649273892 361.0799999999616
18055 1.844775519771118 361.0999999999615
18056 1.885439018433004 361.1199999999615
18057 1.927400948404005 361.1399999999615
18058 1.970786760342992 361.1599999999615
18059 2.014599196021178 361.1799999999615
18060 2.05939247422223 361.1999999999614
18061 2.104681633873673 361.2199999999614
18062 2.150596607209094 361.2399999999614
18063 2.197128496281148 361.2599999999614
18064 2.243883040643606 361.2799999999614
18065 2.29053917751759 361.2999999999614
18066 2.337677327166897 361.3199999999613
18067 2.384218456516341 361.3399999999613
18068 2.430025952479109 361.3599999999613
18069 2.47540992448763 361.3799999999613
18070 2.520100449234173 361.3999999999613
18071 2.564069888734393 361.4199999999612
18072 2.606871068753624 361.4399999999612
18073 2.648195043529467 361.4599999999612
18074 2.68846219422322 361.4799999999612
18075 2.726869674903988 361.4999999999612
18076 2.763390556678953 361.5199999999612
18077 2.798269347624827 361.5399999999611
18078 2.83086204669605 361.5599999999611
18079 2.861701591724216 361.5799999999611
18080 2.890911470766239 361.5999999999611
18081 2.917368935041148 361.6199999999611
18082 2.941471865159619 361.639999999961
18083 2.96287466369415 361.659999999961
18084 2.982198343638055 361.679999999961
18085 2.999117959473454 361.699999999961
18086 3.013353053115023 361.719999999961
18087 3.024905887119916 361.739999999961
18088 3.03398127198607 361.7599999999609
18089 3.040502892491471 361.7799999999609
18090 3.044373903749155 361.7999999999609
18091 3.045469459302284 361.8199999999609
18092 3.043938364257067 361.8399999999609
18093 3.040127725084989 361.8599999999608
18094 3.033863170144617 361.8799999999608
18095 3.024863515248669 361.8999999999608
18096 3.013379728350652 361.9199999999608
18097 2.999503448821699 361.9399999999608
18098 2.983639166351974 361.9599999999608
18099 2.965635789211277 361.9799999999607
18100 2.945455595376065 361.9999999999607
18101 2.923015410698677 362.0199999999607
18102 2.898815135086617 362.0399999999607
18103 2.872847733038618 362.0599999999607
18104 2.845080784147037 362.0799999999606
18105 2.815769262545572 362.0999999999606
18106 2.784955455179643 362.1199999999606
18107 2.752823964290833 362.1399999999606
18108 2.719198140221615 362.1599999999606
18109 2.684527483087251 362.1799999999606
18110 2.648817465916687 362.1999999999605
18111 2.612116456517423 362.2199999999605
18112 2.574583566576303 362.2399999999605
18113 2.536276087172437 362.2599999999605
18114 2.497411462621986 362.2799999999605
18115 2.457956225243553 362.2999999999604
18116 2.418036924304707 362.3199999999604
18117 2.377800099571727 362.3399999999604
18118 2.337435588843538 362.3599999999604
18119 2.296738842907898 362.3799999999604
18120 2.256050636081322 362.3999999999604
18121 2.215451163789975 362.4199999999603
18122 2.1751303387256 362.4399999999603
18123 2.134977533456991 362.4599999999603
18124 2.095186281394485 362.4799999999603
18125 2.055785700525921 362.4999999999603
18126 2.01702153076786 362.5199999999602
18127 1.978731389039109 362.5399999999602
18128 1.94119092947547 362.5599999999602
18129 1.904222730346302 362.5799999999602
18130 1.86833662611562 362.5999999999602
18131 1.833303324700218 362.6199999999602
18132 1.799019015229616 362.6399999999601
18133 1.765873928228485 362.6599999999601
18134 1.733905517493048 362.6799999999601
18135 1.703309261628082 362.6999999999601
18136 1.673880213181597 362.7199999999601
18137 1.645741384076902 362.73999999996
18138 1.619162221266254 362.75999999996
18139 1.594141237609805 362.77999999996
18140 1.570659302035287 362.79999999996
18141 1.548884888455964 362.81999999996
18142 1.528789153266586 362.83999999996
18143 1.510691048604203 362.8599999999599
18144 1.494210451833602 362.8799999999599
18145 1.480092444282984 362.8999999999599
18146 1.467903317736818 362.9199999999599
18147 1.457390937067133 362.9399999999599
18148 1.448883503656975 362.9599999999598
18149 1.442331850609038 362.9799999999598
18150 1.437962231672635 362.9999999999598
18151 1.435901792972462 363.0199999999598
18152 1.436365137380635 363.0399999999598
18153 1.439287976754011 363.0599999999598
18154 1.444018874222275 363.0799999999597
18155 1.450496405481453 363.0999999999597
18156 1.45917554170644 363.1199999999597
18157 1.470486590798621 363.1399999999597
18158 1.484923686592142 363.1599999999597
18159 1.501206750489658 363.1799999999596
18160 1.519604347543475 363.1999999999596
18161 1.540169325573299 363.2199999999596
18162 1.56307372720517 363.2399999999596
18163 1.588346027937858 363.2599999999596
18164 1.615839715583269 363.2799999999596
18165 1.64520595572802 363.2999999999595
18166 1.676666326255476 363.3199999999595
18167 1.709577234897869 363.3399999999595
18168 1.744619625485649 363.3599999999595
18169 1.781559706351773 363.3799999999595
18170 1.820178725201838 363.3999999999594
18171 1.86018006233181 363.4199999999594
18172 1.901768597774876 363.4399999999594
18173 1.94468069156502 363.4599999999594
18174 1.988673558426361 363.4799999999594
18175 2.033247307661396 363.4999999999594
18176 2.078935095512662 363.5199999999593
18177 2.125003589000463 363.5399999999593
18178 2.172177461658193 363.5599999999593
18179 2.219105934897848 363.5799999999593
18180 2.266490463210945 363.5999999999593
18181 2.313866320539646 363.6199999999592
18182 2.361287990246543 363.6399999999592
18183 2.408087225951018 363.6599999999592
18184 2.454484377885075 363.6799999999592
18185 2.500435445892781 363.6999999999592
18186 2.545492420782769 363.7199999999592
18187 2.589428104130007 363.7399999999591
18188 2.632309061617133 363.7599999999591
18189 2.673997962702972 363.7799999999591
18190 2.714000305633403 363.7999999999591
18191 2.752427598383703 363.8199999999591
18192 2.788812995886047 363.839999999959
18193 2.82309090845926 363.859999999959
18194 2.855787198620687 363.879999999959
18195 2.886362637861442 363.899999999959
18196 2.914614987493533 363.919999999959
18197 2.940270565091024 363.939999999959
18198 2.963619419857116 363.9599999999589
18199 2.984641636114501 363.9799999999589
18200 3.002942461138455 363.9999999999589
18201 3.018577857081724 364.0199999999589
18202 3.031609535921572 364.0399999999589
18203 3.041940607485919 364.0599999999588
18204 3.049737982141922 364.0799999999588
18205 3.05483760680356 364.0999999999588
18206 3.05727122829815 364.1199999999588
18207 3.056957892298555 364.1399999999588
18208 3.054157650526737 364.1599999999588
18209 3.048699431466136 364.1799999999587
18210 3.040793159005834 364.1999999999587
18211 3.030467725793 364.2199999999587
18212 3.017534052371863 364.2399999999587
18213 3.002112440380272 364.2599999999587
18214 2.984613840868965 364.2799999999586
18215 2.965088602163612 364.2999999999586
18216 2.943470044377253 364.3199999999586
18217 2.919854260344487 364.3399999999586
18218 2.894499006389397 364.3599999999586
18219 2.867109485777556 364.3799999999586
18220 2.838098495353369 364.3999999999585
18221 2.807646565772212 364.4199999999585
18222 2.775663902949473 364.4399999999585
18223 2.742337257313473 364.4599999999585
18224 2.707729874232484 364.4799999999585
18225 2.671850120979068 364.4999999999584
18226 2.63505926067741 364.5199999999584
18227 2.597342675827285 364.5399999999584
18228 2.558836672241292 364.5599999999584
18229 2.51961805150137 364.5799999999584
18230 2.479847290842488 364.5999999999584
18231 2.439489458645208 364.6199999999583
18232 2.39856843831304 364.6399999999583
18233 2.357527240921491 364.6599999999583
18234 2.316395837340852 364.6799999999583
18235 2.27517633687336 364.6999999999583
18236 2.234017575772592 364.7199999999582
18237 2.193046968430895 364.7399999999582
18238 2.152215335866113 364.7599999999582
18239 2.111571145999496 364.7799999999582
18240 2.071413205419274 364.7999999999582
18241 2.031912244834348 364.8199999999582
18242 1.992813224274397 364.8399999999581
18243 1.954289870568476 364.8599999999581
18244 1.91670239911012 364.8799999999581
18245 1.879886927694866 364.8999999999581
18246 1.843979857179906 364.9199999999581
18247 1.808868537012501 364.939999999958
18248 1.774960478595424 364.959999999958
18249 1.742176982350403 364.979999999958
18250 1.71072883279498 364.999999999958
18251 1.680667090144804 365.019999999958
18252 1.651870234706347 365.039999999958
18253 1.624637285176366 365.0599999999579
18254 1.598619938190242 365.0799999999579
18255 1.574383950363405 365.0999999999579
18256 1.551868822289804 365.1199999999579
18257 1.530905450923477 365.1399999999579
18258 1.511499644382803 365.1599999999578
18259 1.494212874217019 365.1799999999578
18260 1.478661033755853 365.1999999999578
18261 1.465435197565606 365.2199999999578
18262 1.453957256867953 365.2399999999578
18263 1.444459208010074 365.2599999999578
18264 1.436775246539038 365.2799999999577
18265 1.431368129840152 365.2999999999577
18266 1.428355231379798 365.3199999999577
18267 1.427749838563978 365.3399999999577
18268 1.42891677223788 365.3599999999577
18269 1.432209478423354 365.3799999999576
18270 1.437717024316427 365.3999999999576
18271 1.445703772129225 365.4199999999576
18272 1.455935519369104 365.4399999999576
18273 1.468509982948227 365.4599999999576
18274 1.483552878614699 365.4799999999576
18275 1.500361879164473 365.4999999999575
18276 1.519968935298996 365.5199999999575
18277 1.541918841060988 365.5399999999575
18278 1.565379826210374 365.5599999999575
18279 1.591269151969326 365.5799999999575
18280 1.619614186818128 365.5999999999574
18281 1.649548905541457 365.6199999999574
18282 1.681142055745483 365.6399999999574
18283 1.715010246326676 365.6599999999574
18284 1.750763035491811 365.6799999999574
18285 1.788881102260045 365.6999999999574
18286 1.827538161286902 365.7199999999573
18287 1.867498308232391 365.7399999999573
18288 1.908915591303227 365.7599999999573
18289 1.951759156165384 365.7799999999573
18290 1.995364469259475 365.7999999999573
18291 2.039712678697229 365.8199999999572
18292 2.084881801419119 365.8399999999572
18293 2.130405830557328 365.8599999999572
18294 2.17685344879143 365.8799999999572
18295 2.223509398688008 365.8999999999572
18296 2.27007842501788 365.9199999999572
18297 2.317062484402231 365.9399999999571
18298 2.364113002022666 365.9599999999571
18299 2.410005999669067 365.9799999999571
18300 2.455626459465462 365.9999999999571
18301 2.500692292735424 366.0199999999571
18302 2.545057045653989 366.039999999957
18303 2.58828663692598 366.059999999957
18304 2.630324208317741 366.079999999957
18305 2.671000461598255 366.099999999957
18306 2.71028962467145 366.119999999957
18307 2.747616285680901 366.139999999957
18308 2.783372512781969 366.1599999999569
18309 2.816856074005067 366.1799999999569
18310 2.848387306628355 366.1999999999569
18311 2.878454541916831 366.2199999999569
18312 2.906166813425128 366.2399999999569
18313 2.931208808114693 366.2599999999568
18314 2.953823497187202 366.2799999999568
18315 2.973976024517262 366.2999999999568
18316 2.992037672739282 366.3199999999568
18317 3.007492563393466 366.3399999999568
18318 3.020129905751028 366.3599999999568
18319 3.03031836517099 366.3799999999567
18320 3.037938403749843 366.3999999999567
18321 3.042985452769745 366.4199999999567
18322 3.045362867623705 366.4399999999567
18323 3.044843038300106 366.4599999999567
18324 3.042091859267656 366.4799999999566
18325 3.036926809489737 366.4999999999566
18326 3.029079135781602 366.5199999999566
18327 3.018715722740103 366.5399999999566
18328 3.005801551894105 366.5599999999566
18329 2.990816302452784 366.5799999999566
18330 2.973732600958395 366.5999999999565
18331 2.95450418302095 366.6199999999565
18332 2.933071934529393 366.6399999999565
18333 2.909543646815233 366.6599999999565
18334 2.884386184732055 366.6799999999565
18335 2.857419193943616 366.6999999999564
18336 2.828727251939172 366.7199999999564
18337 2.798568646646399 366.7399999999564
18338 2.767039798775144 366.7599999999564
18339 2.734040201899282 366.7799999999564
18340 2.699724056375078 366.7999999999564
18341 2.664577358454201 366.8199999999563
18342 2.628230246084732 366.8399999999563
18343 2.591065482841664 366.8599999999563
18344 2.55311248702478 366.8799999999563
18345 2.514500912642013 366.8999999999563
18346 2.475243005584269 366.9199999999562
18347 2.435522441093287 366.9399999999562
18348 2.395390104678061 366.9599999999562
18349 2.355091047554519 366.9799999999562
18350 2.314537844191948 366.9999999999562
18351 2.273804986235659 367.0199999999562
18352 2.233175592477044 367.0399999999561
18353 2.192707600275104 367.0599999999561
18354 2.152503106870746 367.0799999999561
18355 2.112521457851377 367.0999999999561
18356 2.072925189243525 367.1199999999561
18357 2.03386412356 367.139999999956
18358 1.995392195170516 367.159999999956
18359 1.957577146785097 367.179999999956
18360 1.920225635477508 367.199999999956
18361 1.883987285274918 367.219999999956
18362 1.848414981932505 367.239999999956
18363 1.813953758098067 367.2599999999559
18364 1.780184388404323 367.2799999999559
18365 1.747684342467031 367.2999999999559
18366 1.716503009110653 367.3199999999559
18367 1.68655120323676 367.3399999999559
18368 1.657950443523616 367.3599999999558
18369 1.630478455977639 367.3799999999558
18370 1.604936175223628 367.3999999999558
18371 1.580607030943921 367.4199999999558
18372 1.558289059689363 367.4399999999558
18373 1.537283893641807 367.4599999999558
18374 1.518344166366786 367.4799999999557
18375 1.501179842282899 367.4999999999557
18376 1.485997444257277 367.5199999999557
18377 1.473006738083773 367.5399999999557
18378 1.461726752101192 367.5599999999557
18379 1.452342909997978 367.5799999999556
18380 1.444865909409699 367.5999999999556
18381 1.439630953008009 367.6199999999556
18382 1.436553633234534 367.6399999999556
18383 1.435852070055914 367.6599999999556
18384 1.437738710053122 367.6799999999556
18385 1.441761208160316 367.6999999999555
18386 1.447389058520252 367.7199999999555
18387 1.45502709606477 367.7399999999555
18388 1.465171968992043 367.7599999999555
18389 1.478287974588197 367.7799999999555
18390 1.49387882711702 367.7999999999554
18391 1.511270178096149 367.8199999999554
18392 1.530938735760567 367.8399999999554
18393 1.552724982210407 367.8599999999554
18394 1.576983989950127 367.8799999999554
18395 1.603594800423614 367.8999999999554
18396 1.632065522255205 367.9199999999553
18397 1.662741730188407 367.9399999999553
18398 1.69495881449746 367.9599999999553
18399 1.729009595167285 367.9799999999553
18400 1.765242280759086 367.9999999999553
18401 1.803118029737735 368.0199999999552
18402 1.842474287297311 368.0399999999552
18403 1.88337652861435 368.0599999999552
18404 1.925713519483918 368.0799999999552
18405 1.969346944149046 368.0999999999552
18406 2.013691587964034 368.1199999999552
18407 2.058692376302983 368.1399999999551
18408 2.104805665543183 368.1599999999551
18409 2.151456665293598 368.1799999999551
18410 2.198582584862944 368.1999999999551
18411 2.245801268710534 368.2199999999551
18412 2.293011797976344 368.239999999955
18413 2.340621201842161 368.259999999955
18414 2.387667719691217 368.279999999955
18415 2.434218654260275 368.299999999955
18416 2.480429213068574 368.319999999955
18417 2.525889111090618 368.339999999955
18418 2.57031828749056 368.3599999999549
18419 2.613627177897222 368.3799999999549
18420 2.655944694358321 368.3999999999549
18421 2.696625472830971 368.4199999999549
18422 2.735821454521038 368.4399999999549
18423 2.773115887854462 368.4599999999548
18424 2.808370251843379 368.4799999999548
18425 2.841668623455808 368.4999999999548
18426 2.87322074063619 368.5199999999548
18427 2.902542178403429 368.5399999999548
18428 2.929189181877777 368.5599999999548
18429 2.953718034241116 368.5799999999547
18430 2.975703782547255 368.5999999999547
18431 2.995280318173415 368.6199999999547
18432 3.011994004495994 368.6399999999547
18433 3.026245683944221 368.6599999999547
18434 3.037711015709831 368.6799999999546
18435 3.046640658311516 368.6999999999546
18436 3.052878506924168 368.7199999999546
18437 3.056557288870715 368.7399999999546
18438 3.057382703998591 368.7599999999546
18439 3.055716414898963 368.7799999999546
18440 3.051395254252795 368.7999999999545
18441 3.044501713672076 368.8199999999545
18442 3.03530979096074 368.8399999999545
18443 3.023516739457788 368.8599999999545
18444 3.009145902188775 368.8799999999545
18445 2.992520135752944 368.8999999999544
18446 2.973893621189274 368.9199999999544
18447 2.953163246690614 368.9399999999544
18448 2.930421615598383 368.9599999999544
18449 2.905794532837232 368.9799999999544
18450 2.879308829446923 368.9999999999544
18451 2.85100364817779 369.0199999999543
18452 2.821120201647042 369.0399999999543
18453 2.789826496493421 369.0599999999543
18454 2.757093649758441 369.0799999999543
18455 2.723008864957189 369.0999999999543
18456 2.687697555133118 369.1199999999542
18457 2.65130911735495 369.1399999999542
18458 2.613970797865004 369.1599999999542
18459 2.575805088374532 369.1799999999542
18460 2.536900091459946 369.1999999999542
18461 2.497305105699142 369.2199999999542
18462 2.457283105459681 369.2399999999541
18463 2.416519299972733 369.2599999999541
18464 2.3754456270355 369.2799999999541
18465 2.334431006367407 369.2999999999541
18466 2.293251044980138 369.3199999999541
18467 2.252010613194771 369.339999999954
18468 2.210970850942865 369.359999999954
18469 2.170114883051628 369.379999999954
18470 2.129342940388805 369.399999999954
18471 2.088954475258562 369.419999999954
18472 2.04913482310609 369.439999999954
18473 2.009918085078218 369.4599999999539
18474 1.971076123230226 369.4799999999539
18475 1.933058064376028 369.4999999999539
18476 1.895928187599241 369.5199999999539
18477 1.859623815487204 369.5399999999539
18478 1.824106646106785 369.5599999999538
18479 1.789607678813271 369.5799999999538
18480 1.75639711846077 369.5999999999538
18481 1.724302727023124 369.6199999999538
18482 1.693744381696302 369.6399999999538
18483 1.664252319307896 369.6599999999538
18484 1.636390839553552 369.6799999999537
18485 1.609878658108066 369.6999999999537
18486 1.584779857385852 369.7199999999537
18487 1.561536236949183 369.7399999999537
18488 1.539933197868071 369.7599999999537
18489 1.51972933721519 369.7799999999536
18490 1.501611901581846 369.7999999999536
18491 1.485289632949301 369.8199999999536
18492 1.471005518802512 369.8399999999536
18493 1.458781340005745 369.8599999999536
18494 1.448373881596084 369.8799999999536
18495 1.439903296342275 369.8999999999535
18496 1.433433356438901 369.9199999999535
18497 1.429422790958506 369.9399999999535
18498 1.427850287073591 369.9599999999535
18499 1.428194663359492 369.9799999999535
18500 1.430479312317801 369.9999999999534
18501 1.435063495248014 370.0199999999534
18502 1.441860102046816 370.0399999999534
18503 1.451205008984676 370.0599999999534
18504 1.462729592697051 370.0799999999534
18505 1.476739775435265 370.0999999999534
18506 1.492720616059437 370.1199999999533
18507 1.511100263099357 370.1399999999533
18508 1.53213993307982 370.1599999999533
18509 1.554879438533346 370.1799999999533
18510 1.579610636238197 370.1999999999533
18511 1.607062210022948 370.2199999999532
18512 1.636255247279283 370.2399999999532
18513 1.667046806842702 370.2599999999532
18514 1.699974456372937 370.2799999999532
18515 1.734837845319141 370.2999999999532
18516 1.772016460412809 370.3199999999532
18517 1.810663338351561 370.3399999999531
18518 1.849835722804088 370.3599999999531
18519 1.890673476913022 370.3799999999531
18520 1.932826701255371 370.3999999999531
18521 1.976309063741527 370.4199999999531
18522 2.020208235204443 370.439999999953
18523 2.065132144862076 370.459999999953
18524 2.110419657034413 370.479999999953
18525 2.156470847314359 370.499999999953
18526 2.203024826609293 370.519999999953
18527 2.249770119138524 370.539999999953
18528 2.296496547103128 370.5599999999529
18529 2.343659995088909 370.5799999999529
18530 2.389996856301739 370.5999999999529
18531 2.435786283440807 370.6199999999529
18532 2.481141725109204 370.6399999999529
18533 2.525758005312174 370.6599999999528
18534 2.569541334239428 370.6799999999528
18535 2.612183429955222 370.6999999999528
18536 2.653360102295768 370.7199999999528
18537 2.693460162165361 370.7399999999528
18538 2.731603437618204 370.7599999999528
18539 2.767939639515336 370.7799999999527
18540 2.802505604112064 370.7999999999527
18541 2.834868626869443 370.8199999999527
18542 2.86554811164771 370.8399999999527
18543 2.894440590598438 370.8599999999527
18544 2.920576400214344 370.8799999999526
18545 2.944351614930934 370.8999999999526
18546 2.965436580079432 370.9199999999526
18547 2.984515601609615 370.9399999999526
18548 3.001098537629767 370.9599999999526
18549 3.014967679551543 370.9799999999526
18550 3.026213130900932 370.9999999999525
18551 3.03497183020751 371.0199999999525
18552 3.041163027980402 371.0399999999525
18553 3.044691859359658 371.0599999999525
18554 3.045411181316201 371.0799999999525
18555 3.043607980586429 371.0999999999524
18556 3.039504715612549 371.1199999999524
18557 3.032879697158103 371.1399999999524
18558 3.023589896699881 371.1599999999524
18559 3.011762848333249 371.1799999999524
18560 2.997626182643685 371.1999999999524
18561 2.981500329051637 371.2199999999523
18562 2.963229686598595 371.2399999999523
18563 2.9427710355078 371.2599999999523
18564 2.920058302118204 371.2799999999523
18565 2.895646934769678 371.2999999999523
18566 2.869485146346425 371.3199999999522
18567 2.841485539015104 371.3399999999522
18568 2.811986618557792 371.3599999999522
18569 2.780997860252542 371.3799999999522
18570 2.748686755430674 371.3999999999522
18571 2.714899362323992 371.4199999999522
18572 2.680118557426546 371.4399999999521
18573 2.644255269106203 371.4599999999521
18574 2.607451936017582 371.4799999999521
18575 2.56982302090686 371.4999999999521
18576 2.531418265676519 371.5199999999521
18577 2.492479999592823 371.539999999952
18578 2.452974777353167 371.559999999952
18579 2.413004985814795 371.579999999952
18580 2.372734874707863 371.599999999952
18581 2.332342565636064 371.619999999952
18582 2.291619216344431 371.639999999952
18583 2.250944514663531 371.6599999999519
18584 2.210374958309283 371.6799999999519
18585 2.170073723261802 371.6999999999519
18586 2.129953592338214 371.7199999999519
18587 2.09020904039168 371.7399999999519
18588 2.050888618924398 371.7599999999518
18589 2.012171986334198 371.7799999999518
18590 1.97396594267345 371.7999999999518
18591 1.936495962910344 371.8199999999518
18592 1.899553602754628 371.8399999999518
18593 1.863885121178185 371.8599999999518
18594 1.828966934648751 371.8799999999517
18595 1.794791680103436 371.8999999999517
18596 1.761773557528027 371.9199999999517
18597 1.729992897287713 371.9399999999517
18598 1.699534713430266 371.9599999999517
18599 1.670307910737007 371.9799999999516
18600 1.642279897621551 371.9999999999516
18601 1.615946664362004 372.0199999999516
18602 1.591059992401231 372.0399999999516
18603 1.567884212577013 372.0599999999516
18604 1.546233559136661 372.0799999999516
18605 1.526384569872766 372.0999999999515
18606 1.508530501736729 372.1199999999515
18607 1.49229525609483 372.1399999999515
18608 1.47845888818025 372.1599999999515
18609 1.466465753557756 372.1799999999515
18610 1.456153323356295 372.1999999999514
18611 1.447911364663254 372.2199999999514
18612 1.44162085729668 372.2399999999514
18613 1.437572462908235 372.2599999999514
18614 1.435813895697173 372.2799999999514
18615 1.43661118540475 372.2999999999514
18616 1.439802433208278 372.3199999999513
18617 1.444695941862423 372.3399999999513
18618 1.451451656689127 372.3599999999513
18619 1.460427857600714 372.3799999999513
18620 1.472140773659518 372.3999999999513
18621 1.486892955150201 372.4199999999512
18622 1.503411579654589 372.4399999999512
18623 1.522082570225602 372.4599999999512
18624 1.542897238758822 372.4799999999512
18625 1.566105331316686 372.4999999999512
18626 1.591713974509398 372.5199999999512
18627 1.61939644157952 372.5399999999511
18628 1.649070309708882 372.5599999999511
18629 1.680668274349295 372.5799999999511
18630 1.713835757469094 372.5999999999511
18631 1.749171234125792 372.6199999999511
18632 1.786283797355187 372.639999999951
18633 1.825116347469136 372.659999999951
18634 1.865302314885813 372.679999999951
18635 1.907056490366466 372.699999999951
18636 1.950150934719493 372.719999999951
18637 1.994226646087028 372.739999999951
18638 2.038867466243246 372.7599999999509
18639 2.084733463791018 372.7799999999509
18640 2.130822107882127 372.7999999999509
18641 2.178080888877613 372.8199999999509
18642 2.225012765658049 372.8399999999509
18643 2.272367574398396 372.8599999999508
18644 2.319828282684995 372.8799999999508
18645 2.367185481335844 372.8999999999508
18646 2.413914922306666 372.9199999999508
18647 2.460270467920428 372.9399999999508
18648 2.506099393632924 372.9599999999508
18649 2.551043078950758 372.9799999999507
18650 2.594819713071431 372.9999999999507
18651 2.637610515713175 373.0199999999507
18652 2.679084516357205 373.0399999999507
18653 2.718917125863999 373.0599999999507
18654 2.757060435373245 373.0799999999506
18655 2.793202849020853 373.0999999999506
18656 2.827311616206917 373.1199999999506
18657 2.859713740410704 373.1399999999506
18658 2.890021330744525 373.1599999999506
18659 2.917915080866997 373.1799999999506
18660 2.943365625491683 373.1999999999505
18661 2.966364239145435 373.2199999999505
18662 2.987099844171115 373.2399999999505
18663 3.005042354949366 373.2599999999505
18664 3.020372387577663 373.2799999999505
18665 3.033048771531762 373.2999999999504
18666 3.043066226916275 373.3199999999504
18667 3.050524616227367 373.3399999999504
18668 3.055298599634922 373.3599999999504
18669 3.057373221353838 373.3799999999504
18670 3.056755627457418 373.3999999999504
18671 3.053615069054579 373.4199999999503
18672 3.047849256380012 373.4399999999503
18673 3.039683389162352 373.4599999999503
18674 3.028998004072958 373.4799999999503
18675 3.015750244380973 373.4999999999503
18676 3.000038841551716 373.5199999999502
18677 2.982313483314592 373.5399999999502
18678 2.962498920338339 373.5599999999502
18679 2.940643040387259 373.5799999999502
18680 2.916783607421023 373.5999999999502
18681 2.89118888336626 373.6199999999502
18682 2.863587639360607 373.6399999999501
18683 2.834366076479001 373.6599999999501
18684 2.803732935022399 373.6799999999501
18685 2.771580083152812 373.6999999999501
18686 2.738077555749351 373.7199999999501
18687 2.703322640064257 373.73999999995
18688 2.667314250553098 373.75999999995
18689 2.63041698209214 373.77999999995
18690 2.592580786119426 373.79999999995
18691 2.553985750485071 373.81999999995
18692 2.514681397751135 373.83999999995
18693 2.47484130855517 373.8599999999499
18694 2.434390197019941 373.8799999999499
18695 2.393447921401649 373.8999999999499
18696 2.352392941674776 373.9199999999499
18697 2.311261193704107 373.9399999999499
18698 2.270047070619079 373.9599999999498
18699 2.228906581833488 373.9799999999498
18700 2.187953810400642 373.9999999999498
18701 2.147136570803208 374.0199999999498
18702 2.106541790658728 374.0399999999498
18703 2.066454870994153 374.0599999999498
18704 2.027022897055011 374.0799999999497
18705 1.987949234907743 374.0999999999497
18706 1.949554202649255 374.1199999999497
18707 1.912058326778547 374.1399999999497
18708 1.87535951917455 374.1599999999497
18709 1.839531281252886 374.1799999999496
18710 1.804540772428856 374.1999999999496
18711 1.7708114495195 374.2199999999496
18712 1.73817062615731 374.2399999999496
18713 1.706912920764871 374.2599999999496
18714 1.676969343633312 374.2799999999496
18715 1.648392350086137 374.2999999999495
18716 1.621326393708214 374.3199999999495
18717 1.595483572627307 374.3399999999495
18718 1.571483281830594 374.3599999999495
18719 1.549187495379744 374.3799999999495
18720 1.528377480189188 374.3999999999494
18721 1.509276168784675 374.4199999999494
18722 1.492188004767909 374.4399999999494
18723 1.476882788029825 374.4599999999494
18724 1.463899357742669 374.4799999999494
18725 1.452658298852405 374.4999999999494
18726 1.443403900839617 374.5199999999493
18727 1.435965727683195 374.5399999999493
18728 1.430901138189613 374.5599999999493
18729 1.428204211532744 374.5799999999493
18730 1.427781928574392 374.5999999999493
18731 1.429225478690512 374.6199999999492
18732 1.432832750115909 374.6399999999492
18733 1.438588527744894 374.6599999999492
18734 1.446908409326384 374.6799999999492
18735 1.45741062864142 374.6999999999492
18736 1.470310674143221 374.7199999999492
18737 1.485564131155877 374.7399999999491
18738 1.502720386515545 374.7599999999491
18739 1.522644719566468 374.7799999999491
18740 1.544796571516398 374.7999999999491
18741 1.568524160283687 374.8199999999491
18742 1.594794318371422 374.839999999949
18743 1.62333140233199 374.859999999949
18744 1.653491586314809 374.879999999949
18745 1.685333108738941 374.899999999949
18746 1.719481855799454 374.919999999949
18747 1.7554907481058 374.939999999949
18748 1.793843652322811 374.9599999999489
18749 1.832517885722389 374.9799999999489
18750 1.87270240759447 374.9999999999489
18751 1.914296615218332 375.0199999999489
18752 1.957307811538513 375.0399999999489
18753 2.000969701127707 375.0599999999488
18754 2.045435030897439 375.0799999999488
18755 2.090643735203991 375.0999999999488
18756 2.136291434783849 375.1199999999488
18757 2.182769745782759 375.1399999999488
18758 2.229476237482517 375.1599999999488
18759 2.27604937689598 375.1799999999487
18760 2.323068067118681 375.1999999999487
18761 2.370030052894383 375.2199999999487
18762 2.415876837167048 375.2399999999487
18763 2.461409449926595 375.2599999999487
18764 2.506376423019048 375.2799999999486
18765 2.550637615674579 375.2999999999486
18766 2.593762661413803 375.3199999999486
18767 2.635568541696689 375.3399999999486
18768 2.676172621699135 375.3599999999486
18769 2.715197179332226 375.3799999999486
18770 2.752277455162979 375.3999999999485
18771 2.787812458810058 375.4199999999485
18772 2.821016491831683 375.4399999999485
18773 2.852319110858944 375.4599999999485
18774 2.882167554187964 375.4799999999485
18775 2.909500098434289 375.4999999999484
18776 2.934333355832698 375.5199999999484
18777 2.956534780124491 375.5399999999484
18778 2.976445700924236 375.5599999999484
18779 2.994192164541369 375.5799999999484
18780 3.009303373135431 375.5999999999484
18781 3.021629639793947 375.6199999999483
18782 3.031472090907693 375.6399999999483
18783 3.03878419494892 375.6599999999483
18784 3.043489719452228 375.6799999999483
18785 3.045510758874666 375.6999999999483
18786 3.044681686746975 375.7199999999482
18787 3.041623083155534 375.7399999999482
18788 3.036150708136042 375.7599999999482
18789 3.02795616276513 375.7799999999482
18790 3.017275675144567 375.7999999999482
18791 3.004059554553768 375.8199999999482
18792 2.988823963589046 375.8399999999481
18793 2.971470842987869 375.8599999999481
18794 2.951957520301779 375.8799999999481
18795 2.930245759520578 375.8999999999481
18796 2.906509686119366 375.9199999999481
18797 2.881118674938797 375.939999999948
18798 2.853918536746754 375.959999999948
18799 2.825054286657303 375.979999999948
18800 2.79468101708855 375.999999999948
18801 2.762993195076785 376.019999999948
18802 2.729797911539093 376.039999999948
18803 2.695396717788781 376.0599999999479
18804 2.660071475818789 376.0799999999479
18805 2.623611405618884 376.0999999999479
18806 2.586338537962932 376.1199999999479
18807 2.548283034568454 376.1399999999479
18808 2.509584244255928 376.1599999999478
18809 2.470271577251733 376.1799999999478
18810 2.430494620596404 376.1999999999478
18811 2.390323998329023 376.2199999999478
18812 2.349999533326305 376.2399999999478
18813 2.309418081334828 376.2599999999478
18814 2.268666869513287 376.2799999999477
18815 2.228062159541878 376.2999999999477
18816 2.187626031813192 376.3199999999477
18817 2.14744991892761 376.3399999999477
18818 2.107520104150499 376.3599999999477
18819 2.06798288896722 376.3799999999476
18820 2.028982697258857 376.3999999999476
18821 1.99058346873707 376.4199999999476
18822 1.952756991300711 376.4399999999476
18823 1.915592729644016 376.4599999999476
18824 1.879446667924903 376.4799999999476
18825 1.844029459813889 376.4999999999475
18826 1.809610651140394 376.5199999999475
18827 1.776044099619589 376.5399999999475
18828 1.743678161072045 376.5599999999475
18829 1.71266487696037 376.5799999999475
18830 1.682863318455607 376.5999999999474
18831 1.654395092143681 376.6199999999474
18832 1.627174974406173 376.6399999999474
18833 1.60179238130511 376.6599999999474
18834 1.577660376348497 376.6799999999474
18835 1.555573588244524 376.6999999999474
18836 1.534784982510163 376.7199999999473
18837 1.516106788677431 376.7399999999473
18838 1.499116929503577 376.7599999999473
18839 1.484230171539326 376.7799999999473
18840 1.471573356001398 376.7999999999473
18841 1.460400034514459 376.8199999999472
18842 1.451307270292394 376.8399999999472
18843 1.444093033173302 376.8599999999472
18844 1.439082632196407 376.8799999999472
18845 1.436357461828136 376.8999999999472
18846 1.435960615368631 376.9199999999472
18847 1.438163904084253 376.9399999999471
18848 1.442355458228054 376.9599999999471
18849 1.448229927001186 376.9799999999471
18850 1.456162493143847 376.9999999999471
18851 1.466637433391653 377.0199999999471
18852 1.480163302553914 377.039999999947
18853 1.495933375888629 377.059999999947
18854 1.513644368141043 377.079999999947
18855 1.533568064586408 377.099999999947
18856 1.555697675272367 377.119999999947
18857 1.580230337261763 377.139999999947
18858 1.607124085948433 377.1599999999469
18859 1.635803446170859 377.1799999999469
18860 1.666773068943065 377.1999999999469
18861 1.699158343805935 377.2199999999469
18862 1.733476397002331 377.2399999999469
18863 1.769940571997235 377.2599999999468
18864 1.808013818744475 377.2799999999468
18865 1.84754832074572 377.2999999999468
18866 1.888692471041312 377.3199999999468
18867 1.931157569158922 377.3399999999468
18868 1.974910858773456 377.3599999999468
18869 2.019336079326794 377.3799999999467
18870 2.06449883154602 377.3999999999467
18871 2.110630804031491 377.4199999999467
18872 2.157447466625981 377.4399999999467
18873 2.204498448294364 377.4599999999467
18874 2.25178564535223 377.4799999999466
18875 2.299011325941307 377.4999999999466
18876 2.346592526029323 377.5199999999466
18877 2.393597777157716 377.5399999999466
18878 2.440095451096541 377.5599999999466
18879 2.486219122774608 377.5799999999466
18880 2.531610501623904 377.5999999999465
18881 2.575874214232108 377.6199999999465
18882 2.619042978254816 377.6399999999465
18883 2.661200601399552 377.6599999999465
18884 2.701678537975567 377.6799999999465
18885 2.740644919964377 377.6999999999464
18886 2.77772396644303 377.7199999999464
18887 2.812687642730333 377.7399999999464
18888 2.845777264562611 377.7599999999464
18889 2.877067662381964 377.7799999999464
18890 2.906099661572763 377.7999999999464
18891 2.932432127916699 377.8199999999463
18892 2.956639191175958 377.8399999999463
18893 2.978341897682802 377.8599999999463
18894 2.997566893121365 377.8799999999463
18895 3.013950959226858 377.8999999999463
18896 3.027868111280996 377.9199999999462
18897 3.039021231662208 377.9399999999462
18898 3.047616616207335 377.9599999999462
18899 3.053518465956837 377.9799999999462
18900 3.05683708413027 377.9999999999462
18901 3.057336702704558 378.0199999999462
18902 3.055340624662314 378.0399999999461
18903 3.050689874560471 378.0599999999461
18904 3.043495405198656 378.0799999999461
18905 3.034003524300748 378.0999999999461
18906 3.021874703646094 378.1199999999461
18907 3.007201493756986 378.139999999946
18908 2.990325677992514 378.159999999946
18909 2.971425607173954 378.179999999946
18910 2.950424423036956 378.199999999946
18911 2.927446695205206 378.219999999946
18912 2.902608919092975 378.239999999946
18913 2.875861046855253 378.2599999999459
18914 2.847348888618495 378.2799999999459
18915 2.817282900609464 378.2999999999459
18916 2.785798827523892 378.3199999999459
18917 2.752885938217329 378.3399999999459
18918 2.718647438613624 378.3599999999458
18919 2.683183740526922 378.3799999999458
18920 2.646670840507251 378.3999999999458
18921 2.609212780492493 378.4199999999458
18922 2.570955404513227 378.4399999999458
18923 2.531963482499004 378.4599999999458
18924 2.492303169926181 378.4799999999457
18925 2.452195102292167 378.4999999999457
18926 2.411377021851671 378.5199999999457
18927 2.370384817373444 378.5399999999457
18928 2.329259520761513 378.5599999999457
18929 2.288071648045255 378.5799999999456
18930 2.246844855340187 378.5999999999456
18931 2.205821340722358 378.6199999999456
18932 2.164977851190105 378.6399999999456
18933 2.1242391527429 378.6599999999456
18934 2.083916667108665 378.6799999999456
18935 2.044186344656948 378.6999999999455
18936 2.00499431407625 378.7199999999455
18937 1.966218600696541 378.7399999999455
18938 1.928330853397999 378.7599999999455
18939 1.891297633357617 378.7799999999455
18940 1.855111119188331 378.7999999999454
18941 1.819701173396457 378.8199999999454
18942 1.785442471578012 378.8399999999454
18943 1.75227076135497 378.8599999999454
18944 1.720362104416691 378.8799999999454
18945 1.689985610375186 378.8999999999454
18946 1.660678611168214 378.9199999999453
18947 1.63300145154257 378.9399999999453
18948 1.60661196650678 378.9599999999453
18949 1.581763942238442 378.9799999999453
18950 1.558728449874891 378.9999999999453
18951 1.537331539845733 379.0199999999452
18952 1.51731461208351 379.0399999999452
18953 1.499465566619606 379.0599999999452
18954 1.483350931044654 379.0799999999452
18955 1.469384675002144 379.0999999999452
18956 1.457369485220792 379.1199999999452
18957 1.447208938896806 379.1399999999451
18958 1.438982372978947 379.1599999999451
18959 1.4327986475845 379.1799999999451
18960 1.429026228818447 379.1999999999451
18961 1.427908403059382 379.2199999999451
18962 1.428364482552288 379.239999999945
18963 1.430939092206433 379.259999999945
18964 1.435823963471742 379.279999999945
18965 1.442977940911691 379.299999999945
18966 1.452550663717848 379.319999999945
18967 1.464368695628595 379.339999999945
18968 1.478743146872696 379.3599999999449
18969 1.494894777951243 379.3799999999449
18970 1.513663620746523 379.3999999999449
18971 1.534998080882312 379.4199999999449
18972 1.55793392442089 379.4399999999449
18973 1.582987138996815 379.4599999999448
18974 1.610725623925027 379.4799999999448
18975 1.640129747552746 379.4999999999448
18976 1.671154367849337 379.5199999999448
18977 1.704346219610939 379.5399999999448
18978 1.739432988643492 379.5599999999448
18979 1.776952642731214 379.5799999999447
18980 1.815614901599925 379.5999999999447
18981 1.854995958999633 379.6199999999447
18982 1.895998290671393 379.6399999999447
18983 1.938385565048484 379.6599999999447
18984 1.981925383536972 379.6799999999446
18985 2.025930587599616 379.6999999999446
18986 2.07094373402561 379.7199999999446
18987 2.116263146347029 379.7399999999446
18988 2.162476317435658 379.7599999999446
18989 2.209039209032661 379.7799999999446
18990 2.255746183565623 379.7999999999445
18991 2.302543434040048 379.8199999999445
18992 2.349690202235585 379.8399999999445
18993 2.395881174760662 379.8599999999445
18994 2.441647923871451 379.8799999999445
18995 2.48692238922989 379.8999999999444
18996 2.531487341066858 379.9199999999444
18997 2.575068610810852 379.9399999999444
18998 2.617567078154217 379.9599999999444
18999 2.658571881133298 379.9799999999444
19000 2.69847080931441 379.9999999999444
19001 2.736389059158006 380.0199999999443
19002 2.772535149386503 380.0399999999443
19003 2.806771683968459 380.0599999999443
19004 2.838893116492641 380.0799999999443
19005 2.869397449498651 380.0999999999443
19006 2.897975943382436 380.1199999999442
19007 2.923778544677214 380.1399999999442
19008 2.947228839130384 380.1599999999442
19009 2.967995032078541 380.1799999999442
19010 2.986817545604644 380.1999999999442
19011 3.003064669030397 380.2199999999442
19012 3.016569141306244 380.2399999999441
19013 3.027482752550862 380.2599999999441
19014 3.035934074324458 380.2799999999441
19015 3.041759956980446 380.2999999999441
19016 3.04497441521956 380.3199999999441
19017 3.045307914186119 380.339999999944
19018 3.04324754091206 380.359999999944
19019 3.038842672992943 380.379999999944
19020 3.031833524911987 380.399999999944
19021 3.022254548139481 380.419999999944
19022 3.010089669032279 380.439999999944
19023 2.995709964831977 380.4599999999439
19024 2.979295074221869 380.4799999999439
19025 2.960750123791086 380.4999999999439
19026 2.940015144827559 380.5199999999439
19027 2.917027830267417 380.5399999999439
19028 2.892416961786876 380.5599999999438
19029 2.86602404843249 380.5799999999438
19030 2.837822566355261 380.5999999999438
19031 2.808123551677594 380.6199999999438
19032 2.776973258079492 380.6399999999438
19033 2.744451250461381 380.6599999999438
19034 2.710526100646468 380.6799999999437
19035 2.67561336528377 380.6999999999437
19036 2.639609061274554 380.7199999999437
19037 2.602709790786834 380.7399999999437
19038 2.564978083960372 380.7599999999437
19039 2.526487734009205 380.7799999999436
19040 2.487475434516661 380.7999999999436
19041 2.447907780383436 380.8199999999436
19042 2.407889048045167 380.8399999999436
19043 2.367606660865432 380.8599999999436
19044 2.327165617329928 380.8799999999435
19045 2.286440432047498 380.8999999999435
19046 2.245776688031292 380.9199999999435
19047 2.205229087929154 380.9399999999435
19048 2.164950370233572 380.9599999999435
19049 2.124861152941204 380.9799999999435
19050 2.08517267446886 380.9999999999434
19051 2.045924374398993 381.0199999999434
19052 2.007268528704921 381.0399999999434
19053 1.9691378505296 381.0599999999434
19054 1.931819721986155 381.0799999999434
19055 1.894959212768913 381.0999999999433
19056 1.859358354658085 381.1199999999433
19057 1.824581580648012 381.1399999999433
19058 1.790491878328807 381.1599999999433
19059 1.757652636718072 381.1799999999433
19060 1.726030463054736 381.1999999999433
19061 1.695733058882719 381.2199999999432
19062 1.666696039932624 381.2399999999432
19063 1.638784485973513 381.2599999999432
19064 1.612709429611113 381.2799999999432
19065 1.587972095497108 381.2999999999432
19066 1.565086809400901 381.3199999999431
19067 1.543573229043689 381.3399999999431
19068 1.52398324947236 381.3599999999431
19069 1.50635316950043 381.3799999999431
19070 1.490383738677941 381.3999999999431
19071 1.476861540558158 381.4199999999431
19072 1.465036367879896 381.439999999943
19073 1.454982394017171 381.459999999943
19074 1.446957486582777 381.479999999943
19075 1.441012665978911 381.499999999943
19076 1.437206781265951 381.519999999943
19077 1.435836093323545 381.5399999999429
19078 1.436918050706402 381.5599999999429
19079 1.440360759346415 381.5799999999429
19080 1.445421540046622 381.5999999999429
19081 1.452419061730319 381.6199999999429
19082 1.461788610634417 381.6399999999429
19083 1.473854525666101 381.6599999999428
19084 1.488935476174955 381.6799999999428
19085 1.505674055997209 381.6999999999428
19086 1.524613869834674 381.7199999999428
19087 1.545737532669356 381.7399999999428
19088 1.569215190448995 381.7599999999427
19089 1.59518567779672 381.7799999999427
19090 1.623056190243853 381.7999999999427
19091 1.653034210524785 381.8199999999427
19092 1.684798850034688 381.8399999999427
19093 1.718185523844882 381.8599999999427
19094 1.753816854190048 381.8799999999426
19095 1.791139018769173 381.8999999999426
19096 1.830153871982547 381.9199999999426
19097 1.870547396875986 381.9399999999426
19098 1.912464583177971 381.9599999999426
19099 1.955733052748992 381.9799999999425
19100 1.999884634813029 381.9999999999425
19101 2.044603816033507 382.0199999999425
19102 2.090603155643467 382.0399999999425
19103 2.13678678995261 382.0599999999425
19104 2.184066922222262 382.0799999999425
19105 2.231093362192182 382.0999999999424
19106 2.278349974587127 382.1199999999424
19107 2.3258688807448 382.1399999999424
19108 2.373161892470248 382.1599999999424
19109 2.419814386992915 382.1799999999424
19110 2.466167256958189 382.1999999999423
19111 2.511861220285839 382.2199999999423
19112 2.556670624941995 382.2399999999423
19113 2.600295749809717 382.2599999999423
19114 2.642976575018035 382.2799999999423
19115 2.684206900474257 382.2999999999423
19116 2.723879762220457 382.3199999999422
19117 2.761752304109411 382.3399999999422
19118 2.797647418747215 382.3599999999422
19119 2.831538631422147 382.3799999999422
19120 2.863689409586131 382.3999999999422
19121 2.89371067559115 382.4199999999421
19122 2.921238285541774 382.4399999999421
19123 2.946481192897567 382.4599999999421
19124 2.96912769826227 382.4799999999421
19125 2.989553891375997 382.4999999999421
19126 3.007131442058227 382.5199999999421
19127 3.022148727732215 382.539999999942
19128 3.03445898666544 382.559999999942
19129 3.044167362140404 382.579999999942
19130 3.05126913890163 382.599999999942
19131 3.055736149978425 382.619999999942
19132 3.057453593882448 382.6399999999419
19133 3.056523791722828 382.6599999999419
19134 3.053053860614897 382.6799999999419
19135 3.0469327467895 382.6999999999419
19136 3.038489446538298 382.7199999999419
19137 3.027487223148047 382.7399999999419
19138 3.013887722686571 382.7599999999418
19139 2.997905023181407 382.7799999999418
19140 2.979932921794981 382.7999999999418
19141 2.959838816607062 382.8199999999418
19142 2.937728634497951 382.8399999999418
19143 2.913635997762064 382.8599999999417
19144 2.887789657099343 382.8799999999417
19145 2.859982254008329 382.8999999999417
19146 2.830555248321375 382.9199999999417
19147 2.799729916424636 382.9399999999417
19148 2.767407009242686 382.9599999999417
19149 2.73373251559983 382.9799999999416
19150 2.698827172259384 382.9999999999416
19151 2.662702421998689 383.0199999999416
19152 2.625686046142889 383.0399999999416
19153 2.58774845778918 383.0599999999416
19154 2.549049394064401 383.0799999999415
19155 2.50966171823349 383.0999999999415
19156 2.46975380167459 383.1199999999415
19157 2.429215837796242 383.1399999999415
19158 2.388241497566391 383.1599999999415
19159 2.347189547585671 383.1799999999415
19160 2.306045036524446 383.1999999999414
19161 2.264821821209487 383.2199999999414
19162 2.223725314274211 383.2399999999414
19163 2.182784117732502 383.2599999999414
19164 2.141982627156331 383.2799999999414
19165 2.101446212013532 383.2999999999413
19166 2.061418052201902 383.3199999999413
19167 2.022059404178665 383.3399999999413
19168 1.983044298651768 383.3599999999413
19169 1.944762269066683 383.3799999999413
19170 1.907364085871372 383.3999999999413
19171 1.870775239188268 383.4199999999412
19172 1.83503675267009 383.4399999999412
19173 1.800176357483037 383.4599999999412
19174 1.766608199696004 383.4799999999412
19175 1.734112798938258 383.4999999999412
19176 1.703073121721373 383.5199999999411
19177 1.673246061875184 383.5399999999411
19178 1.644877799072427 383.5599999999411
19179 1.617993154673172 383.5799999999411
19180 1.59235361041248 383.5999999999411
19181 1.568574050077134 383.6199999999411
19182 1.54647062499433 383.639999999941
19183 1.525843493689131 383.659999999941
19184 1.507042011377554 383.679999999941
19185 1.49017847268978 383.699999999941
19186 1.475127601925549 383.719999999941
19187 1.462387620944245 383.7399999999409
19188 1.451373645981089 383.7599999999409
19189 1.442359509167353 383.7799999999409
19190 1.435192166876538 383.7999999999409
19191 1.430518572787636 383.8199999999409
19192 1.428073976369982 383.8399999999409
19193 1.427867226389925 383.8599999999408
19194 1.429567813351969 383.8799999999408
19195 1.433472477882621 383.8999999999408
19196 1.439513357982399 383.9199999999408
19197 1.448167178487563 383.9399999999408
19198 1.458924822653342 383.9599999999407
19199 1.472184495990501 383.9799999999407
19200 1.487634248746398 383.9999999999407
19201 1.50516417608423 384.0199999999407
19202 1.525437480392824 384.0399999999407
19203 1.547739347627461 384.0599999999407
19204 1.571756855106543 384.0799999999406
19205 1.598408966331078 384.0999999999406
19206 1.627119783761412 384.1199999999406
19207 1.657488063358635 384.1399999999406
19208 1.689631147708688 384.1599999999406
19209 1.724027209618235 384.1799999999405
19210 1.760321013333672 384.1999999999405
19211 1.798842880691663 384.2199999999405
19212 1.83761493247278 384.2399999999405
19213 1.877992146028846 384.2599999999405
19214 1.919764358971234 384.2799999999405
19215 1.962939561381625 384.2999999999404
19216 2.006646111859478 384.3199999999404
19217 2.051265409084099 384.3399999999404
19218 2.096500885338318 384.3599999999404
19219 2.142267884481128 384.3799999999404
19220 2.188761798626883 384.3999999999403
19221 2.235514848298068 384.4199999999403
19222 2.282083399397769 384.4399999999403
19223 2.329189669388498 384.4599999999403
19224 2.375988320428436 384.4799999999403
19225 2.421820777391301 384.4999999999403
19226 2.467270927464621 384.5199999999402
19227 2.512136379177088 384.5399999999402
19228 2.556265006768405 384.5599999999402
19229 2.599278463456922 384.5799999999402
19230 2.64088032740846 384.5999999999402
19231 2.681362783704548 384.6199999999401
19232 2.720142486641031 384.6399999999401
19233 2.756965865529963 384.6599999999401
19234 2.792255076856426 384.6799999999401
19235 2.825203380860087 384.6999999999401
19236 2.856284998044933 384.7199999999401
19237 2.88589294412301 384.73999999994
19238 2.912912510931034 384.75999999994
19239 2.937394397190126 384.77999999994
19240 2.959256920723054 384.79999999994
19241 2.978932130320185 384.81999999994
19242 2.996343106289864 384.8399999999399
19243 3.011091580102089 384.8599999999399
19244 3.023095826198322 384.8799999999399
19245 3.032615532636457 384.8999999999399
19246 3.039610731720151 384.9199999999399
19247 3.043961222371216 384.9399999999399
19248 3.045606792386353 384.9599999999398
19249 3.044472898134714 384.9799999999398
19250 3.041106807456353 384.9999999999398
19251 3.035305447942848 385.0199999999398
19252 3.026773693945245 385.0399999999398
19253 3.015768108317603 385.0599999999397
19254 3.002268129828479 385.0799999999397
19255 2.986771192307452 385.0999999999397
19256 2.969148144014244 385.1199999999397
19257 2.949351841436368 385.1399999999397
19258 2.9273436536938 385.1599999999397
19259 2.903417220862073 385.1799999999396
19260 2.877775906771871 385.1999999999396
19261 2.850341807115667 385.2199999999396
19262 2.82130420729581 385.2399999999396
19263 2.790718703403972 385.2599999999396
19264 2.758873258392247 385.2799999999395
19265 2.725490860803713 385.2999999999395
19266 2.690970299592593 385.3199999999395
19267 2.655478669977474 385.3399999999395
19268 2.618914408908191 385.3599999999395
19269 2.58153329314105 385.3799999999395
19270 2.543374367703475 385.3999999999394
19271 2.50459379851834 385.4199999999394
19272 2.465223269516608 385.4399999999394
19273 2.425384889891494 385.4599999999394
19274 2.385185660420412 385.4799999999394
19275 2.344837070771015 385.4999999999393
19276 2.304221261663294 385.5199999999393
19277 2.263478707103934 385.5399999999393
19278 2.222883959816328 385.5599999999393
19279 2.182478765522236 385.5799999999393
19280 2.14233115357895 385.5999999999393
19281 2.102450725379025 385.6199999999392
19282 2.062956488944976 385.6399999999392
19283 2.0240568270849 385.6599999999392
19284 1.98568885784688 385.6799999999392
19285 1.947972039256837 385.6999999999392
19286 1.910908996319157 385.7199999999391
19287 1.874855016071259 385.7399999999391
19288 1.839603971276474 385.7599999999391
19289 1.805228398693992 385.7799999999391
19290 1.771849063699809 385.7999999999391
19291 1.739629198226653 385.8199999999391
19292 1.708818209600088 385.839999999939
19293 1.679146272884973 385.859999999939
19294 1.650804450072447 385.879999999939
19295 1.623848581116851 385.899999999939
19296 1.59861261948318 385.919999999939
19297 1.574780472213371 385.9399999999389
19298 1.552782000358913 385.9599999999389
19299 1.532289582241062 385.9799999999389
19300 1.513869694708188 385.9999999999389
19301 1.497071834577253 386.0199999999389
19302 1.482482670652396 386.0399999999389
19303 1.470032737894829 386.0599999999388
19304 1.45914374040518 386.0799999999388
19305 1.450327372086198 386.0999999999388
19306 1.443343465603746 386.1199999999388
19307 1.438584257426438 386.1399999999388
19308 1.436185584719281 386.1599999999387
19309 1.436110283262071 386.1799999999387
19310 1.438623640848305 386.1999999999387
19311 1.443022829967342 386.2199999999387
19312 1.449128092416329 386.2399999999387
19313 1.45736958223719 386.2599999999387
19314 1.468199283923039 386.2799999999386
19315 1.482098219805231 386.2999999999386
19316 1.498107588403104 386.3199999999386
19317 1.516081798594491 386.3399999999386
19318 1.536283458791543 386.3599999999386
19319 1.558763157851931 386.3799999999385
19320 1.583571797158544 386.3999999999385
19321 1.610718912862073 386.4199999999385
19322 1.639662665254051 386.4399999999385
19323 1.670887748018942 386.4599999999385
19324 1.703471717655696 386.4799999999385
19325 1.738064586888439 386.4999999999384
19326 1.774718944771471 386.5199999999384
19327 1.813008624061337 386.5399999999384
19328 1.852759503632884 386.5599999999384
19329 1.894092817488064 386.5799999999384
19330 1.936713432437089 386.5999999999383
19331 1.980574760761223 386.6199999999383
19332 2.025081176158613 386.6399999999383
19333 2.070450028370574 386.6599999999383
19334 2.116561291148694 386.6799999999383
19335 2.163535163513238 386.6999999999383
19336 2.210511678399253 386.7199999999382
19337 2.257861469419786 386.7399999999382
19338 2.30515220512408 386.7599999999382
19339 2.352641651045571 386.7799999999382
19340 2.399576382541879 386.7999999999382
19341 2.446054844063655 386.8199999999381
19342 2.492104144534206 386.8399999999381
19343 2.537377420589725 386.8599999999381
19344 2.581495676072757 386.8799999999381
19345 2.624525076579102 386.8999999999381
19346 2.666513465284494 386.9199999999381
19347 2.706789392127841 386.939999999938
19348 2.745540119595758 386.959999999938
19349 2.78235494672004 386.979999999938
19350 2.816993736103079 386.999999999938
19351 2.849942673633853 387.019999999938
19352 2.880952204078504 387.0399999999379
19353 2.909678661364416 387.0599999999379
19354 2.935700583293052 387.0799999999379
19355 2.959576799671122 387.0999999999379
19356 2.980994892750744 387.1199999999379
19357 2.99985317411547 387.1399999999379
19358 3.015912693003362 387.1599999999378
19359 3.029467892260596 387.1799999999378
19360 3.040294255475474 387.1999999999378
19361 3.048558552085636 387.2199999999378
19362 3.054134381250659 387.2399999999378
19363 3.057093594021217 387.2599999999377
19364 3.057248120103839 387.2799999999377
19365 3.054927246434044 387.2999999999377
19366 3.049931788946168 387.3199999999377
19367 3.042449318724067 387.3399999999377
19368 3.032615294989826 387.3599999999377
19369 3.020170069433252 387.3799999999376
19370 3.005177148120632 387.3999999999376
19371 2.988042013707225 387.4199999999376
19372 2.96888296607061 387.4399999999376
19373 2.947607198642902 387.4599999999376
19374 2.924391448837157 387.4799999999375
19375 2.89933969990013 387.4999999999375
19376 2.872324879274632 387.5199999999375
19377 2.843609872244993 387.5399999999375
19378 2.813368347273181 387.5599999999375
19379 2.781686984041404 387.5799999999375
19380 2.748595333434547 387.5999999999374
19381 2.714202329293676 387.6199999999374
19382 2.678577156843457 387.6399999999374
19383 2.641943042112644 387.6599999999374
19384 2.604370245819003 387.6799999999374
19385 2.566013872969759 387.6999999999373
19386 2.526938806070426 387.7199999999373
19387 2.487209304674451 387.7399999999373
19388 2.447010177830811 387.7599999999373
19389 2.406150117206455 387.7799999999373
19390 2.365131470665155 387.7999999999373
19391 2.32401061181559 387.8199999999372
19392 2.282823695308179 387.8399999999372
19393 2.241615910076464 387.8599999999372
19394 2.200595693598328 387.8799999999372
19395 2.159766052779497 387.8999999999372
19396 2.119065352775126 387.9199999999371
19397 2.078808502177817 387.9399999999371
19398 2.039173955467763 387.9599999999371
19399 2.000001586043963 387.9799999999371
19400 1.961318235569768 387.9999999999371
19401 1.923555186660679 388.0199999999371
19402 1.88660462773703 388.039999999937
19403 1.850519936235616 388.059999999937
19404 1.815260970974113 388.079999999937
19405 1.78103141842837 388.099999999937
19406 1.748115488031726 388.119999999937
19407 1.716397972890725 388.1399999999369
19408 1.68617080418707 388.1599999999369
19409 1.65705850929935 388.1799999999369
19410 1.629564091952551 388.1999999999369
19411 1.60333557303088 388.2199999999369
19412 1.578718893389841 388.2399999999369
19413 1.555900788437373 388.2599999999368
19414 1.534702595144313 388.2799999999368
19415 1.514915592931684 388.2999999999368
19416 1.497316738634692 388.3199999999368
19417 1.481404031854607 388.3399999999368
19418 1.467772431968586 388.3599999999367
19419 1.45594134171877 388.3799999999367
19420 1.446060787264639 388.3999999999367
19421 1.438062415370262 388.4199999999367
19422 1.432195366753775 388.4399999999367
19423 1.428741740744644 388.4599999999367
19424 1.427834875332735 388.4799999999366
19425 1.428587690689243 388.4999999999366
19426 1.431447000224998 388.5199999999366
19427 1.436631649712562 388.5399999999366
19428 1.444121354423857 388.5599999999366
19429 1.453981658550657 388.5799999999365
19430 1.466088475155387 388.5999999999365
19431 1.480762564914379 388.6199999999365
19432 1.497154200158802 388.6399999999365
19433 1.51630734400804 388.6599999999365
19434 1.537912760148678 388.6799999999365
19435 1.561075153892578 388.6999999999364
19436 1.586441970100859 388.7199999999364
19437 1.614458871981484 388.7399999999364
19438 1.644099719855957 388.7599999999364
19439 1.675352638416047 388.7799999999364
19440 1.708800765055561 388.7999999999363
19441 1.744176737072488 388.8199999999363
19442 1.781956017752315 388.8399999999363
19443 1.820633225923271 388.8599999999363
19444 1.860255127844296 388.8799999999363
19445 1.901437558765604 388.8999999999363
19446 1.944029331825043 388.9199999999362
19447 1.987611834501994 388.9399999999362
19448 2.031742599802513 388.9599999999362
19449 2.076839304205538 388.9799999999362
19450 2.122207713346433 388.9999999999362
19451 2.168555943369724 389.0199999999361
19452 2.215168498790143 389.0399999999361
19453 2.261791825696653 389.0599999999361
19454 2.308684281171047 389.0799999999361
19455 2.355774535694154 389.0999999999361
19456 2.401855265337235 389.1199999999361
19457 2.447578259543485 389.139999999936
19458 2.492775086309586 389.159999999936
19459 2.537264113218264 389.179999999936
19460 2.58066218890869 389.199999999936
19461 2.623010999735465 389.219999999936
19462 2.663843872919426 389.2399999999359
19463 2.703507389369303 389.2599999999359
19464 2.741170931736874 389.2799999999359
19465 2.777168426515844 389.2999999999359
19466 2.811088327311887 389.3199999999359
19467 2.842953085638698 389.3399999999359
19468 2.873293116798862 389.3599999999358
19469 2.90152707734543 389.3799999999358
19470 2.926991557306561 389.3999999999358
19471 2.950103950177367 389.4199999999358
19472 2.970578573119717 389.4399999999358
19473 2.989104075871873 389.4599999999357
19474 3.005030271824444 389.4799999999357
19475 3.0181630807895 389.4999999999357
19476 3.028756339748731 389.5199999999357
19477 3.036877384930672 389.5399999999357
19478 3.042343116370757 389.5599999999357
19479 3.045225178757866 389.5799999999356
19480 3.045178740304193 389.5999999999356
19481 3.042853735015021 389.6199999999356
19482 3.038137049885107 389.6399999999356
19483 3.030746391051928 389.6599999999356
19484 3.020851902224321 389.6799999999355
19485 3.008379498269886 389.6999999999355
19486 2.993746271692397 389.7199999999355
19487 2.97703837772284 389.7399999999355
19488 2.958207338842789 389.7599999999355
19489 2.937196510269634 389.7799999999355
19490 2.91394259770725 389.7999999999354
19491 2.889130544193003 389.8199999999354
19492 2.86249438376934 389.8399999999354
19493 2.834057369782021 389.8599999999354
19494 2.804194331585421 389.8799999999354
19495 2.77287917301248 389.8999999999353
19496 2.740159352621291 389.9199999999353
19497 2.706075060731587 389.9399999999353
19498 2.671040984604232 389.9599999999353
19499 2.63489107988456 389.9799999999353
19500 2.597883270475707 389.9999999999353
19501 2.560060129975009 390.0199999999352
19502 2.521572014946008 390.0399999999352
19503 2.482399570984695 390.0599999999352
19504 2.442781591965691 390.0799999999352
19505 2.402695144847627 390.0999999999352
19506 2.362409354768601 390.1199999999351
19507 2.321918569844814 390.1399999999351
19508 2.281188706917741 390.1599999999351
19509 2.240541513184767 390.1799999999351
19510 2.200018269600517 390.1999999999351
19511 2.159762819727186 390.2199999999351
19512 2.119719991798946 390.239999999935
19513 2.080080185780219 390.259999999935
19514 2.040896191134592 390.279999999935
19515 2.002305093327017 390.299999999935
19516 1.964275355499198 390.319999999935
19517 1.926978074426863 390.3399999999349
19518 1.890354144557012 390.3599999999349
19519 1.854784406561758 390.3799999999349
19520 1.820138163272804 390.3999999999349
19521 1.786179125635576 390.4199999999349
19522 1.753474799327751 390.4399999999349
19523 1.722058450924598 390.4599999999348
19524 1.691892066335082 390.4799999999348
19525 1.66305217556329 390.4999999999348
19526 1.635268055717622 390.5199999999348
19527 1.609441240130075 390.5399999999348
19528 1.584875992187982 390.5599999999347
19529 1.562267330334245 390.5799999999347
19530 1.540911906791092 390.5999999999347
19531 1.521609620118626 390.6199999999347
19532 1.504175854808687 390.6399999999347
19533 1.488506845574167 390.6599999999347
19534 1.475265355787955 390.6799999999346
19535 1.463600217901371 390.6999999999346
19536 1.453854073387342 390.7199999999346
19537 1.446041138190566 390.7399999999346
19538 1.4404012205698 390.7599999999346
19539 1.436904829142888 390.7799999999345
19540 1.435824956572675 390.7999999999345
19541 1.437236502827938 390.8199999999345
19542 1.440936092067542 390.8399999999345
19543 1.44620167209243 390.8599999999345
19544 1.45345979908498 390.8799999999345
19545 1.463152007928108 390.8999999999344
19546 1.475683918560258 390.9199999999344
19547 1.490975691039062 390.9399999999344
19548 1.507973251323832 390.9599999999344
19549 1.527222303460971 390.9799999999344
19550 1.548629753550256 390.9999999999343
19551 1.572440708326682 391.0199999999343
19552 1.598685879998486 391.0399999999343
19553 1.626763551892243 391.0599999999343
19554 1.657079737395017 391.0799999999343
19555 1.688994859518894 391.0999999999343
19556 1.722688086103921 391.1199999999342
19557 1.75855241832792 391.1399999999342
19558 1.796111081954484 391.1599999999342
19559 1.835265318758236 391.1799999999342
19560 1.875875627902899 391.1999999999342
19561 1.917968708325773 391.2199999999341
19562 1.961402330463462 391.2399999999341
19563 2.005648910915184 391.2599999999341
19564 2.050455653986893 391.2799999999341
19565 2.096493936720724 391.2999999999341
19566 2.142883960765835 391.3199999999341
19567 2.190111290999573 391.339999999934
19568 2.237221080571327 391.359999999934
19569 2.284425090131067 391.379999999934
19570 2.331994675562118 391.399999999934
19571 2.379205702608293 391.419999999934
19572 2.425803611952539 391.4399999999339
19573 2.472104441510862 391.4599999999339
19574 2.517691857286314 391.4799999999339
19575 2.562355748159447 391.4999999999339
19576 2.605848825567159 391.5199999999339
19577 2.648397414280168 391.5399999999339
19578 2.689390241787158 391.5599999999338
19579 2.728872429403437 391.5799999999338
19580 2.766493753342121 391.5999999999338
19581 2.802127991530438 391.6199999999338
19582 2.835803713681964 391.6399999999338
19583 2.867678670365328 391.6599999999337
19584 2.897426816468835 391.6799999999337
19585 2.924573808375816 391.6999999999337
19586 2.949560775685634 391.7199999999337
19587 2.971908787922512 391.7399999999337
19588 2.992015316169999 391.7599999999337
19589 3.009215187921466 391.7799999999336
19590 3.023919984008657 391.7999999999336
19591 3.035882802787274 391.8199999999336
19592 3.045267098377803 391.8399999999336
19593 3.052002993612289 391.8599999999336
19594 3.056164738236022 391.8799999999335
19595 3.057501903907151 391.8999999999335
19596 3.056253203148139 391.9199999999335
19597 3.052431481259262 391.9399999999335
19598 3.046000140072758 391.9599999999335
19599 3.037238888106883 391.9799999999335
19600 3.025936883303173 391.9999999999334
19601 3.011981333064046 392.0199999999334
19602 2.995733605064514 392.0399999999334
19603 2.977495920983203 392.0599999999334
19604 2.957128045666281 392.0799999999334
19605 2.934764927791868 392.0999999999333
19606 2.910437744597137 392.1199999999333
19607 2.884342443026323 392.1399999999333
19608 2.856325387386519 392.1599999999333
19609 2.826683643510151 392.1799999999333
19610 2.795679689099759 392.1999999999333
19611 2.763182888326837 392.2199999999332
19612 2.729326591496823 392.2399999999332
19613 2.694269313412121 392.2599999999332
19614 2.658032982493929 392.2799999999332
19615 2.620885933117721 392.2999999999332
19616 2.582850355201199 392.3199999999331
19617 2.544056937331824 392.3399999999331
19618 2.504574090381808 392.3599999999331
19619 2.464604310654027 392.3799999999331
19620 2.423987495580943 392.3999999999331
19621 2.382976668732006 392.4199999999331
19622 2.341933130639979 392.439999999933
19623 2.300776165573494 392.459999999933
19624 2.259549467795871 392.479999999933
19625 2.218475356181127 392.499999999933
19626 2.177561005892573 392.519999999933
19627 2.136778474321501 392.5399999999329
19628 2.09629495155531 392.5599999999329
19629 2.056349735160379 392.5799999999329
19630 2.017041722260665 392.5999999999329
19631 1.978093486770078 392.6199999999329
19632 1.939920952373547 392.6399999999329
19633 1.902630784265997 392.6599999999328
19634 1.866148253098881 392.6799999999328
19635 1.830508331139144 392.6999999999328
19636 1.79578776303845 392.7199999999328
19637 1.762367504018252 392.7399999999328
19638 1.730038342311269 392.7599999999327
19639 1.699195489975111 392.7799999999327
19640 1.669510807407324 392.7999999999327
19641 1.641353714706862 392.8199999999327
19642 1.614638018380306 392.8399999999327
19643 1.589215914968496 392.8599999999327
19644 1.565658565786353 392.8799999999326
19645 1.543750345717153 392.8999999999326
19646 1.523308868830863 392.9199999999326
19647 1.50480150069193 392.9399999999326
19648 1.48815303269135 392.9599999999326
19649 1.473416891869993 392.9799999999325
19650 1.460881500281383 392.9999999999325
19651 1.450125970907373 393.0199999999325
19652 1.441338200559668 393.0399999999325
19653 1.434449951582351 393.0599999999325
19654 1.430076364191004 393.0799999999325
19655 1.427978766739808 393.0999999999324
19656 1.42797804356645 393.1199999999324
19657 1.429964268687586 393.1399999999324
19658 1.434142469603691 393.1599999999324
19659 1.440480746085943 393.1799999999324
19660 1.449446274511878 393.1999999999323
19661 1.460537765355496 393.2199999999323
19662 1.474094843415169 393.2399999999323
19663 1.489798000359747 393.2599999999323
19664 1.507671020848331 393.2799999999323
19665 1.528258353294374 393.2999999999323
19666 1.550754373255201 393.3199999999322
19667 1.575076342524371 393.3399999999322
19668 1.602077341758832 393.3599999999322
19669 1.631015592571974 393.3799999999322
19670 1.661526138369685 393.3999999999322
19671 1.694021618698827 393.4199999999321
19672 1.728629499747503 393.4399999999321
19673 1.765261073649615 393.4599999999321
19674 1.803901684200953 393.4799999999321
19675 1.842813191309765 393.4999999999321
19676 1.883407817367513 393.5199999999321
19677 1.925320035550398 393.539999999932
19678 1.968662384551537 393.559999999932
19679 2.01242223402731 393.579999999932
19680 2.057182249893152 393.599999999932
19681 2.102483532440632 393.619999999932
19682 2.148330600103906 393.6399999999319
19683 2.194853556506393 393.6599999999319
19684 2.24162372538535 393.6799999999319
19685 2.28823579716337 393.6999999999319
19686 2.335379764468738 393.7199999999319
19687 2.382002928694875 393.7399999999319
19688 2.427818939025629 393.7599999999318
19689 2.473214565209338 393.7799999999318
19690 2.51797946067741 393.7999999999318
19691 2.561981299855005 393.8199999999318
19692 2.604852032961096 393.8399999999318
19693 2.646264965344063 393.8599999999317
19694 2.686583017653874 393.8799999999317
19695 2.725111168040632 393.8999999999317
19696 2.761710197874574 393.9199999999317
19697 2.796710800984777 393.9399999999317
19698 2.829413269335893 393.9599999999317
19699 2.860304439138614 393.9799999999316
19700 2.889630971850585 393.9999999999316
19701 2.916283890364177 394.0199999999316
19702 2.940484099468343 394.0399999999316
19703 2.961999152855632 394.0599999999316
19704 2.981416376703286 394.0799999999315
19705 2.998486308340296 394.0999999999315
19706 3.012859672238914 394.1199999999315
19707 3.024530596228056 394.1399999999315
19708 3.033746720911319 394.1599999999315
19709 3.040394223460035 394.1799999999315
19710 3.0444016782752 394.1999999999314
19711 3.045654813260825 394.2199999999314
19712 3.044216540100623 394.2399999999314
19713 3.040544022617527 394.2599999999314
19714 3.034407780539504 394.2799999999314
19715 3.025535222803454 394.2999999999313
19716 3.014190734940658 394.3199999999313
19717 3.000419680733632 394.3399999999313
19718 2.984647543083176 394.3599999999313
19719 2.966744246148136 394.3799999999313
19720 2.946672760935908 394.3999999999313
19721 2.924364825768341 394.4199999999312
19722 2.900241746449104 394.4399999999312
19723 2.874363719126911 394.4599999999312
19724 2.846691500117564 394.4799999999312
19725 2.81746747655525 394.4999999999312
19726 2.786694655773844 394.5199999999311
19727 2.754660865760015 394.5399999999311
19728 2.721103462871373 394.5599999999311
19729 2.686459912564195 394.5799999999311
19730 2.650803881717787 394.5999999999311
19731 2.614127583760508 394.6199999999311
19732 2.576635044132397 394.639999999931
19733 2.538375149883359 394.659999999931
19734 2.499533057983061 394.679999999931
19735 2.460119285399543 394.699999999931
19736 2.420204451815016 394.719999999931
19737 2.379971016004706 394.7399999999309
19738 2.339614312837748 394.7599999999309
19739 2.298947415876071 394.7799999999309
19740 2.258224067612473 394.7999999999309
19741 2.217639029452538 394.8199999999309
19742 2.177267175158743 394.8399999999309
19743 2.137126002035592 394.8599999999308
19744 2.097311771728355 394.8799999999308
19745 2.057872834792836 394.8999999999308
19746 2.01905434337873 394.9199999999308
19747 1.980747234699267 394.9399999999308
19748 1.943139549498243 394.9599999999307
19749 1.90615926201715 394.9799999999307
19750 1.870220838970491 394.9999999999307
19751 1.835115477082325 395.0199999999307
19752 1.800801183018188 395.0399999999307
19753 1.767608271182014 395.0599999999307
19754 1.735556446053979 395.0799999999306
19755 1.704900668089953 395.0999999999306
19756 1.675393731801285 395.1199999999306
19757 1.647189928185227 395.1399999999306
19758 1.620479113991002 395.1599999999306
19759 1.595415123401121 395.1799999999305
19760 1.571886827545942 395.1999999999305
19761 1.549986171252893 395.2199999999305
19762 1.529784666057354 395.2399999999305
19763 1.51160622830246 395.2599999999305
19764 1.495006721210716 395.2799999999305
19765 1.480780588734027 395.2999999999304
19766 1.468500487279512 395.3199999999304
19767 1.457840858688837 395.3399999999304
19768 1.44928051919809 395.3599999999304
19769 1.442614205839061 395.3799999999304
19770 1.438143426806941 395.3999999999303
19771 1.435967293965642 395.4199999999303
19772 1.436304030974638 395.4399999999303
19773 1.439114532721445 395.4599999999303
19774 1.443716268884877 395.4799999999303
19775 1.450063539283218 395.4999999999303
19776 1.45862747371924 395.5199999999302
19777 1.46983495257305 395.5399999999302
19778 1.484110234722664 395.5599999999302
19779 1.500319546626169 395.5799999999302
19780 1.518580843318062 395.5999999999302
19781 1.539069346621898 395.6199999999301
19782 1.561846830898144 395.6399999999301
19783 1.587001310199903 395.6599999999301
19784 1.614341086303476 395.6799999999301
19785 1.643629462605283 395.6999999999301
19786 1.675019447920191 395.7199999999301
19787 1.70784302455075 395.73999999993
19788 1.742717885708445 395.75999999993
19789 1.779596296990026 395.77999999993
19790 1.818082873059699 395.79999999993
19791 1.858049155667921 395.81999999993
19792 1.899562435627073 395.8399999999299
19793 1.942391741172378 395.8599999999299
19794 1.986334582131146 395.8799999999299
19795 2.030894009861306 395.8999999999299
19796 2.076484739011669 395.9199999999299
19797 2.122542526524553 395.9399999999299
19798 2.169690398438325 395.9599999999298
19799 2.216623096591613 395.9799999999298
19800 2.263988835313575 395.9999999999298
19801 2.311344532930142 396.0199999999298
19802 2.358767885879574 396.0399999999298
19803 2.405618278400152 396.0599999999297
19804 2.452050289415118 396.0799999999297
19805 2.498040884159299 396.0999999999297
19806 2.543166201368201 396.1199999999297
19807 2.58713652239623 396.1399999999297
19808 2.63006836191482 396.1599999999297
19809 2.671850318856752 396.1799999999296
19810 2.711940185244713 396.1999999999296
19811 2.750465226531938 396.2199999999296
19812 2.787004110811393 396.2399999999296
19813 2.821366142091635 396.2599999999296
19814 2.854125679333675 396.2799999999295
19815 2.884834010475093 396.2999999999295
19816 2.913228357966941 396.3199999999295
19817 2.938987826797804 396.3399999999295
19818 2.962504516475322 396.3599999999295
19819 2.983634263315624 396.3799999999295
19820 3.002119873173122 396.3999999999294
19821 3.017867594184711 396.4199999999294
19822 3.031061133353006 396.4399999999294
19823 3.041538963772335 396.4599999999294
19824 3.049472849595642 396.4799999999294
19825 3.054716184693504 396.4999999999293
19826 3.057305215889492 396.5199999999293
19827 3.05712643461239 396.5399999999293
19828 3.054470029132812 396.5599999999293
19829 3.049149410611779 396.5799999999293
19830 3.041364952930352 396.5999999999293
19831 3.031182792773232 396.6199999999292
19832 3.018396818572957 396.6399999999292
19833 3.003097359513599 396.6599999999292
19834 2.985706811467956 396.6799999999292
19835 2.966278691758976 396.6999999999292
19836 2.944741530184461 396.7199999999291
19837 2.921275792541257 396.7399999999291
19838 2.895992707721354 396.7599999999291
19839 2.868728538736085 396.7799999999291
19840 2.839798838421976 396.7999999999291
19841 2.809385552680551 396.8199999999291
19842 2.777499927590575 396.839999999929
19843 2.744243543337941 396.859999999929
19844 2.709700017038458 396.879999999929
19845 2.673898448605181 396.899999999929
19846 2.637150692252241 396.919999999929
19847 2.599463262147685 396.9399999999289
19848 2.561007756282454 396.9599999999289
19849 2.521842357827941 396.9799999999289
19850 2.482047592136286 396.9999999999289
19851 2.441753553743927 397.0199999999289
19852 2.400858940850115 397.0399999999289
19853 2.359814748822459 397.0599999999288
19854 2.318693464458715 397.0799999999288
19855 2.277494647266609 397.0999999999288
19856 2.23632433150793 397.1199999999288
19857 2.19531159454213 397.1399999999288
19858 2.154490870086113 397.1599999999287
19859 2.113833219680614 397.1799999999287
19860 2.073642287860989 397.1999999999287
19861 2.03407301252772 397.2199999999287
19862 1.994952055828699 397.2399999999287
19863 1.95636547550908 397.2599999999287
19864 1.918739472152515 397.2799999999286
19865 1.88187251322171 397.2999999999286
19866 1.845906518597331 397.3199999999286
19867 1.810757991257961 397.3399999999286
19868 1.776782942071738 397.3599999999286
19869 1.743918943895667 397.3799999999285
19870 1.712407108002728 397.3999999999285
19871 1.682294898837901 397.4199999999285
19872 1.653416289700538 397.4399999999285
19873 1.626107785477149 397.4599999999285
19874 1.600028567704868 397.4799999999285
19875 1.575672186403237 397.4999999999284
19876 1.553066205321115 397.5199999999284
19877 1.532046326159784 397.5399999999284
19878 1.512532129725316 397.5599999999284
19879 1.49515872962037 397.5799999999284
19880 1.479479272280073 397.5999999999283
19881 1.466139576392844 397.6199999999283
19882 1.45454320880659 397.6399999999283
19883 1.444947451336677 397.6599999999283
19884 1.437174781729795 397.6799999999283
19885 1.43165021423093 397.6999999999283
19886 1.428536260596485 397.7199999999282
19887 1.427813129363513 397.7399999999282
19888 1.428884492747937 397.7599999999282
19889 1.432039571022369 397.7799999999282
19890 1.437454264304205 397.7999999999282
19891 1.445323517799973 397.8199999999281
19892 1.455433631558319 397.8399999999281
19893 1.467896307630526 397.8599999999281
19894 1.482843712191716 397.8799999999281
19895 1.499526749122404 397.8999999999281
19896 1.519021572371487 397.9199999999281
19897 1.540882126872822 397.939999999928
19898 1.564282437374805 397.959999999928
19899 1.590012897334076 397.979999999928
19900 1.618289373729599 397.999999999928
19901 1.64815314694994 398.019999999928
19902 1.679653674672821 398.0399999999279
19903 1.713409617554442 398.0599999999279
19904 1.749044191331479 398.0799999999279
19905 1.787070984179131 398.0999999999279
19906 1.825764588078785 398.1199999999279
19907 1.865640562103051 398.1399999999279
19908 1.906999474856231 398.1599999999278
19909 1.94977822186828 398.1799999999278
19910 1.993364670410144 398.1999999999278
19911 2.037680543236468 398.2199999999278
19912 2.082835130631596 398.2399999999278
19913 2.12829625231966 398.2599999999277
19914 2.174729830028594 398.2799999999277
19915 2.221390655553119 398.2999999999277
19916 2.267949513888638 398.3199999999277
19917 2.314939382327529 398.3399999999277
19918 2.361979412736121 398.3599999999277
19919 2.407922776486277 398.3799999999276
19920 2.453605187084269 398.3999999999276
19921 2.498704338116537 398.4199999999276
19922 2.543098819250503 398.4399999999276
19923 2.586365822588624 398.4599999999276
19924 2.62851899607934 398.4799999999275
19925 2.669190135832086 398.4999999999275
19926 2.708613644548032 398.5199999999275
19927 2.746042839110217 398.5399999999275
19928 2.781844928276182 398.5599999999275
19929 2.815469268715979 398.5799999999275
19930 2.847071731021644 398.5999999999274
19931 2.877230997641984 398.6199999999274
19932 2.905080749841649 398.6399999999274
19933 2.930243538338049 398.6599999999274
19934 2.95298081938682 398.6799999999274
19935 2.973203286001104 398.6999999999273
19936 2.991398125566156 398.7199999999273
19937 3.006997164979876 398.7399999999273
19938 3.019743295539967 398.7599999999273
19939 3.030044681952572 398.7799999999273
19940 3.037802844609587 398.7999999999273
19941 3.042939650272714 398.8199999999272
19942 3.045463892651898 398.8399999999272
19943 3.045058601988849 398.8599999999272
19944 3.042438366917761 398.8799999999272
19945 3.037388841736752 398.8999999999272
19946 3.029647267365275 398.9199999999271
19947 3.01941004404705 398.9399999999271
19948 3.006625881919294 398.9599999999271
19949 2.991727439324733 398.9799999999271
19950 2.974723810323427 398.9999999999271
19951 2.955605303386591 399.0199999999271
19952 2.934297575990244 399.039999999927
19953 2.910829964319076 399.059999999927
19954 2.885773372798825 399.079999999927
19955 2.858891365752141 399.099999999927
19956 2.830267923821644 399.119999999927
19957 2.800191302801006 399.1399999999269
19958 2.768708678740941 399.1599999999269
19959 2.735798970998868 399.1799999999269
19960 2.701554590263403 399.1999999999269
19961 2.66636905522756 399.2199999999269
19962 2.630098288407734 399.2399999999269
19963 2.592995491684936 399.2599999999268
19964 2.555050210528545 399.2799999999268
19965 2.516492391525929 399.2999999999268
19966 2.477261594160167 399.3199999999268
19967 2.437548510299728 399.3399999999268
19968 2.397420595240993 399.3599999999267
19969 2.357127032412812 399.3799999999267
19970 2.316593843997049 399.3999999999267
19971 2.275862314907934 399.4199999999267
19972 2.235221349055885 399.4399999999267
19973 2.194725415673987 399.4599999999267
19974 2.154494636487337 399.4799999999266
19975 2.114505451675025 399.4999999999266
19976 2.074900476111367 399.5199999999266
19977 2.03579935797283 399.5399999999266
19978 1.997275160531569 399.5599999999266
19979 1.959436511151168 399.5799999999265
19980 1.922058168274558 399.5999999999265
19981 1.885766193690215 399.6199999999265
19982 1.850145304648343 399.6399999999265
19983 1.815635422432177 399.6599999999265
19984 1.781814939150468 399.6799999999265
19985 1.749268596927822 399.6999999999264
19986 1.718018644310738 399.7199999999264
19987 1.688002859385175 399.7399999999264
19988 1.659337554857336 399.7599999999264
19989 1.631760311745492 399.7799999999264
19990 1.60614640393689 399.7999999999263
19991 1.581756887298606 399.8199999999263
19992 1.559409806182608 399.8399999999263
19993 1.538237467873593 399.8599999999263
19994 1.519238259528082 399.8799999999263
19995 1.501981285903971 399.8999999999263
19996 1.486635121120344 399.9199999999262
19997 1.473651146884891 399.9399999999262
19998 1.462180055136693 399.9599999999262
19999 1.45274567915143 399.9799999999262
20000 1.445170436913391 399.9999999999262
