"cd-rfile"
"Time Step" "cd etc.."
("Time Step" "cd" "flow-time")
0 0 0
1 5.629781834297847 0.02
2 3.452589643316436 0.04
3 2.40950287336933 0.06
4 1.935442902117624 0.08
5 1.730601945418484 0.1
6 1.598627343952174 0.12
7 1.500439666563437 0.14
8 1.424373868370598 0.16
9 1.364237771268485 0.18
10 1.31603580811513 0.2
11 1.276446568675033 0.22
12 1.245135456820361 0.24
13 1.219646823012908 0.26
14 1.199074242093799 0.28
15 1.181616753112551 0.3
16 1.168447171183248 0.32
17 1.158177779054797 0.34
18 1.15032084868264 0.36
19 1.144603619433908 0.3800000000000001
20 1.140777503078957 0.4000000000000001
21 1.137620147395111 0.4200000000000001
22 1.136768791809093 0.4400000000000001
23 1.13721533902506 0.4600000000000001
24 1.138728123581424 0.4800000000000001
25 1.141085424032837 0.5000000000000001
26 1.144351920674339 0.5200000000000001
27 1.148423112645385 0.5400000000000001
28 1.153176348729803 0.5600000000000002
29 1.158460938731167 0.5800000000000002
30 1.16415918530014 0.6000000000000002
31 1.17031256050695 0.6200000000000002
32 1.176093126739218 0.6400000000000002
33 1.182974869825952 0.6600000000000003
34 1.190069879398429 0.6800000000000003
35 1.197332459742826 0.7000000000000003
36 1.204758511380081 0.7200000000000003
37 1.212335467428605 0.7400000000000003
38 1.219967663997948 0.7600000000000003
39 1.227658016833532 0.7800000000000004
40 1.235372188192508 0.8000000000000004
41 1.243014614878412 0.8200000000000004
42 1.250593064196906 0.8400000000000004
43 1.25812950564677 0.8600000000000004
44 1.26569166185914 0.8800000000000004
45 1.273104257810105 0.9000000000000005
46 1.280272237999403 0.9200000000000005
47 1.287360000018733 0.9400000000000005
48 1.29354656647474 0.9600000000000005
49 1.300239579533303 0.9800000000000005
50 1.306760534997315 1
51 1.313058491055745 1.02
52 1.319171561651997 1.04
53 1.32510857304717 1.06
54 1.330778787387939 1.080000000000001
55 1.336253771524471 1.100000000000001
56 1.341383382604751 1.120000000000001
57 1.34624064490623 1.140000000000001
58 1.350856905169172 1.160000000000001
59 1.355191331641268 1.180000000000001
60 1.359230811670783 1.200000000000001
61 1.363016717477681 1.220000000000001
62 1.366624018439262 1.240000000000001
63 1.369885387676794 1.260000000000001
64 1.372961096109448 1.280000000000001
65 1.375756090830736 1.300000000000001
66 1.378286487927023 1.320000000000001
67 1.380582346643602 1.340000000000001
68 1.382626411960641 1.360000000000001
69 1.383816898514381 1.380000000000001
70 1.385340286105955 1.400000000000001
71 1.386678020075149 1.420000000000001
72 1.387811237483058 1.440000000000001
73 1.388690929046431 1.460000000000001
74 1.389376662743797 1.480000000000001
75 1.389831331860028 1.500000000000001
76 1.390108401783074 1.520000000000001
77 1.390184968857323 1.540000000000001
78 1.390118578831291 1.560000000000001
79 1.389856942774901 1.580000000000001
80 1.389485965443821 1.600000000000001
81 1.388889578789047 1.620000000000001
82 1.388132452307912 1.640000000000001
83 1.387224237778976 1.660000000000001
84 1.386217439087784 1.680000000000001
85 1.385090716315842 1.700000000000001
86 1.38382985358415 1.720000000000001
87 1.382470784842583 1.740000000000001
88 1.38098396888758 1.760000000000001
89 1.379434300399909 1.780000000000001
90 1.377776380785663 1.800000000000001
91 1.376058454988182 1.820000000000001
92 1.374258815028297 1.840000000000001
93 1.372379309771856 1.860000000000001
94 1.370406193021461 1.880000000000001
95 1.368410045791238 1.900000000000001
96 1.366371581313011 1.920000000000001
97 1.364300043733905 1.940000000000001
98 1.362164644904211 1.960000000000001
99 1.359995419634279 1.980000000000001
100 1.357817425515675 2.000000000000001
101 1.355642134927079 2.020000000000001
102 1.353475004823257 2.040000000000001
103 1.351292200601112 2.060000000000001
104 1.349095844706866 2.080000000000001
105 1.346865163435775 2.100000000000001
106 1.344200895870712 2.120000000000001
107 1.341944244584544 2.140000000000001
108 1.339598969954212 2.160000000000001
109 1.337250232554019 2.180000000000001
110 1.33492936028005 2.200000000000002
111 1.332632622084249 2.220000000000002
112 1.330345421046853 2.240000000000002
113 1.328049453266886 2.260000000000002
114 1.325766006693875 2.280000000000002
115 1.323508923938149 2.300000000000002
116 1.321273248694199 2.320000000000002
117 1.319089736275296 2.340000000000002
118 1.316909214097481 2.360000000000002
119 1.314733191975739 2.380000000000002
120 1.312598012074202 2.400000000000002
121 1.310493331729333 2.420000000000002
122 1.308412952762987 2.440000000000002
123 1.306343370551369 2.460000000000002
124 1.304292440843789 2.480000000000002
125 1.302292815137316 2.500000000000002
126 1.300320512248425 2.520000000000002
127 1.298336306812742 2.540000000000002
128 1.296367290857434 2.560000000000002
129 1.294418966335452 2.580000000000002
130 1.292495712110974 2.600000000000002
131 1.290622360618552 2.620000000000002
132 1.288766929324135 2.640000000000002
133 1.286495828929592 2.660000000000002
134 1.284641164813901 2.680000000000002
135 1.282796553205631 2.700000000000002
136 1.280942750903527 2.720000000000002
137 1.279545304113928 2.740000000000002
138 1.277378391433162 2.760000000000002
139 1.275627207797246 2.780000000000002
140 1.273906702092234 2.800000000000002
141 1.272191917933103 2.820000000000002
142 1.270510838000974 2.840000000000002
143 1.26887420110724 2.860000000000002
144 1.267256490703765 2.880000000000002
145 1.265642772158443 2.900000000000002
146 1.264020975745769 2.920000000000002
147 1.262413961567516 2.940000000000002
148 1.26079579150397 2.960000000000002
149 1.259198884297367 2.980000000000002
150 1.257619179334164 3.000000000000002
151 1.256064501869646 3.020000000000002
152 1.254525620895115 3.040000000000002
153 1.253021212044213 3.060000000000002
154 1.251508070764454 3.080000000000002
155 1.25002680398038 3.100000000000002
156 1.248569672685569 3.120000000000002
157 1.247142148546623 3.140000000000002
158 1.245718654015688 3.160000000000002
159 1.244282757901626 3.180000000000002
160 1.242884298789113 3.200000000000002
161 1.241490677869674 3.220000000000002
162 1.240106057789983 3.240000000000002
163 1.238749410648689 3.260000000000002
164 1.237388199988397 3.280000000000002
165 1.236033413510546 3.300000000000002
166 1.234268113192236 3.320000000000003
167 1.232921288717731 3.340000000000003
168 1.231585055628547 3.360000000000003
169 1.230266288903463 3.380000000000003
170 1.228956214030066 3.400000000000003
171 1.227665016840746 3.420000000000003
172 1.226379172206624 3.440000000000003
173 1.225118095462904 3.460000000000003
174 1.223872839417982 3.480000000000003
175 1.222642711188353 3.500000000000003
176 1.221425827061663 3.520000000000003
177 1.220224630224834 3.540000000000003
178 1.219022325225553 3.560000000000003
179 1.217832127830272 3.580000000000003
180 1.216651442976376 3.600000000000003
181 1.215477416712152 3.620000000000003
182 1.214318731953624 3.640000000000003
183 1.213166986729548 3.660000000000003
184 1.212017450604881 3.680000000000003
185 1.210895820790688 3.700000000000003
186 1.209781683489748 3.720000000000003
187 1.208679267461395 3.740000000000003
188 1.207586745370379 3.760000000000003
189 1.206501398958574 3.780000000000003
190 1.205424025773057 3.800000000000003
191 1.204355992401346 3.820000000000003
192 1.203295226229318 3.840000000000003
193 1.202243339041117 3.860000000000003
194 1.20119775418015 3.880000000000003
195 1.200154058334846 3.900000000000003
196 1.19912495536454 3.920000000000003
197 1.198084246456737 3.940000000000003
198 1.197069800739887 3.960000000000003
199 1.196055173669139 3.980000000000003
200 1.195059113315799 4.000000000000003
201 1.194075248446597 4.020000000000002
202 1.193092660161295 4.040000000000002
203 1.192126687067989 4.060000000000001
204 1.191164953666955 4.080000000000001
205 1.190206358031749 4.100000000000001
206 1.189254615911843 4.12
207 1.188305797129804 4.14
208 1.187362848248309 4.159999999999999
209 1.186425229016183 4.179999999999999
210 1.185496820794143 4.199999999999998
211 1.18457617051806 4.219999999999998
212 1.183656842563011 4.239999999999998
213 1.182740744277025 4.259999999999997
214 1.181837401630884 4.279999999999997
215 1.180944000369851 4.299999999999996
216 1.180078743728015 4.319999999999996
217 1.179205879229259 4.339999999999995
218 1.177951687856686 4.359999999999995
219 1.177474728413718 4.379999999999995
220 1.176242355178532 4.399999999999994
221 1.175770392150171 4.419999999999994
222 1.174557199718655 4.439999999999993
223 1.174083070130762 4.459999999999993
224 1.172888884196009 4.479999999999992
225 1.172420680794766 4.499999999999992
226 1.171236144682874 4.519999999999992
227 1.170772196330234 4.539999999999991
228 1.16960813839324 4.559999999999991
229 1.168788511491371 4.57999999999999
230 1.168358490985992 4.59999999999999
231 1.167216317450584 4.619999999999989
232 1.166769805288985 4.639999999999989
233 1.1659982067086 4.659999999999989
234 1.165222991662394 4.679999999999988
235 1.164448631784987 4.699999999999988
236 1.163343369767893 4.719999999999987
237 1.162899830250669 4.739999999999987
238 1.161810157049385 4.759999999999986
239 1.161378681312687 4.779999999999986
240 1.160305121656926 4.799999999999986
241 1.159550894435937 4.819999999999985
242 1.158812363625286 4.839999999999985
243 1.158076708009908 4.859999999999984
244 1.157347691949056 4.879999999999984
245 1.1566307791355 4.899999999999983
246 1.155925235409027 4.919999999999983
247 1.155229581079038 4.939999999999983
248 1.154537358388937 4.959999999999982
249 1.153854126417877 4.979999999999982
250 1.153176622347169 4.999999999999981
251 1.152505244090774 5.019999999999981
252 1.151836914320066 5.03999999999998
253 1.151189048439754 5.05999999999998
254 1.150506283826039 5.07999999999998
255 1.149868846902123 5.099999999999979
256 1.14921675826886 5.119999999999979
257 1.148581307607834 5.139999999999978
258 1.147948251619676 5.159999999999978
259 1.147320659122462 5.179999999999978
260 1.146697634052896 5.199999999999977
261 1.146080909210889 5.219999999999977
262 1.14547341979545 5.239999999999976
263 1.144870115063945 5.259999999999976
264 1.144271171192789 5.279999999999975
265 1.14367344188345 5.299999999999975
266 1.143085399306808 5.319999999999975
267 1.142502885883538 5.339999999999974
268 1.14192211100672 5.359999999999974
269 1.141343985443714 5.379999999999973
270 1.140765134196604 5.399999999999973
271 1.140189712503535 5.419999999999972
272 1.139617955696685 5.439999999999972
273 1.139047294538567 5.459999999999972
274 1.138477391420368 5.479999999999971
275 1.137911785044851 5.499999999999971
276 1.137349563816513 5.51999999999997
277 1.136788845638703 5.53999999999997
278 1.136229503157949 5.559999999999969
279 1.135675859077352 5.579999999999969
280 1.135127661986883 5.599999999999969
281 1.134580521611137 5.619999999999968
282 1.134038318007369 5.639999999999968
283 1.133512578645456 5.659999999999967
284 1.132967278162264 5.679999999999967
285 1.132431760339453 5.699999999999966
286 1.13189609398828 5.719999999999966
287 1.131361877983892 5.739999999999966
288 1.130813928695563 5.759999999999965
289 1.130284134126976 5.779999999999965
290 1.129755079353979 5.799999999999964
291 1.129228021218738 5.819999999999964
292 1.128697907754696 5.839999999999963
293 1.128166775649872 5.859999999999963
294 1.127638823259423 5.879999999999963
295 1.127112212248356 5.899999999999962
296 1.126587527013659 5.919999999999962
297 1.126064201963664 5.939999999999961
298 1.125542675835302 5.959999999999961
299 1.12501964833716 5.97999999999996
300 1.124501034736838 5.99999999999996
301 1.123982606449789 6.01999999999996
302 1.123467104143437 6.039999999999959
303 1.122952449225562 6.059999999999959
304 1.122436091329384 6.079999999999958
305 1.121917996999318 6.099999999999958
306 1.121407069227251 6.119999999999957
307 1.120897327075941 6.139999999999957
308 1.120389431922728 6.159999999999957
309 1.119883941469814 6.179999999999956
310 1.119378475795457 6.199999999999956
311 1.118877584109113 6.219999999999955
312 1.118374437766819 6.239999999999955
313 1.11787577968311 6.259999999999954
314 1.117384229438516 6.279999999999954
315 1.116897329598369 6.299999999999954
316 1.116413800438423 6.319999999999953
317 1.115933847721525 6.339999999999953
318 1.115456736774489 6.359999999999952
319 1.114981959571521 6.379999999999952
320 1.114507212277598 6.399999999999952
321 1.114030552965421 6.419999999999951
322 1.11355553946994 6.439999999999951
323 1.113079424488293 6.45999999999995
324 1.112603056386175 6.47999999999995
325 1.112124737999493 6.499999999999949
326 1.11164964618338 6.519999999999949
327 1.111173035471088 6.539999999999949
328 1.11069753775124 6.559999999999948
329 1.10996855282318 6.579999999999948
330 1.109735821382596 6.599999999999947
331 1.10902359510428 6.619999999999947
332 1.108789254500015 6.639999999999946
333 1.108080279727783 6.659999999999946
334 1.107843813118884 6.679999999999946
335 1.107139650140834 6.699999999999945
336 1.106898400835044 6.719999999999945
337 1.106438531442649 6.739999999999944
338 1.105967960940518 6.759999999999944
339 1.105259925536423 6.779999999999943
340 1.105019401903247 6.799999999999943
341 1.10432894171657 6.819999999999943
342 1.104088161024068 6.839999999999942
343 1.103398882826504 6.859999999999942
344 1.10316299320088 6.879999999999941
345 1.102469366189474 6.899999999999941
346 1.101992156755282 6.91999999999994
347 1.101534545210181 6.93999999999994
348 1.101313230203514 6.95999999999994
349 1.100647097210977 6.979999999999939
350 1.100411064490088 6.999999999999939
351 1.099750049515268 7.019999999999938
352 1.099511909891624 7.039999999999938
353 1.098858441437141 7.059999999999937
354 1.09862034698203 7.079999999999937
355 1.097969958011974 7.099999999999937
356 1.097729820389236 7.119999999999936
357 1.097082251038249 7.139999999999936
358 1.096842683188725 7.159999999999935
359 1.096199825000228 7.179999999999935
360 1.095739868685071 7.199999999999934
361 1.095521670480321 7.219999999999934
362 1.09488833025668 7.239999999999934
363 1.094435622669044 7.259999999999933
364 1.093994117071969 7.279999999999933
365 1.093578908764684 7.299999999999932
366 1.093153866215702 7.319999999999932
367 1.09273014493538 7.339999999999931
368 1.092306824899365 7.359999999999931
369 1.091885602719358 7.379999999999931
370 1.09146960108838 7.39999999999993
371 1.091049813869788 7.41999999999993
372 1.090632990897642 7.439999999999929
373 1.09021891833915 7.459999999999929
374 1.08980646925286 7.479999999999928
375 1.089396070506386 7.499999999999928
376 1.088987268561954 7.519999999999928
377 1.088580424278298 7.539999999999927
378 1.088175170346476 7.559999999999927
379 1.087768629427111 7.579999999999926
380 1.08736545617665 7.599999999999926
381 1.086964363164579 7.619999999999925
382 1.086569778852709 7.639999999999925
383 1.086173924086185 7.659999999999925
384 1.085778218568609 7.679999999999924
385 1.085384561361398 7.699999999999924
386 1.084993538020887 7.719999999999923
387 1.084605624743001 7.739999999999923
388 1.084223282438188 7.759999999999923
389 1.083845838248496 7.779999999999922
390 1.083469278628808 7.799999999999922
391 1.083093591367967 7.819999999999921
392 1.082719513005078 7.839999999999921
393 1.082347601496606 7.85999999999992
394 1.081976967406892 7.87999999999992
395 1.08160878769357 7.89999999999992
396 1.081243242970717 7.919999999999919
397 1.080880627220262 7.939999999999919
398 1.080518965686853 7.959999999999918
399 1.080157877303292 7.979999999999918
400 1.079798912904969 7.999999999999917
401 1.079443780051967 8.019999999999918
402 1.079090799512715 8.039999999999917
403 1.078738367185583 8.059999999999917
404 1.078563834025956 8.079999999999917
405 1.078060640725513 8.099999999999916
406 1.077880757468125 8.119999999999916
407 1.077385191973962 8.139999999999915
408 1.077203530935596 8.159999999999915
409 1.076714089636875 8.179999999999914
410 1.076535054160965 8.199999999999914
411 1.076062438359594 8.219999999999914
412 1.075880215410421 8.239999999999913
413 1.075412022937252 8.259999999999913
414 1.075233554974064 8.279999999999912
415 1.0747621176159 8.299999999999912
416 1.074586358077328 8.319999999999911
417 1.074120687226267 8.339999999999911
418 1.073952123759091 8.359999999999911
419 1.073487811414119 8.37999999999991
420 1.073317987051642 8.39999999999991
421 1.07286625711714 8.419999999999909
422 1.072700539505812 8.439999999999909
423 1.072256112219881 8.459999999999908
424 1.072099564882638 8.479999999999908
425 1.071812074162396 8.499999999999908
426 1.071511200634402 8.519999999999907
427 1.071214051102705 8.539999999999907
428 1.070768519824115 8.559999999999906
429 1.070615583209226 8.579999999999906
430 1.070342265916717 8.599999999999905
431 1.070051770296241 8.619999999999905
432 1.069764208225611 8.639999999999905
433 1.069476898075076 8.659999999999904
434 1.069186298453103 8.679999999999904
435 1.068916198410717 8.699999999999903
436 1.068642272156033 8.719999999999903
437 1.068229272555426 8.739999999999903
438 1.068091845819719 8.759999999999902
439 1.067704268621776 8.779999999999902
440 1.067434870551152 8.799999999999901
441 1.067182032236669 8.819999999999901
442 1.066931174324885 8.8399999999999
443 1.066678364050377 8.8599999999999
444 1.066429615738637 8.8799999999999
445 1.066182265040704 8.899999999999899
446 1.065936796445384 8.919999999999899
447 1.065829998700048 8.939999999999898
448 1.065458558932281 8.959999999999898
449 1.065337315053873 8.979999999999897
450 1.064975595517242 8.999999999999897
451 1.064859165620152 9.019999999999897
452 1.064499445684341 9.039999999999896
453 1.064389060427454 9.059999999999896
454 1.064177728868994 9.079999999999895
455 1.063951773801075 9.099999999999895
456 1.063730589645437 9.119999999999894
457 1.06350827331295 9.139999999999894
458 1.063286887235445 9.159999999999894
459 1.063067702008183 9.179999999999893
460 1.062849190444162 9.199999999999893
461 1.062629242745156 9.219999999999892
462 1.062410300073741 9.239999999999892
463 1.062190971497189 9.259999999999891
464 1.061969300842309 9.279999999999891
465 1.061752448534091 9.299999999999891
466 1.061533831223153 9.31999999999989
467 1.061324761821588 9.33999999999989
468 1.06111834249434 9.359999999999889
469 1.060909902803843 9.379999999999889
470 1.06070528187271 9.399999999999888
471 1.060503188463327 9.419999999999888
472 1.060303352318047 9.439999999999888
473 1.060103454640501 9.459999999999887
474 1.059901087652052 9.479999999999887
475 1.059698919736058 9.499999999999886
476 1.05949474390097 9.519999999999886
477 1.059289810262019 9.539999999999885
478 1.059087291794925 9.559999999999885
479 1.058895878989415 9.579999999999885
480 1.058708900166602 9.599999999999884
481 1.058522424289773 9.619999999999884
482 1.058334491131841 9.639999999999883
483 1.058142129799987 9.659999999999883
484 1.0579507655382 9.679999999999882
485 1.057763177268465 9.699999999999882
486 1.057579714320535 9.719999999999882
487 1.057397945253824 9.739999999999881
488 1.057219786626161 9.759999999999881
489 1.057039171811479 9.77999999999988
490 1.056858563356817 9.79999999999988
491 1.056675986707347 9.819999999999879
492 1.05649188770382 9.839999999999879
493 1.05630628752319 9.859999999999879
494 1.056117086607036 9.879999999999878
495 1.05593247135148 9.899999999999878
496 1.055750220952665 9.919999999999877
497 1.055564246735518 9.939999999999877
498 1.055385557138105 9.959999999999877
499 1.055206715088301 9.979999999999876
500 1.055028798351521 9.999999999999876
501 1.054852655790489 10.01999999999988
502 1.054678504435169 10.03999999999987
503 1.054502592856104 10.05999999999987
504 1.054324454020414 10.07999999999987
505 1.054148329876554 10.09999999999987
506 1.053972782930267 10.11999999999987
507 1.053799466896871 10.13999999999987
508 1.053629409149805 10.15999999999987
509 1.053460026626494 10.17999999999987
510 1.053291792482747 10.19999999999987
511 1.053123991062547 10.21999999999987
512 1.052958585500688 10.23999999999987
513 1.052793558750567 10.25999999999987
514 1.052621185339373 10.27999999999987
515 1.052455510429677 10.29999999999987
516 1.052287936472367 10.31999999999987
517 1.052119643691194 10.33999999999987
518 1.051957240977804 10.35999999999987
519 1.051796035933917 10.37999999999987
520 1.051634931943775 10.39999999999987
521 1.051477140917094 10.41999999999987
522 1.051307272579538 10.43999999999987
523 1.05113825240336 10.45999999999987
524 1.050962498887206 10.47999999999987
525 1.05077525129032 10.49999999999986
526 1.050576875978508 10.51999999999986
527 1.050396840857199 10.53999999999986
528 1.050200270075694 10.55999999999986
529 1.050018093770865 10.57999999999986
530 1.04983471348365 10.59999999999986
531 1.049649795150919 10.61999999999986
532 1.049470916126125 10.63999999999986
533 1.049292932359545 10.65999999999986
534 1.049116859224378 10.67999999999986
535 1.048941404359156 10.69999999999986
536 1.048767417936644 10.71999999999986
537 1.048595175514847 10.73999999999986
538 1.048423535044158 10.75999999999986
539 1.048252469182151 10.77999999999986
540 1.048077252172122 10.79999999999986
541 1.047904666349037 10.81999999999986
542 1.047720161833855 10.83999999999986
543 1.047604520202605 10.85999999999986
544 1.047367666515444 10.87999999999986
545 1.04719172381951 10.89999999999986
546 1.047020799744567 10.91999999999986
547 1.0468527329431 10.93999999999986
548 1.04668516121505 10.95999999999986
549 1.046518789269237 10.97999999999985
550 1.04635296963063 10.99999999999985
551 1.046188213574207 11.01999999999985
552 1.046079268648386 11.03999999999985
553 1.045847003778513 11.05999999999985
554 1.045731442195233 11.07999999999985
555 1.045552616881766 11.09999999999985
556 1.045379886939829 11.11999999999985
557 1.045205219320476 11.13999999999985
558 1.045032134314061 11.15999999999985
559 1.044860532241388 11.17999999999985
560 1.044690651692742 11.19999999999985
561 1.044523099778773 11.21999999999985
562 1.044359362698006 11.23999999999985
563 1.044198069232968 11.25999999999985
564 1.044031376090322 11.27999999999985
565 1.043864147062293 11.29999999999985
566 1.04370113348298 11.31999999999985
567 1.043543674426417 11.33999999999985
568 1.043390436823022 11.35999999999985
569 1.043243664340691 11.37999999999985
570 1.043099375919037 11.39999999999985
571 1.042958571653198 11.41999999999985
572 1.042816734910582 11.43999999999984
573 1.042685736748051 11.45999999999984
574 1.04256122551435 11.47999999999984
575 1.042437487678353 11.49999999999984
576 1.042317804366479 11.51999999999984
577 1.042200200013199 11.53999999999984
578 1.042086088909655 11.55999999999984
579 1.041975209991984 11.57999999999984
580 1.04186076458203 11.59999999999984
581 1.041763534456639 11.61999999999984
582 1.04165719823265 11.63999999999984
583 1.041560957301492 11.65999999999984
584 1.041448278757052 11.67999999999984
585 1.041351453414474 11.69999999999984
586 1.041257452034282 11.71999999999984
587 1.041164933690083 11.73999999999984
588 1.041078501707204 11.75999999999984
589 1.040996146177371 11.77999999999984
590 1.040921227810035 11.79999999999984
591 1.040845438070412 11.81999999999984
592 1.040771887174207 11.83999999999984
593 1.040704309846149 11.85999999999984
594 1.040641898849662 11.87999999999984
595 1.040586389628699 11.89999999999984
596 1.040533303061005 11.91999999999983
597 1.040483644922006 11.93999999999983
598 1.040451486242723 11.95999999999983
599 1.040410152763396 11.97999999999983
600 1.040362358608528 11.99999999999983
601 1.040320195653381 12.01999999999983
602 1.040278583287105 12.03999999999983
603 1.040236382904041 12.05999999999983
604 1.040200571269407 12.07999999999983
605 1.040165449083492 12.09999999999983
606 1.040134323418094 12.11999999999983
607 1.04010412394009 12.13999999999983
608 1.040062728403989 12.15999999999983
609 1.040033791128218 12.17999999999983
610 1.040001636693573 12.19999999999983
611 1.039974327409272 12.21999999999983
612 1.039973540795069 12.23999999999983
613 1.039925783464253 12.25999999999983
614 1.039905349058492 12.27999999999983
615 1.039888133823105 12.29999999999983
616 1.03987344891335 12.31999999999983
617 1.039860665831458 12.33999999999983
618 1.039866419525026 12.35999999999983
619 1.039864727312604 12.37999999999982
620 1.039838615400881 12.39999999999982
621 1.039843862425461 12.41999999999982
622 1.039814257670685 12.43999999999982
623 1.039828517213745 12.45999999999982
624 1.039807293080989 12.47999999999982
625 1.039829198096734 12.49999999999982
626 1.039825918645029 12.51999999999982
627 1.039853941375745 12.53999999999982
628 1.039879557340146 12.55999999999982
629 1.039913713105455 12.57999999999982
630 1.03995511840319 12.59999999999982
631 1.039996721528541 12.61999999999982
632 1.040038775412422 12.63999999999982
633 1.040059666755345 12.65999999999982
634 1.040123655137575 12.67999999999982
635 1.040174706012016 12.69999999999982
636 1.040228998104899 12.71999999999982
637 1.040290168591658 12.73999999999982
638 1.040351983400414 12.75999999999982
639 1.040407915345268 12.77999999999982
640 1.040495783861957 12.79999999999982
641 1.040560786187595 12.81999999999982
642 1.040623356047209 12.83999999999982
643 1.040690674950637 12.85999999999981
644 1.040747091996957 12.87999999999981
645 1.040849937300313 12.89999999999981
646 1.040875664167827 12.91999999999981
647 1.040983106716304 12.93999999999981
648 1.041038169151194 12.95999999999981
649 1.04111681284781 12.97999999999981
650 1.041211347752942 12.99999999999981
651 1.041273376417278 13.01999999999981
652 1.041370385725678 13.03999999999981
653 1.041441289984512 13.05999999999981
654 1.041527924641274 13.07999999999981
655 1.041609975792153 13.09999999999981
656 1.041696231709994 13.11999999999981
657 1.041796747040544 13.13999999999981
658 1.041878463614402 13.15999999999981
659 1.041991129754434 13.17999999999981
660 1.042091290394226 13.19999999999981
661 1.042189980825661 13.21999999999981
662 1.0422853203974 13.23999999999981
663 1.042386080738798 13.25999999999981
664 1.042489357678572 13.27999999999981
665 1.042594481042456 13.29999999999981
666 1.042700462828891 13.3199999999998
667 1.042805967881486 13.3399999999998
668 1.042909528490666 13.3599999999998
669 1.043004256915299 13.3799999999998
670 1.043093716659431 13.3999999999998
671 1.043191088176761 13.4199999999998
672 1.043289291818096 13.4399999999998
673 1.043386258642594 13.4599999999998
674 1.043486418416371 13.4799999999998
675 1.043581821964892 13.4999999999998
676 1.043684276888676 13.5199999999998
677 1.043786095424069 13.5399999999998
678 1.043880986744036 13.5599999999998
679 1.043977144119207 13.5799999999998
680 1.044075155312679 13.5999999999998
681 1.044180172657023 13.6199999999998
682 1.044286230397574 13.6399999999998
683 1.04437589470663 13.6599999999998
684 1.044471878635775 13.6799999999998
685 1.044566095182797 13.6999999999998
686 1.044655320756073 13.7199999999998
687 1.044742690018932 13.7399999999998
688 1.044822618252122 13.7599999999998
689 1.044895004643526 13.7799999999998
690 1.044964882384528 13.79999999999979
691 1.045046511132525 13.81999999999979
692 1.045136652573418 13.83999999999979
693 1.045221340590389 13.85999999999979
694 1.045307450778987 13.87999999999979
695 1.045401869347797 13.89999999999979
696 1.045502762646092 13.91999999999979
697 1.045601976178655 13.93999999999979
698 1.045687442591858 13.95999999999979
699 1.045788582219773 13.97999999999979
700 1.045882885658148 13.99999999999979
701 1.045957431320657 14.01999999999979
702 1.046034792672027 14.03999999999979
703 1.046111882333004 14.05999999999979
704 1.046185967466208 14.07999999999979
705 1.046264928624188 14.09999999999979
706 1.046337775747733 14.11999999999979
707 1.046414480228359 14.13999999999979
708 1.04648619296304 14.15999999999979
709 1.046545817670818 14.17999999999979
710 1.046609152119207 14.19999999999979
711 1.046675941033649 14.21999999999979
712 1.04673359776534 14.23999999999979
713 1.046796264839293 14.25999999999978
714 1.046862338384647 14.27999999999978
715 1.046927440041439 14.29999999999978
716 1.04699537856586 14.31999999999978
717 1.04705205843998 14.33999999999978
718 1.047111294439541 14.35999999999978
719 1.047174312158295 14.37999999999978
720 1.04724264290496 14.39999999999978
721 1.04732718782416 14.41999999999978
722 1.047391668077803 14.43999999999978
723 1.047466768978236 14.45999999999978
724 1.047541000465068 14.47999999999978
725 1.047606511788707 14.49999999999978
726 1.047670898180352 14.51999999999978
727 1.047725718719528 14.53999999999978
728 1.04777728848122 14.55999999999978
729 1.047836589570023 14.57999999999978
730 1.047883971990041 14.59999999999978
731 1.047953179188164 14.61999999999978
732 1.048006213488097 14.63999999999978
733 1.048070457499672 14.65999999999978
734 1.048129145775559 14.67999999999978
735 1.04818427836693 14.69999999999978
736 1.04825093920732 14.71999999999978
737 1.048301140308802 14.73999999999977
738 1.048371511594917 14.75999999999977
739 1.048422426816295 14.77999999999977
740 1.048480294972565 14.79999999999977
741 1.048536725723854 14.81999999999977
742 1.048599718922181 14.83999999999977
743 1.048663955894053 14.85999999999977
744 1.048734921805593 14.87999999999977
745 1.048776587008242 14.89999999999977
746 1.048815441097122 14.91999999999977
747 1.048850069764169 14.93999999999977
748 1.048886068070094 14.95999999999977
749 1.048926948279359 14.97999999999977
750 1.048978044996255 14.99999999999977
751 1.04904049949259 15.01999999999977
752 1.049100451406617 15.03999999999977
753 1.049151449741311 15.05999999999977
754 1.049229061999938 15.07999999999977
755 1.049309492481381 15.09999999999977
756 1.049390080031884 15.11999999999977
757 1.049468382969736 15.13999999999977
758 1.049553304048298 15.15999999999977
759 1.049642546010451 15.17999999999977
760 1.049726706663344 15.19999999999976
761 1.049812529422557 15.21999999999976
762 1.049901924740478 15.23999999999976
763 1.050007630784689 15.25999999999976
764 1.050128666089834 15.27999999999976
765 1.050227246146222 15.29999999999976
766 1.050340177175964 15.31999999999976
767 1.050475027384585 15.33999999999976
768 1.050605615956247 15.35999999999976
769 1.050725260370825 15.37999999999976
770 1.0508421114371 15.39999999999976
771 1.050973893724175 15.41999999999976
772 1.051107387361236 15.43999999999976
773 1.051258546162154 15.45999999999976
774 1.051408606646481 15.47999999999976
775 1.05155441528532 15.49999999999976
776 1.051707918864544 15.51999999999976
777 1.051854561422242 15.53999999999976
778 1.05201457224375 15.55999999999976
779 1.052185838673982 15.57999999999976
780 1.052359091224248 15.59999999999976
781 1.052544945377725 15.61999999999976
782 1.052736098494192 15.63999999999976
783 1.052923976772195 15.65999999999976
784 1.053114273417245 15.67999999999975
785 1.053315385642724 15.69999999999975
786 1.053512010333541 15.71999999999975
787 1.053732295599165 15.73999999999975
788 1.053946734746009 15.75999999999975
789 1.054194255580625 15.77999999999975
790 1.05445188526281 15.79999999999975
791 1.054713055277958 15.81999999999975
792 1.054956205365297 15.83999999999975
793 1.055218650896243 15.85999999999975
794 1.05549813115195 15.87999999999975
795 1.055790022299833 15.89999999999975
796 1.056103276651533 15.91999999999975
797 1.056430602573557 15.93999999999975
798 1.056763442933619 15.95999999999975
799 1.057114232139822 15.97999999999975
800 1.057435283348095 15.99999999999975
801 1.057770937757947 16.01999999999975
802 1.058126708286232 16.03999999999975
803 1.05847198637446 16.05999999999975
804 1.058837010206009 16.07999999999975
805 1.059207885131054 16.09999999999975
806 1.059597207375082 16.11999999999975
807 1.060000727919768 16.13999999999974
808 1.060420102462265 16.15999999999974
809 1.060840564081842 16.17999999999974
810 1.061294924818716 16.19999999999974
811 1.061773825104249 16.21999999999974
812 1.062237191602399 16.23999999999974
813 1.062703047389819 16.25999999999974
814 1.063177415827335 16.27999999999974
815 1.063660843752664 16.29999999999974
816 1.064140904299803 16.31999999999974
817 1.064634579778528 16.33999999999974
818 1.065132454551363 16.35999999999974
819 1.065645700276228 16.37999999999974
820 1.066163294257063 16.39999999999974
821 1.066660356723683 16.41999999999974
822 1.067170802119953 16.43999999999974
823 1.067707681456369 16.45999999999974
824 1.06822236673438 16.47999999999974
825 1.068774475025939 16.49999999999974
826 1.069326553698922 16.51999999999974
827 1.069892532628455 16.53999999999974
828 1.070460428054096 16.55999999999974
829 1.071042230960816 16.57999999999974
830 1.071637926693581 16.59999999999973
831 1.072230480579062 16.61999999999973
832 1.072829559462477 16.63999999999973
833 1.073435495335225 16.65999999999973
834 1.074044662264845 16.67999999999973
835 1.074654106965429 16.69999999999973
836 1.075272169815462 16.71999999999973
837 1.07591794408046 16.73999999999973
838 1.076560865141057 16.75999999999973
839 1.077202233114815 16.77999999999973
840 1.07784251903626 16.79999999999973
841 1.078456158640935 16.81999999999973
842 1.079091161382645 16.83999999999973
843 1.079741558130631 16.85999999999973
844 1.080392065885761 16.87999999999973
845 1.081034052126607 16.89999999999973
846 1.081684583759714 16.91999999999973
847 1.082321223921261 16.93999999999973
848 1.08296352421286 16.95999999999973
849 1.083615114861146 16.97999999999973
850 1.084274724766916 16.99999999999973
851 1.084937348059862 17.01999999999973
852 1.08559690428054 17.03999999999973
853 1.08625500359435 17.05999999999973
854 1.08690759693775 17.07999999999972
855 1.08754857201696 17.09999999999972
856 1.088200388400547 17.11999999999972
857 1.088856634448523 17.13999999999972
858 1.089498130173963 17.15999999999972
859 1.090123194099963 17.17999999999972
860 1.090760993507988 17.19999999999972
861 1.091393164658237 17.21999999999972
862 1.092012645461086 17.23999999999972
863 1.092607077586269 17.25999999999972
864 1.093221033791902 17.27999999999972
865 1.093799609889134 17.29999999999972
866 1.094370384868748 17.31999999999972
867 1.094958873180378 17.33999999999972
868 1.095534030160849 17.35999999999972
869 1.096083978433339 17.37999999999972
870 1.096628049455302 17.39999999999972
871 1.09716933483589 17.41999999999972
872 1.097714054886218 17.43999999999972
873 1.098236616923873 17.45999999999972
874 1.09872957375315 17.47999999999972
875 1.099209710104457 17.49999999999972
876 1.099660491327138 17.51999999999972
877 1.100129719077209 17.53999999999971
878 1.100580291842682 17.55999999999971
879 1.101016763232416 17.57999999999971
880 1.101443714471583 17.59999999999971
881 1.101843393242567 17.61999999999971
882 1.102267385349074 17.63999999999971
883 1.10265937989838 17.65999999999971
884 1.103082396053247 17.67999999999971
885 1.103458739399136 17.69999999999971
886 1.103854595817779 17.71999999999971
887 1.104232579367344 17.73999999999971
888 1.104582789316648 17.75999999999971
889 1.104915366890781 17.77999999999971
890 1.105269776597407 17.79999999999971
891 1.105597099817341 17.81999999999971
892 1.105904805833398 17.83999999999971
893 1.106207978592587 17.85999999999971
894 1.106512122508173 17.87999999999971
895 1.1067824471202 17.89999999999971
896 1.107068900530622 17.91999999999971
897 1.107323645169681 17.93999999999971
898 1.107584305134224 17.95999999999971
899 1.107827775673711 17.97999999999971
900 1.108090946881668 17.99999999999971
901 1.10827401796364 18.0199999999997
902 1.108527124767158 18.0399999999997
903 1.108741274795988 18.0599999999997
904 1.108959936298186 18.0799999999997
905 1.10915702693094 18.0999999999997
906 1.109355414877153 18.1199999999997
907 1.109532832798756 18.1399999999997
908 1.109725870910514 18.1599999999997
909 1.10995837893499 18.1799999999997
910 1.110191486164623 18.1999999999997
911 1.110416937511693 18.2199999999997
912 1.110658101736884 18.2399999999997
913 1.110884020202757 18.2599999999997
914 1.111108872889853 18.2799999999997
915 1.111349095991813 18.2999999999997
916 1.111568721499362 18.3199999999997
917 1.111796111411044 18.3399999999997
918 1.112020512450484 18.3599999999997
919 1.112254551135846 18.3799999999997
920 1.112498187730969 18.3999999999997
921 1.112727968124831 18.4199999999997
922 1.112936701592182 18.4399999999997
923 1.113179542681331 18.4599999999997
924 1.1134056974841 18.47999999999969
925 1.113672442036188 18.49999999999969
926 1.113966608665788 18.51999999999969
927 1.114261167425129 18.53999999999969
928 1.114548834535172 18.55999999999969
929 1.114849619685078 18.57999999999969
930 1.115133368443129 18.59999999999969
931 1.11543598499406 18.61999999999969
932 1.115754455750209 18.63999999999969
933 1.116083291290064 18.65999999999969
934 1.116438034657134 18.67999999999969
935 1.116802649676121 18.69999999999969
936 1.117212267351232 18.71999999999969
937 1.117642785394529 18.73999999999969
938 1.118067832092405 18.75999999999969
939 1.118490768803355 18.77999999999969
940 1.118942683496481 18.79999999999969
941 1.11940236925335 18.81999999999969
942 1.119877915747309 18.83999999999969
943 1.120407540287354 18.85999999999969
944 1.120911151162908 18.87999999999969
945 1.121454937932706 18.89999999999969
946 1.122012752859324 18.91999999999969
947 1.122580972960379 18.93999999999969
948 1.12316336255893 18.95999999999968
949 1.123760129872858 18.97999999999968
950 1.12438339809498 18.99999999999968
951 1.125037785036468 19.01999999999968
952 1.125674285221767 19.03999999999968
953 1.126350265315336 19.05999999999968
954 1.127023799723811 19.07999999999968
955 1.127703726619638 19.09999999999968
956 1.128405034728583 19.11999999999968
957 1.12912743611536 19.13999999999968
958 1.129852991923716 19.15999999999968
959 1.130580256926792 19.17999999999968
960 1.131312487328158 19.19999999999968
961 1.132055798429744 19.21999999999968
962 1.13281894881193 19.23999999999968
963 1.133621819989311 19.25999999999968
964 1.134454544663577 19.27999999999968
965 1.135306026998334 19.29999999999968
966 1.136185035991397 19.31999999999968
967 1.137048821185146 19.33999999999968
968 1.137981523018671 19.35999999999968
969 1.138929310021904 19.37999999999968
970 1.139970868937947 19.39999999999968
971 1.140911372546159 19.41999999999967
972 1.141947560650807 19.43999999999967
973 1.142965298935892 19.45999999999967
974 1.143980098825464 19.47999999999967
975 1.144995976738994 19.49999999999967
976 1.146015554260179 19.51999999999967
977 1.147037740333163 19.53999999999967
978 1.148066261652379 19.55999999999967
979 1.149101099680957 19.57999999999967
980 1.150140680293803 19.59999999999967
981 1.151182361088769 19.61999999999967
982 1.152240854592502 19.63999999999967
983 1.153317303614132 19.65999999999967
984 1.154392810800529 19.67999999999967
985 1.155471357221658 19.69999999999967
986 1.156548786254509 19.71999999999967
987 1.157626112441376 19.73999999999967
988 1.158715945868299 19.75999999999967
989 1.159826954513312 19.77999999999967
990 1.160867109978289 19.79999999999967
991 1.161913210228181 19.81999999999967
992 1.162935786891211 19.83999999999967
993 1.163930137181336 19.85999999999967
994 1.164898836309465 19.87999999999967
995 1.165841557571095 19.89999999999966
996 1.166796625131003 19.91999999999966
997 1.167770299234702 19.93999999999966
998 1.168732747922748 19.95999999999966
999 1.169721992875833 19.97999999999966
1000 1.170726873570021 19.99999999999966
1001 1.171655995957736 20.01999999999966
1002 1.172556645084777 20.03999999999966
1003 1.173456582241128 20.05999999999966
1004 1.174352551705543 20.07999999999966
1005 1.175219799543624 20.09999999999966
1006 1.176057996827033 20.11999999999966
1007 1.176914958323194 20.13999999999966
1008 1.177765124794651 20.15999999999966
1009 1.178587693967321 20.17999999999966
1010 1.179373150418202 20.19999999999966
1011 1.180142496870362 20.21999999999966
1012 1.180845273052825 20.23999999999966
1013 1.181546991668159 20.25999999999966
1014 1.182189805221237 20.27999999999966
1015 1.182833292044396 20.29999999999966
1016 1.183462434738823 20.31999999999966
1017 1.184075857212317 20.33999999999966
1018 1.18466793831154 20.35999999999965
1019 1.185182455616675 20.37999999999965
1020 1.18572066423505 20.39999999999965
1021 1.18619613560404 20.41999999999965
1022 1.186676493980349 20.43999999999965
1023 1.187124301875194 20.45999999999965
1024 1.187582298433592 20.47999999999965
1025 1.1880077555822 20.49999999999965
1026 1.188384468530146 20.51999999999965
1027 1.18875354785458 20.53999999999965
1028 1.189089372210136 20.55999999999965
1029 1.189434188038482 20.57999999999965
1030 1.189753572604999 20.59999999999965
1031 1.189987434815081 20.61999999999965
1032 1.190254065148301 20.63999999999965
1033 1.190496010345189 20.65999999999965
1034 1.190694931679581 20.67999999999965
1035 1.190791158836737 20.69999999999965
1036 1.190892377612794 20.71999999999965
1037 1.190990831856789 20.73999999999965
1038 1.191097237311799 20.75999999999965
1039 1.191178987724983 20.77999999999965
1040 1.191209682867877 20.79999999999965
1041 1.191243842317288 20.81999999999965
1042 1.191262052228137 20.83999999999964
1043 1.191284178506025 20.85999999999964
1044 1.191243610456713 20.87999999999964
1045 1.191195922672204 20.89999999999964
1046 1.191113651659531 20.91999999999964
1047 1.191048335402765 20.93999999999964
1048 1.190944616402623 20.95999999999964
1049 1.190860988307578 20.97999999999964
1050 1.190784957647099 20.99999999999964
1051 1.190687325173081 21.01999999999964
1052 1.190551488412362 21.03999999999964
1053 1.190402708804817 21.05999999999964
1054 1.190234385784205 21.07999999999964
1055 1.19009000064597 21.09999999999964
1056 1.189937493268684 21.11999999999964
1057 1.189779971757673 21.13999999999964
1058 1.189608165306247 21.15999999999964
1059 1.189470324343516 21.17999999999964
1060 1.189323074272365 21.19999999999964
1061 1.189209731593893 21.21999999999964
1062 1.189061146736512 21.23999999999964
1063 1.188891819656353 21.25999999999964
1064 1.18872586530671 21.27999999999964
1065 1.188563217382562 21.29999999999963
1066 1.188416404829171 21.31999999999963
1067 1.188288248169347 21.33999999999963
1068 1.188197393026897 21.35999999999963
1069 1.188124216123724 21.37999999999963
1070 1.188073405745333 21.39999999999963
1071 1.188016892418582 21.41999999999963
1072 1.187982569884959 21.43999999999963
1073 1.187971106565465 21.45999999999963
1074 1.188016827389675 21.47999999999963
1075 1.188096008519773 21.49999999999963
1076 1.188159387730837 21.51999999999963
1077 1.188215913605826 21.53999999999963
1078 1.188291465125636 21.55999999999963
1079 1.188398043431953 21.57999999999963
1080 1.188475700111516 21.59999999999963
1081 1.188617268324535 21.61999999999963
1082 1.188813522374898 21.63999999999963
1083 1.188981368086188 21.65999999999963
1084 1.189262912714746 21.67999999999963
1085 1.189621522641195 21.69999999999963
1086 1.1899150168737 21.71999999999963
1087 1.190217366362925 21.73999999999963
1088 1.190530741246813 21.75999999999962
1089 1.190863224794389 21.77999999999962
1090 1.191208668794783 21.79999999999962
1091 1.191618872700324 21.81999999999962
1092 1.192101316848702 21.83999999999962
1093 1.192591550864322 21.85999999999962
1094 1.193111415697966 21.87999999999962
1095 1.193651814608117 21.89999999999962
1096 1.194189487029022 21.91999999999962
1097 1.194667729532496 21.93999999999962
1098 1.195315064276381 21.95999999999962
1099 1.19598705870785 21.97999999999962
1100 1.196706065509491 21.99999999999962
1101 1.1974620717749 22.01999999999962
1102 1.198247434439505 22.03999999999962
1103 1.199010190947068 22.05999999999962
1104 1.199835523474374 22.07999999999962
1105 1.200630130954534 22.09999999999962
1106 1.201435723643266 22.11999999999962
1107 1.202267356505058 22.13999999999962
1108 1.203157414838722 22.15999999999962
1109 1.204096070735108 22.17999999999962
1110 1.20502327949731 22.19999999999962
1111 1.205969318210739 22.21999999999962
1112 1.206965374938391 22.23999999999961
1113 1.207976533069322 22.25999999999961
1114 1.208999730296222 22.27999999999961
1115 1.210005558419479 22.29999999999961
1116 1.21102359372174 22.31999999999961
1117 1.212066132184512 22.33999999999961
1118 1.213185211772343 22.35999999999961
1119 1.214205393840329 22.37999999999961
1120 1.215277877700252 22.39999999999961
1121 1.216356431024252 22.41999999999961
1122 1.217456150196458 22.43999999999961
1123 1.21852823291858 22.45999999999961
1124 1.219616914342332 22.47999999999961
1125 1.22066155991238 22.49999999999961
1126 1.221657222606027 22.51999999999961
1127 1.222669419384478 22.53999999999961
1128 1.223681297041529 22.55999999999961
1129 1.224698591736363 22.57999999999961
1130 1.225724625208054 22.59999999999961
1131 1.22675381869228 22.61999999999961
1132 1.227748981087175 22.63999999999961
1133 1.228733158490093 22.65999999999961
1134 1.229699661940064 22.67999999999961
1135 1.230662053020093 22.6999999999996
1136 1.231567099746526 22.7199999999996
1137 1.232473196500182 22.7399999999996
1138 1.233389106444543 22.7599999999996
1139 1.234263878549716 22.7799999999996
1140 1.235063551806307 22.7999999999996
1141 1.235890108758569 22.8199999999996
1142 1.236660634973989 22.8399999999996
1143 1.237357320037445 22.8599999999996
1144 1.237981436565484 22.8799999999996
1145 1.238468195461263 22.8999999999996
1146 1.239015590995951 22.9199999999996
1147 1.239577177141167 22.9399999999996
1148 1.240150239590478 22.9599999999996
1149 1.240758220060347 22.9799999999996
1150 1.241297929767487 22.9999999999996
1151 1.241818078319092 23.0199999999996
1152 1.242270372804154 23.0399999999996
1153 1.242686549833045 23.0599999999996
1154 1.243037172163817 23.0799999999996
1155 1.243340617521953 23.0999999999996
1156 1.243637695305814 23.1199999999996
1157 1.243881984208995 23.1399999999996
1158 1.244032085330887 23.1599999999996
1159 1.244121181133962 23.17999999999959
1160 1.244202545503105 23.19999999999959
1161 1.244245703339208 23.21999999999959
1162 1.244253351511416 23.23999999999959
1163 1.244205321795753 23.25999999999959
1164 1.244195996066841 23.27999999999959
1165 1.244155605487259 23.29999999999959
1166 1.244045416901363 23.31999999999959
1167 1.243914467082667 23.33999999999959
1168 1.243762488986308 23.35999999999959
1169 1.243572344138659 23.37999999999959
1170 1.243363789942483 23.39999999999959
1171 1.24313105167051 23.41999999999959
1172 1.242853757550713 23.43999999999959
1173 1.24254064576618 23.45999999999959
1174 1.242220095812525 23.47999999999959
1175 1.241847325304417 23.49999999999959
1176 1.241428552376554 23.51999999999959
1177 1.240995380193465 23.53999999999959
1178 1.240549129177803 23.55999999999959
1179 1.240053967141974 23.57999999999959
1180 1.239533820807341 23.59999999999959
1181 1.239014619643731 23.61999999999959
1182 1.238481923103283 23.63999999999958
1183 1.237958199032812 23.65999999999958
1184 1.237386202910588 23.67999999999958
1185 1.236799443404944 23.69999999999958
1186 1.236194202240739 23.71999999999958
1187 1.235581428198473 23.73999999999958
1188 1.234959473031488 23.75999999999958
1189 1.234360683298791 23.77999999999958
1190 1.233750186533584 23.79999999999958
1191 1.233128287176616 23.81999999999958
1192 1.232480998654104 23.83999999999958
1193 1.231854831081954 23.85999999999958
1194 1.231214356443607 23.87999999999958
1195 1.230620400687567 23.89999999999958
1196 1.230056251953259 23.91999999999958
1197 1.229452149349023 23.93999999999958
1198 1.228840481642956 23.95999999999958
1199 1.228216138249134 23.97999999999958
1200 1.227619528462573 23.99999999999958
1201 1.227011794418766 24.01999999999958
1202 1.226489824148421 24.03999999999958
1203 1.225994233908891 24.05999999999958
1204 1.225494296804586 24.07999999999958
1205 1.225022084903574 24.09999999999958
1206 1.22462358178619 24.11999999999957
1207 1.224234624851036 24.13999999999957
1208 1.223942930223302 24.15999999999957
1209 1.223590378782186 24.17999999999957
1210 1.223298997237404 24.19999999999957
1211 1.223055354938475 24.21999999999957
1212 1.222840252060497 24.23999999999957
1213 1.222650220730576 24.25999999999957
1214 1.222436743482422 24.27999999999957
1215 1.222276366926867 24.29999999999957
1216 1.222117623879972 24.31999999999957
1217 1.221992204402697 24.33999999999957
1218 1.221909776457081 24.35999999999957
1219 1.221842588772826 24.37999999999957
1220 1.221852471539232 24.39999999999957
1221 1.221932624551616 24.41999999999957
1222 1.222060082254964 24.43999999999957
1223 1.222229744871563 24.45999999999957
1224 1.222426626105475 24.47999999999957
1225 1.222608573065016 24.49999999999957
1226 1.222898245163542 24.51999999999957
1227 1.223265440788074 24.53999999999957
1228 1.22363817328213 24.55999999999957
1229 1.224042691848763 24.57999999999956
1230 1.224505726519401 24.59999999999956
1231 1.224933516595454 24.61999999999956
1232 1.225418668732564 24.63999999999956
1233 1.225927884899623 24.65999999999956
1234 1.226452376415342 24.67999999999956
1235 1.227049960067833 24.69999999999956
1236 1.227718336441104 24.71999999999956
1237 1.228463982515795 24.73999999999956
1238 1.229254513158095 24.75999999999956
1239 1.230075784467362 24.77999999999956
1240 1.230959478551475 24.79999999999956
1241 1.231817722572909 24.81999999999956
1242 1.232727878924462 24.83999999999956
1243 1.233656361130933 24.85999999999956
1244 1.234723646709171 24.87999999999956
1245 1.235727113622467 24.89999999999956
1246 1.236678742739947 24.91999999999956
1247 1.237679761550434 24.93999999999956
1248 1.238723843517527 24.95999999999956
1249 1.239929635869717 24.97999999999956
1250 1.241053900345361 24.99999999999956
1251 1.24217366180514 25.01999999999956
1252 1.243276683162075 25.03999999999956
1253 1.244358865263841 25.05999999999955
1254 1.245527607023083 25.07999999999955
1255 1.246726897692778 25.09999999999955
1256 1.247894234396113 25.11999999999955
1257 1.249066675368585 25.13999999999955
1258 1.250222216021255 25.15999999999955
1259 1.251270787250717 25.17999999999955
1260 1.252377258390786 25.19999999999955
1261 1.253450076894408 25.21999999999955
1262 1.25454616130469 25.23999999999955
1263 1.255654909962902 25.25999999999955
1264 1.256786616540069 25.27999999999955
1265 1.257879535101765 25.29999999999955
1266 1.258930231389746 25.31999999999955
1267 1.259936631818516 25.33999999999955
1268 1.260918463129862 25.35999999999955
1269 1.261885555643454 25.37999999999955
1270 1.262852466480833 25.39999999999955
1271 1.263786343187774 25.41999999999955
1272 1.264651275351229 25.43999999999955
1273 1.265523880168725 25.45999999999955
1274 1.266328837542843 25.47999999999955
1275 1.267137934609703 25.49999999999955
1276 1.267917861833922 25.51999999999954
1277 1.268663007946381 25.53999999999954
1278 1.269356168383316 25.55999999999954
1279 1.270034454540321 25.57999999999954
1280 1.27063460695796 25.59999999999954
1281 1.271096216177766 25.61999999999954
1282 1.27150419748887 25.63999999999954
1283 1.271908675259246 25.65999999999954
1284 1.272326013288596 25.67999999999954
1285 1.272686989834883 25.69999999999954
1286 1.272974249379178 25.71999999999954
1287 1.273293298196001 25.73999999999954
1288 1.273574765096833 25.75999999999954
1289 1.273762651409487 25.77999999999954
1290 1.27389807826766 25.79999999999954
1291 1.274034210977248 25.81999999999954
1292 1.274063541667504 25.83999999999954
1293 1.274071207622667 25.85999999999954
1294 1.274031415379333 25.87999999999954
1295 1.273881432335328 25.89999999999954
1296 1.273704667587111 25.91999999999954
1297 1.273495327898323 25.93999999999954
1298 1.273262484457226 25.95999999999954
1299 1.272976886307893 25.97999999999954
1300 1.272699656797195 25.99999999999953
1301 1.272367318011205 26.01999999999953
1302 1.271962705240135 26.03999999999953
1303 1.27150890330713 26.05999999999953
1304 1.271015494895509 26.07999999999953
1305 1.270532916071851 26.09999999999953
1306 1.26999205098562 26.11999999999953
1307 1.269379177827075 26.13999999999953
1308 1.268753275685846 26.15999999999953
1309 1.268093664223958 26.17999999999953
1310 1.267373236443625 26.19999999999953
1311 1.266662570964697 26.21999999999953
1312 1.265950419048368 26.23999999999953
1313 1.265244688688231 26.25999999999953
1314 1.264545642617634 26.27999999999953
1315 1.263777360480509 26.29999999999953
1316 1.263018741681301 26.31999999999953
1317 1.262207250027161 26.33999999999953
1318 1.261375351808536 26.35999999999953
1319 1.260542104168122 26.37999999999953
1320 1.259692526753029 26.39999999999953
1321 1.258845926464362 26.41999999999953
1322 1.258013293003309 26.43999999999953
1323 1.257156654798041 26.45999999999952
1324 1.256303188439947 26.47999999999952
1325 1.255386235919554 26.49999999999952
1326 1.254489522214056 26.51999999999952
1327 1.253622852295927 26.53999999999952
1328 1.252749106784683 26.55999999999952
1329 1.251888111985986 26.57999999999952
1330 1.251021980845449 26.59999999999952
1331 1.25015832145608 26.61999999999952
1332 1.249381333654277 26.63999999999952
1333 1.248621947037164 26.65999999999952
1334 1.247872547286277 26.67999999999952
1335 1.24717692103855 26.69999999999952
1336 1.246497237329501 26.71999999999952
1337 1.245835811267852 26.73999999999952
1338 1.245187731666333 26.75999999999952
1339 1.2445888128356 26.77999999999952
1340 1.244068420336653 26.79999999999952
1341 1.243584044930681 26.81999999999952
1342 1.243090790628957 26.83999999999952
1343 1.242643696067726 26.85999999999952
1344 1.242278611915289 26.87999999999952
1345 1.241957969276924 26.89999999999952
1346 1.241661938930318 26.91999999999951
1347 1.241446090217701 26.93999999999951
1348 1.241169073785104 26.95999999999951
1349 1.240928026844381 26.97999999999951
1350 1.240772512987141 26.99999999999951
1351 1.240632807073184 27.01999999999951
1352 1.240546981360486 27.03999999999951
1353 1.240510038500086 27.05999999999951
1354 1.240565395364987 27.07999999999951
1355 1.240645084313688 27.09999999999951
1356 1.240815521730073 27.11999999999951
1357 1.241016709722675 27.13999999999951
1358 1.241267505848479 27.15999999999951
1359 1.241597249792337 27.17999999999951
1360 1.242001904897942 27.19999999999951
1361 1.242385664424649 27.21999999999951
1362 1.242882891728733 27.23999999999951
1363 1.243388677337905 27.25999999999951
1364 1.243959387223083 27.27999999999951
1365 1.244571253231016 27.29999999999951
1366 1.245291960797532 27.31999999999951
1367 1.246079167204001 27.33999999999951
1368 1.246847819967678 27.35999999999951
1369 1.247625680592662 27.37999999999951
1370 1.248476339440472 27.3999999999995
1371 1.249409023806985 27.4199999999995
1372 1.250413727597045 27.4399999999995
1373 1.251486222586832 27.4599999999995
1374 1.252604508663352 27.4799999999995
1375 1.253739256746919 27.4999999999995
1376 1.254729833692924 27.5199999999995
1377 1.255801900265833 27.5399999999995
1378 1.256955250355099 27.5599999999995
1379 1.258098008302983 27.5799999999995
1380 1.259260712253458 27.5999999999995
1381 1.260415654500936 27.6199999999995
1382 1.261566003123231 27.6399999999995
1383 1.262732835842964 27.6599999999995
1384 1.263923795267824 27.6799999999995
1385 1.265156746907256 27.6999999999995
1386 1.266479101611997 27.7199999999995
1387 1.267859071417942 27.7399999999995
1388 1.269272380362972 27.7599999999995
1389 1.270586899827439 27.7799999999995
1390 1.271910424457237 27.7999999999995
1391 1.273219378316774 27.8199999999995
1392 1.274510513428959 27.8399999999995
1393 1.275830535369186 27.85999999999949
1394 1.27718559370262 27.87999999999949
1395 1.278465377938662 27.89999999999949
1396 1.279703122849812 27.91999999999949
1397 1.280858119688453 27.93999999999949
1398 1.281997931004341 27.95999999999949
1399 1.283123404626922 27.97999999999949
1400 1.284266840769523 27.99999999999949
1401 1.285437233947865 28.01999999999949
1402 1.286558726301056 28.03999999999949
1403 1.287629274688931 28.05999999999949
1404 1.288696793728164 28.07999999999949
1405 1.289734624569825 28.09999999999949
1406 1.290754312335716 28.11999999999949
1407 1.291691541132189 28.13999999999949
1408 1.292571680517982 28.15999999999949
1409 1.293400182271313 28.17999999999949
1410 1.294199963136816 28.19999999999949
1411 1.294864837686141 28.21999999999949
1412 1.295453679847563 28.23999999999949
1413 1.296053775417486 28.25999999999949
1414 1.29664530284442 28.27999999999949
1415 1.297256864928999 28.29999999999949
1416 1.297757991606522 28.31999999999949
1417 1.298256079006428 28.33999999999948
1418 1.298707990431648 28.35999999999948
1419 1.299052941083354 28.37999999999948
1420 1.299350158416678 28.39999999999948
1421 1.299600343779929 28.41999999999948
1422 1.299809287852294 28.43999999999948
1423 1.299877161137835 28.45999999999948
1424 1.299833487405154 28.47999999999948
1425 1.299876823652256 28.49999999999948
1426 1.299839296836341 28.51999999999948
1427 1.299789558913452 28.53999999999948
1428 1.299738013342094 28.55999999999948
1429 1.299619377704575 28.57999999999948
1430 1.299432686888644 28.59999999999948
1431 1.299196558046989 28.61999999999948
1432 1.298885878108134 28.63999999999948
1433 1.298462868081576 28.65999999999948
1434 1.298034884977147 28.67999999999948
1435 1.297541689001708 28.69999999999948
1436 1.296946632456204 28.71999999999948
1437 1.296306218313849 28.73999999999948
1438 1.295674948104613 28.75999999999948
1439 1.294959450409052 28.77999999999948
1440 1.294272098471038 28.79999999999947
1441 1.293564294222677 28.81999999999947
1442 1.29279628568379 28.83999999999947
1443 1.291939657586137 28.85999999999947
1444 1.291072969156802 28.87999999999947
1445 1.290170018866251 28.89999999999947
1446 1.289292934364583 28.91999999999947
1447 1.288327998176477 28.93999999999947
1448 1.287338598943447 28.95999999999947
1449 1.286334548894878 28.97999999999947
1450 1.285300745679547 28.99999999999947
1451 1.284253418972052 29.01999999999947
1452 1.283226413331664 29.03999999999947
1453 1.282212940853356 29.05999999999947
1454 1.281143050004545 29.07999999999947
1455 1.280081597780224 29.09999999999947
1456 1.279004133276921 29.11999999999947
1457 1.277927656599683 29.13999999999947
1458 1.276858810614388 29.15999999999947
1459 1.275793035944163 29.17999999999947
1460 1.274676340628332 29.19999999999947
1461 1.273574008993108 29.21999999999947
1462 1.272509670197756 29.23999999999947
1463 1.271492801590068 29.25999999999947
1464 1.270491237865063 29.27999999999946
1465 1.269474742976479 29.29999999999946
1466 1.268455338895419 29.31999999999946
1467 1.267457791657591 29.33999999999946
1468 1.266496584392739 29.35999999999946
1469 1.2655747788328 29.37999999999946
1470 1.264662989490514 29.39999999999946
1471 1.263818477742772 29.41999999999946
1472 1.263050199908987 29.43999999999946
1473 1.262274498143093 29.45999999999946
1474 1.261536859789504 29.47999999999946
1475 1.26085883203716 29.49999999999946
1476 1.260196455817976 29.51999999999946
1477 1.259556975379575 29.53999999999946
1478 1.258992845933001 29.55999999999946
1479 1.258531414261838 29.57999999999946
1480 1.258116740041903 29.59999999999946
1481 1.257761843769156 29.61999999999946
1482 1.257473333708372 29.63999999999946
1483 1.257187017769068 29.65999999999946
1484 1.256986239413358 29.67999999999946
1485 1.25690315528744 29.69999999999946
1486 1.256855914926682 29.71999999999946
1487 1.25681603473225 29.73999999999945
1488 1.256789897691236 29.75999999999945
1489 1.256847900400664 29.77999999999945
1490 1.256978830744296 29.79999999999945
1491 1.257124545213615 29.81999999999945
1492 1.257341569533499 29.83999999999945
1493 1.257628466021025 29.85999999999945
1494 1.257991641001663 29.87999999999945
1495 1.258364869387018 29.89999999999945
1496 1.258753625267829 29.91999999999945
1497 1.259196442775149 29.93999999999945
1498 1.2597490452489 29.95999999999945
1499 1.260418594930019 29.97999999999945
1500 1.261173049879845 29.99999999999945
1501 1.262031964015773 30.01999999999945
1502 1.262923446009399 30.03999999999945
1503 1.263912323782101 30.05999999999945
1504 1.264917107041312 30.07999999999945
1505 1.265909923958386 30.09999999999945
1506 1.267014255499779 30.11999999999945
1507 1.26815026872858 30.13999999999945
1508 1.269308460848116 30.15999999999945
1509 1.270476071371084 30.17999999999945
1510 1.27172509023666 30.19999999999945
1511 1.273042976991654 30.21999999999944
1512 1.274343747445766 30.23999999999944
1513 1.275625705967199 30.25999999999944
1514 1.276882506341021 30.27999999999944
1515 1.278319011342235 30.29999999999944
1516 1.279741903698785 30.31999999999944
1517 1.281193063522573 30.33999999999944
1518 1.282656277915962 30.35999999999944
1519 1.284078750774941 30.37999999999944
1520 1.285587121524465 30.39999999999944
1521 1.287082603722262 30.41999999999944
1522 1.288508857809427 30.43999999999944
1523 1.289904534541786 30.45999999999944
1524 1.291446227443317 30.47999999999944
1525 1.292940080252151 30.49999999999944
1526 1.29445378218012 30.51999999999944
1527 1.295976670830591 30.53999999999944
1528 1.297472141506455 30.55999999999944
1529 1.298860328567749 30.57999999999944
1530 1.300289985014645 30.59999999999944
1531 1.301719005281464 30.61999999999944
1532 1.303045542493133 30.63999999999944
1533 1.304315260755029 30.65999999999944
1534 1.305529911288109 30.67999999999943
1535 1.306718633066681 30.69999999999943
1536 1.307763216732541 30.71999999999943
1537 1.308894162293334 30.73999999999943
1538 1.309988398243406 30.75999999999943
1539 1.311016994259711 30.77999999999943
1540 1.312000684545758 30.79999999999943
1541 1.312955043509021 30.81999999999943
1542 1.313827683362811 30.83999999999943
1543 1.314667085057885 30.85999999999943
1544 1.315462530124468 30.87999999999943
1545 1.316168360208584 30.89999999999943
1546 1.316809749837402 30.91999999999943
1547 1.31742720510127 30.93999999999943
1548 1.31795151114034 30.95999999999943
1549 1.318428933635654 30.97999999999943
1550 1.31884581244374 30.99999999999943
1551 1.319205457934443 31.01999999999943
1552 1.319454584279672 31.03999999999943
1553 1.319643055038129 31.05999999999943
1554 1.319813199446341 31.07999999999943
1555 1.319901798727679 31.09999999999943
1556 1.31990275868909 31.11999999999943
1557 1.319809143575278 31.13999999999943
1558 1.31972035006253 31.15999999999942
1559 1.31953187027709 31.17999999999942
1560 1.319254546923863 31.19999999999942
1561 1.318917118778837 31.21999999999942
1562 1.318569370482421 31.23999999999942
1563 1.318105849346127 31.25999999999942
1564 1.317636836848687 31.27999999999942
1565 1.317024719031274 31.29999999999942
1566 1.316390249669789 31.31999999999942
1567 1.315763994531137 31.33999999999942
1568 1.315067072701919 31.35999999999942
1569 1.31437318496015 31.37999999999942
1570 1.313625528180979 31.39999999999942
1571 1.312827359122704 31.41999999999942
1572 1.311910501698201 31.43999999999942
1573 1.310949683577631 31.45999999999942
1574 1.309906328644752 31.47999999999942
1575 1.30881395912404 31.49999999999942
1576 1.307707372388241 31.51999999999942
1577 1.306568938393321 31.53999999999942
1578 1.305362888762762 31.55999999999942
1579 1.304138665155229 31.57999999999942
1580 1.302861596252086 31.59999999999942
1581 1.301565124361305 31.61999999999941
1582 1.300298869326328 31.63999999999941
1583 1.299023000870879 31.65999999999941
1584 1.2977633669244 31.67999999999941
1585 1.296531241654562 31.69999999999941
1586 1.295273296552989 31.71999999999941
1587 1.294007300947684 31.73999999999941
1588 1.292708726000851 31.75999999999941
1589 1.2913594176955 31.77999999999941
1590 1.289986810051322 31.79999999999941
1591 1.288613980415224 31.81999999999941
1592 1.287268523294927 31.83999999999941
1593 1.285955170543285 31.85999999999941
1594 1.284634497602155 31.87999999999941
1595 1.283383907452547 31.89999999999941
1596 1.282104125745617 31.91999999999941
1597 1.280862267008161 31.93999999999941
1598 1.279632608112003 31.95999999999941
1599 1.278469518329452 31.97999999999941
1600 1.277350842512482 31.99999999999941
1601 1.2762293494417 32.01999999999941
1602 1.275185006326107 32.03999999999941
1603 1.274167019873216 32.05999999999941
1604 1.273265242374736 32.07999999999942
1605 1.272379763159299 32.09999999999942
1606 1.271548196851367 32.11999999999942
1607 1.270727714307977 32.13999999999943
1608 1.269939034920175 32.15999999999943
1609 1.269226264522275 32.17999999999943
1610 1.268556289145398 32.19999999999943
1611 1.267992884690508 32.21999999999944
1612 1.267490378565292 32.23999999999944
1613 1.267018051724263 32.25999999999944
1614 1.266662721475137 32.27999999999945
1615 1.266423496081125 32.29999999999945
1616 1.266243030035377 32.31999999999945
1617 1.266100272002766 32.33999999999946
1618 1.266017497022829 32.35999999999946
1619 1.266050174440734 32.37999999999946
1620 1.266150350368075 32.39999999999947
1621 1.266318440567509 32.41999999999947
1622 1.266591390223668 32.43999999999947
1623 1.26683115971163 32.45999999999948
1624 1.267218262452711 32.47999999999948
1625 1.26765709544288 32.49999999999948
1626 1.268109768449768 32.51999999999948
1627 1.268630766847038 32.53999999999949
1628 1.269146260266181 32.55999999999949
1629 1.269700896344279 32.57999999999949
1630 1.270330474486134 32.5999999999995
1631 1.271020983267753 32.6199999999995
1632 1.271791611761526 32.6399999999995
1633 1.272646832561788 32.65999999999951
1634 1.27359388425505 32.67999999999951
1635 1.274629495679048 32.69999999999951
1636 1.275779738154073 32.71999999999952
1637 1.277006520678412 32.73999999999952
1638 1.278246095818496 32.75999999999952
1639 1.279455254012526 32.77999999999953
1640 1.280592312910824 32.79999999999953
1641 1.282032512490861 32.81999999999953
1642 1.283340915437482 32.83999999999953
1643 1.284769689341946 32.85999999999954
1644 1.286176183900568 32.87999999999954
1645 1.287621394196455 32.89999999999954
1646 1.289093950694064 32.91999999999955
1647 1.290506018401569 32.93999999999955
1648 1.291961767595327 32.95999999999955
1649 1.293348381739666 32.97999999999956
1650 1.294779806872253 32.99999999999956
1651 1.29621208836866 33.01999999999956
1652 1.297666732208144 33.03999999999957
1653 1.299217970721031 33.05999999999957
1654 1.300755007192332 33.07999999999957
1655 1.302254418812748 33.09999999999958
1656 1.303747847236389 33.11999999999958
1657 1.305188293942611 33.13999999999958
1658 1.30661038017685 33.15999999999958
1659 1.307993934998427 33.17999999999959
1660 1.309395107258327 33.19999999999959
1661 1.310772113283993 33.21999999999959
1662 1.312186703077141 33.2399999999996
1663 1.313607563687566 33.2599999999996
1664 1.314911095068024 33.2799999999996
1665 1.31612706875897 33.29999999999961
1666 1.317290166027285 33.31999999999961
1667 1.318377855714996 33.33999999999961
1668 1.319480994143488 33.35999999999962
1669 1.320619381405643 33.37999999999962
1670 1.321672895255864 33.39999999999962
1671 1.322604888632567 33.41999999999963
1672 1.323519213360339 33.43999999999963
1673 1.324414733360923 33.45999999999963
1674 1.32526956940067 33.47999999999963
1675 1.32609035804477 33.49999999999964
1676 1.326852987013939 33.51999999999964
1677 1.327456049202279 33.53999999999964
1678 1.32794467826788 33.55999999999965
1679 1.32842703809529 33.57999999999965
1680 1.328820591920596 33.59999999999965
1681 1.329205384664003 33.61999999999966
1682 1.32954173835655 33.63999999999966
1683 1.329803956811846 33.65999999999966
1684 1.330024339474763 33.67999999999967
1685 1.330122325280597 33.69999999999967
1686 1.330222081930763 33.71999999999967
1687 1.330327144654448 33.73999999999968
1688 1.330285162063794 33.75999999999968
1689 1.330226527702745 33.77999999999968
1690 1.330127465652714 33.79999999999968
1691 1.329855717129119 33.81999999999969
1692 1.329568391052905 33.83999999999969
1693 1.329219122040867 33.85999999999969
1694 1.328899623393451 33.8799999999997
1695 1.328517300137986 33.8999999999997
1696 1.328045051962794 33.9199999999997
1697 1.327567745572223 33.93999999999971
1698 1.32702618419004 33.95999999999971
1699 1.32635488155221 33.97999999999971
1700 1.325545236330275 33.99999999999972
1701 1.324663411105433 34.01999999999972
1702 1.323731267299074 34.03999999999972
1703 1.322815464994504 34.05999999999973
1704 1.321845239754583 34.07999999999973
1705 1.320897987214992 34.09999999999973
1706 1.319877604411756 34.11999999999973
1707 1.31880715605226 34.13999999999974
1708 1.317621505859766 34.15999999999974
1709 1.316425573628486 34.17999999999974
1710 1.315182330962223 34.19999999999975
1711 1.314020546761857 34.21999999999975
1712 1.312869312837509 34.23999999999975
1713 1.311608069347631 34.25999999999976
1714 1.310298686560788 34.27999999999976
1715 1.309000011273055 34.29999999999976
1716 1.307651553420395 34.31999999999977
1717 1.306319312154397 34.33999999999977
1718 1.304988144213979 34.35999999999977
1719 1.303629768867129 34.37999999999978
1720 1.302228654978832 34.39999999999978
1721 1.30089785758566 34.41999999999978
1722 1.299521013221486 34.43999999999978
1723 1.298131231668546 34.45999999999979
1724 1.296788323893876 34.47999999999979
1725 1.295445518624598 34.49999999999979
1726 1.294102365367446 34.5199999999998
1727 1.292773367551232 34.5399999999998
1728 1.291458443574689 34.5599999999998
1729 1.290160052854749 34.57999999999981
1730 1.288886597075559 34.59999999999981
1731 1.287599291604578 34.61999999999981
1732 1.286388052673047 34.63999999999982
1733 1.285249347437979 34.65999999999982
1734 1.284120702503276 34.67999999999982
1735 1.283011913516464 34.69999999999983
1736 1.281979682683426 34.71999999999983
1737 1.281017592618126 34.73999999999983
1738 1.280112233878166 34.75999999999983
1739 1.27922914485021 34.77999999999984
1740 1.278413555074346 34.79999999999984
1741 1.277615510036153 34.81999999999984
1742 1.276840424618089 34.83999999999985
1743 1.276153602227152 34.85999999999985
1744 1.275524217382 34.87999999999985
1745 1.274988316593054 34.89999999999986
1746 1.274506515275531 34.91999999999986
1747 1.274175818629851 34.93999999999986
1748 1.273902789120727 34.95999999999987
1749 1.273686807631963 34.97999999999987
1750 1.273538373654566 34.99999999999987
1751 1.273437971736427 35.01999999999988
1752 1.273384787703753 35.03999999999988
1753 1.273501539212657 35.05999999999988
1754 1.273658872730106 35.07999999999988
1755 1.273812739053672 35.09999999999989
1756 1.274054779221471 35.11999999999989
1757 1.274350610648681 35.13999999999989
1758 1.274696938443101 35.1599999999999
1759 1.275072253117457 35.1799999999999
1760 1.275542999604135 35.1999999999999
1761 1.276080334368435 35.21999999999991
1762 1.276591754809357 35.23999999999991
1763 1.277192753088172 35.25999999999991
1764 1.277822100208694 35.27999999999992
1765 1.278571460368841 35.29999999999992
1766 1.279493450415166 35.31999999999992
1767 1.280542029466427 35.33999999999993
1768 1.281590805148113 35.35999999999993
1769 1.282747903973419 35.37999999999993
1770 1.283903765015698 35.39999999999993
1771 1.285070326171158 35.41999999999994
1772 1.286347399261256 35.43999999999994
1773 1.287685327405763 35.45999999999994
1774 1.289087299385284 35.47999999999995
1775 1.290447660209271 35.49999999999995
1776 1.291962922319714 35.51999999999995
1777 1.29345409305991 35.53999999999996
1778 1.294924560006909 35.55999999999996
1779 1.296421579670342 35.57999999999996
1780 1.297911336664229 35.59999999999997
1781 1.299445293638297 35.61999999999997
1782 1.301037060225683 35.63999999999997
1783 1.302608668047737 35.65999999999998
1784 1.304133037924614 35.67999999999998
1785 1.30569985199952 35.69999999999998
1786 1.307250234974506 35.71999999999998
1787 1.308748065863004 35.73999999999999
1788 1.310290068542802 35.75999999999999
1789 1.311869738429333 35.77999999999999
1790 1.313430380531364 35.8
1791 1.315003371768116 35.82
1792 1.316608538644732 35.84
1793 1.318132145252382 35.86000000000001
1794 1.319595581596998 35.88000000000001
1795 1.321014678314109 35.90000000000001
1796 1.322426903249073 35.92000000000002
1797 1.323869358616402 35.94000000000002
1798 1.325213801499962 35.96000000000002
1799 1.326543566714214 35.98000000000003
1800 1.327855525627335 36.00000000000003
1801 1.329032495459364 36.02000000000003
1802 1.330106791397106 36.04000000000003
1803 1.331124476940746 36.06000000000004
1804 1.33206722159815 36.08000000000004
1805 1.332908211902929 36.10000000000004
1806 1.333784776631304 36.12000000000005
1807 1.334619443727161 36.14000000000005
1808 1.335382313425407 36.16000000000005
1809 1.336072505066906 36.18000000000006
1810 1.336708554165279 36.20000000000006
1811 1.337307498959172 36.22000000000006
1812 1.33780227811852 36.24000000000007
1813 1.338212844806158 36.26000000000007
1814 1.338594582440547 36.28000000000007
1815 1.338917835576519 36.30000000000008
1816 1.339066202783491 36.32000000000008
1817 1.339093343322109 36.34000000000008
1818 1.33907836537297 36.36000000000008
1819 1.339064673137946 36.38000000000009
1820 1.33898714819816 36.40000000000009
1821 1.338833654550609 36.42000000000009
1822 1.338613294537927 36.4400000000001
1823 1.338395651110931 36.4600000000001
1824 1.338066338862197 36.4800000000001
1825 1.337555955883659 36.50000000000011
1826 1.337041215668563 36.52000000000011
1827 1.336444519756496 36.54000000000011
1828 1.335788297837952 36.56000000000012
1829 1.335036694156921 36.58000000000012
1830 1.334225334556783 36.60000000000012
1831 1.333349395968005 36.62000000000013
1832 1.332498761838917 36.64000000000013
1833 1.331596936196274 36.66000000000013
1834 1.330645583953478 36.68000000000013
1835 1.329634193325921 36.70000000000014
1836 1.328605730330723 36.72000000000014
1837 1.32745313629146 36.74000000000014
1838 1.326247269725948 36.76000000000015
1839 1.32494181118437 36.78000000000015
1840 1.323650653708815 36.80000000000015
1841 1.32231898175698 36.82000000000016
1842 1.320982657152253 36.84000000000016
1843 1.319580090888933 36.86000000000016
1844 1.318139029527098 36.88000000000017
1845 1.316614155997219 36.90000000000017
1846 1.315080347927694 36.92000000000017
1847 1.313521570301184 36.94000000000018
1848 1.311948994671976 36.96000000000018
1849 1.310443305479596 36.98000000000018
1850 1.308973889653873 37.00000000000018
1851 1.307545760847061 37.02000000000019
1852 1.306107893864521 37.04000000000019
1853 1.30457440047328 37.06000000000019
1854 1.303053878539913 37.0800000000002
1855 1.301492024512495 37.1000000000002
1856 1.299936075742357 37.1200000000002
1857 1.298414060275879 37.14000000000021
1858 1.296917568809337 37.16000000000021
1859 1.295472172207355 37.18000000000021
1860 1.294041876372875 37.20000000000022
1861 1.292636038561162 37.22000000000022
1862 1.291273227892785 37.24000000000022
1863 1.289867583450719 37.26000000000023
1864 1.288578952789725 37.28000000000023
1865 1.287347777381701 37.30000000000023
1866 1.286128747012435 37.32000000000023
1867 1.284999891677697 37.34000000000024
1868 1.283875664413166 37.36000000000024
1869 1.282854524992338 37.38000000000024
1870 1.281925748819624 37.40000000000025
1871 1.281040083681104 37.42000000000025
1872 1.280145804507012 37.44000000000025
1873 1.279320672957321 37.46000000000026
1874 1.278561776806155 37.48000000000026
1875 1.277876974857227 37.50000000000026
1876 1.277269037031674 37.52000000000027
1877 1.276771702225563 37.54000000000027
1878 1.276370102655249 37.56000000000027
1879 1.276019257716265 37.58000000000028
1880 1.275786017466478 37.60000000000028
1881 1.275610717821825 37.62000000000028
1882 1.27551133840347 37.64000000000028
1883 1.275508850086244 37.66000000000029
1884 1.27564644956191 37.68000000000029
1885 1.275818541127547 37.70000000000029
1886 1.276106342646679 37.7200000000003
1887 1.276490800348938 37.7400000000003
1888 1.276877708283537 37.7600000000003
1889 1.277386545437732 37.78000000000031
1890 1.277915929411587 37.80000000000031
1891 1.278511499633865 37.82000000000031
1892 1.279211753972933 37.84000000000032
1893 1.27991577475974 37.86000000000032
1894 1.280600260926871 37.88000000000032
1895 1.281311657481746 37.90000000000033
1896 1.28210685885798 37.92000000000033
1897 1.282953935199755 37.94000000000033
1898 1.283961101670916 37.96000000000033
1899 1.285062358400706 37.98000000000034
1900 1.286264809520137 38.00000000000034
1901 1.28758931043562 38.02000000000034
1902 1.288991181032674 38.04000000000035
1903 1.290434076841617 38.06000000000035
1904 1.291751714691781 38.08000000000035
1905 1.292998293383824 38.10000000000036
1906 1.294393723642051 38.12000000000036
1907 1.295918705602281 38.14000000000036
1908 1.297421679329727 38.16000000000037
1909 1.299021969915959 38.18000000000037
1910 1.300593184693216 38.20000000000037
1911 1.302171805730453 38.22000000000038
1912 1.30367254516887 38.24000000000038
1913 1.305182053169408 38.26000000000038
1914 1.306678332999102 38.28000000000038
1915 1.308206038242306 38.30000000000039
1916 1.309791085231292 38.32000000000039
1917 1.311377355850482 38.34000000000039
1918 1.312982457846336 38.3600000000004
1919 1.314547338285881 38.3800000000004
1920 1.316109927597638 38.4000000000004
1921 1.31765060231799 38.42000000000041
1922 1.319086384077395 38.44000000000041
1923 1.320545487615048 38.46000000000041
1924 1.321934205750475 38.48000000000042
1925 1.323332027818898 38.50000000000042
1926 1.324801251032998 38.52000000000042
1927 1.326197891109029 38.54000000000043
1928 1.327533005574954 38.56000000000043
1929 1.328738736751639 38.58000000000043
1930 1.329896278923623 38.60000000000043
1931 1.331054734947143 38.62000000000044
1932 1.33213793765199 38.64000000000044
1933 1.333247706499558 38.66000000000044
1934 1.334289287843034 38.68000000000045
1935 1.335237634271385 38.70000000000045
1936 1.336142404444859 38.72000000000045
1937 1.33701255668529 38.74000000000046
1938 1.33780470206137 38.76000000000046
1939 1.338534797724293 38.78000000000046
1940 1.339193233586993 38.80000000000047
1941 1.339749517147904 38.82000000000047
1942 1.340206233658493 38.84000000000047
1943 1.340603705841396 38.86000000000048
1944 1.341056337484334 38.88000000000048
1945 1.341317696428735 38.90000000000048
1946 1.341598324248599 38.92000000000048
1947 1.341824803807022 38.94000000000049
1948 1.341914622619949 38.96000000000049
1949 1.341957618503905 38.98000000000049
1950 1.341924751476119 39.0000000000005
1951 1.341886342342337 39.0200000000005
1952 1.341831867930455 39.0400000000005
1953 1.341661201033675 39.06000000000051
1954 1.341427258458685 39.08000000000051
1955 1.341095551259863 39.10000000000051
1956 1.34070363011209 39.12000000000052
1957 1.340290006764761 39.14000000000052
1958 1.33983446164975 39.16000000000052
1959 1.339333978084096 39.18000000000053
1960 1.338739037725823 39.20000000000053
1961 1.338120750793373 39.22000000000053
1962 1.337470077788667 39.24000000000053
1963 1.336671072473106 39.26000000000054
1964 1.335758038306347 39.28000000000054
1965 1.334770011125874 39.30000000000054
1966 1.333734603291174 39.32000000000055
1967 1.332650480873617 39.34000000000055
1968 1.331531069568347 39.36000000000055
1969 1.330440643098477 39.38000000000056
1970 1.329311656655729 39.40000000000056
1971 1.328122941870024 39.42000000000056
1972 1.326841090250997 39.44000000000057
1973 1.325547186436469 39.46000000000057
1974 1.324192607494994 39.48000000000057
1975 1.322813544960139 39.50000000000058
1976 1.321437571126373 39.52000000000058
1977 1.320086713602307 39.54000000000058
1978 1.318678004296213 39.56000000000058
1979 1.317276177811093 39.58000000000059
1980 1.315806452007416 39.60000000000059
1981 1.314327845402991 39.62000000000059
1982 1.312910631646305 39.6400000000006
1983 1.311420713245729 39.6600000000006
1984 1.309905027881354 39.6800000000006
1985 1.308441386267979 39.70000000000061
1986 1.306993533163041 39.72000000000061
1987 1.305472027664339 39.74000000000061
1988 1.303980440097544 39.76000000000062
1989 1.302532180636098 39.78000000000062
1990 1.301080871977234 39.80000000000062
1991 1.2996583531945 39.82000000000063
1992 1.298286007081011 39.84000000000063
1993 1.296921331919172 39.86000000000063
1994 1.295571045951376 39.88000000000063
1995 1.294247289164059 39.90000000000064
1996 1.29291224425914 39.92000000000064
1997 1.291615448857648 39.94000000000064
1998 1.290433340104653 39.96000000000065
1999 1.289294269638454 39.98000000000065
2000 1.288196814944796 40.00000000000065
2001 1.287157195350949 40.02000000000066
2002 1.286184303130008 40.04000000000066
2003 1.285337806348961 40.06000000000066
2004 1.284539893476386 40.08000000000067
2005 1.283690970892079 40.10000000000067
2006 1.282863907401458 40.12000000000067
2007 1.282147582624125 40.14000000000068
2008 1.281466612515497 40.16000000000068
2009 1.280902769315495 40.18000000000068
2010 1.28043072907622 40.20000000000068
2011 1.280058679951683 40.22000000000069
2012 1.279811755126145 40.24000000000069
2013 1.279629173786069 40.26000000000069
2014 1.279476100255921 40.2800000000007
2015 1.279415766701941 40.3000000000007
2016 1.279364781290302 40.3200000000007
2017 1.279448017577829 40.34000000000071
2018 1.279682531490769 40.36000000000071
2019 1.279918950355657 40.38000000000071
2020 1.280174893634086 40.40000000000072
2021 1.280500146158746 40.42000000000072
2022 1.280887630203451 40.44000000000072
2023 1.281327380547649 40.46000000000073
2024 1.281858638740424 40.48000000000073
2025 1.282471147451544 40.50000000000073
2026 1.283119193101532 40.52000000000073
2027 1.283760656949943 40.54000000000074
2028 1.284480540656558 40.56000000000074
2029 1.285268986427996 40.58000000000074
2030 1.286194885134769 40.60000000000075
2031 1.287248976748872 40.62000000000075
2032 1.288423409836438 40.64000000000075
2033 1.289632632510653 40.66000000000076
2034 1.290868487359678 40.68000000000076
2035 1.292068363953211 40.70000000000076
2036 1.29342240805954 40.72000000000077
2037 1.294812462730652 40.74000000000077
2038 1.296263479122618 40.76000000000077
2039 1.297721822513236 40.78000000000078
2040 1.299321209630377 40.80000000000078
2041 1.300894922674647 40.82000000000078
2042 1.302457823234576 40.84000000000079
2043 1.304014722286395 40.86000000000079
2044 1.305543638200743 40.88000000000079
2045 1.307148441928659 40.90000000000079
2046 1.308825996695444 40.9200000000008
2047 1.31050879738481 40.9400000000008
2048 1.312044441097538 40.9600000000008
2049 1.313630619019144 40.98000000000081
2050 1.315203658142408 41.00000000000081
2051 1.316730510649483 41.02000000000081
2052 1.318332084049743 41.04000000000082
2053 1.319933418054291 41.06000000000082
2054 1.321533311431128 41.08000000000082
2055 1.32316989560748 41.10000000000083
2056 1.324750509639943 41.12000000000083
2057 1.326222019720465 41.14000000000083
2058 1.327695017047288 41.16000000000084
2059 1.329127981043401 41.18000000000084
2060 1.330586049418382 41.20000000000084
2061 1.332060325591947 41.22000000000084
2062 1.333413207746106 41.24000000000085
2063 1.334703151435819 41.26000000000085
2064 1.335998285623811 41.28000000000085
2065 1.337157787686604 41.30000000000086
2066 1.338282027062816 41.32000000000086
2067 1.339277550365121 41.34000000000086
2068 1.340156487155093 41.36000000000087
2069 1.341017472798172 41.38000000000087
2070 1.341845193870873 41.40000000000087
2071 1.342596631107784 41.42000000000088
2072 1.343325488555448 41.44000000000088
2073 1.343942756324888 41.46000000000088
2074 1.344514585053663 41.48000000000089
2075 1.34505530319928 41.50000000000089
2076 1.345484443854131 41.52000000000089
2077 1.345843896399047 41.54000000000089
2078 1.346177932678373 41.5600000000009
2079 1.346422987613435 41.5800000000009
2080 1.3464688899246 41.6000000000009
2081 1.346414638790089 41.62000000000091
2082 1.346360998924694 41.64000000000091
2083 1.346234635250144 41.66000000000091
2084 1.346026961115112 41.68000000000092
2085 1.345796092244952 41.70000000000092
2086 1.34554371002783 41.72000000000092
2087 1.345241200063882 41.74000000000093
2088 1.344780538709619 41.76000000000093
2089 1.344228228069638 41.78000000000093
2090 1.34358566712911 41.80000000000094
2091 1.34285830070178 41.82000000000094
2092 1.342077855829079 41.84000000000094
2093 1.341245585987612 41.86000000000094
2094 1.340323361567798 41.88000000000095
2095 1.339405402186879 41.90000000000095
2096 1.338421989232957 41.92000000000095
2097 1.337427648813151 41.94000000000096
2098 1.33640234252943 41.96000000000096
2099 1.335284850189815 41.98000000000096
2100 1.33412101466185 42.00000000000097
2101 1.332914649811414 42.02000000000097
2102 1.331563233325907 42.04000000000097
2103 1.330181484485012 42.06000000000098
2104 1.328796232212739 42.08000000000098
2105 1.32736877515736 42.10000000000098
2106 1.325936558215743 42.12000000000099
2107 1.324434425519319 42.14000000000099
2108 1.322873593866725 42.16000000000099
2109 1.321289176330305 42.18000000000099
2110 1.319660353008922 42.200000000001
2111 1.31799503025751 42.220000000001
2112 1.316350179631469 42.240000000001
2113 1.314747242605969 42.26000000000101
2114 1.313226472238996 42.28000000000101
2115 1.311724318527466 42.30000000000101
2116 1.310199402906055 42.32000000000102
2117 1.308595396014306 42.34000000000102
2118 1.306953915340556 42.36000000000102
2119 1.305331575466145 42.38000000000103
2120 1.303706431976177 42.40000000000103
2121 1.302135468685528 42.42000000000103
2122 1.300574703742926 42.44000000000104
2123 1.299061211470947 42.46000000000104
2124 1.297580968558285 42.48000000000104
2125 1.2961459999875 42.50000000000104
2126 1.294733261803499 42.52000000000105
2127 1.293335322693125 42.54000000000105
2128 1.291966811845669 42.56000000000105
2129 1.290708930766737 42.58000000000106
2130 1.289505767782218 42.60000000000106
2131 1.28834943123052 42.62000000000106
2132 1.28723014096395 42.64000000000107
2133 1.286195459492307 42.66000000000107
2134 1.285282006925818 42.68000000000107
2135 1.284362533213224 42.70000000000108
2136 1.28347352822294 42.72000000000108
2137 1.282653075072181 42.74000000000108
2138 1.281911134290681 42.76000000000109
2139 1.2812297889846 42.78000000000109
2140 1.280640258997231 42.80000000000109
2141 1.28017543066519 42.82000000000109
2142 1.279821728554087 42.8400000000011
2143 1.279530394739685 42.8600000000011
2144 1.279326925185058 42.8800000000011
2145 1.279180917112842 42.90000000000111
2146 1.279128685741948 42.92000000000111
2147 1.279185294364148 42.94000000000111
2148 1.27937446146745 42.96000000000112
2149 1.279627622193211 42.98000000000112
2150 1.279999794580644 43.00000000000112
2151 1.280447435166571 43.02000000000113
2152 1.280891461064399 43.04000000000113
2153 1.28146416016362 43.06000000000113
2154 1.282056399629164 43.08000000000114
2155 1.282726918215444 43.10000000000114
2156 1.283510809249231 43.12000000000114
2157 1.284283155126506 43.14000000000114
2158 1.284980756276544 43.16000000000115
2159 1.285794248230035 43.18000000000115
2160 1.286633184573614 43.20000000000115
2161 1.28756510497365 43.22000000000116
2162 1.28867474881436 43.24000000000116
2163 1.289850635866051 43.26000000000116
2164 1.291155006122473 43.28000000000117
2165 1.292576793657688 43.30000000000117
2166 1.294075540071606 43.32000000000117
2167 1.295544368839109 43.34000000000118
2168 1.296861389072522 43.36000000000118
2169 1.298144863994488 43.38000000000118
2170 1.299624983684679 43.40000000000119
2171 1.301193384185159 43.42000000000119
2172 1.302786449968273 43.44000000000119
2173 1.304432495754385 43.46000000000119
2174 1.306036951090836 43.4800000000012
2175 1.307657283504487 43.5000000000012
2176 1.309161121660577 43.5200000000012
2177 1.310678756682826 43.54000000000121
2178 1.312214438872838 43.56000000000121
2179 1.313862645793622 43.58000000000121
2180 1.315458805715234 43.60000000000122
2181 1.317085376724577 43.62000000000122
2182 1.318689608126968 43.64000000000122
2183 1.320264700255991 43.66000000000123
2184 1.321856387227199 43.68000000000123
2185 1.323362595180779 43.70000000000123
2186 1.324814025256571 43.72000000000124
2187 1.326226225195238 43.74000000000124
2188 1.327612732729363 43.76000000000124
2189 1.329096161908536 43.78000000000124
2190 1.330521995283152 43.80000000000125
2191 1.331870939792203 43.82000000000125
2192 1.333128798280358 43.84000000000125
2193 1.334292677969717 43.86000000000126
2194 1.335444300576594 43.88000000000126
2195 1.33657215872933 43.90000000000126
2196 1.33766692830383 43.92000000000127
2197 1.338731352350058 43.94000000000127
2198 1.339730410243732 43.96000000000127
2199 1.340635008164307 43.98000000000128
2200 1.341487276285251 44.00000000000128
2201 1.342296252408756 44.02000000000128
2202 1.343010834336033 44.04000000000129
2203 1.343645485580867 44.06000000000129
2204 1.344211305738585 44.08000000000129
2205 1.344697526298618 44.10000000000129
2206 1.345094321031142 44.1200000000013
2207 1.345511458039097 44.1400000000013
2208 1.345838605259301 44.1600000000013
2209 1.346047523136481 44.18000000000131
2210 1.346277574177854 44.20000000000131
2211 1.346411614109656 44.22000000000131
2212 1.346440745212189 44.24000000000132
2213 1.346363863811667 44.26000000000132
2214 1.346267450734712 44.28000000000132
2215 1.346192383542599 44.30000000000133
2216 1.346020625799534 44.32000000000133
2217 1.345782280682285 44.34000000000133
2218 1.345456158093018 44.36000000000134
2219 1.345003921676749 44.38000000000134
2220 1.344614225360788 44.40000000000134
2221 1.344110610814236 44.42000000000134
2222 1.343583208745252 44.44000000000135
2223 1.342957426604034 44.46000000000135
2224 1.342283403661921 44.48000000000135
2225 1.341599178907263 44.50000000000136
2226 1.340834323160745 44.52000000000136
2227 1.339916372949574 44.54000000000136
2228 1.33892083072583 44.56000000000137
2229 1.33785417189987 44.58000000000137
2230 1.336735107018244 44.60000000000137
2231 1.335565519471754 44.62000000000138
2232 1.334417656219959 44.64000000000138
2233 1.333254391422205 44.66000000000138
2234 1.332018697325415 44.68000000000139
2235 1.330722542103948 44.70000000000139
2236 1.329383894649502 44.72000000000139
2237 1.328009876963832 44.74000000000139
2238 1.326599234864257 44.7600000000014
2239 1.325170850118331 44.7800000000014
2240 1.323743226876643 44.8000000000014
2241 1.322277068782483 44.82000000000141
2242 1.320866896828352 44.84000000000141
2243 1.319368450396188 44.86000000000141
2244 1.317850280667591 44.88000000000142
2245 1.316356100949835 44.90000000000142
2246 1.314847635250668 44.92000000000142
2247 1.31329998736354 44.94000000000143
2248 1.311775643858471 44.96000000000143
2249 1.310267424763068 44.98000000000143
2250 1.308730075291424 45.00000000000144
2251 1.307176305640047 45.02000000000144
2252 1.305675015848494 45.04000000000144
2253 1.304175734455671 45.06000000000144
2254 1.30271182884529 45.08000000000145
2255 1.301284948272718 45.10000000000145
2256 1.299886816819691 45.12000000000145
2257 1.298516332366367 45.14000000000146
2258 1.297161236082313 45.16000000000146
2259 1.295815735104929 45.18000000000146
2260 1.2944851846489 45.20000000000147
2261 1.293193676082933 45.22000000000147
2262 1.29203486770856 45.24000000000147
2263 1.290919736446708 45.26000000000148
2264 1.28983654237265 45.28000000000148
2265 1.288821062201693 45.30000000000148
2266 1.287882988899794 45.32000000000149
2267 1.287097275112518 45.34000000000149
2268 1.286284728664502 45.36000000000149
2269 1.285434809046878 45.38000000000149
2270 1.284657361013323 45.4000000000015
2271 1.283974387712673 45.4200000000015
2272 1.283347437405168 45.4400000000015
2273 1.282832669082919 45.46000000000151
2274 1.282432188764355 45.48000000000151
2275 1.282128903234687 45.50000000000151
2276 1.281943811222732 45.52000000000152
2277 1.281802485853864 45.54000000000152
2278 1.281703572922945 45.56000000000152
2279 1.281666352610836 45.58000000000153
2280 1.281717341459941 45.60000000000153
2281 1.281864595754089 45.62000000000153
2282 1.282197877049037 45.64000000000154
2283 1.282426420389531 45.66000000000154
2284 1.282738009986921 45.68000000000154
2285 1.283123919225039 45.70000000000154
2286 1.283550840911422 45.72000000000155
2287 1.284096856884903 45.74000000000155
2288 1.284692856817473 45.76000000000155
2289 1.285388541465424 45.78000000000156
2290 1.286056183523716 45.80000000000156
2291 1.286793748261573 45.82000000000156
2292 1.287564186384303 45.84000000000157
2293 1.288470629098904 45.86000000000157
2294 1.289480712251412 45.88000000000157
2295 1.290650330925974 45.90000000000158
2296 1.29187803032602 45.92000000000158
2297 1.293131419295709 45.94000000000158
2298 1.294366726810171 45.96000000000159
2299 1.295682781898411 45.98000000000159
2300 1.297083379124194 46.00000000000159
2301 1.298555731279061 46.02000000000159
2302 1.300015873070747 46.0400000000016
2303 1.301610708505394 46.0600000000016
2304 1.303240394622479 46.0800000000016
2305 1.304824470081006 46.10000000000161
2306 1.306413244223204 46.12000000000161
2307 1.307957707161928 46.14000000000161
2308 1.309563953544062 46.16000000000162
2309 1.311234662864968 46.18000000000162
2310 1.312976321224939 46.20000000000162
2311 1.314564306166997 46.22000000000163
2312 1.316133264583475 46.24000000000163
2313 1.317734511394453 46.26000000000163
2314 1.319272152067982 46.28000000000164
2315 1.320867404992908 46.30000000000164
2316 1.322481150626104 46.32000000000164
2317 1.32409039594286 46.34000000000164
2318 1.325745792464638 46.36000000000165
2319 1.327339962821168 46.38000000000165
2320 1.328818919130506 46.40000000000165
2321 1.330294153680889 46.42000000000166
2322 1.331743752819674 46.44000000000166
2323 1.33318724036322 46.46000000000166
2324 1.334692241033656 46.48000000000167
2325 1.336072255278954 46.50000000000167
2326 1.337376906509906 46.52000000000167
2327 1.338661028577488 46.54000000000168
2328 1.339856544455838 46.56000000000168
2329 1.340998360674324 46.58000000000168
2330 1.34204669794716 46.60000000000169
2331 1.342916892525481 46.62000000000169
2332 1.343785055719683 46.64000000000169
2333 1.344623288491133 46.66000000000169
2334 1.345355234317103 46.6800000000017
2335 1.346083159277471 46.7000000000017
2336 1.346706814231691 46.7200000000017
2337 1.347260947295431 46.74000000000171
2338 1.347784201329697 46.76000000000171
2339 1.348231656182551 46.78000000000171
2340 1.348590174948596 46.80000000000172
2341 1.348912692343464 46.82000000000172
2342 1.34916547040282 46.84000000000172
2343 1.349235099749423 46.86000000000173
2344 1.349189323633071 46.88000000000173
2345 1.349093258443634 46.90000000000173
2346 1.348958624988199 46.92000000000174
2347 1.348749926514978 46.94000000000174
2348 1.348476180904042 46.96000000000174
2349 1.348207379783995 46.98000000000174
2350 1.347890096382727 47.00000000000175
2351 1.347443479603954 47.02000000000175
2352 1.346894739160588 47.04000000000175
2353 1.346230674475901 47.06000000000176
2354 1.345471301177835 47.08000000000176
2355 1.344673211448965 47.10000000000176
2356 1.343819863303962 47.12000000000177
2357 1.342883559842796 47.14000000000177
2358 1.341950729103471 47.16000000000177
2359 1.340936412321972 47.18000000000178
2360 1.339912650122785 47.20000000000178
2361 1.338879492725651 47.22000000000178
2362 1.337747733153007 47.24000000000179
2363 1.336552540925147 47.26000000000179
2364 1.335322331442622 47.28000000000179
2365 1.333979282560514 47.30000000000179
2366 1.332562183698514 47.3200000000018
2367 1.331147447958979 47.3400000000018
2368 1.329695497504022 47.3600000000018
2369 1.328235095959113 47.38000000000181
2370 1.326721279550929 47.40000000000181
2371 1.325137593357418 47.42000000000181
2372 1.323529617925287 47.44000000000182
2373 1.3218692909796 47.46000000000182
2374 1.320177233814324 47.48000000000182
2375 1.318511457745197 47.50000000000183
2376 1.31685077037325 47.52000000000183
2377 1.315269961587577 47.54000000000183
2378 1.313748158253053 47.56000000000184
2379 1.312206010047602 47.58000000000184
2380 1.310586918079147 47.60000000000184
2381 1.308921582119141 47.62000000000184
2382 1.307268585904255 47.64000000000185
2383 1.305623344044793 47.66000000000185
2384 1.304018254902987 47.68000000000185
2385 1.302418503148376 47.70000000000186
2386 1.300876843888985 47.72000000000186
2387 1.299365559579881 47.74000000000186
2388 1.297900052470698 47.76000000000187
2389 1.29646544859846 47.78000000000187
2390 1.295055650976465 47.80000000000187
2391 1.293653744524273 47.82000000000188
2392 1.292351709777908 47.84000000000188
2393 1.291135171075164 47.86000000000188
2394 1.289952047738691 47.88000000000189
2395 1.288820979333444 47.90000000000189
2396 1.287753908212207 47.92000000000189
2397 1.286817526909078 47.94000000000189
2398 1.285883265286965 47.9600000000019
2399 1.284987638175904 47.9800000000019
2400 1.284149081450481 48.0000000000019
2401 1.283396981569778 48.02000000000191
2402 1.282695835068956 48.04000000000191
2403 1.282074382223345 48.06000000000191
2404 1.281584368185206 48.08000000000192
2405 1.281217275711855 48.10000000000192
2406 1.280926523490793 48.12000000000192
2407 1.280699975906747 48.14000000000193
2408 1.280551045243704 48.16000000000193
2409 1.280492727018879 48.18000000000193
2410 1.280521908039059 48.20000000000194
2411 1.280695541099053 48.22000000000194
2412 1.280959391472368 48.24000000000194
2413 1.281320649450021 48.26000000000194
2414 1.281775451399611 48.28000000000195
2415 1.282234515531955 48.30000000000195
2416 1.282785691888509 48.32000000000195
2417 1.283424998413509 48.34000000000196
2418 1.284060423060172 48.36000000000196
2419 1.284848000215327 48.38000000000196
2420 1.285679256720419 48.40000000000197
2421 1.28637106482773 48.42000000000197
2422 1.287189985683186 48.44000000000197
2423 1.288035044178126 48.46000000000198
2424 1.288962818238156 48.48000000000198
2425 1.290058809836296 48.50000000000198
2426 1.291243376193989 48.52000000000199
2427 1.292538109179916 48.54000000000199
2428 1.293968652181945 48.56000000000199
2429 1.29547870066775 48.58000000000199
2430 1.296971356095202 48.600000000002
2431 1.298330960532419 48.620000000002
2432 1.299637075451389 48.640000000002
2433 1.301067621376034 48.66000000000201
2434 1.302632032565024 48.68000000000201
2435 1.304262168693131 48.70000000000201
2436 1.305907871156621 48.72000000000202
2437 1.307537428306474 48.74000000000202
2438 1.309168455548475 48.76000000000202
2439 1.310701026288087 48.78000000000203
2440 1.312222344983316 48.80000000000203
2441 1.313757621768886 48.82000000000203
2442 1.315420619871859 48.84000000000204
2443 1.317038009928555 48.86000000000204
2444 1.318658760277906 48.88000000000204
2445 1.320289287053274 48.90000000000204
2446 1.321866158452032 48.92000000000205
2447 1.323461058148278 48.94000000000205
2448 1.324991222992213 48.96000000000205
2449 1.326449016697079 48.98000000000206
2450 1.327869034182323 49.00000000000206
2451 1.329267778005685 49.02000000000206
2452 1.330740046362893 49.04000000000207
2453 1.33217461970985 49.06000000000207
2454 1.333524927165744 49.08000000000207
2455 1.334794649824697 49.10000000000208
2456 1.335967018371081 49.12000000000208
2457 1.337109786101649 49.14000000000208
2458 1.338245659391459 49.16000000000209
2459 1.339336617722604 49.18000000000209
2460 1.340406962088985 49.20000000000209
2461 1.341426626504146 49.22000000000209
2462 1.342325704598646 49.2400000000021
2463 1.343172299911639 49.2600000000021
2464 1.343979192224615 49.2800000000021
2465 1.344684253238604 49.30000000000211
2466 1.345318355620565 49.32000000000211
2467 1.345883875954267 49.34000000000211
2468 1.346369154522081 49.36000000000212
2469 1.34677104075904 49.38000000000212
2470 1.347159646735628 49.40000000000212
2471 1.347517749754059 49.42000000000213
2472 1.347699915208557 49.44000000000213
2473 1.347926052607919 49.46000000000213
2474 1.348065064796454 49.48000000000214
2475 1.348103069748871 49.50000000000214
2476 1.348001752352658 49.52000000000214
2477 1.347898283202482 49.54000000000214
2478 1.347801479354461 49.56000000000215
2479 1.347626192490059 49.58000000000215
2480 1.347383001842572 49.60000000000215
2481 1.34704367348687 49.62000000000216
2482 1.346585089185439 49.64000000000216
2483 1.346181812363982 49.66000000000216
2484 1.34567551453511 49.68000000000217
2485 1.345133159373257 49.70000000000217
2486 1.344496015242556 49.72000000000217
2487 1.343804683568488 49.74000000000218
2488 1.343093702432036 49.76000000000218
2489 1.342349318481957 49.78000000000218
2490 1.341421119634312 49.80000000000219
2491 1.340408323458943 49.82000000000219
2492 1.339345373867162 49.84000000000219
2493 1.338208350088723 49.8600000000022
2494 1.337023656786828 49.8800000000022
2495 1.335840297879533 49.9000000000022
2496 1.334680683346168 49.9200000000022
2497 1.333419371520037 49.94000000000221
2498 1.332107606887873 49.96000000000221
2499 1.330756230774947 49.98000000000221
2500 1.329375617221708 50.00000000000222
2501 1.327947562060896 50.02000000000222
2502 1.326509966684851 50.04000000000222
2503 1.325059797489411 50.06000000000223
2504 1.323567933131478 50.08000000000223
2505 1.322139656143401 50.10000000000223
2506 1.320637087082196 50.12000000000224
2507 1.319102086952753 50.14000000000224
2508 1.317585683095096 50.16000000000224
2509 1.316054483442682 50.18000000000225
2510 1.314509264256253 50.20000000000225
2511 1.312959242370797 50.22000000000225
2512 1.311438392693463 50.24000000000225
2513 1.309885861090672 50.26000000000226
2514 1.308315284476679 50.28000000000226
2515 1.306798470565435 50.30000000000226
2516 1.305275218678067 50.32000000000227
2517 1.303798074870233 50.34000000000227
2518 1.302350325559066 50.36000000000227
2519 1.300939010206637 50.38000000000228
2520 1.299560068937851 50.40000000000228
2521 1.298204618851075 50.42000000000228
2522 1.296845174675111 50.44000000000229
2523 1.295500478261815 50.46000000000229
2524 1.29419136161309 50.48000000000229
2525 1.293022523152627 50.5000000000023
2526 1.291895295730261 50.5200000000023
2527 1.290810774548984 50.5400000000023
2528 1.289776003434171 50.5600000000023
2529 1.288824669579601 50.58000000000231
2530 1.288013758869306 50.60000000000231
2531 1.287228995244873 50.62000000000231
2532 1.286371256791859 50.64000000000232
2533 1.285578675690543 50.66000000000232
2534 1.284892348961389 50.68000000000232
2535 1.284256409668723 50.70000000000233
2536 1.283720140167972 50.72000000000233
2537 1.283317892027499 50.74000000000233
2538 1.28301027938184 50.76000000000234
2539 1.282802575968146 50.78000000000234
2540 1.282673191406993 50.80000000000234
2541 1.282566560411476 50.82000000000235
2542 1.282539762824318 50.84000000000235
2543 1.282577432422253 50.86000000000235
2544 1.282717491330988 50.88000000000235
2545 1.283064528546216 50.90000000000236
2546 1.283293851618129 50.92000000000236
2547 1.283604346043492 50.94000000000236
2548 1.283986346753945 50.96000000000237
2549 1.284421495015629 50.98000000000237
2550 1.284957587437701 51.00000000000237
2551 1.285564481996025 51.02000000000238
2552 1.286270219046469 51.04000000000238
2553 1.28695473844482 51.06000000000238
2554 1.287703679141643 51.08000000000239
2555 1.288470637646651 51.10000000000239
2556 1.289373258162871 51.12000000000239
2557 1.290383676072453 51.1400000000024
2558 1.291541556999605 51.1600000000024
2559 1.292786886802146 51.1800000000024
2560 1.294038511865723 51.2000000000024
2561 1.295287916623299 51.22000000000241
2562 1.296599696706705 51.24000000000241
2563 1.298006360179298 51.26000000000241
2564 1.299481865166125 51.28000000000242
2565 1.300947554782851 51.30000000000242
2566 1.302544503523193 51.32000000000242
2567 1.304186739408451 51.34000000000243
2568 1.305782198052635 51.36000000000243
2569 1.307381158700074 51.38000000000243
2570 1.308934182154501 51.40000000000244
2571 1.310541173150225 51.42000000000244
2572 1.312209159262605 51.44000000000244
2573 1.313962213437231 51.46000000000245
2574 1.315574393318331 51.48000000000245
2575 1.317139058000195 51.50000000000245
2576 1.318749722585758 51.52000000000245
2577 1.320286783059929 51.54000000000246
2578 1.321887667847588 51.56000000000246
2579 1.323500095402111 51.58000000000246
2580 1.325115356574085 51.60000000000247
2581 1.32677893191201 51.62000000000247
2582 1.328372601481432 51.64000000000247
2583 1.329855152768813 51.66000000000248
2584 1.331326638026741 51.68000000000248
2585 1.33277885818603 51.70000000000248
2586 1.334224355263862 51.72000000000249
2587 1.335736614917185 51.74000000000249
2588 1.337117646578909 51.76000000000249
2589 1.338421075664384 51.7800000000025
2590 1.339707553736231 51.8000000000025
2591 1.340900919188181 51.8200000000025
2592 1.342053614105963 51.8400000000025
2593 1.343105161694647 51.86000000000251
2594 1.343973727773658 51.88000000000251
2595 1.34484909242078 51.90000000000251
2596 1.345681237225468 51.92000000000252
2597 1.346410969933275 51.94000000000252
2598 1.347127748751001 51.96000000000252
2599 1.347751155686681 51.98000000000253
2600 1.348298441325311 52.00000000000253
2601 1.348810808230513 52.02000000000253
2602 1.349258967861192 52.04000000000254
2603 1.349617498309692 52.06000000000254
2604 1.349934040422261 52.08000000000254
2605 1.350179846501004 52.10000000000255
2606 1.350249281789768 52.12000000000255
2607 1.35020274134139 52.14000000000255
2608 1.350100834197723 52.16000000000255
2609 1.349950036253976 52.18000000000256
2610 1.349738656455257 52.20000000000256
2611 1.34944760301271 52.22000000000256
2612 1.349172256918644 52.24000000000257
2613 1.348844890637376 52.26000000000257
2614 1.348392663280036 52.28000000000257
2615 1.347841790309192 52.30000000000258
2616 1.347165862896384 52.32000000000258
2617 1.346393174934775 52.34000000000258
2618 1.345585821226823 52.36000000000259
2619 1.344723649793131 52.38000000000259
2620 1.343779328668501 52.40000000000259
2621 1.342836807812621 52.4200000000026
2622 1.341812895398337 52.4400000000026
2623 1.340780784329563 52.4600000000026
2624 1.339739922458606 52.4800000000026
2625 1.338593762051962 52.50000000000261
2626 1.33739002606392 52.52000000000261
2627 1.336148336708264 52.54000000000261
2628 1.334799775448465 52.56000000000262
2629 1.333372488414544 52.58000000000262
2630 1.331943028890863 52.60000000000262
2631 1.330484956263029 52.62000000000263
2632 1.32900848168364 52.64000000000263
2633 1.32748756007201 52.66000000000263
2634 1.325898014106139 52.68000000000264
2635 1.324277893417432 52.70000000000264
2636 1.322606171280044 52.72000000000264
2637 1.320903217099605 52.74000000000265
2638 1.319230325770781 52.76000000000265
2639 1.317555094301624 52.78000000000265
2640 1.315955409993441 52.80000000000265
2641 1.314426113978915 52.82000000000266
2642 1.312873972819608 52.84000000000266
2643 1.311246312711347 52.86000000000266
2644 1.309573600986036 52.88000000000267
2645 1.307908573029831 52.90000000000267
2646 1.306260597637127 52.92000000000267
2647 1.304642595283825 52.94000000000268
2648 1.303039011416521 52.96000000000268
2649 1.301478449499409 52.98000000000268
2650 1.299962466453473 53.00000000000269
2651 1.298488946128514 53.02000000000269
2652 1.297045808414162 53.04000000000269
2653 1.295635543455552 53.0600000000027
2654 1.294220568402188 53.0800000000027
2655 1.292915995576379 53.1000000000027
2656 1.29169327285374 53.1200000000027
2657 1.290508255751649 53.14000000000271
2658 1.28936565211297 53.16000000000271
2659 1.288295727786795 53.18000000000271
2660 1.287355949629688 53.20000000000272
2661 1.286418367566224 53.22000000000272
2662 1.285520476276595 53.24000000000272
2663 1.284681364675897 53.26000000000273
2664 1.283924926135739 53.28000000000273
2665 1.283225389938892 53.30000000000273
2666 1.282597277648082 53.32000000000274
2667 1.28210534389993 53.34000000000274
2668 1.281738064007107 53.36000000000274
2669 1.281449300684761 53.38000000000275
2670 1.281223767725335 53.40000000000275
2671 1.281071101777296 53.42000000000275
2672 1.281020278894561 53.44000000000275
2673 1.281046435531931 53.46000000000276
2674 1.28122162397141 53.48000000000276
2675 1.281490314438397 53.50000000000276
2676 1.28185183861318 53.52000000000277
2677 1.28230792150386 53.54000000000277
2678 1.282782016251642 53.56000000000277
2679 1.283327300037736 53.58000000000278
2680 1.283983934397858 53.60000000000278
2681 1.284613850758112 53.62000000000278
2682 1.285409114812936 53.64000000000279
2683 1.28624739394646 53.66000000000279
2684 1.286941869232247 53.68000000000279
2685 1.287763501771008 53.7000000000028
2686 1.288618244548512 53.7200000000028
2687 1.289550925392345 53.7400000000028
2688 1.290648451491247 53.7600000000028
2689 1.291840961353723 53.78000000000281
2690 1.293139210332336 53.80000000000281
2691 1.294577239054286 53.82000000000281
2692 1.296092171338093 53.84000000000282
2693 1.297591451879035 53.86000000000282
2694 1.298957376114902 53.88000000000282
2695 1.300266538980959 53.90000000000283
2696 1.301698296977623 53.92000000000283
2697 1.303262731748433 53.94000000000283
2698 1.304904326946839 53.96000000000284
2699 1.306554854724247 53.98000000000284
2700 1.308182730267641 54.00000000000284
2701 1.309820877962289 54.02000000000285
2702 1.311356499335611 54.04000000000285
2703 1.312882928867881 54.06000000000285
2704 1.314426910469011 54.08000000000285
2705 1.31609046359247 54.10000000000286
2706 1.317714273327436 54.12000000000286
2707 1.319333456985913 54.14000000000286
2708 1.320972585979706 54.16000000000287
2709 1.322547633372038 54.18000000000287
2710 1.324144518880694 54.20000000000287
2711 1.325676486142203 54.22000000000288
2712 1.327135062766274 54.24000000000288
2713 1.328552597360112 54.26000000000288
2714 1.329954351852527 54.28000000000289
2715 1.331433286140842 54.30000000000289
2716 1.332862171872701 54.32000000000289
2717 1.334205817573378 54.3400000000029
2718 1.335469646167636 54.3600000000029
2719 1.336648129632734 54.3800000000029
2720 1.337787103086871 54.4000000000029
2721 1.338922910865716 54.42000000000291
2722 1.340012560120906 54.44000000000291
2723 1.341081672437495 54.46000000000291
2724 1.342101143509707 54.48000000000292
2725 1.342998160104628 54.50000000000292
2726 1.343838625309988 54.52000000000292
2727 1.344638836949919 54.54000000000293
2728 1.345338440722596 54.56000000000293
2729 1.345968074773495 54.58000000000293
2730 1.346524612945171 54.60000000000294
2731 1.347007406277063 54.62000000000294
2732 1.347405625734996 54.64000000000294
2733 1.34778696466045 54.66000000000295
2734 1.348146173233438 54.68000000000295
2735 1.348320444846764 54.70000000000295
2736 1.348540121541028 54.72000000000295
2737 1.348681459461245 54.74000000000296
2738 1.348707126587743 54.76000000000296
2739 1.3485997214548 54.78000000000296
2740 1.348489136582391 54.80000000000297
2741 1.348386045147302 54.82000000000297
2742 1.348200347072581 54.84000000000297
2743 1.347953505019249 54.86000000000298
2744 1.347602845449907 54.88000000000298
2745 1.347141118708349 54.90000000000298
2746 1.34673267091038 54.92000000000299
2747 1.346221714638114 54.94000000000299
2748 1.345667289126095 54.96000000000299
2749 1.345017742185199 54.980000000003
2750 1.344323632699712 55.000000000003
2751 1.343604089285551 55.020000000003
2752 1.342853231840863 55.040000000003
2753 1.341921350646303 55.06000000000301
2754 1.340899909431651 55.08000000000301
2755 1.339830476965885 55.10000000000301
2756 1.338684225045108 55.12000000000302
2757 1.337494129850391 55.14000000000302
2758 1.336301182299726 55.16000000000302
2759 1.335129612234261 55.18000000000303
2760 1.333862791460786 55.20000000000303
2761 1.332544124135246 55.22000000000303
2762 1.331187918811617 55.24000000000304
2763 1.329796441725929 55.26000000000304
2764 1.328365190206518 55.28000000000304
2765 1.326921756050822 55.30000000000305
2766 1.325464852848979 55.32000000000305
2767 1.323960738215166 55.34000000000305
2768 1.322528935856071 55.36000000000305
2769 1.32101843472984 55.38000000000306
2770 1.319475293309046 55.40000000000306
2771 1.317956142015104 55.42000000000306
2772 1.316417012354736 55.44000000000307
2773 1.314866563123859 55.46000000000307
2774 1.313312139939407 55.48000000000307
2775 1.311782276128608 55.50000000000308
2776 1.310227431754547 55.52000000000308
2777 1.308649534797731 55.54000000000308
2778 1.307127524314334 55.56000000000309
2779 1.305600628425709 55.58000000000309
2780 1.304116346878845 55.60000000000309
2781 1.30266476720969 55.6200000000031
2782 1.301248935179883 55.6400000000031
2783 1.299868970254001 55.6600000000031
2784 1.298512394979036 55.6800000000031
2785 1.2971511605432 55.70000000000311
2786 1.295801813350529 55.72000000000311
2787 1.294490503556996 55.74000000000311
2788 1.293320391089888 55.76000000000312
2789 1.292195282791359 55.78000000000312
2790 1.291110270227489 55.80000000000312
2791 1.29007565014718 55.82000000000313
2792 1.289122681544303 55.84000000000313
2793 1.288310488356113 55.86000000000313
2794 1.287528206068383 55.88000000000314
2795 1.286675419418868 55.90000000000314
2796 1.285874425079852 55.92000000000314
2797 1.285189852681076 55.94000000000315
2798 1.284556393701029 55.96000000000315
2799 1.284022164161889 55.98000000000315
2800 1.283626293380332 56.00000000000315
2801 1.283315940221305 56.02000000000316
2802 1.283111827214388 56.04000000000316
2803 1.282983125742562 56.06000000000316
2804 1.282881420106648 56.08000000000317
2805 1.282855965392113 56.10000000000317
2806 1.282897999383543 56.12000000000317
2807 1.283048315435833 56.14000000000318
2808 1.283389844203793 56.16000000000318
2809 1.283625166950478 56.18000000000318
2810 1.283937990531804 56.20000000000319
2811 1.284321308274429 56.22000000000319
2812 1.284760034687075 56.24000000000319
2813 1.28530328438457 56.2600000000032
2814 1.285917566965206 56.2800000000032
2815 1.286626484323544 56.3000000000032
2816 1.287316610019803 56.3200000000032
2817 1.288071018453175 56.34000000000321
2818 1.288841418981505 56.36000000000321
2819 1.289749242171566 56.38000000000321
2820 1.290765706765676 56.40000000000322
2821 1.291930496849037 56.42000000000322
2822 1.293179243006414 56.44000000000322
2823 1.294432205954662 56.46000000000323
2824 1.295683532728926 56.48000000000323
2825 1.297005761659163 56.50000000000323
2826 1.298411966455677 56.52000000000324
2827 1.299892499950633 56.54000000000324
2828 1.301361061510641 56.56000000000324
2829 1.302967793804422 56.58000000000325
2830 1.304608543796111 56.60000000000325
2831 1.306210956716438 56.62000000000325
2832 1.307808134674453 56.64000000000325
2833 1.309364598583951 56.66000000000326
2834 1.310973994906398 56.68000000000326
2835 1.312648236398294 56.70000000000326
2836 1.314405403929406 56.72000000000327
2837 1.316012344606621 56.74000000000327
2838 1.317580903082749 56.76000000000327
2839 1.319192523883839 56.78000000000328
2840 1.320728006626966 56.80000000000328
2841 1.322333135659377 56.82000000000328
2842 1.323942989462653 56.84000000000329
2843 1.325567253432306 56.86000000000329
2844 1.32723046676042 56.88000000000329
2845 1.328815728616956 56.9000000000033
2846 1.330297395027212 56.9200000000033
2847 1.331767848675347 56.9400000000033
2848 1.333217260537829 56.9600000000033
2849 1.334667019004466 56.98000000000331
2850 1.336182775631351 57.00000000000331
2851 1.337554273494248 57.02000000000331
2852 1.338859035658307 57.04000000000332
2853 1.34014009409412 57.06000000000332
2854 1.34132838124212 57.08000000000332
2855 1.342483856478792 57.10000000000333
2856 1.343527418663459 57.12000000000333
2857 1.34438742256634 57.14000000000333
2858 1.345265154587795 57.16000000000334
2859 1.346091843411124 57.18000000000334
2860 1.34681372472711 57.20000000000334
2861 1.347530685533898 57.22000000000335
2862 1.348144845019783 57.24000000000335
2863 1.348683899850613 57.26000000000335
2864 1.349194389575818 57.28000000000335
2865 1.349633428011948 57.30000000000336
2866 1.349992857384789 57.32000000000336
2867 1.350304020791396 57.34000000000336
2868 1.350539024725881 57.36000000000337
2869 1.350600258334705 57.38000000000337
2870 1.350549260823024 57.40000000000337
2871 1.350441171609182 57.42000000000338
2872 1.350282092344883 57.44000000000338
2873 1.350067454595421 57.46000000000338
2874 1.349769746063883 57.48000000000339
2875 1.349489796470551 57.50000000000339
2876 1.349155901617239 57.52000000000339
2877 1.348693395128381 57.5400000000034
2878 1.348136571342957 57.5600000000034
2879 1.347450043414602 57.5800000000034
2880 1.346668994980846 57.6000000000034
2881 1.345855335542301 57.62000000000341
2882 1.344987970651885 57.64000000000341
2883 1.344038059882757 57.66000000000341
2884 1.343091268121116 57.68000000000342
2885 1.342062231408447 57.70000000000342
2886 1.341028125957523 57.72000000000342
2887 1.339978461193043 57.74000000000343
2888 1.338823249882626 57.76000000000343
2889 1.337614976306865 57.78000000000343
2890 1.336368497566293 57.80000000000344
2891 1.335007365574049 57.82000000000344
2892 1.333575633789439 57.84000000000344
2893 1.332140794546213 57.86000000000345
2894 1.330678261535468 57.88000000000345
2895 1.329196866104546 57.90000000000345
2896 1.327670404746492 57.92000000000345
2897 1.326073819650544 57.94000000000346
2898 1.324451522180656 57.96000000000346
2899 1.32277079881654 57.98000000000346
2900 1.321066277437196 58.00000000000347
2901 1.319388996115581 58.02000000000347
2902 1.317714719086584 58.04000000000347
2903 1.316111986093115 58.06000000000348
2904 1.314581551236228 58.08000000000348
2905 1.313024747742707 58.10000000000348
2906 1.311390485902399 58.12000000000349
2907 1.309712849982722 58.14000000000349
2908 1.3080452925262 58.16000000000349
2909 1.306397002375651 58.1800000000035
2910 1.304777413090026 58.2000000000035
2911 1.303171161706314 58.2200000000035
2912 1.301609400065166 58.2400000000035
2913 1.300093194573741 58.26000000000351
2914 1.298621781270565 58.28000000000351
2915 1.29717696314893 58.30000000000351
2916 1.29576602057814 58.32000000000352
2917 1.29435175384257 58.34000000000352
2918 1.293051011389963 58.36000000000352
2919 1.291831049811224 58.38000000000353
2920 1.290645769526744 58.40000000000353
2921 1.289503150858249 58.42000000000353
2922 1.288439987558486 58.44000000000354
2923 1.287504440852117 58.46000000000354
2924 1.28656168643338 58.48000000000354
2925 1.28566884514375 58.50000000000355
2926 1.28483303983777 58.52000000000355
2927 1.284082539568861 58.54000000000355
2928 1.283383774118941 58.56000000000355
2929 1.282759972158234 58.58000000000356
2930 1.282275921760619 58.60000000000356
2931 1.28191540406764 58.62000000000356
2932 1.281629249963144 58.64000000000357
2933 1.281405518997788 58.66000000000357
2934 1.281265267035574 58.68000000000357
2935 1.281213720555312 58.70000000000358
2936 1.281249504627422 58.72000000000358
2937 1.281431227734497 58.74000000000358
2938 1.281706580674477 58.76000000000359
2939 1.282075754080417 58.78000000000359
2940 1.282542489461145 58.80000000000359
2941 1.283010872190805 58.8200000000036
2942 1.283568203858855 58.8400000000036
2943 1.284225344784366 58.8600000000036
2944 1.284861273613163 58.88000000000361
2945 1.285668737751559 58.90000000000361
2946 1.286497790449655 58.92000000000361
2947 1.287199595444044 58.94000000000361
2948 1.288025531976115 58.96000000000362
2949 1.288886823148271 58.98000000000362
2950 1.289826518415488 59.00000000000362
2951 1.290935326594721 59.02000000000363
2952 1.292135887185981 59.04000000000363
2953 1.293443969588118 59.06000000000363
2954 1.294887362760646 59.08000000000364
2955 1.29640809305933 59.10000000000364
2956 1.297904344883538 59.12000000000364
2957 1.299265041343406 59.14000000000365
2958 1.300572700657213 59.16000000000365
2959 1.302021455254776 59.18000000000365
2960 1.303591312717799 59.20000000000366
2961 1.305236345487255 59.22000000000366
2962 1.306891212509088 59.24000000000366
2963 1.308511544684261 59.26000000000366
2964 1.310155696320517 59.28000000000367
2965 1.311683459643385 59.30000000000367
2966 1.313212330063406 59.32000000000367
2967 1.314764644438677 59.34000000000368
2968 1.316432926859408 59.36000000000368
2969 1.318053365609347 59.38000000000368
2970 1.319675890377738 59.40000000000369
2971 1.321313124047297 59.42000000000369
2972 1.322888197428314 59.44000000000369
2973 1.324485836313616 59.4600000000037
2974 1.326012717357732 59.4800000000037
2975 1.327468411553767 59.5000000000037
2976 1.328879707648827 59.52000000000371
2977 1.330284876731232 59.54000000000371
2978 1.33177513156697 59.56000000000371
2979 1.333190649866559 59.58000000000371
2980 1.33452730495487 59.60000000000372
2981 1.33578425807673 59.62000000000372
2982 1.336960802440742 59.64000000000372
2983 1.338098237262801 59.66000000000373
2984 1.339231663708766 59.68000000000373
2985 1.34031954758756 59.70000000000373
2986 1.341387154830825 59.72000000000374
2987 1.342398233329032 59.74000000000374
2988 1.343290680750811 59.76000000000374
2989 1.344126087560583 59.78000000000375
2990 1.344920580316855 59.80000000000375
2991 1.345614435362442 59.82000000000375
2992 1.346236405088777 59.84000000000376
2993 1.346783807878095 59.86000000000376
2994 1.347263151946164 59.88000000000376
2995 1.347655740214077 59.90000000000376
2996 1.348040850675861 59.92000000000377
2997 1.348382558242152 59.94000000000377
2998 1.348556315108659 59.96000000000377
2999 1.34877107303051 59.98000000000378
3000 1.349245109923238 60.00000000000378
3001 1.350067605725042 60.02000000000378
3002 1.350650434906381 60.04000000000379
3003 1.351000840223829 60.06000000000379
3004 1.351549311012464 60.08000000000379
3005 1.35208635965295 60.1000000000038
3006 1.352410627723718 60.1200000000038
3007 1.352627307285855 60.1400000000038
3008 1.352821599473565 60.16000000000381
3009 1.353023453184389 60.18000000000381
3010 1.353071847183413 60.20000000000381
3011 1.35307127981864 60.22000000000381
3012 1.352992125003036 60.24000000000382
3013 1.352846858584879 60.26000000000382
3014 1.35266978161723 60.28000000000382
3015 1.352392405181897 60.30000000000383
3016 1.351975175742677 60.32000000000383
3017 1.351442094283342 60.34000000000383
3018 1.350797513637897 60.36000000000384
3019 1.350038455476036 60.38000000000384
3020 1.349256909313944 60.40000000000384
3021 1.348428584297808 60.42000000000385
3022 1.347522047329542 60.44000000000385
3023 1.346549105109399 60.46000000000385
3024 1.345498423154273 60.48000000000386
3025 1.344401381561381 60.50000000000386
3026 1.343249638481228 60.52000000000386
3027 1.342036221052446 60.54000000000386
3028 1.340778668443497 60.56000000000387
3029 1.339430237867252 60.58000000000387
3030 1.337961736584938 60.60000000000387
3031 1.336505739707258 60.62000000000388
3032 1.334996142318488 60.64000000000388
3033 1.333418301248376 60.66000000000388
3034 1.33182659718826 60.68000000000389
3035 1.330148828829222 60.70000000000389
3036 1.3284980530004 60.72000000000389
3037 1.326774789554116 60.7400000000039
3038 1.32503922148462 60.7600000000039
3039 1.323195251146277 60.7800000000039
3040 1.321369616428831 60.80000000000391
3041 1.319535752500294 60.82000000000391
3042 1.317686306569147 60.84000000000391
3043 1.315832762415398 60.86000000000391
3044 1.313970442690041 60.88000000000392
3045 1.312076932134351 60.90000000000392
3046 1.310218192342307 60.92000000000392
3047 1.308355926592848 60.94000000000393
3048 1.306462655935779 60.96000000000393
3049 1.304628050619471 60.98000000000393
3050 1.302802883792466 61.00000000000394
3051 1.301025687222058 61.02000000000394
3052 1.299253431503727 61.04000000000394
3053 1.297493454858943 61.06000000000395
3054 1.295838466062856 61.08000000000395
3055 1.294248953104774 61.10000000000395
3056 1.292734106189468 61.12000000000396
3057 1.291267891766793 61.14000000000396
3058 1.289806453141208 61.16000000000396
3059 1.288420428486513 61.18000000000396
3060 1.287072846356357 61.20000000000397
3061 1.285858815958691 61.22000000000397
3062 1.284718555165611 61.24000000000397
3063 1.28367909140203 61.26000000000398
3064 1.282823067411913 61.28000000000398
3065 1.282027957428521 61.30000000000398
3066 1.281326777016192 61.32000000000399
3067 1.280663490956993 61.34000000000399
3068 1.280128602283194 61.36000000000399
3069 1.279658683291893 61.380000000004
3070 1.279265811123931 61.400000000004
3071 1.278979377147637 61.420000000004
3072 1.278728306275093 61.44000000000401
3073 1.278573371231753 61.46000000000401
3074 1.278553202518332 61.48000000000401
3075 1.278703142761487 61.50000000000401
3076 1.278976749817876 61.52000000000402
3077 1.279439033545707 61.54000000000402
3078 1.280081361283036 61.56000000000402
3079 1.280715379683835 61.58000000000403
3080 1.281571526904526 61.60000000000403
3081 1.282489649670794 61.62000000000403
3082 1.283542421134951 61.64000000000404
3083 1.284651016908027 61.66000000000404
3084 1.285939563162369 61.68000000000404
3085 1.287313779257612 61.70000000000405
3086 1.288811743713794 61.72000000000405
3087 1.290557713620253 61.74000000000405
3088 1.292504688728426 61.76000000000406
3089 1.294534451752637 61.78000000000406
3090 1.296663445025058 61.80000000000406
3091 1.298897497596721 61.82000000000406
3092 1.301244422730875 61.84000000000407
3093 1.303682187469006 61.86000000000407
3094 1.30616998099956 61.88000000000407
3095 1.308801797500371 61.90000000000408
3096 1.311634907006883 61.92000000000408
3097 1.314652941500912 61.94000000000408
3098 1.317690288394244 61.96000000000409
3099 1.320847997963887 61.98000000000409
3100 1.324121361501168 62.00000000000409
3101 1.327509291937663 62.0200000000041
3102 1.33099477047241 62.0400000000041
3103 1.334663311354206 62.0600000000041
3104 1.338153475141183 62.08000000000411
3105 1.341721684255378 62.10000000000411
3106 1.345398560383018 62.12000000000411
3107 1.349078028813872 62.14000000000411
3108 1.352822436561649 62.16000000000412
3109 1.356602632825003 62.18000000000412
3110 1.360416384564507 62.20000000000412
3111 1.364335004243558 62.22000000000413
3112 1.368269730339722 62.24000000000413
3113 1.372219033704288 62.26000000000413
3114 1.376207360976361 62.28000000000414
3115 1.380204607902168 62.30000000000414
3116 1.384119236309239 62.32000000000414
3117 1.388011713870662 62.34000000000415
3118 1.391929212198086 62.36000000000415
3119 1.395821231859213 62.38000000000415
3120 1.399591744916243 62.40000000000416
3121 1.40319899448379 62.42000000000416
3122 1.406864428045717 62.44000000000416
3123 1.41041511925586 62.46000000000416
3124 1.413858507987645 62.48000000000417
3125 1.417199517212067 62.50000000000417
3126 1.420441621823447 62.52000000000417
3127 1.423731748772262 62.54000000000418
3128 1.42693400976607 62.56000000000418
3129 1.429997983107299 62.58000000000418
3130 1.432953770406191 62.60000000000419
3131 1.4357687010549 62.62000000000419
3132 1.438352064860711 62.64000000000419
3133 1.440749249434383 62.6600000000042
3134 1.443108001404069 62.6800000000042
3135 1.445450408085301 62.7000000000042
3136 1.447649702504771 62.72000000000421
3137 1.449609585021638 62.74000000000421
3138 1.451534157442505 62.76000000000421
3139 1.453240778141252 62.78000000000421
3140 1.45465804681543 62.80000000000422
3141 1.455920184715279 62.82000000000422
3142 1.456969086108077 62.84000000000422
3143 1.457902588794057 62.86000000000423
3144 1.458750447767263 62.88000000000423
3145 1.459410499881719 62.90000000000423
3146 1.459911495863291 62.92000000000424
3147 1.460299541306321 62.94000000000424
3148 1.46040815031446 62.96000000000424
3149 1.460315319362916 62.98000000000425
3150 1.460111268790871 63.00000000000425
3151 1.459715129503038 63.02000000000425
3152 1.459233868763692 63.04000000000426
3153 1.458609570638681 63.06000000000426
3154 1.457765531871452 63.08000000000426
3155 1.456705282766028 63.10000000000426
3156 1.4553757075912 63.12000000000427
3157 1.453797069406495 63.14000000000427
3158 1.452192514498657 63.16000000000427
3159 1.450463276993393 63.18000000000428
3160 1.448566280006578 63.20000000000428
3161 1.446504382279065 63.22000000000428
3162 1.444312222909444 63.24000000000429
3163 1.442041157936948 63.26000000000429
3164 1.439680251207625 63.28000000000429
3165 1.437067442163209 63.3000000000043
3166 1.434316745193557 63.3200000000043
3167 1.431477455711857 63.3400000000043
3168 1.428483411430813 63.36000000000431
3169 1.425384896118477 63.38000000000431
3170 1.422124585798319 63.40000000000431
3171 1.418809046461809 63.42000000000431
3172 1.415459500995315 63.44000000000432
3173 1.411969833486778 63.46000000000432
3174 1.408312816636784 63.48000000000432
3175 1.404567414438758 63.50000000000433
3176 1.400705964454966 63.52000000000433
3177 1.396819873032173 63.54000000000433
3178 1.392939600809494 63.56000000000434
3179 1.389045114103667 63.58000000000434
3180 1.385149947868918 63.60000000000434
3181 1.381275981285797 63.62000000000435
3182 1.377391628857705 63.64000000000435
3183 1.373402122295922 63.66000000000435
3184 1.369443653023942 63.68000000000436
3185 1.365460373433226 63.70000000000436
3186 1.361504656341447 63.72000000000436
3187 1.357561132075252 63.74000000000436
3188 1.353669956691798 63.76000000000437
3189 1.349821950396408 63.78000000000437
3190 1.346060043379562 63.80000000000437
3191 1.342414045230289 63.82000000000438
3192 1.338833443659247 63.84000000000438
3193 1.335268552143628 63.86000000000438
3194 1.331787652857113 63.88000000000439
3195 1.328363594559466 63.90000000000439
3196 1.325076006076508 63.92000000000439
3197 1.321934705914905 63.9400000000044
3198 1.31896958261178 63.9600000000044
3199 1.316213042685239 63.9800000000044
3200 1.313523633942494 64.00000000000441
3201 1.310900360568156 64.0200000000044
3202 1.308472311986793 64.0400000000044
3203 1.30621061714855 64.06000000000439
3204 1.304084983308957 64.08000000000439
3205 1.302165105504243 64.10000000000439
3206 1.300475676014391 64.12000000000438
3207 1.299048151401415 64.14000000000438
3208 1.297771743249377 64.16000000000437
3209 1.296700755496971 64.18000000000437
3210 1.29573466156352 64.20000000000437
3211 1.295095262273267 64.22000000000436
3212 1.294766646292961 64.24000000000436
3213 1.294700087819845 64.26000000000435
3214 1.294909818994588 64.28000000000435
3215 1.295234527435119 64.30000000000435
3216 1.295961770681163 64.32000000000434
3217 1.296950404644087 64.34000000000434
3218 1.298223439138103 64.36000000000433
3219 1.299664414744794 64.38000000000433
3220 1.301357061284493 64.40000000000433
3221 1.303220269401539 64.42000000000432
3222 1.3053673415561 64.44000000000432
3223 1.307881205828643 64.46000000000431
3224 1.310496999960724 64.48000000000431
3225 1.313602067628287 64.50000000000431
3226 1.317033539126743 64.5200000000043
3227 1.320906852663124 64.5400000000043
3228 1.32488111578224 64.56000000000429
3229 1.329088738359441 64.58000000000429
3230 1.333574725049142 64.60000000000429
3231 1.338128422426037 64.62000000000428
3232 1.343094848187233 64.64000000000428
3233 1.348004605601184 64.66000000000427
3234 1.353137439539141 64.68000000000427
3235 1.358448143545651 64.70000000000427
3236 1.363988932548477 64.72000000000426
3237 1.370092533551706 64.74000000000426
3238 1.376410620750887 64.76000000000425
3239 1.382888817946012 64.78000000000425
3240 1.389314429002123 64.80000000000425
3241 1.395900050252297 64.82000000000424
3242 1.402751415426837 64.84000000000424
3243 1.409747372191897 64.86000000000423
3244 1.416799395880986 64.88000000000423
3245 1.42398926612675 64.90000000000423
3246 1.431227083219154 64.92000000000422
3247 1.438561639900588 64.94000000000422
3248 1.446002041510093 64.96000000000421
3249 1.45349301982232 64.98000000000421
3250 1.461075309667446 65.00000000000421
3251 1.468705288348723 65.0200000000042
3252 1.476442103029449 65.0400000000042
3253 1.484150179556191 65.06000000000419
3254 1.491798129271967 65.08000000000419
3255 1.499418025773086 65.10000000000419
3256 1.507040220706692 65.12000000000418
3257 1.514583928790865 65.14000000000418
3258 1.521994309967712 65.16000000000417
3259 1.529376256842937 65.18000000000417
3260 1.536777170572674 65.20000000000417
3261 1.544015666143175 65.22000000000416
3262 1.551006979438075 65.24000000000416
3263 1.55805836048625 65.26000000000415
3264 1.564947801414698 65.28000000000415
3265 1.571578343862824 65.30000000000415
3266 1.577852838192859 65.32000000000414
3267 1.58404175449218 65.34000000000414
3268 1.590046254434131 65.36000000000413
3269 1.595959378759676 65.38000000000413
3270 1.601528273223067 65.40000000000413
3271 1.60688272188079 65.42000000000412
3272 1.611958045572796 65.44000000000412
3273 1.616785110009693 65.46000000000411
3274 1.621485290396901 65.48000000000411
3275 1.625924328677408 65.50000000000411
3276 1.630014199554218 65.5200000000041
3277 1.633863833210347 65.5400000000041
3278 1.637382890498 65.56000000000409
3279 1.640508517795759 65.58000000000409
3280 1.643316696365013 65.60000000000409
3281 1.645838607875376 65.62000000000408
3282 1.648125593628389 65.64000000000408
3283 1.650103470896546 65.66000000000408
3284 1.651746805707958 65.68000000000407
3285 1.653035755511543 65.70000000000407
3286 1.653837501551038 65.72000000000406
3287 1.65430639482232 65.74000000000406
3288 1.654469602785508 65.76000000000406
3289 1.654378914042492 65.78000000000405
3290 1.654020929375195 65.80000000000405
3291 1.653361152147902 65.82000000000404
3292 1.652293721249595 65.84000000000404
3293 1.650733207434826 65.86000000000404
3294 1.648851499911479 65.88000000000403
3295 1.646701337892819 65.90000000000403
3296 1.644263578097856 65.92000000000402
3297 1.64155857512162 65.94000000000402
3298 1.638463272856676 65.96000000000402
3299 1.635142340993934 65.98000000000401
3300 1.631527824111883 66.00000000000401
3301 1.62760636630791 66.020000000004
3302 1.623375800713983 66.040000000004
3303 1.618931353756182 66.060000000004
3304 1.614163537367286 66.08000000000399
3305 1.609089444554636 66.10000000000399
3306 1.603806868563562 66.12000000000398
3307 1.598369108696752 66.14000000000398
3308 1.592734625858979 66.16000000000398
3309 1.586933364268023 66.18000000000397
3310 1.580946036249926 66.20000000000397
3311 1.574709917358298 66.22000000000396
3312 1.56828240589376 66.24000000000396
3313 1.561663153884086 66.26000000000396
3314 1.554962058234313 66.28000000000395
3315 1.548120166919839 66.30000000000395
3316 1.541165726670535 66.32000000000394
3317 1.534052122001032 66.34000000000394
3318 1.526758080729505 66.36000000000394
3319 1.519431042512868 66.38000000000393
3320 1.512016910327849 66.40000000000393
3321 1.504606305779242 66.42000000000392
3322 1.497165384409433 66.44000000000392
3323 1.489680398103723 66.46000000000392
3324 1.482151899737618 66.48000000000391
3325 1.474627748831427 66.50000000000391
3326 1.467059247676103 66.5200000000039
3327 1.459611679108485 66.5400000000039
3328 1.452153833881114 66.5600000000039
3329 1.444860182068604 66.58000000000389
3330 1.437688980617681 66.60000000000389
3331 1.430523806851075 66.62000000000388
3332 1.423486080606576 66.64000000000388
3333 1.416541489576894 66.66000000000388
3334 1.409738820200171 66.68000000000387
3335 1.403063941817953 66.70000000000387
3336 1.396570119511297 66.72000000000386
3337 1.390216826932227 66.74000000000386
3338 1.384056896962639 66.76000000000386
3339 1.378200801397579 66.78000000000385
3340 1.372569249693474 66.80000000000385
3341 1.367118129357206 66.82000000000384
3342 1.361847104574394 66.84000000000384
3343 1.356959413833411 66.86000000000384
3344 1.352291721222987 66.88000000000383
3345 1.347944776684284 66.90000000000383
3346 1.343782964488171 66.92000000000382
3347 1.339966128391512 66.94000000000382
3348 1.33644810044438 66.96000000000382
3349 1.333244524806333 66.98000000000381
3350 1.330518916986903 67.00000000000381
3351 1.328188058732705 67.0200000000038
3352 1.326174142334779 67.0400000000038
3353 1.324510861002469 67.0600000000038
3354 1.323129972173407 67.08000000000379
3355 1.322215857654889 67.10000000000379
3356 1.321692223977766 67.12000000000378
3357 1.321722588662391 67.14000000000378
3358 1.322218503135452 67.16000000000378
3359 1.323019058567357 67.18000000000377
3360 1.323993826551631 67.20000000000377
3361 1.325321425071678 67.22000000000376
3362 1.327170557538514 67.24000000000376
3363 1.329684346332051 67.26000000000376
3364 1.332455532289887 67.28000000000375
3365 1.335729504830542 67.30000000000375
3366 1.339383681445843 67.32000000000374
3367 1.3433620617071 67.34000000000374
3368 1.348125133777499 67.36000000000374
3369 1.353143525513041 67.38000000000373
3370 1.358684779925945 67.40000000000373
3371 1.36444890109874 67.42000000000372
3372 1.370499918225728 67.44000000000372
3373 1.376888485965623 67.46000000000372
3374 1.384026404814079 67.48000000000371
3375 1.391153879020848 67.50000000000371
3376 1.398412139615213 67.52000000000371
3377 1.406311385963121 67.5400000000037
3378 1.414534620246465 67.5600000000037
3379 1.42284720493534 67.58000000000369
3380 1.431741355298825 67.60000000000369
3381 1.441056311004715 67.62000000000369
3382 1.450621989845535 67.64000000000368
3383 1.46051470783716 67.66000000000368
3384 1.470486714400294 67.68000000000367
3385 1.480633320312855 67.70000000000367
3386 1.490999603091642 67.72000000000367
3387 1.50152451377467 67.74000000000366
3388 1.512185024064717 67.76000000000366
3389 1.523024287873064 67.78000000000365
3390 1.534128997988657 67.80000000000365
3391 1.545336970208222 67.82000000000365
3392 1.556794934329735 67.84000000000364
3393 1.568048644542294 67.86000000000364
3394 1.579322349966038 67.88000000000363
3395 1.590569518884091 67.90000000000363
3396 1.602000745710698 67.92000000000363
3397 1.613319092467568 67.94000000000362
3398 1.624529616101289 67.96000000000362
3399 1.63557215875431 67.98000000000361
3400 1.646374478807279 68.00000000000361
3401 1.657122760844602 68.02000000000361
3402 1.667836262698563 68.0400000000036
3403 1.678442435137814 68.0600000000036
3404 1.688549491342081 68.08000000000359
3405 1.69835107347756 68.10000000000359
3406 1.707919668249906 68.12000000000359
3407 1.717279072576643 68.14000000000358
3408 1.726615969920394 68.16000000000358
3409 1.735559854887264 68.18000000000357
3410 1.744065095056998 68.20000000000357
3411 1.75216153927154 68.22000000000357
3412 1.760020574602721 68.24000000000356
3413 1.767582445719521 68.26000000000356
3414 1.774744217797394 68.28000000000355
3415 1.781538148723073 68.30000000000355
3416 1.787824706766961 68.32000000000355
3417 1.79350545073578 68.34000000000354
3418 1.798826213678779 68.36000000000354
3419 1.80366815387714 68.38000000000353
3420 1.808030322904475 68.40000000000353
3421 1.811970961306481 68.42000000000353
3422 1.815471843332841 68.44000000000352
3423 1.818591380621081 68.46000000000352
3424 1.821174177917296 68.48000000000351
3425 1.823200825316201 68.50000000000351
3426 1.82473250907594 68.52000000000351
3427 1.825752669403153 68.5400000000035
3428 1.826311752435748 68.5600000000035
3429 1.826362204054849 68.58000000000349
3430 1.825907371919038 68.60000000000349
3431 1.825059673163443 68.62000000000349
3432 1.823654608206942 68.64000000000348
3433 1.821758682341166 68.66000000000348
3434 1.819323534979885 68.68000000000347
3435 1.816474755224684 68.70000000000347
3436 1.813145489516548 68.72000000000347
3437 1.809319291287024 68.74000000000346
3438 1.805105421282219 68.76000000000346
3439 1.800508029468628 68.78000000000345
3440 1.795425476416117 68.80000000000345
3441 1.78990076907207 68.82000000000345
3442 1.783972502425048 68.84000000000344
3443 1.777769324932006 68.86000000000344
3444 1.771138705325436 68.88000000000343
3445 1.764143695994481 68.90000000000343
3446 1.7567645407648 68.92000000000343
3447 1.749151663310722 68.94000000000342
3448 1.74122406986468 68.96000000000342
3449 1.732990168189501 68.98000000000341
3450 1.724514213955995 69.00000000000341
3451 1.715752585909736 69.02000000000341
3452 1.706733579443655 69.0400000000034
3453 1.6973772202274 69.0600000000034
3454 1.687839770604362 69.08000000000339
3455 1.678189757566722 69.10000000000339
3456 1.668328136752215 69.12000000000339
3457 1.658334986424273 69.14000000000338
3458 1.648061157596326 69.16000000000338
3459 1.637717108593781 69.18000000000337
3460 1.627350820256954 69.20000000000337
3461 1.616843843363339 69.22000000000337
3462 1.606255684963008 69.24000000000336
3463 1.595628347393137 69.26000000000336
3464 1.584930145496538 69.28000000000335
3465 1.574194830797768 69.30000000000335
3466 1.563433759245497 69.32000000000335
3467 1.552752525004685 69.34000000000334
3468 1.542162357514055 69.36000000000334
3469 1.531619284713646 69.38000000000334
3470 1.521155482134349 69.40000000000333
3471 1.510783428806762 69.42000000000333
3472 1.500479638699811 69.44000000000332
3473 1.490179566537737 69.46000000000332
3474 1.480129994927092 69.48000000000332
3475 1.470203708374746 69.50000000000331
3476 1.460472311730661 69.52000000000331
3477 1.450942157612821 69.5400000000033
3478 1.441759409412804 69.5600000000033
3479 1.432747292554077 69.5800000000033
3480 1.423982611476986 69.60000000000329
3481 1.415491597144397 69.62000000000329
3482 1.407286165139498 69.64000000000328
3483 1.399466933342456 69.66000000000328
3484 1.391868456801264 69.68000000000328
3485 1.38454529982787 69.70000000000327
3486 1.377484911837759 69.72000000000327
3487 1.37069408885693 69.74000000000326
3488 1.364355054502857 69.76000000000326
3489 1.358490774671293 69.78000000000326
3490 1.353015665239469 69.80000000000325
3491 1.348009084682484 69.82000000000325
3492 1.343491899888612 69.84000000000324
3493 1.339338812115922 69.86000000000324
3494 1.335739525885358 69.88000000000324
3495 1.332623411262343 69.90000000000323
3496 1.329933869131153 69.92000000000323
3497 1.327805981467256 69.94000000000322
3498 1.326260587753417 69.96000000000322
3499 1.3250177958078 69.98000000000322
3500 1.324071083365318 70.00000000000321
3501 1.323643134198687 70.02000000000321
3502 1.323765094312886 70.0400000000032
3503 1.324415522184214 70.0600000000032
3504 1.325559430486048 70.0800000000032
3505 1.327370727126796 70.10000000000319
3506 1.329746082697803 70.12000000000319
3507 1.332716361020466 70.14000000000318
3508 1.335935610477289 70.16000000000318
3509 1.339640539382351 70.18000000000318
3510 1.344033325259472 70.20000000000317
3511 1.349147956399785 70.22000000000317
3512 1.354457321470901 70.24000000000316
3513 1.360489677651199 70.26000000000316
3514 1.367103763327485 70.28000000000316
3515 1.374084454920963 70.30000000000315
3516 1.381423384411345 70.32000000000315
3517 1.389149207365976 70.34000000000314
3518 1.397908561517889 70.36000000000314
3519 1.40647399495953 70.38000000000314
3520 1.415723601211743 70.40000000000313
3521 1.425772598606014 70.42000000000313
3522 1.436044265568734 70.44000000000312
3523 1.446868503881992 70.46000000000312
3524 1.457860954246732 70.48000000000312
3525 1.469008052814322 70.50000000000311
3526 1.480268189993101 70.52000000000311
3527 1.491888587211941 70.5400000000031
3528 1.503988943106228 70.5600000000031
3529 1.51675698410723 70.5800000000031
3530 1.529487169680728 70.60000000000309
3531 1.542288633710561 70.62000000000309
3532 1.555378513174978 70.64000000000308
3533 1.568606266290673 70.66000000000308
3534 1.582074600335114 70.68000000000308
3535 1.595571015218269 70.70000000000307
3536 1.609365683674408 70.72000000000307
3537 1.623114521155535 70.74000000000306
3538 1.636817477695447 70.76000000000306
3539 1.650633241254398 70.78000000000306
3540 1.664301380657775 70.80000000000305
3541 1.677969606812736 70.82000000000305
3542 1.691542331318021 70.84000000000304
3543 1.704974793458301 70.86000000000304
3544 1.718455151538828 70.88000000000304
3545 1.731807115310534 70.90000000000303
3546 1.744713911523502 70.92000000000303
3547 1.757324489805669 70.94000000000302
3548 1.769724838771494 70.96000000000302
3549 1.781958595963364 70.98000000000302
3550 1.79395506596913 71.00000000000301
3551 1.805518616282441 71.02000000000301
3552 1.81670351027073 71.040000000003
3553 1.827448639650386 71.060000000003
3554 1.838054567145885 71.080000000003
3555 1.848437104662208 71.10000000000299
3556 1.858024543684035 71.12000000000299
3557 1.867145511691184 71.14000000000298
3558 1.875720044495993 71.16000000000298
3559 1.883992752293722 71.18000000000298
3560 1.891776105564135 71.20000000000297
3561 1.898831796290562 71.22000000000297
3562 1.905330756480907 71.24000000000296
3563 1.911475548162954 71.26000000000296
3564 1.91698220941932 71.28000000000296
3565 1.922140587571501 71.30000000000295
3566 1.926632443983012 71.32000000000295
3567 1.930441801635195 71.34000000000295
3568 1.933652594202116 71.36000000000294
3569 1.936364163462041 71.38000000000294
3570 1.938535414026656 71.40000000000293
3571 1.939919235686229 71.42000000000293
3572 1.940686488264461 71.44000000000293
3573 1.940908192240332 71.46000000000292
3574 1.940628623486826 71.48000000000292
3575 1.939737362754498 71.50000000000291
3576 1.938217565273149 71.52000000000291
3577 1.936117918875962 71.54000000000291
3578 1.933563092585438 71.5600000000029
3579 1.930320701387864 71.5800000000029
3580 1.926384180786311 71.60000000000289
3581 1.921979112502047 71.62000000000289
3582 1.917064059789658 71.64000000000289
3583 1.911670700827492 71.66000000000288
3584 1.905723764241962 71.68000000000288
3585 1.899222295563641 71.70000000000287
3586 1.892304034020173 71.72000000000287
3587 1.884919778787654 71.74000000000287
3588 1.876945104474896 71.76000000000286
3589 1.86857081277891 71.78000000000286
3590 1.859806571462677 71.80000000000285
3591 1.850652061464449 71.82000000000285
3592 1.84107483483644 71.84000000000285
3593 1.831122707273605 71.86000000000284
3594 1.820847928308619 71.88000000000284
3595 1.810197383112684 71.90000000000283
3596 1.799268460304534 71.92000000000283
3597 1.788085648856583 71.94000000000283
3598 1.776640585169389 71.96000000000282
3599 1.764941115102376 71.98000000000282
3600 1.753007875914886 72.00000000000281
3601 1.740853188011784 72.02000000000281
3602 1.728496899471516 72.04000000000281
3603 1.715932960710473 72.0600000000028
3604 1.703317491146326 72.0800000000028
3605 1.690635879183477 72.10000000000279
3606 1.677827957485983 72.12000000000279
3607 1.664967852738725 72.14000000000279
3608 1.652054691125304 72.16000000000278
3609 1.639113359256443 72.18000000000278
3610 1.6262225080781 72.20000000000277
3611 1.613348562310643 72.22000000000277
3612 1.600419785959088 72.24000000000277
3613 1.587551802301171 72.26000000000276
3614 1.574806880613462 72.28000000000276
3615 1.562196533629666 72.30000000000275
3616 1.549734283514792 72.32000000000275
3617 1.537426558876169 72.34000000000275
3618 1.525254793631729 72.36000000000274
3619 1.513399230337806 72.38000000000274
3620 1.50174601457325 72.40000000000273
3621 1.490445738168853 72.42000000000273
3622 1.479295246905779 72.44000000000273
3623 1.468468987341501 72.46000000000272
3624 1.457832901498631 72.48000000000272
3625 1.44748651342824 72.50000000000271
3626 1.437598851369999 72.52000000000271
3627 1.428054067613513 72.54000000000271
3628 1.418783243022743 72.5600000000027
3629 1.409783313828096 72.5800000000027
3630 1.401283852733459 72.60000000000269
3631 1.393262416874192 72.62000000000269
3632 1.385709145414578 72.64000000000269
3633 1.378596762243155 72.66000000000268
3634 1.372028050767757 72.68000000000268
3635 1.365843415073234 72.70000000000267
3636 1.360194465814494 72.72000000000267
3637 1.355042480879467 72.74000000000267
3638 1.350378461972443 72.76000000000266
3639 1.346197117260573 72.78000000000266
3640 1.342449119569591 72.80000000000265
3641 1.33947339304291 72.82000000000265
3642 1.337057104905781 72.84000000000265
3643 1.335072338587101 72.86000000000264
3644 1.333886015564475 72.88000000000264
3645 1.333127328592765 72.90000000000263
3646 1.332941636961817 72.92000000000263
3647 1.333337023240231 72.94000000000263
3648 1.334196294727627 72.96000000000262
3649 1.336244881752113 72.98000000000262
3650 1.338626208712488 73.00000000000261
3651 1.341350560213435 73.02000000000261
3652 1.344863744595464 73.04000000000261
3653 1.348665168680687 73.0600000000026
3654 1.353282657912667 73.0800000000026
3655 1.358386034733187 73.10000000000259
3656 1.364230571996458 73.12000000000259
3657 1.370968547665203 73.14000000000259
3658 1.378184346638417 73.16000000000258
3659 1.385605764607405 73.18000000000258
3660 1.393786221799263 73.20000000000258
3661 1.40239202293568 73.22000000000257
3662 1.411921519118809 73.24000000000257
3663 1.422105915313118 73.26000000000256
3664 1.432601294250552 73.28000000000256
3665 1.443415518101264 73.30000000000256
3666 1.454405114477137 73.32000000000255
3667 1.465761983164662 73.34000000000255
3668 1.477503918789118 73.36000000000254
3669 1.49005338353942 73.38000000000254
3670 1.502925872324063 73.40000000000254
3671 1.516264279216169 73.42000000000253
3672 1.52994406700122 73.44000000000253
3673 1.543688575634728 73.46000000000252
3674 1.557710824791476 73.48000000000252
3675 1.572101290378368 73.50000000000252
3676 1.586701285446085 73.52000000000251
3677 1.601631611657365 73.54000000000251
3678 1.616395675883681 73.5600000000025
3679 1.631253592154615 73.5800000000025
3680 1.646444491602204 73.6000000000025
3681 1.661797421618859 73.62000000000249
3682 1.677044517278438 73.64000000000249
3683 1.692326038125547 73.66000000000248
3684 1.707493581868345 73.68000000000248
3685 1.722538448486007 73.70000000000248
3686 1.737367028516792 73.72000000000247
3687 1.752184293333892 73.74000000000247
3688 1.766656538333953 73.76000000000246
3689 1.781051920095319 73.78000000000246
3690 1.79514414044037 73.80000000000246
3691 1.808904375368045 73.82000000000245
3692 1.822343218246582 73.84000000000245
3693 1.835486829271866 73.86000000000244
3694 1.848326332389462 73.88000000000244
3695 1.860791497858682 73.90000000000244
3696 1.872789143143208 73.92000000000243
3697 1.884430994998584 73.94000000000243
3698 1.895772832922662 73.96000000000242
3699 1.906554714536662 73.98000000000242
3700 1.916763836326891 74.00000000000242
3701 1.926460550630717 74.02000000000241
3702 1.935583039515923 74.04000000000241
3703 1.944241696927998 74.0600000000024
3704 1.952196529447494 74.0800000000024
3705 1.959639659985194 74.1000000000024
3706 1.966465665913954 74.12000000000239
3707 1.972735508283412 74.14000000000239
3708 1.978335871111056 74.16000000000238
3709 1.983278909369692 74.18000000000238
3710 1.987408811336081 74.20000000000238
3711 1.990944623354984 74.22000000000237
3712 1.993843062447248 74.24000000000237
3713 1.996118049262754 74.26000000000236
3714 1.997739940483191 74.28000000000236
3715 1.998706834824374 74.30000000000236
3716 1.998845788903268 74.32000000000235
3717 1.998373604860142 74.34000000000235
3718 1.997350202634774 74.36000000000234
3719 1.995624469616189 74.38000000000234
3720 1.99328022368307 74.40000000000234
3721 1.990354288282372 74.42000000000233
3722 1.986744979765262 74.44000000000233
3723 1.982542111998199 74.46000000000232
3724 1.977726143130786 74.48000000000232
3725 1.972276733271762 74.50000000000232
3726 1.966167078394639 74.52000000000231
3727 1.959554271409384 74.54000000000231
3728 1.952459968826274 74.5600000000023
3729 1.944850199478631 74.5800000000023
3730 1.936681588854758 74.6000000000023
3731 1.92796805661597 74.62000000000229
3732 1.918772253854291 74.64000000000229
3733 1.909121269251698 74.66000000000228
3734 1.899014761757432 74.68000000000228
3735 1.888481903301843 74.70000000000228
3736 1.877644989119451 74.72000000000227
3737 1.86643030606871 74.74000000000227
3738 1.854840753029407 74.76000000000226
3739 1.842971429433247 74.78000000000226
3740 1.830768006158815 74.80000000000226
3741 1.81824868677497 74.82000000000225
3742 1.805476338613047 74.84000000000225
3743 1.792468585157627 74.86000000000224
3744 1.779337366083312 74.88000000000224
3745 1.766003696379532 74.90000000000224
3746 1.752383338039672 74.92000000000223
3747 1.738623586339294 74.94000000000223
3748 1.724794931810224 74.96000000000222
3749 1.710939444090692 74.98000000000222
3750 1.696941061061421 75.00000000000222
3751 1.682950872082442 75.02000000000221
3752 1.668905985800491 75.04000000000221
3753 1.654819783798002 75.0600000000022
3754 1.640752775749268 75.0800000000022
3755 1.626728819681852 75.1000000000022
3756 1.612817987332943 75.12000000000219
3757 1.599049741456378 75.14000000000219
3758 1.585314351367475 75.16000000000219
3759 1.5716848897801 75.18000000000218
3760 1.558305392220423 75.20000000000218
3761 1.545126655005354 75.22000000000217
3762 1.532240411468714 75.24000000000217
3763 1.519569470712143 75.26000000000217
3764 1.507185898016693 75.28000000000216
3765 1.494966079253978 75.30000000000216
3766 1.483045879438454 75.32000000000215
3767 1.471445311822665 75.34000000000215
3768 1.460072509240263 75.36000000000215
3769 1.448921638600839 75.38000000000214
3770 1.438015281129 75.40000000000214
3771 1.4275539289529 75.42000000000213
3772 1.417552065880453 75.44000000000213
3773 1.408023528255609 75.46000000000213
3774 1.399030988728244 75.48000000000212
3775 1.390642919295556 75.50000000000212
3776 1.382676954368963 75.52000000000211
3777 1.375204342989339 75.54000000000211
3778 1.368089418759349 75.56000000000211
3779 1.361588149735463 75.5800000000021
3780 1.35567989528531 75.6000000000021
3781 1.350109335032534 75.62000000000209
3782 1.344986458813442 75.64000000000209
3783 1.340266467808706 75.66000000000209
3784 1.336387717604573 75.68000000000208
3785 1.333092855076466 75.70000000000208
3786 1.330431116146099 75.72000000000207
3787 1.328368392596917 75.74000000000207
3788 1.327016804477307 75.76000000000207
3789 1.326449804225728 75.78000000000206
3790 1.326457507179177 75.80000000000206
3791 1.326869948526061 75.82000000000205
3792 1.328020901274022 75.84000000000205
3793 1.329679686065345 75.86000000000205
3794 1.331852986461564 75.88000000000204
3795 1.334623642566537 75.90000000000204
3796 1.337982135966987 75.92000000000203
3797 1.342163324274067 75.94000000000203
3798 1.346774165699592 75.96000000000203
3799 1.351965201461443 75.98000000000202
3800 1.357909066561022 76.00000000000202
3801 1.364698148844588 76.02000000000201
3802 1.371638956021999 76.04000000000201
3803 1.379344445085793 76.06000000000201
3804 1.387971081928623 76.080000000002
3805 1.396801882156698 76.100000000002
3806 1.405927973714789 76.12000000000199
3807 1.415664473864763 76.14000000000199
3808 1.425983828866642 76.16000000000199
3809 1.436711680116372 76.18000000000198
3810 1.448557031699285 76.20000000000198
3811 1.460550565959539 76.22000000000197
3812 1.473204555967885 76.24000000000197
3813 1.486223137092756 76.26000000000197
3814 1.49925009071857 76.28000000000196
3815 1.512327331566388 76.30000000000196
3816 1.525907019648092 76.32000000000195
3817 1.540011244202111 76.34000000000195
3818 1.554824711696275 76.36000000000195
3819 1.56941390129583 76.38000000000194
3820 1.584106546802416 76.40000000000194
3821 1.599218547395562 76.42000000000193
3822 1.6145481242424 76.44000000000193
3823 1.630034122818429 76.46000000000193
3824 1.645583663874165 76.48000000000192
3825 1.661309909024149 76.50000000000192
3826 1.676853754431542 76.52000000000191
3827 1.692378677725378 76.54000000000191
3828 1.708080242720492 76.56000000000191
3829 1.723855759657498 76.5800000000019
3830 1.739284576818595 76.6000000000019
3831 1.754559578637577 76.62000000000189
3832 1.769813925817205 76.64000000000189
3833 1.784790801411946 76.66000000000189
3834 1.799551416777386 76.68000000000188
3835 1.813916238769385 76.70000000000188
3836 1.828013703641107 76.72000000000187
3837 1.842020861257012 76.74000000000187
3838 1.855525410506831 76.76000000000187
3839 1.868621524336551 76.78000000000186
3840 1.88134273533012 76.80000000000186
3841 1.893762309714326 76.82000000000185
3842 1.905666459589298 76.84000000000185
3843 1.917129895475676 76.86000000000185
3844 1.928129104629331 76.88000000000184
3845 1.938503476038724 76.90000000000184
3846 1.948417985205485 76.92000000000183
3847 1.957658720736934 76.94000000000183
3848 1.966272010089251 76.96000000000183
3849 1.974174185460114 76.98000000000182
3850 1.981753029831326 77.00000000000182
3851 1.988467753863066 77.02000000000182
3852 1.99468786348173 77.04000000000181
3853 2.000375786764231 77.06000000000181
3854 2.005233729935927 77.0800000000018
3855 2.009526075278643 77.1000000000018
3856 2.013107181820267 77.1200000000018
3857 2.015846924833449 77.14000000000179
3858 2.018095790274787 77.16000000000179
3859 2.019740023775786 77.18000000000178
3860 2.020563782123982 77.20000000000178
3861 2.020775998683447 77.22000000000178
3862 2.020275540606367 77.24000000000177
3863 2.019121540684781 77.26000000000177
3864 2.017428870916656 77.28000000000176
3865 2.014885555325991 77.30000000000176
3866 2.011583370481189 77.32000000000176
3867 2.007734508316308 77.34000000000175
3868 2.003245078836961 77.36000000000175
3869 1.998162996531342 77.38000000000174
3870 1.992449101368982 77.40000000000174
3871 1.986287394392359 77.42000000000174
3872 1.979502650056578 77.44000000000173
3873 1.972069616254675 77.46000000000173
3874 1.96411578697596 77.48000000000172
3875 1.955688670438448 77.50000000000172
3876 1.946714502911704 77.52000000000172
3877 1.937184711988396 77.54000000000171
3878 1.927189061786533 77.56000000000171
3879 1.916701046262415 77.5800000000017
3880 1.905813560306214 77.6000000000017
3881 1.894546152375194 77.6200000000017
3882 1.882904264992255 77.64000000000169
3883 1.870903065071808 77.66000000000169
3884 1.85849837996339 77.68000000000168
3885 1.845761882350538 77.70000000000168
3886 1.832724270778053 77.72000000000168
3887 1.819417872302186 77.74000000000167
3888 1.805948727263075 77.76000000000167
3889 1.792227599764155 77.78000000000166
3890 1.778447088409288 77.80000000000166
3891 1.764529206075635 77.82000000000166
3892 1.750407353919844 77.84000000000165
3893 1.736143376597539 77.86000000000165
3894 1.721729369540618 77.88000000000164
3895 1.707296799951688 77.90000000000164
3896 1.692690216072589 77.92000000000164
3897 1.678235060359853 77.94000000000163
3898 1.663731250562075 77.96000000000163
3899 1.649257444484141 77.98000000000162
3900 1.634972095986784 78.00000000000162
3901 1.620702521656971 78.02000000000162
3902 1.606561267955732 78.04000000000161
3903 1.592546026698057 78.06000000000161
3904 1.57879147707518 78.0800000000016
3905 1.565033901387519 78.1000000000016
3906 1.551418230272022 78.1200000000016
3907 1.53801581520281 78.14000000000159
3908 1.524978983257176 78.16000000000159
3909 1.512246607197475 78.18000000000158
3910 1.499752756642905 78.20000000000158
3911 1.487689014603882 78.22000000000158
3912 1.475976943336499 78.24000000000157
3913 1.464689316448264 78.26000000000157
3914 1.453784806839924 78.28000000000156
3915 1.443178571308455 78.30000000000156
3916 1.432936259257025 78.32000000000156
3917 1.423020555741886 78.34000000000155
3918 1.413595399932654 78.36000000000155
3919 1.40460143891426 78.38000000000154
3920 1.396101383914065 78.40000000000154
3921 1.387972592059595 78.42000000000154
3922 1.380400544181973 78.44000000000153
3923 1.373525568752533 78.46000000000153
3924 1.367262981678128 78.48000000000152
3925 1.361441263149193 78.50000000000152
3926 1.356128402023263 78.52000000000152
3927 1.351281302542205 78.54000000000151
3928 1.347030389001989 78.56000000000151
3929 1.343289734614794 78.5800000000015
3930 1.340369283659424 78.6000000000015
3931 1.337816038379923 78.6200000000015
3932 1.335763690180271 78.64000000000149
3933 1.33471958353335 78.66000000000149
3934 1.334251483109268 78.68000000000148
3935 1.334099002673908 78.70000000000148
3936 1.33458121376323 78.72000000000148
3937 1.336054659579048 78.74000000000147
3938 1.338165632090178 78.76000000000147
3939 1.340787138718152 78.78000000000146
3940 1.343891266146759 78.80000000000146
3941 1.347738883499467 78.82000000000146
3942 1.352152104530691 78.84000000000145
3943 1.357277482533477 78.86000000000145
3944 1.362748602652248 78.88000000000144
3945 1.369079913058894 78.90000000000144
3946 1.376360710946668 78.92000000000144
3947 1.383878437095436 78.94000000000143
3948 1.391971600700859 78.96000000000143
3949 1.400801461824992 78.98000000000143
3950 1.410009819482882 79.00000000000142
3951 1.420249605571 79.02000000000142
3952 1.431277992682964 79.04000000000141
3953 1.442166856443711 79.06000000000141
3954 1.453510347569611 79.08000000000141
3955 1.465063466184941 79.1000000000014
3956 1.477165967257485 79.1200000000014
3957 1.489769084881145 79.14000000000139
3958 1.502786489365081 79.16000000000139
3959 1.516335285500464 79.18000000000139
3960 1.530459328914911 79.20000000000138
3961 1.544695768469001 79.22000000000138
3962 1.559164145973462 79.24000000000137
3963 1.573785891710589 79.26000000000137
3964 1.588665245514454 79.28000000000137
3965 1.603886378378246 79.30000000000136
3966 1.619293421568978 79.32000000000136
3967 1.634632638333003 79.34000000000135
3968 1.650059889591786 79.36000000000135
3969 1.66565602281624 79.38000000000135
3970 1.681397201399349 79.40000000000134
3971 1.69731409394457 79.42000000000134
3972 1.713113363115896 79.44000000000133
3973 1.728518533637248 79.46000000000133
3974 1.743719336535446 79.48000000000133
3975 1.758995131350794 79.50000000000132
3976 1.77411174277303 79.52000000000132
3977 1.78904638578616 79.54000000000131
3978 1.803603658450751 79.56000000000131
3979 1.817795648506127 79.58000000000131
3980 1.83185176418253 79.6000000000013
3981 1.845632266119817 79.6200000000013
3982 1.85892107564936 79.64000000000129
3983 1.871893701311577 79.66000000000129
3984 1.884561730737416 79.68000000000129
3985 1.896804331727598 79.70000000000128
3986 1.908625015389263 79.72000000000128
3987 1.919906691449378 79.74000000000127
3988 1.930624551870169 79.76000000000127
3989 1.94092905035407 79.78000000000127
3990 1.950637256035406 79.80000000000126
3991 1.959788157343643 79.82000000000126
3992 1.968330095693972 79.84000000000125
3993 1.976190223412058 79.86000000000125
3994 1.983401866419147 79.88000000000125
3995 1.990111617363191 79.90000000000124
3996 1.996277283895205 79.92000000000124
3997 2.001586797298454 79.94000000000123
3998 2.006213069809858 79.96000000000123
3999 2.010340404156755 79.98000000000123
4000 2.013699357837577 80.00000000000122
4001 2.016389885461777 80.02000000000122
4002 2.018342753887535 80.04000000000121
4003 2.019674650376341 80.06000000000121
4004 2.020290801287286 80.08000000000121
4005 2.020226627337611 80.1000000000012
4006 2.019505721485722 80.1200000000012
4007 2.018054687168444 80.14000000000119
4008 2.015937684309847 80.16000000000119
4009 2.013192014004463 80.18000000000119
4010 2.009772856468389 80.20000000000118
4011 2.005779209924055 80.22000000000118
4012 2.001055727407484 80.24000000000117
4013 1.995644163343372 80.26000000000117
4014 1.989782970439996 80.28000000000117
4015 1.9833725768021 80.30000000000116
4016 1.976376004340668 80.32000000000116
4017 1.968763195104518 80.34000000000115
4018 1.960576825499378 80.36000000000115
4019 1.951923969379104 80.38000000000115
4020 1.942680892607064 80.40000000000114
4021 1.932979293467517 80.42000000000114
4022 1.92288656564151 80.44000000000113
4023 1.912362272205938 80.46000000000113
4024 1.901324384190164 80.48000000000113
4025 1.890040025228043 80.50000000000112
4026 1.878371737533437 80.52000000000112
4027 1.866328738671201 80.54000000000111
4028 1.853793165396128 80.56000000000111
4029 1.841054152617453 80.58000000000111
4030 1.828082530572566 80.6000000000011
4031 1.814873989514072 80.6200000000011
4032 1.801316917650032 80.64000000000109
4033 1.78760533713468 80.66000000000109
4034 1.773772431512653 80.68000000000109
4035 1.759750794899872 80.70000000000108
4036 1.745537308595639 80.72000000000108
4037 1.731359507515147 80.74000000000107
4038 1.716948772151867 80.76000000000107
4039 1.702551666521749 80.78000000000107
4040 1.688036003438307 80.80000000000106
4041 1.673585216565578 80.82000000000106
4042 1.659174669341151 80.84000000000106
4043 1.644766622210252 80.86000000000105
4044 1.630386910618303 80.88000000000105
4045 1.616059714121524 80.90000000000104
4046 1.60181118199009 80.92000000000104
4047 1.587684381629342 80.94000000000104
4048 1.573801577581565 80.96000000000103
4049 1.560126984826686 80.98000000000103
4050 1.546616675941033 81.00000000000102
4051 1.533467645519972 81.02000000000102
4052 1.52063017400761 81.04000000000102
4053 1.508076701740037 81.06000000000101
4054 1.495727537606388 81.08000000000101
4055 1.483633343403382 81.100000000001
4056 1.471793430107232 81.120000000001
4057 1.460095631446595 81.140000000001
4058 1.448754960368289 81.16000000000099
4059 1.43775842162827 81.18000000000099
4060 1.427177077295178 81.20000000000098
4061 1.417012419828747 81.22000000000098
4062 1.407481198009811 81.24000000000098
4063 1.398533814656625 81.26000000000097
4064 1.390135115050801 81.28000000000097
4065 1.382138607561883 81.30000000000096
4066 1.374572142526726 81.32000000000096
4067 1.367487323045405 81.34000000000096
4068 1.361019572746241 81.36000000000095
4069 1.354872986851393 81.38000000000095
4070 1.349409208344768 81.40000000000094
4071 1.34425318858513 81.42000000000094
4072 1.339659400781816 81.44000000000094
4073 1.335859442450452 81.46000000000093
4074 1.332693049564372 81.48000000000093
4075 1.330124504977039 81.50000000000092
4076 1.328161287475929 81.52000000000092
4077 1.326969054788611 81.54000000000092
4078 1.326381664648638 81.56000000000091
4079 1.326346737564696 81.58000000000091
4080 1.326753381884196 81.6000000000009
4081 1.32806028903048 81.6200000000009
4082 1.329646472182247 81.6400000000009
4083 1.33184016149232 81.66000000000089
4084 1.334768370564708 81.68000000000089
4085 1.338418281760687 81.70000000000088
4086 1.342740178990209 81.72000000000088
4087 1.347302293147877 81.74000000000088
4088 1.352547640594491 81.76000000000087
4089 1.358734915987619 81.78000000000087
4090 1.365444795439323 81.80000000000086
4091 1.372551701851529 81.82000000000086
4092 1.380522968397822 81.84000000000086
4093 1.389175197256183 81.86000000000085
4094 1.398184917970365 81.88000000000085
4095 1.407273834463377 81.90000000000084
4096 1.417350705302304 81.92000000000084
4097 1.427552205157561 81.94000000000084
4098 1.438929051657175 81.96000000000083
4099 1.450439406883396 81.98000000000083
4100 1.462638298160342 82.00000000000082
4101 1.475462724203395 82.02000000000082
4102 1.488213290423121 82.04000000000082
4103 1.501128639392073 82.06000000000081
4104 1.51417624347736 82.08000000000081
4105 1.528064930053991 82.1000000000008
4106 1.54258749266222 82.1200000000008
4107 1.557141649937327 82.1400000000008
4108 1.571627534846079 82.16000000000079
4109 1.586514736150139 82.18000000000079
4110 1.601722187203938 82.20000000000078
4111 1.616938804783179 82.22000000000078
4112 1.632341149049011 82.24000000000078
4113 1.648128666031711 82.26000000000077
4114 1.663488225545589 82.28000000000077
4115 1.678847807982139 82.30000000000076
4116 1.694412248680343 82.32000000000076
4117 1.710186099071956 82.34000000000076
4118 1.725844802398048 82.36000000000075
4119 1.741195430718712 82.38000000000075
4120 1.756395842751119 82.40000000000074
4121 1.771550086981434 82.42000000000074
4122 1.786520031383884 82.44000000000074
4123 1.801079330928911 82.46000000000073
4124 1.815324301464368 82.48000000000073
4125 1.829427911909075 82.50000000000072
4126 1.843340369117066 82.52000000000072
4127 1.856682491456597 82.54000000000072
4128 1.869743006756029 82.56000000000071
4129 1.882471294833973 82.58000000000071
4130 1.894715392851236 82.6000000000007
4131 1.906531889164524 82.6200000000007
4132 1.917781393686997 82.6400000000007
4133 1.928598905344934 82.66000000000069
4134 1.938849064010455 82.68000000000069
4135 1.948483052522983 82.70000000000068
4136 1.957644878954887 82.72000000000068
4137 1.966146904721645 82.74000000000068
4138 1.973822360408275 82.76000000000067
4139 1.981150764660258 82.78000000000067
4140 1.987930813965092 82.80000000000067
4141 1.993979622817576 82.82000000000066
4142 1.999640172000085 82.84000000000066
4143 2.004435232358383 82.86000000000065
4144 2.008525060666927 82.88000000000065
4145 2.011857012451059 82.90000000000065
4146 2.01456131563667 82.92000000000064
4147 2.016746562593907 82.94000000000064
4148 2.018238353856172 82.96000000000063
4149 2.018858369863092 82.98000000000063
4150 2.018946503007442 83.00000000000063
4151 2.018385433357089 83.02000000000062
4152 2.017168911532883 83.04000000000062
4153 2.015330085222285 83.06000000000061
4154 2.012748193480776 83.08000000000061
4155 2.009397793673175 83.10000000000061
4156 2.005454994527508 83.1200000000006
4157 2.000821743803025 83.1400000000006
4158 1.995761920185466 83.16000000000059
4159 1.99006772614383 83.18000000000059
4160 1.983736664716433 83.20000000000059
4161 1.976907433634428 83.22000000000058
4162 1.969553362539244 83.24000000000058
4163 1.961626079036745 83.26000000000057
4164 1.953218208196937 83.28000000000057
4165 1.944168244533648 83.30000000000057
4166 1.93464737036824 83.32000000000056
4167 1.924698852943654 83.34000000000056
4168 1.914232144032995 83.36000000000055
4169 1.903341547024772 83.38000000000055
4170 1.892011416367137 83.40000000000055
4171 1.880328517044101 83.42000000000054
4172 1.868229161266586 83.44000000000054
4173 1.855795143938386 83.46000000000053
4174 1.843054428374202 83.48000000000053
4175 1.830070757082218 83.50000000000053
4176 1.816849812853069 83.52000000000052
4177 1.803469056664017 83.54000000000052
4178 1.789835408949075 83.56000000000051
4179 1.776068914892516 83.58000000000051
4180 1.762129502712446 83.60000000000051
4181 1.748021303740746 83.6200000000005
4182 1.733726310229412 83.6400000000005
4183 1.719348623367243 83.66000000000049
4184 1.704919766324263 83.68000000000049
4185 1.690628251244721 83.70000000000049
4186 1.676302183942519 83.72000000000048
4187 1.661878957131435 83.74000000000048
4188 1.64742259319864 83.76000000000047
4189 1.633189798198701 83.78000000000047
4190 1.618993659048636 83.80000000000047
4191 1.604934762471367 83.82000000000046
4192 1.590945776662958 83.84000000000046
4193 1.577065198793037 83.86000000000045
4194 1.563334387735412 83.88000000000045
4195 1.54985768591526 83.90000000000045
4196 1.536701415911671 83.92000000000044
4197 1.523686184770558 83.94000000000044
4198 1.511024827737948 83.96000000000043
4199 1.498743450640649 83.98000000000043
4200 1.48684105721615 84.00000000000043
4201 1.475300662430556 84.02000000000042
4202 1.464106818452402 84.04000000000042
4203 1.453195672494711 84.06000000000041
4204 1.442621533492366 84.08000000000041
4205 1.432418891285041 84.10000000000041
4206 1.422637431089231 84.1200000000004
4207 1.413232088344534 84.1400000000004
4208 1.404214542862302 84.16000000000039
4209 1.395755878485091 84.18000000000039
4210 1.387722791922896 84.20000000000039
4211 1.380334540708923 84.22000000000038
4212 1.373552010967219 84.24000000000038
4213 1.367128558609484 84.26000000000037
4214 1.361357770274633 84.28000000000037
4215 1.35608413666188 84.30000000000037
4216 1.351294088897031 84.32000000000036
4217 1.346964139353164 84.34000000000036
4218 1.343391591605461 84.36000000000035
4219 1.340273088997882 84.38000000000035
4220 1.337544371194987 84.40000000000035
4221 1.33575869395467 84.42000000000034
4222 1.33466761281065 84.44000000000034
4223 1.333944069950651 84.46000000000033
4224 1.333814937708955 84.48000000000033
4225 1.334461777578194 84.50000000000033
4226 1.336043555943507 84.52000000000032
4227 1.337943121682126 84.54000000000032
4228 1.340396471151641 84.56000000000031
4229 1.343444606163397 84.58000000000031
4230 1.347139438135454 84.60000000000031
4231 1.351434952137584 84.6200000000003
4232 1.356304282202992 84.6400000000003
4233 1.361696453194525 84.6600000000003
4234 1.368132798221342 84.68000000000029
4235 1.375141383304189 84.70000000000029
4236 1.382447597569165 84.72000000000028
4237 1.390534310731181 84.74000000000028
4238 1.399219702076182 84.76000000000028
4239 1.408324958067808 84.78000000000027
4240 1.418672686737322 84.80000000000027
4241 1.429089179073405 84.82000000000026
4242 1.439972446592619 84.84000000000026
4243 1.450871938406987 84.86000000000026
4244 1.462271431783671 84.88000000000025
4245 1.47418528530299 84.90000000000025
4246 1.486641593491095 84.92000000000024
4247 1.499361705637488 84.94000000000024
4248 1.512876248986905 84.96000000000024
4249 1.526640988192328 84.98000000000023
4250 1.540686853977416 85.00000000000023
4251 1.554822252026193 85.02000000000022
4252 1.569123448545571 85.04000000000022
4253 1.583850620211924 85.06000000000022
4254 1.599041566997279 85.08000000000021
4255 1.614115547576788 85.10000000000021
4256 1.629241007683728 85.1200000000002
4257 1.64439335020149 85.1400000000002
4258 1.659672830766943 85.1600000000002
4259 1.675291512100993 85.18000000000019
4260 1.690923424905095 85.20000000000019
4261 1.706354766392955 85.22000000000018
4262 1.721428881018553 85.24000000000018
4263 1.736452004577615 85.26000000000018
4264 1.751549356914842 85.28000000000017
4265 1.766586370392722 85.30000000000017
4266 1.78140209998028 85.32000000000016
4267 1.795706881967616 85.34000000000016
4268 1.809645566498475 85.36000000000016
4269 1.82353173295467 85.38000000000015
4270 1.837170983977411 85.40000000000015
4271 1.850269667650655 85.42000000000014
4272 1.863121027486232 85.44000000000014
4273 1.87564027409489 85.46000000000014
4274 1.887804108684398 85.48000000000013
4275 1.899393339785929 85.50000000000013
4276 1.910523987860535 85.52000000000012
4277 1.92123484146728 85.54000000000012
4278 1.9315115947804 85.56000000000012
4279 1.941156058293332 85.58000000000011
4280 1.95032237745536 85.60000000000011
4281 1.958828917733942 85.6200000000001
4282 1.966627639368645 85.6400000000001
4283 1.973910286993209 85.6600000000001
4284 1.980639428027294 85.68000000000009
4285 1.986662697462856 85.70000000000009
4286 1.992125587165938 85.72000000000008
4287 1.996861814323506 85.74000000000008
4288 2.001023692156284 85.76000000000008
4289 2.004514865740889 85.78000000000007
4290 2.007277631463303 85.80000000000007
4291 2.009322318599285 85.82000000000006
4292 2.010760617543101 85.84000000000006
4293 2.011449165442981 85.86000000000006
4294 2.011561406356461 85.88000000000005
4295 2.010983964716625 85.90000000000005
4296 2.009714172690872 85.92000000000004
4297 2.007735924776709 85.94000000000004
4298 2.005199035844688 85.96000000000004
4299 2.001921045634929 85.98000000000003
4300 1.998100267258664 86.00000000000003
4301 1.99357682753703 86.02000000000002
4302 1.988467968202115 86.04000000000002
4303 1.982846890473561 86.06000000000002
4304 1.976610357086411 86.08000000000001
4305 1.969790884276782 86.10000000000001
4306 1.962467336675584 86.12
4307 1.954574006606189 86.14
4308 1.946156993732311 86.16
4309 1.937172399005606 86.17999999999999
4310 1.927768773742659 86.19999999999999
4311 1.91791176742013 86.21999999999998
4312 1.907565138950134 86.23999999999998
4313 1.896889163757207 86.25999999999998
4314 1.885843977355667 86.27999999999997
4315 1.874385628714523 86.29999999999997
4316 1.862476664057988 86.31999999999996
4317 1.850256909064188 86.33999999999996
4318 1.837834805388821 86.35999999999996
4319 1.825094376867239 86.37999999999995
4320 1.812049876028968 86.39999999999995
4321 1.798806662377496 86.41999999999994
4322 1.785426599555655 86.43999999999994
4323 1.771752026060288 86.45999999999994
4324 1.758002758798234 86.47999999999993
4325 1.744039183048992 86.49999999999993
4326 1.729953413789694 86.51999999999992
4327 1.715784617530717 86.53999999999992
4328 1.701520024624759 86.55999999999992
4329 1.687281245724657 86.57999999999991
4330 1.673082539539112 86.59999999999991
4331 1.658821768288017 86.61999999999991
4332 1.644499890698504 86.6399999999999
4333 1.630329967092759 86.6599999999999
4334 1.616146787765433 86.67999999999989
4335 1.602088543990373 86.69999999999989
4336 1.588265397091378 86.71999999999989
4337 1.574495874961379 86.73999999999988
4338 1.560968079395008 86.75999999999988
4339 1.547665858848969 86.77999999999987
4340 1.534676072703052 86.79999999999987
4341 1.521903193762497 86.81999999999987
4342 1.509360060282142 86.83999999999986
4343 1.497049880647306 86.85999999999986
4344 1.48495765212875 86.87999999999985
4345 1.473034097544524 86.89999999999985
4346 1.461332119177652 86.91999999999985
4347 1.450037109533412 86.93999999999984
4348 1.439142517277982 86.95999999999984
4349 1.428591153290714 86.97999999999983
4350 1.418538450005493 86.99999999999983
4351 1.409086178945839 87.01999999999983
4352 1.400107838789145 87.03999999999982
4353 1.391678251074234 87.05999999999982
4354 1.383649677728486 87.07999999999981
4355 1.376110115806828 87.09999999999981
4356 1.368900633730101 87.11999999999981
4357 1.362254164374778 87.1399999999998
4358 1.356105780736271 87.1599999999998
4359 1.350373436868574 87.17999999999979
4360 1.345131432852571 87.19999999999979
4361 1.340461234699949 87.21999999999979
4362 1.336528288434019 87.23999999999978
4363 1.33320959054118 87.25999999999978
4364 1.330418885934681 87.27999999999977
4365 1.328253397273685 87.29999999999977
4366 1.326903514522784 87.31999999999977
4367 1.326144902646876 87.33999999999976
4368 1.325911504328356 87.35999999999976
4369 1.326128474273981 87.37999999999975
4370 1.327088654360215 87.39999999999975
4371 1.328416980631664 87.41999999999975
4372 1.330381343559124 87.43999999999974
4373 1.33305687854498 87.45999999999974
4374 1.336460294132232 87.47999999999973
4375 1.340487807486048 87.49999999999973
4376 1.344745115084411 87.51999999999973
4377 1.34969278427705 87.53999999999972
4378 1.355641396882614 87.55999999999972
4379 1.362119411298405 87.57999999999971
4380 1.368977292569837 87.59999999999971
4381 1.376687357195266 87.61999999999971
4382 1.384880890450425 87.6399999999997
4383 1.393713780049812 87.6599999999997
4384 1.402420937054338 87.67999999999969
4385 1.412186116567367 87.69999999999969
4386 1.422094381367835 87.71999999999969
4387 1.433056424316569 87.73999999999968
4388 1.444268737291149 87.75999999999968
4389 1.456159405132317 87.77999999999967
4390 1.468715663431579 87.79999999999967
4391 1.481160502406993 87.81999999999967
4392 1.493790796553234 87.83999999999966
4393 1.506704709358869 87.85999999999966
4394 1.520281611967539 87.87999999999965
4395 1.534514421039787 87.89999999999965
4396 1.548712232691196 87.91999999999965
4397 1.562973790684621 87.93999999999964
4398 1.577556749050443 87.95999999999964
4399 1.592498551625097 87.97999999999963
4400 1.607443684167086 87.99999999999963
4401 1.62264323700704 88.01999999999963
4402 1.638104801428664 88.03999999999962
4403 1.653309462949635 88.05999999999962
4404 1.668549123598316 88.07999999999961
4405 1.683983776537114 88.09999999999961
4406 1.699577290143186 88.11999999999961
4407 1.71501678638655 88.1399999999996
4408 1.730309444780669 88.1599999999996
4409 1.745441746986848 88.17999999999959
4410 1.760547964822487 88.19999999999959
4411 1.775396203265478 88.21999999999959
4412 1.789902163338944 88.23999999999958
4413 1.804111636941101 88.25999999999958
4414 1.818201576368929 88.27999999999957
4415 1.83206958377249 88.29999999999957
4416 1.845413207168185 88.31999999999957
4417 1.85852930189968 88.33999999999956
4418 1.871308024238342 88.35999999999956
4419 1.883618336490299 88.37999999999955
4420 1.895356683903346 88.39999999999955
4421 1.906667298782582 88.41999999999955
4422 1.917600694431699 88.43999999999954
4423 1.927962648660944 88.45999999999954
4424 1.937793063214906 88.47999999999954
4425 1.947087608023198 88.49999999999953
4426 1.955801581687736 88.51999999999953
4427 1.963712528924344 88.53999999999952
4428 1.971165882367182 88.55999999999952
4429 1.978137024012917 88.57999999999952
4430 1.984486418873094 88.59999999999951
4431 1.990299106770323 88.61999999999951
4432 1.995469038645688 88.6399999999995
4433 1.999770712060065 88.6599999999995
4434 2.003423664155013 88.6799999999995
4435 2.006339783443091 88.69999999999949
4436 2.008788450983776 88.71999999999949
4437 2.010597525300543 88.73999999999948
4438 2.01149895902653 88.75999999999948
4439 2.011851627590952 88.77999999999948
4440 2.011641937762769 88.79999999999947
4441 2.010684282497916 88.81999999999947
4442 2.009145223701007 88.83999999999946
4443 2.006976571290835 88.85999999999946
4444 2.004046518078603 88.87999999999946
4445 2.000415408416955 88.89999999999945
4446 1.996182264660844 88.91999999999945
4447 1.991444367760131 88.93999999999944
4448 1.986068776483012 88.95999999999944
4449 1.980063405415494 88.97999999999944
4450 1.973570735626002 88.99999999999943
4451 1.966610709165941 89.01999999999943
4452 1.959000755846229 89.03999999999942
4453 1.950895317399164 89.05999999999942
4454 1.942213764991457 89.07999999999942
4455 1.933053307038635 89.09999999999941
4456 1.923438175416997 89.11999999999941
4457 1.913351690086686 89.1399999999994
4458 1.902755463771591 89.1599999999994
4459 1.891757115437454 89.1799999999994
4460 1.880348212843021 89.19999999999939
4461 1.868548610391374 89.21999999999939
4462 1.856330046590435 89.23999999999938
4463 1.843863820565316 89.25999999999938
4464 1.831176177936075 89.27999999999938
4465 1.818266436498336 89.29999999999937
4466 1.805112880167814 89.31999999999937
4467 1.791702122464116 89.33999999999936
4468 1.778169824931725 89.35999999999936
4469 1.764469368090587 89.37999999999936
4470 1.750539503782726 89.39999999999935
4471 1.736419665339207 89.41999999999935
4472 1.722219378250573 89.43999999999934
4473 1.707975971502684 89.45999999999934
4474 1.693891631012462 89.47999999999934
4475 1.679651188105465 89.49999999999933
4476 1.665379051275463 89.51999999999933
4477 1.651096094433004 89.53999999999932
4478 1.636935035380284 89.55999999999932
4479 1.62284210232201 89.57999999999932
4480 1.608838835826031 89.59999999999931
4481 1.59490436667283 89.61999999999931
4482 1.58108965654466 89.6399999999993
4483 1.567458183541806 89.6599999999993
4484 1.554013461014406 89.6799999999993
4485 1.540867759879777 89.69999999999929
4486 1.527907530108009 89.71999999999929
4487 1.515292279181827 89.73999999999928
4488 1.503046561903048 89.75999999999928
4489 1.49112472167127 89.77999999999928
4490 1.479525144608407 89.79999999999927
4491 1.468252456294357 89.81999999999927
4492 1.4572729849099 89.83999999999926
4493 1.446610059528034 89.85999999999926
4494 1.436288621619494 89.87999999999926
4495 1.426318660586531 89.89999999999925
4496 1.416757274737717 89.91999999999925
4497 1.407667886698746 89.93999999999924
4498 1.399070576950167 89.95999999999924
4499 1.390841657447088 89.97999999999924
4500 1.383294301062409 89.99999999999923
4501 1.376349459835341 90.01999999999923
4502 1.369819297822046 90.03999999999922
4503 1.36384725205142 90.05999999999922
4504 1.358354575763193 90.07999999999922
4505 1.353292414632798 90.09999999999921
4506 1.348752010703758 90.11999999999921
4507 1.344884850763432 90.1399999999992
4508 1.341547620146416 90.1599999999992
4509 1.338576464817021 90.1799999999992
4510 1.336429583137638 90.19999999999919
4511 1.335145448824834 90.21999999999919
4512 1.334101969291306 90.23999999999918
4513 1.333728156266941 90.25999999999918
4514 1.334050624811574 90.27999999999918
4515 1.335253412935769 90.29999999999917
4516 1.336836692936768 90.31999999999917
4517 1.339027343845659 90.33999999999916
4518 1.34166723495789 90.35999999999916
4519 1.345154173818929 90.37999999999916
4520 1.349012268531378 90.39999999999915
4521 1.353595054732899 90.41999999999915
4522 1.358582187707911 90.43999999999915
4523 1.364630412999749 90.45999999999914
4524 1.371363171477747 90.47999999999914
4525 1.378332319315007 90.49999999999913
4526 1.386010686847231 90.51999999999913
4527 1.394425430546593 90.53999999999913
4528 1.403151197957881 90.55999999999912
4529 1.41295374695338 90.57999999999912
4530 1.423188165707053 90.59999999999911
4531 1.433802689238948 90.61999999999911
4532 1.444446649563723 90.63999999999911
4533 1.455519817386597 90.6599999999991
4534 1.467077803688097 90.6799999999991
4535 1.479205799419129 90.69999999999909
4536 1.491552636076302 90.71999999999909
4537 1.504748063235173 90.73999999999909
4538 1.518329688166027 90.75999999999908
4539 1.532036038560987 90.77999999999908
4540 1.546042645432071 90.79999999999907
4541 1.560139981081221 90.81999999999907
4542 1.574663727905776 90.83999999999907
4543 1.589586830939468 90.85999999999906
4544 1.604476408774337 90.87999999999906
4545 1.619425555797769 90.89999999999905
4546 1.63441493212085 90.91999999999905
4547 1.649517085662767 90.93999999999905
4548 1.664882357769232 90.95999999999904
4549 1.680446272573636 90.97999999999904
4550 1.695823869961709 90.99999999999903
4551 1.710894730347069 91.01999999999903
4552 1.725912375089754 91.03999999999903
4553 1.740889961753946 91.05999999999902
4554 1.755859301926652 91.07999999999902
4555 1.770706733054641 91.09999999999901
4556 1.785110135348646 91.11999999999901
4557 1.79911916480027 91.13999999999901
4558 1.812982070922634 91.159999999999
4559 1.826683501970454 91.179999999999
4560 1.839932176582471 91.19999999999899
4561 1.85282852269488 91.21999999999899
4562 1.865461224903364 91.23999999999899
4563 1.877748583725971 91.25999999999898
4564 1.889466462349857 91.27999999999898
4565 1.900751359103404 91.29999999999897
4566 1.911636978465275 91.31999999999897
4567 1.922093796516765 91.33999999999897
4568 1.932057899962105 91.35999999999896
4569 1.941416837992056 91.37999999999896
4570 1.950236317063706 91.39999999999895
4571 1.9583610514428 91.41999999999895
4572 1.965841525843273 91.43999999999895
4573 1.972855389383348 91.45999999999894
4574 1.979160815493686 91.47999999999894
4575 1.984905339639005 91.49999999999893
4576 1.990014405854603 91.51999999999893
4577 1.994523613182431 91.53999999999893
4578 1.998319094917928 91.55999999999892
4579 2.001507078482894 91.57999999999892
4580 2.003918350476162 91.59999999999891
4581 2.005650060740238 91.61999999999891
4582 2.006734236871747 91.63999999999891
4583 2.007169647399072 91.6599999999989
4584 2.007014880637699 91.6799999999989
4585 2.006134332612751 91.69999999999889
4586 2.004586367081455 91.71999999999889
4587 2.00242083241154 91.73999999999889
4588 1.999528422713391 91.75999999999888
4589 1.996010300816484 91.77999999999888
4590 1.991902028026131 91.79999999999887
4591 1.987166851392156 91.81999999999887
4592 1.981888235658227 91.83999999999887
4593 1.976013732183296 91.85999999999886
4594 1.969539534468294 91.87999999999886
4595 1.962603857825106 91.89999999999885
4596 1.955109981247602 91.91999999999885
4597 1.947051797547684 91.93999999999885
4598 1.938399167820551 91.95999999999884
4599 1.929320441643257 91.97999999999884
4600 1.91981109202115 91.99999999999883
4601 1.909799052250466 92.01999999999883
4602 1.899443719502995 92.03999999999883
4603 1.888705045778782 92.05999999999882
4604 1.877547346871689 92.07999999999882
4605 1.865925478554306 92.09999999999881
4606 1.85397910143271 92.11999999999881
4607 1.84178590009303 92.13999999999881
4608 1.829296695474956 92.1599999999988
4609 1.816491499560892 92.1799999999988
4610 1.80346709179735 92.19999999999879
4611 1.790296450905868 92.21999999999879
4612 1.776818985633323 92.23999999999879
4613 1.763250260837783 92.25999999999878
4614 1.749484212072929 92.27999999999878
4615 1.735523011117319 92.29999999999878
4616 1.721525406677606 92.31999999999877
4617 1.707477484801848 92.33999999999877
4618 1.693295466695182 92.35999999999876
4619 1.679228479512593 92.37999999999876
4620 1.665059153595578 92.39999999999876
4621 1.650817046387062 92.41999999999875
4622 1.636641161589575 92.43999999999875
4623 1.622590324783318 92.45999999999874
4624 1.608559956517532 92.47999999999874
4625 1.594730571521592 92.49999999999874
4626 1.580980600766845 92.51999999999873
4627 1.567435865124616 92.53999999999873
4628 1.554117224907625 92.55999999999872
4629 1.541043944621719 92.57999999999872
4630 1.528216311593172 92.59999999999872
4631 1.51559449565441 92.61999999999871
4632 1.503222893441467 92.63999999999871
4633 1.491027734068082 92.6599999999987
4634 1.479021121247822 92.6799999999987
4635 1.467260632913598 92.6999999999987
4636 1.455799484403536 92.71999999999869
4637 1.44478248494841 92.73999999999869
4638 1.434086195098639 92.75999999999868
4639 1.423790237209731 92.77999999999868
4640 1.414102036799445 92.79999999999868
4641 1.404915038742471 92.81999999999867
4642 1.396225995169592 92.83999999999867
4643 1.388013574129843 92.85999999999866
4644 1.380193069875498 92.87999999999866
4645 1.372774705728999 92.89999999999866
4646 1.365901128604708 92.91999999999865
4647 1.359435890493162 92.93999999999865
4648 1.353455756981443 92.95999999999864
4649 1.347998449283946 92.97999999999864
4650 1.342910453473639 92.99999999999864
4651 1.338608009058809 93.01999999999863
4652 1.3349729432225 93.03999999999863
4653 1.331833312691728 93.05999999999862
4654 1.32931976670609 93.07999999999862
4655 1.327554022871825 93.09999999999862
4656 1.326440794269928 93.11999999999861
4657 1.325863148119571 93.13999999999861
4658 1.325723181765404 93.1599999999986
4659 1.326324728099797 93.1799999999986
4660 1.327227215444788 93.1999999999986
4661 1.328828472669393 93.21999999999859
4662 1.331096759325543 93.23999999999859
4663 1.334008120368396 93.25999999999858
4664 1.337690886175416 93.27999999999858
4665 1.341706185195876 93.29999999999858
4666 1.346223146277453 93.31999999999857
4667 1.351525345952199 93.33999999999857
4668 1.357798533866238 93.35999999999856
4669 1.364209699942836 93.37999999999856
4670 1.3714383238896 93.39999999999856
4671 1.379213899202251 93.41999999999855
4672 1.387669643745129 93.43999999999855
4673 1.396229869573007 93.45999999999854
4674 1.405441459783314 93.47999999999854
4675 1.415085133165587 93.49999999999854
4676 1.425467106807725 93.51999999999853
4677 1.436432683751211 93.53999999999853
4678 1.447773394406242 93.55999999999852
4679 1.460011763313611 93.57999999999852
4680 1.472415777953759 93.59999999999852
4681 1.484820588383173 93.61999999999851
4682 1.497407404963971 93.63999999999851
4683 1.510522800214631 93.6599999999985
4684 1.524466131785519 93.6799999999985
4685 1.538579740607327 93.6999999999985
4686 1.552617880300414 93.71999999999849
4687 1.566897857111798 93.73999999999849
4688 1.581600020102028 93.75999999999848
4689 1.596498123442741 93.77999999999848
4690 1.611404497085469 93.79999999999848
4691 1.626675445256027 93.81999999999847
4692 1.641961454881221 93.83999999999847
4693 1.657126807209282 93.85999999999846
4694 1.672359641042616 93.87999999999846
4695 1.6878861427228 93.89999999999846
4696 1.703291328148423 93.91999999999845
4697 1.718668445748449 93.93999999999845
4698 1.733803255385429 93.95999999999844
4699 1.748869779924662 93.97999999999844
4700 1.763899339006988 93.99999999999844
4701 1.778491083201986 94.01999999999843
4702 1.792823493756126 94.03999999999843
4703 1.807012823896127 94.05999999999842
4704 1.820976122322705 94.07999999999842
4705 1.834592423289088 94.09999999999842
4706 1.847741526026051 94.11999999999841
4707 1.860754262546781 94.13999999999841
4708 1.873311094283486 94.1599999999984
4709 1.885355566428702 94.1799999999984
4710 1.896881110081742 94.1999999999984
4711 1.908071749724459 94.21999999999839
4712 1.91875460859203 94.23999999999839
4713 1.928912151483422 94.25999999999839
4714 1.938515020339748 94.27999999999838
4715 1.947624088965078 94.29999999999838
4716 1.956018135983129 94.31999999999837
4717 1.963711265639164 94.33999999999837
4718 1.970981115836296 94.35999999999837
4719 1.97775999624037 94.37999999999836
4720 1.983931834844356 94.39999999999836
4721 1.989514524669706 94.41999999999835
4722 1.994420941228583 94.43999999999835
4723 1.998491408333441 94.45999999999835
4724 2.001799109757711 94.47999999999834
4725 2.004632272451286 94.49999999999834
4726 2.006918490732149 94.51999999999833
4727 2.008336609411081 94.53999999999833
4728 2.009073987102132 94.55999999999833
4729 2.009266193213435 94.57999999999832
4730 2.008800952174443 94.59999999999832
4731 2.007650307223273 94.61999999999831
4732 2.005935451501905 94.63999999999831
4733 2.003566138149956 94.65999999999831
4734 2.000400977462359 94.6799999999983
4735 1.996592285206206 94.6999999999983
4736 1.992255334910986 94.71999999999829
4737 1.987343970716084 94.73999999999829
4738 1.981760789433645 94.75999999999829
4739 1.975608465802459 94.77999999999828
4740 1.969073756245045 94.79999999999828
4741 1.961869842613639 94.81999999999827
4742 1.95413295086018 94.83999999999827
4743 1.945854974183161 94.85999999999827
4744 1.937065360319442 94.87999999999826
4745 1.92781684265252 94.89999999999826
4746 1.918084602338267 94.91999999999825
4747 1.907869206551693 94.93999999999825
4748 1.897174785329928 94.95999999999825
4749 1.886092592798214 94.97999999999824
4750 1.87460658206239 94.99999999999824
4751 1.86269186003714 95.01999999999823
4752 1.85042227350386 95.03999999999823
4753 1.837963740635822 95.05999999999823
4754 1.825284763065332 95.07999999999822
4755 1.812344088726504 95.09999999999822
4756 1.799131085705673 95.11999999999821
4757 1.785746371363962 95.13999999999821
4758 1.772231849382069 95.15999999999821
4759 1.758481344584754 95.1799999999982
4760 1.744510318923328 95.1999999999982
4761 1.730400220344767 95.21999999999819
4762 1.716248035875042 95.23999999999819
4763 1.702134341337716 95.25999999999819
4764 1.688053572802351 95.27999999999818
4765 1.673828530543691 95.29999999999818
4766 1.659577952624883 95.31999999999817
4767 1.645416904032857 95.33999999999817
4768 1.631339020406654 95.35999999999817
4769 1.617302601382602 95.37999999999816
4770 1.603362404955258 95.39999999999816
4771 1.589500467013783 95.41999999999815
4772 1.575823168830967 95.43999999999815
4773 1.562290843027067 95.45999999999815
4774 1.549070178639314 95.47999999999814
4775 1.535938722213443 95.49999999999814
4776 1.523224219432347 95.51999999999813
4777 1.510753227202937 95.53999999999813
4778 1.498671560180916 95.55999999999813
4779 1.486906252468336 95.57999999999812
4780 1.475405378709933 95.59999999999812
4781 1.464303195864684 95.61999999999811
4782 1.453401963071453 95.63999999999811
4783 1.442896164191735 95.65999999999811
4784 1.432699186046461 95.6799999999981
4785 1.422914703324566 95.6999999999981
4786 1.413511622665355 95.71999999999809
4787 1.404681342044945 95.73999999999809
4788 1.396158997194046 95.75999999999809
4789 1.38821845115702 95.77999999999808
4790 1.380938637881253 95.79999999999808
4791 1.374110784623864 95.81999999999807
4792 1.36777435531662 95.83999999999807
4793 1.361958187637341 95.85999999999807
4794 1.35663608094 95.87999999999806
4795 1.35172367753027 95.89999999999806
4796 1.347418571568341 95.91999999999805
4797 1.343754761144957 95.93999999999805
4798 1.340513246855627 95.95999999999805
4799 1.33776692050795 95.97999999999804
4800 1.336023356889749 95.99999999999804
4801 1.334827532887073 96.01999999999803
4802 1.333911023945723 96.03999999999803
4803 1.333814256404038 96.05999999999803
4804 1.334475687519842 96.07999999999802
4805 1.335759547594846 96.09999999999802
4806 1.337539136953314 96.11999999999802
4807 1.339854028303316 96.13999999999801
4808 1.342830025870039 96.15999999999801
4809 1.34633033484327 96.179999999998
4810 1.350448804213322 96.199999999998
4811 1.355174546878656 96.219999999998
4812 1.360457550732977 96.23999999999799
4813 1.366800105190817 96.25999999999799
4814 1.373529401784759 96.27999999999798
4815 1.380734094021636 96.29999999999798
4816 1.388682624726279 96.31999999999798
4817 1.397138539299176 96.33999999999797
4818 1.406115011279946 96.35999999999797
4819 1.416309242567419 96.37999999999796
4820 1.426411640420433 96.39999999999796
4821 1.437126828650597 96.41999999999796
4822 1.447848471625024 96.43999999999795
4823 1.45902082802043 96.45999999999795
4824 1.470769141372412 96.47999999999794
4825 1.482925200889101 96.49999999999794
4826 1.495496692434775 96.51999999999794
4827 1.508917011291005 96.53999999999793
4828 1.522414919053791 96.55999999999793
4829 1.536282976351429 96.57999999999792
4830 1.550235951521688 96.59999999999792
4831 1.564469541364837 96.61999999999792
4832 1.579091039097942 96.63999999999791
4833 1.594075931189692 96.65999999999791
4834 1.608862438604418 96.6799999999979
4835 1.623779161476778 96.6999999999979
4836 1.638782198738819 96.7199999999979
4837 1.653899721760559 96.73999999999789
4838 1.669404612414718 96.75999999999789
4839 1.684878408430314 96.77999999999788
4840 1.700124214838568 96.79999999999788
4841 1.715122744015804 96.81999999999788
4842 1.73008623263518 96.83999999999787
4843 1.745062588734709 96.85999999999787
4844 1.760011228915362 96.87999999999786
4845 1.774715055227042 96.89999999999786
4846 1.788928479861492 96.91999999999786
4847 1.802840712136374 96.93999999999785
4848 1.816673340207479 96.95999999999785
4849 1.830184407772822 96.97999999999784
4850 1.843281722518991 96.99999999999784
4851 1.856147296488757 97.01999999999784
4852 1.868600006484848 97.03999999999783
4853 1.880709411752649 97.05999999999783
4854 1.892230075717009 97.07999999999782
4855 1.903410249727506 97.09999999999782
4856 1.914125508310238 97.11999999999782
4857 1.924453081171837 97.13999999999781
4858 1.934198102338248 97.15999999999781
4859 1.943380824701963 97.1799999999978
4860 1.951955849391995 97.1999999999978
4861 1.959853613382775 97.2199999999978
4862 1.967191085712814 97.23999999999779
4863 1.973986225655663 97.25999999999779
4864 1.980072023771379 97.27999999999778
4865 1.985621779156731 97.29999999999778
4866 1.99058233115142 97.31999999999778
4867 1.994762487521178 97.33999999999777
4868 1.998457621455843 97.35999999999777
4869 2.001367689409238 97.37999999999776
4870 2.003549940435307 97.39999999999776
4871 2.005076361656788 97.41999999999776
4872 2.005976725882514 97.43999999999775
4873 2.006226201024647 97.45999999999775
4874 2.005853757315128 97.47999999999774
4875 2.004757407334771 97.49999999999774
4876 2.003047710394788 97.51999999999774
4877 2.000643557775744 97.53999999999773
4878 1.997516162581714 97.55999999999773
4879 1.993816539301065 97.57999999999772
4880 1.989552600673105 97.59999999999772
4881 1.984660063768522 97.61999999999772
4882 1.979206641467128 97.63999999999771
4883 1.973123979054822 97.65999999999771
4884 1.966534985463195 97.6799999999977
4885 1.95945645982483 97.6999999999977
4886 1.951789294850877 97.7199999999977
4887 1.943546882914507 97.73999999999769
4888 1.934771880506689 97.75999999999769
4889 1.925607631475513 97.77999999999768
4890 1.915950691866531 97.79999999999768
4891 1.905839154057924 97.81999999999768
4892 1.895425521015557 97.83999999999767
4893 1.884559682299255 97.85999999999767
4894 1.873251022022434 97.87999999999766
4895 1.861539991219754 97.89999999999766
4896 1.849539105040174 97.91999999999766
4897 1.837302963299158 97.93999999999765
4898 1.82471638882628 97.95999999999765
4899 1.81185751135162 97.97999999999764
4900 1.798847647284485 97.99999999999764
4901 1.785558988811872 98.01999999999764
4902 1.772083655786804 98.03999999999763
4903 1.758492611868278 98.05999999999763
4904 1.744631992523848 98.07999999999763
4905 1.730731736830377 98.09999999999762
4906 1.716713276076028 98.11999999999762
4907 1.702634842397739 98.13999999999761
4908 1.688550907359005 98.15999999999761
4909 1.674478797032213 98.17999999999761
4910 1.660335152511662 98.1999999999976
4911 1.646169886678655 98.2199999999976
4912 1.632037068789114 98.23999999999759
4913 1.6179612572486 98.25999999999759
4914 1.604048305750106 98.27999999999759
4915 1.590245028287312 98.29999999999758
4916 1.576571393494121 98.31999999999758
4917 1.563132715759352 98.33999999999757
4918 1.549903718814375 98.35999999999757
4919 1.536933392092251 98.37999999999757
4920 1.524177783941756 98.39999999999756
4921 1.511654135335728 98.41999999999756
4922 1.499346940954533 98.43999999999755
4923 1.487198122068787 98.45999999999755
4924 1.475289871919361 98.47999999999755
4925 1.463625363982561 98.49999999999754
4926 1.452327407956412 98.51999999999754
4927 1.44144518228935 98.53999999999753
4928 1.430837931599523 98.55999999999753
4929 1.420772458853405 98.57999999999753
4930 1.411265250441283 98.59999999999752
4931 1.402227706163832 98.61999999999752
4932 1.393723865709975 98.63999999999751
4933 1.385615540791395 98.65999999999751
4934 1.377958408955076 98.67999999999751
4935 1.370713488917414 98.6999999999975
4936 1.363933165866657 98.7199999999975
4937 1.35764070671615 98.73999999999749
4938 1.351792488702542 98.75999999999749
4939 1.3464317785106 98.77999999999749
4940 1.341568959419556 98.79999999999748
4941 1.337482847995684 98.81999999999748
4942 1.334012189306775 98.83999999999747
4943 1.331025092889778 98.85999999999747
4944 1.328749409482758 98.87999999999747
4945 1.327197977546083 98.89999999999746
4946 1.326231748990713 98.91999999999746
4947 1.325815446074896 98.93999999999745
4948 1.325818439946677 98.95999999999745
4949 1.326534924612492 98.97999999999745
4950 1.327632249617611 98.99999999999744
4951 1.329404173257241 99.01999999999744
4952 1.331834192492595 99.03999999999743
4953 1.334983952667764 99.05999999999743
4954 1.338788412631046 99.07999999999743
4955 1.342891981689183 99.09999999999742
4956 1.34758399339585 99.11999999999742
4957 1.35321612646089 99.13999999999741
4958 1.359556891472899 99.15999999999741
4959 1.366147501058589 99.17999999999741
4960 1.373580934043499 99.1999999999974
4961 1.381459257509807 99.2199999999974
4962 1.39014621680671 99.23999999999739
4963 1.398565481049404 99.25999999999739
4964 1.408107599232916 99.27999999999739
4965 1.417791548901674 99.29999999999738
4966 1.428422658812854 99.31999999999738
4967 1.43942939971554 99.33999999999737
4968 1.451018265459886 99.35999999999737
4969 1.463366799552962 99.37999999999737
4970 1.475673358915516 99.39999999999736
4971 1.488122088436011 99.41999999999736
4972 1.500842795270528 99.43999999999735
4973 1.514107491910772 99.45999999999735
4974 1.528188048836069 99.47999999999735
4975 1.542206669791291 99.49999999999734
4976 1.556286217087556 99.51999999999734
4977 1.570675814196968 99.53999999999733
4978 1.585425640587453 99.55999999999733
4979 1.600293202487704 99.57999999999733
4980 1.615239400109907 99.59999999999732
4981 1.630592827084089 99.61999999999732
4982 1.645794940269959 99.63999999999731
4983 1.660958132005998 99.65999999999731
4984 1.676246671120982 99.67999999999731
4985 1.691740074240709 99.6999999999973
4986 1.707114395522636 99.7199999999973
4987 1.722425290043557 99.73999999999729
4988 1.737520756207215 99.75999999999729
4989 1.752561664080424 99.77999999999729
4990 1.767442579939066 99.79999999999728
4991 1.78198029337555 99.81999999999728
4992 1.79623149747869 99.83999999999727
4993 1.810367553058109 99.85999999999727
4994 1.824207702498331 99.87999999999727
4995 1.837660110939391 99.89999999999726
4996 1.85079875693237 99.91999999999726
4997 1.863648173518947 99.93999999999726
4998 1.876088987926873 99.95999999999725
4999 1.887921315410343 99.97999999999725
5000 1.899362784593462 99.99999999999724
5001 1.910425124826663 100.0199999999972
5002 1.920939865678115 100.0399999999972
5003 1.930926589932592 100.0599999999972
5004 1.940412760392552 100.0799999999972
5005 1.949299124816318 100.0999999999972
5006 1.957510820212943 100.1199999999972
5007 1.965085710671797 100.1399999999972
5008 1.972212619336542 100.1599999999972
5009 1.978804648527234 100.1799999999972
5010 1.984796910083157 100.1999999999972
5011 1.99027333943338 100.2199999999972
5012 1.994900184716546 100.2399999999972
5013 1.998811912204463 100.2599999999972
5014 2.001920127146144 100.2799999999972
5015 2.004632765485764 100.2999999999972
5016 2.006742631196353 100.3199999999972
5017 2.007880188415728 100.3399999999972
5018 2.008518381191597 100.3599999999972
5019 2.008512652403807 100.3799999999972
5020 2.007875412333751 100.3999999999972
5021 2.006584688349771 100.4199999999972
5022 2.004694140487989 100.4399999999972
5023 2.002129567601028 100.4599999999972
5024 1.998773335019853 100.4799999999971
5025 1.994840710030904 100.4999999999971
5026 1.990357406127756 100.5199999999971
5027 1.985277416570231 100.5399999999971
5028 1.979523441893323 100.5599999999971
5029 1.973300607540247 100.5799999999971
5030 1.966621784836142 100.5999999999971
5031 1.959241113215396 100.6199999999971
5032 1.951371646170118 100.6399999999971
5033 1.942936422276151 100.6599999999971
5034 1.9340742946565 100.6799999999971
5035 1.92468710375218 100.6999999999971
5036 1.914838532841968 100.7199999999971
5037 1.904509814420606 100.7399999999971
5038 1.893725213692034 100.7599999999971
5039 1.882553245106638 100.7799999999971
5040 1.870942290812122 100.7999999999971
5041 1.858929379938677 100.8199999999971
5042 1.846630977718926 100.8399999999971
5043 1.834132497962776 100.8599999999971
5044 1.821412930807957 100.8799999999971
5045 1.808399528401507 100.8999999999971
5046 1.79515217920233 100.9199999999971
5047 1.781738510812268 100.9399999999971
5048 1.768196129952936 100.9599999999971
5049 1.754375755172676 100.979999999997
5050 1.740349417685992 100.999999999997
5051 1.726271584504619 101.019999999997
5052 1.71211047015683 101.039999999997
5053 1.698124112741269 101.059999999997
5054 1.683957129360714 101.079999999997
5055 1.669751254303462 101.099999999997
5056 1.655494168816123 101.119999999997
5057 1.64137147099987 101.139999999997
5058 1.62731485821344 101.159999999997
5059 1.613326266649169 101.179999999997
5060 1.599405841578646 101.199999999997
5061 1.585613856268852 101.219999999997
5062 1.571959695717251 101.239999999997
5063 1.558554210603862 101.259999999997
5064 1.545365105095259 101.279999999997
5065 1.532360938572712 101.299999999997
5066 1.519683915098617 101.319999999997
5067 1.507391386309652 101.339999999997
5068 1.495389831318498 101.359999999997
5069 1.483684705618541 101.379999999997
5070 1.472332107737977 101.399999999997
5071 1.461270106059102 101.419999999997
5072 1.450475718508706 101.439999999997
5073 1.440064595867627 101.459999999997
5074 1.429950733586808 101.4799999999969
5075 1.420258716949765 101.4999999999969
5076 1.411037002893021 101.5199999999969
5077 1.402309630709186 101.5399999999969
5078 1.39394544414072 101.5599999999969
5079 1.386207793690474 101.5799999999969
5080 1.379060163824902 101.5999999999969
5081 1.372386084872246 101.6199999999969
5082 1.366184458615314 101.6399999999969
5083 1.360499770754124 101.6599999999969
5084 1.355294404986657 101.6799999999969
5085 1.350530254229339 101.6999999999969
5086 1.34641834010707 101.7199999999969
5087 1.342898640101938 101.7399999999969
5088 1.339739945966201 101.7599999999969
5089 1.337248884017835 101.7799999999969
5090 1.3357454770951 101.7999999999969
5091 1.334557236817749 101.8199999999969
5092 1.333886600107031 101.8399999999969
5093 1.333940790308831 101.8599999999969
5094 1.334882305487917 101.8799999999969
5095 1.336248366737769 101.8999999999969
5096 1.338222105596614 101.9199999999969
5097 1.340619590794672 101.9399999999969
5098 1.343882649787886 101.9599999999969
5099 1.347440092489698 101.9799999999968
5100 1.351769124237425 101.9999999999968
5101 1.356533779587455 102.0199999999968
5102 1.362201811214402 102.0399999999968
5103 1.368683679600002 102.0599999999968
5104 1.375481931077117 102.0799999999968
5105 1.382877705461993 102.0999999999968
5106 1.391017078680897 102.1199999999968
5107 1.399554571266744 102.1399999999968
5108 1.408870099768556 102.1599999999968
5109 1.4191802331264 102.1799999999968
5110 1.429342911199145 102.1999999999968
5111 1.440028865461735 102.2199999999968
5112 1.45087168548049 102.2399999999968
5113 1.462171494027979 102.2599999999968
5114 1.474113731018286 102.2799999999968
5115 1.486266427864066 102.2999999999968
5116 1.49914311233114 102.3199999999968
5117 1.512652265141137 102.3399999999968
5118 1.526174812980291 102.3599999999968
5119 1.540080777634874 102.3799999999968
5120 1.554100785836197 102.3999999999968
5121 1.568451444499528 102.4199999999968
5122 1.583168119951564 102.4399999999968
5123 1.598103220193638 102.4599999999968
5124 1.61293467412125 102.4799999999967
5125 1.627856134169064 102.4999999999967
5126 1.642888829867078 102.5199999999967
5127 1.658080336004686 102.5399999999967
5128 1.673634689069864 102.5599999999967
5129 1.689022243918725 102.5799999999967
5130 1.704185303497065 102.5999999999967
5131 1.719192894723351 102.6199999999967
5132 1.734127404452271 102.6399999999967
5133 1.749113613187497 102.6599999999967
5134 1.764005954354861 102.6799999999967
5135 1.778604597878108 102.6999999999967
5136 1.792684501644632 102.7199999999967
5137 1.806575840524757 102.7399999999967
5138 1.82034335499671 102.7599999999967
5139 1.833745229477499 102.7799999999967
5140 1.846720969425339 102.7999999999967
5141 1.859507635555482 102.8199999999967
5142 1.87188125398201 102.8399999999967
5143 1.883806800653757 102.8599999999967
5144 1.89523084830219 102.8799999999967
5145 1.906309633695296 102.8999999999967
5146 1.916887396667915 102.9199999999967
5147 1.927074441010764 102.9399999999967
5148 1.936656515755811 102.9599999999967
5149 1.945711909130186 102.9799999999967
5150 1.954090206254304 102.9999999999966
5151 1.961795052445041 103.0199999999966
5152 1.96901022551125 103.0399999999966
5153 1.975586288119728 103.0599999999966
5154 1.981510726607997 103.0799999999966
5155 1.986893798112196 103.0999999999966
5156 1.99171045135339 103.1199999999966
5157 1.995717593454964 103.1399999999966
5158 1.999227413353035 103.1599999999966
5159 2.001916789120083 103.1799999999966
5160 2.003911714775623 103.1999999999966
5161 2.005265584168516 103.2199999999966
5162 2.005980574423215 103.2399999999966
5163 2.006085845010758 103.2599999999966
5164 2.005502320498487 103.2799999999966
5165 2.004236892315571 103.2999999999966
5166 2.002345773115596 103.3199999999966
5167 1.999741590281814 103.3399999999966
5168 1.996451979669717 103.3599999999966
5169 1.992596189216354 103.3799999999966
5170 1.98816171228468 103.3999999999966
5171 1.983107578585073 103.4199999999966
5172 1.977490014144194 103.4399999999966
5173 1.971251686944304 103.4599999999966
5174 1.964535821328064 103.4799999999966
5175 1.957310449321351 103.4999999999965
5176 1.949502639846547 103.5199999999965
5177 1.941100762053896 103.5399999999965
5178 1.932217355073939 103.5599999999965
5179 1.922931029715993 103.5799999999965
5180 1.913142055527959 103.5999999999965
5181 1.902962453948576 103.6199999999965
5182 1.89242461875848 103.6399999999965
5183 1.881447832366221 103.6599999999965
5184 1.870012759159717 103.6799999999965
5185 1.858231033916658 103.6999999999965
5186 1.846154789662355 103.7199999999965
5187 1.83386364483713 103.7399999999965
5188 1.821175816718452 103.7599999999965
5189 1.808273010031942 103.7799999999965
5190 1.795211965737967 103.7999999999965
5191 1.781847357060737 103.8199999999965
5192 1.768346482871935 103.8399999999965
5193 1.75470899267347 103.8599999999965
5194 1.740794882489078 103.8799999999965
5195 1.726900835433179 103.8999999999965
5196 1.712918606663082 103.9199999999965
5197 1.698785825813518 103.9399999999965
5198 1.684698559637681 103.9599999999965
5199 1.670628654057064 103.9799999999965
5200 1.656471112662054 103.9999999999964
5201 1.642251912917494 104.0199999999964
5202 1.628212432077986 104.0399999999964
5203 1.614164027561766 104.0599999999964
5204 1.600310323866984 104.0799999999964
5205 1.586525421595485 104.0999999999964
5206 1.572914162665961 104.1199999999964
5207 1.559549193223845 104.1399999999964
5208 1.546388668274674 104.1599999999964
5209 1.533486273068184 104.1799999999964
5210 1.520788087069799 104.1999999999964
5211 1.508338174090335 104.2199999999964
5212 1.496071060456532 104.2399999999964
5213 1.483980316093132 104.2599999999964
5214 1.472141086861007 104.2799999999964
5215 1.46055692927077 104.2999999999964
5216 1.449405798148468 104.3199999999964
5217 1.438594597285656 104.3399999999964
5218 1.428098107748934 104.3599999999964
5219 1.418209946818223 104.3799999999964
5220 1.408840616313321 104.3999999999964
5221 1.399943751340372 104.4199999999964
5222 1.391569830532502 104.4399999999964
5223 1.383557118565068 104.4599999999964
5224 1.376003913380039 104.4799999999964
5225 1.368888941297865 104.4999999999963
5226 1.362244539613649 104.5199999999963
5227 1.356058998573739 104.5399999999963
5228 1.350385524399257 104.5599999999963
5229 1.345100943439649 104.5799999999963
5230 1.340456561435739 104.5999999999963
5231 1.336553244502598 104.6199999999963
5232 1.333210023616749 104.6399999999963
5233 1.330404750283372 104.6599999999963
5234 1.328332625276844 104.6799999999963
5235 1.326940231615314 104.6999999999963
5236 1.326122129234655 104.7199999999963
5237 1.325777077733346 104.7399999999963
5238 1.326016110427544 104.7599999999963
5239 1.326760087226566 104.7799999999963
5240 1.328076333162605 104.7999999999963
5241 1.330011273081252 104.8199999999963
5242 1.332636970947899 104.8399999999963
5243 1.335987364036551 104.8599999999963
5244 1.339864522914234 104.8799999999963
5245 1.344112415837083 104.8999999999963
5246 1.349008812214074 104.9199999999963
5247 1.354877396419745 104.9399999999963
5248 1.361220352114342 104.9599999999963
5249 1.368058515085994 104.9799999999963
5250 1.375616374357046 104.9999999999962
5251 1.383701165270935 105.0199999999962
5252 1.392355329264557 105.0399999999962
5253 1.400985721558573 105.0599999999962
5254 1.41059495070504 105.0799999999962
5255 1.420519986816489 105.0999999999962
5256 1.431216987692254 105.1199999999962
5257 1.44237565895857 105.1399999999962
5258 1.454168892993674 105.1599999999962
5259 1.466571144426959 105.1799999999962
5260 1.47887035154616 105.1999999999962
5261 1.491346056868044 105.2199999999962
5262 1.50419130076342 105.2399999999962
5263 1.517719707082143 105.2599999999962
5264 1.531812431041321 105.2799999999962
5265 1.54577777677296 105.2999999999962
5266 1.559946336555829 105.3199999999962
5267 1.574415254554794 105.3399999999962
5268 1.589242583361079 105.3599999999962
5269 1.604075434574915 105.3799999999962
5270 1.619155923047618 105.3999999999962
5271 1.634437379706279 105.4199999999962
5272 1.649615190852372 105.4399999999962
5273 1.664780455670154 105.4599999999962
5274 1.680181841736412 105.4799999999962
5275 1.695611717458508 105.4999999999961
5276 1.710994532227835 105.5199999999961
5277 1.726205147725998 105.5399999999961
5278 1.741277680126383 105.5599999999961
5279 1.756327829645978 105.5799999999961
5280 1.771067700958617 105.5999999999961
5281 1.785539524790378 105.6199999999961
5282 1.799749102433086 105.6399999999961
5283 1.813831864801819 105.6599999999961
5284 1.82757376451718 105.6799999999961
5285 1.840879346955725 105.6999999999961
5286 1.854002039768833 105.7199999999961
5287 1.866729532725684 105.7399999999961
5288 1.879034284036859 105.7599999999961
5289 1.890726385055727 105.7799999999961
5290 1.902061704392133 105.7999999999961
5291 1.912990036772279 105.8199999999961
5292 1.923376449635992 105.8399999999961
5293 1.93322252791726 105.8599999999961
5294 1.942566221048758 105.8799999999961
5295 1.951265354493665 105.8999999999961
5296 1.959294694215469 105.9199999999961
5297 1.9667378345368 105.9399999999961
5298 1.973768810631193 105.9599999999961
5299 1.980179470551697 105.9799999999961
5300 1.986055780344938 105.999999999996
5301 1.99131607255061 106.019999999996
5302 1.995737984931285 106.039999999996
5303 1.999440392992242 106.059999999996
5304 2.002456910613733 106.079999999996
5305 2.00501504595112 106.099999999996
5306 2.006889757208583 106.119999999996
5307 2.007862770153646 106.139999999996
5308 2.008363407292038 106.159999999996
5309 2.008189727704855 106.179999999996
5310 2.00735845738954 106.199999999996
5311 2.005940082444643 106.219999999996
5312 2.003883798858425 106.239999999996
5313 2.001113314970829 106.259999999996
5314 1.997600112849927 106.279999999996
5315 1.993542575896622 106.299999999996
5316 1.988905952423423 106.319999999996
5317 1.983643819678401 106.339999999996
5318 1.977751583358162 106.359999999996
5319 1.971443409742002 106.379999999996
5320 1.964589468864758 106.399999999996
5321 1.957065162633191 106.419999999996
5322 1.949061508596835 106.439999999996
5323 1.940508237210398 106.459999999996
5324 1.931528576153108 106.479999999996
5325 1.922012963128485 106.4999999999959
5326 1.912048147897147 106.5199999999959
5327 1.901606514853361 106.5399999999959
5328 1.890720264599727 106.5599999999959
5329 1.879455929655911 106.5799999999959
5330 1.867729489550972 106.5999999999959
5331 1.855625464559603 106.6199999999959
5332 1.843297632464361 106.6399999999959
5333 1.830756807074052 106.6599999999959
5334 1.817961270841421 106.6799999999959
5335 1.804878520247527 106.6999999999959
5336 1.791586882607204 106.7199999999959
5337 1.778157358355371 106.7399999999959
5338 1.764549515260432 106.7599999999959
5339 1.750676826674959 106.7799999999959
5340 1.736624859797563 106.7999999999959
5341 1.722529627661462 106.8199999999959
5342 1.708394885094031 106.8399999999959
5343 1.694421175492619 106.8599999999959
5344 1.680215508941742 106.8799999999959
5345 1.665992965094995 106.8999999999959
5346 1.651777561909378 106.9199999999959
5347 1.6376963099104 106.9399999999959
5348 1.623646241990666 106.9599999999959
5349 1.609680333964271 106.9799999999959
5350 1.595773568422931 106.9999999999959
5351 1.58204793120118 107.0199999999958
5352 1.568443352368745 107.0399999999958
5353 1.555111549476342 107.0599999999958
5354 1.541935256460285 107.0799999999958
5355 1.529065462935371 107.0999999999958
5356 1.516463479494739 107.1199999999958
5357 1.504258663297659 107.1399999999958
5358 1.492345170112608 107.1599999999958
5359 1.480707570669729 107.1799999999958
5360 1.469497037560607 107.1999999999958
5361 1.458443810260414 107.2199999999958
5362 1.447780110952197 107.2399999999958
5363 1.437457739383088 107.2599999999958
5364 1.427465760867054 107.2799999999958
5365 1.4178601037273 107.2999999999958
5366 1.408835465600771 107.3199999999958
5367 1.400130661741011 107.3399999999958
5368 1.391904087568463 107.3599999999958
5369 1.384329328830598 107.3799999999958
5370 1.377321129190235 107.3999999999958
5371 1.370758183720551 107.4199999999958
5372 1.36471431817566 107.4399999999958
5373 1.359161494659449 107.4599999999958
5374 1.354038572325877 107.4799999999958
5375 1.349435815094324 107.4999999999958
5376 1.345510201419536 107.5199999999957
5377 1.342096705545491 107.5399999999957
5378 1.339041631424712 107.5599999999957
5379 1.336851175779885 107.5799999999957
5380 1.335484106587206 107.5999999999957
5381 1.334332685465632 107.6199999999957
5382 1.333925397837554 107.6399999999957
5383 1.334167089598564 107.6599999999957
5384 1.335243160574139 107.6799999999957
5385 1.336736255788473 107.6999999999957
5386 1.338863737444655 107.7199999999957
5387 1.34141367723813 107.7399999999957
5388 1.344788506499121 107.7599999999957
5389 1.348546302878868 107.7799999999957
5390 1.353046970893111 107.7999999999957
5391 1.357911165132181 107.8199999999957
5392 1.363870010865903 107.8399999999957
5393 1.370500188426037 107.8599999999957
5394 1.377379392799236 107.8799999999957
5395 1.384958785038732 107.8999999999957
5396 1.393257637560578 107.9199999999957
5397 1.401879083527687 107.9399999999957
5398 1.411578781551268 107.9599999999957
5399 1.421735820926747 107.9799999999957
5400 1.432224038488895 107.9999999999957
5401 1.442833439050067 108.0199999999956
5402 1.453798597521909 108.0399999999956
5403 1.465247233283699 108.0599999999956
5404 1.477287992095197 108.0799999999956
5405 1.489530358265522 108.0999999999956
5406 1.502673386187793 108.1199999999956
5407 1.516165439487547 108.1399999999956
5408 1.529800110742523 108.1599999999956
5409 1.543721373412202 108.1799999999956
5410 1.55782991557246 108.1999999999956
5411 1.572267484870333 108.2199999999956
5412 1.587109800705616 108.2399999999956
5413 1.601929881808845 108.2599999999956
5414 1.616814971109618 108.2799999999956
5415 1.631759420609688 108.2999999999956
5416 1.646820277016923 108.3199999999956
5417 1.662128154864388 108.3399999999956
5418 1.677668227156412 108.3599999999956
5419 1.693005408128492 108.3799999999956
5420 1.708102253405143 108.3999999999956
5421 1.723097179993424 108.4199999999956
5422 1.738031571256688 108.4399999999956
5423 1.75299893586506 108.4599999999956
5424 1.767841236002432 108.4799999999956
5425 1.782265474630536 108.4999999999956
5426 1.79628280666591 108.5199999999955
5427 1.810176180354035 108.5399999999955
5428 1.823858674579693 108.5599999999955
5429 1.837148242181017 108.5799999999955
5430 1.850077973125611 108.5999999999955
5431 1.862724950313996 108.6199999999955
5432 1.875045876769904 108.6399999999955
5433 1.886774137398989 108.6599999999955
5434 1.898136728316324 108.6799999999955
5435 1.909076081886225 108.6999999999955
5436 1.919555754826916 108.7199999999955
5437 1.929613256398541 108.7399999999955
5438 1.939030748098914 108.7599999999955
5439 1.947924594557874 108.7799999999955
5440 1.956132259738555 108.7999999999955
5441 1.963677749410405 108.8199999999955
5442 1.970755579564931 108.8399999999955
5443 1.977146093646799 108.8599999999955
5444 1.98293456965756 108.8799999999955
5445 1.988168369011881 108.8999999999955
5446 1.99279248285058 108.9199999999955
5447 1.9966531118925 108.9399999999955
5448 1.999974987813352 108.9599999999955
5449 2.002479829079096 108.9799999999955
5450 2.004293702879597 108.9999999999955
5451 2.005479849475914 109.0199999999954
5452 2.006021936200171 109.0399999999954
5453 2.005963068409054 109.0599999999954
5454 2.005200936852924 109.0799999999954
5455 2.003774823336085 109.0999999999954
5456 2.001697771531298 109.1199999999954
5457 1.998917862713645 109.1399999999954
5458 1.995461612196403 109.1599999999954
5459 1.991476409194399 109.1799999999954
5460 1.986871889158314 109.1999999999954
5461 1.981656887953274 109.2199999999954
5462 1.975890806054985 109.2399999999954
5463 1.969513887410498 109.2599999999954
5464 1.962666627775323 109.2799999999954
5465 1.955304449875909 109.2999999999954
5466 1.947337145734596 109.3199999999954
5467 1.938795173029776 109.3399999999954
5468 1.92981381840227 109.3599999999954
5469 1.920400700327631 109.3799999999954
5470 1.910481417961305 109.3999999999954
5471 1.900243340030671 109.4199999999954
5472 1.889588126718141 109.4399999999954
5473 1.878492629479426 109.4599999999954
5474 1.866950686399144 109.4799999999954
5475 1.855098845595377 109.4999999999954
5476 1.842979753563957 109.5199999999953
5477 1.830577002419173 109.5399999999953
5478 1.81782864035104 109.5599999999953
5479 1.804878416077687 109.5799999999953
5480 1.791750914000823 109.5999999999953
5481 1.778334396997899 109.6199999999953
5482 1.76481540156672 109.6399999999953
5483 1.751095825308807 109.6599999999953
5484 1.737195812242713 109.6799999999953
5485 1.72325339814457 109.6999999999953
5486 1.709256440769331 109.7199999999953
5487 1.695139065152098 109.7399999999953
5488 1.68109456540915 109.7599999999953
5489 1.666958087797018 109.7799999999953
5490 1.652803861836349 109.7999999999953
5491 1.638658675420536 109.8199999999953
5492 1.624563919726235 109.8399999999953
5493 1.610559194544044 109.8599999999953
5494 1.596737615103064 109.8799999999953
5495 1.582986802960363 109.8999999999953
5496 1.569447496086965 109.9199999999953
5497 1.556128910099754 109.9399999999953
5498 1.543046037923238 109.9599999999953
5499 1.530194155710598 109.9799999999953
5500 1.517557164145415 109.9999999999953
5501 1.505162250771828 110.0199999999952
5502 1.492943466270642 110.0399999999952
5503 1.480907777113091 110.0599999999952
5504 1.469132166939423 110.0799999999952
5505 1.457646545090028 110.0999999999952
5506 1.446605551066882 110.1199999999952
5507 1.435863901594056 110.1399999999952
5508 1.425507815409588 110.1599999999952
5509 1.415753425426325 110.1799999999952
5510 1.406525835645436 110.1999999999952
5511 1.39776673047818 110.2199999999952
5512 1.389492931349916 110.2399999999952
5513 1.381612398975334 110.2599999999952
5514 1.374191068125082 110.2799999999952
5515 1.367173284781647 110.2999999999952
5516 1.360670856498313 110.3199999999952
5517 1.354560501339384 110.3399999999952
5518 1.349024962451705 110.3599999999952
5519 1.343846534356415 110.3799999999952
5520 1.339408098392027 110.3999999999952
5521 1.335695087142809 110.4199999999952
5522 1.332440682320687 110.4399999999952
5523 1.329851747730298 110.4599999999952
5524 1.327950024497562 110.4799999999952
5525 1.326726071488047 110.4999999999952
5526 1.326023248276103 110.5199999999952
5527 1.325779605998867 110.5399999999951
5528 1.326253224900221 110.5599999999951
5529 1.327030574116607 110.5799999999951
5530 1.32852057879479 110.5999999999951
5531 1.330657349977366 110.6199999999951
5532 1.333440160490688 110.6399999999951
5533 1.336998756364033 110.6599999999951
5534 1.34091221324639 110.6799999999951
5535 1.345319701848628 110.6999999999951
5536 1.350462229722826 110.7199999999951
5537 1.356564419008822 110.7399999999951
5538 1.362915282347293 110.7599999999951
5539 1.36995774190162 110.7799999999951
5540 1.377621000867447 110.7999999999951
5541 1.385933078429196 110.8199999999951
5542 1.394436165670526 110.8399999999951
5543 1.403451209948959 110.8599999999951
5544 1.413053651728214 110.8799999999951
5545 1.423223833198471 110.8999999999951
5546 1.434031523301061 110.9199999999951
5547 1.445291357618524 110.9399999999951
5548 1.457351615115409 110.9599999999951
5549 1.469709991299288 110.9799999999951
5550 1.482049219739286 110.9999999999951
5551 1.494546891070194 111.0199999999951
5552 1.507539545308617 111.039999999995
5553 1.521321186117072 111.059999999995
5554 1.535386033014039 111.079999999995
5555 1.549348931728193 111.099999999995
5556 1.563548236552846 111.119999999995
5557 1.578138811023253 111.139999999995
5558 1.59300874863208 111.159999999995
5559 1.607850660656561 111.179999999995
5560 1.623020820494648 111.199999999995
5561 1.638270758385491 111.219999999995
5562 1.65344230894598 111.239999999995
5563 1.668614399533047 111.259999999995
5564 1.684077838926206 111.279999999995
5565 1.69948201351208 111.299999999995
5566 1.714852492086898 111.319999999995
5567 1.729997851796498 111.339999999995
5568 1.74504276368834 111.359999999995
5569 1.760082595399521 111.379999999995
5570 1.774697650221492 111.399999999995
5571 1.789092174298453 111.419999999995
5572 1.803287645993854 111.439999999995
5573 1.817274514682072 111.459999999995
5574 1.830947275634819 111.479999999995
5575 1.844128527942844 111.499999999995
5576 1.857199807563537 111.519999999995
5577 1.869830159210923 111.5399999999949
5578 1.881946734198124 111.5599999999949
5579 1.893536420486715 111.5799999999949
5580 1.904797842581878 111.5999999999949
5581 1.915570012480684 111.6199999999949
5582 1.925837860472803 111.6399999999949
5583 1.935528014219746 111.6599999999949
5584 1.944736517778495 111.6799999999949
5585 1.953277513948447 111.6999999999949
5586 1.961102160760535 111.7199999999949
5587 1.968438440574592 111.7399999999949
5588 1.97534937593392 111.7599999999949
5589 1.981655083202363 111.7799999999949
5590 1.98733994490126 111.7999999999949
5591 1.992446639109795 111.8199999999949
5592 1.9966048629803 111.8399999999949
5593 2.000126844523582 111.8599999999949
5594 2.003042136918945 111.8799999999949
5595 2.005469440091588 111.8999999999949
5596 2.007066745719364 111.9199999999949
5597 2.007929009891152 111.9399999999949
5598 2.008246326586055 111.9599999999949
5599 2.007933197616375 111.9799999999949
5600 2.006925027845853 111.9999999999949
5601 2.005354837947451 112.0199999999949
5602 2.003143765538763 112.0399999999948
5603 2.000157095425855 112.0599999999948
5604 1.996496699875473 112.0799999999948
5605 1.992312033345978 112.0999999999948
5606 1.987526642422863 112.1199999999948
5607 1.982092756992298 112.1399999999948
5608 1.976071527124454 112.1599999999948
5609 1.969664581820149 112.1799999999948
5610 1.96261614703085 112.1999999999948
5611 1.954983347103707 112.2199999999948
5612 1.946831059365903 112.2399999999948
5613 1.938168071330705 112.2599999999948
5614 1.92906357992623 112.2799999999948
5615 1.919430179274364 112.2999999999948
5616 1.909352560497494 112.3199999999948
5617 1.898788577190856 112.3399999999948
5618 1.887811072936683 112.3599999999948
5619 1.876440183873281 112.3799999999948
5620 1.864612246580768 112.3999999999948
5621 1.85243374352338 112.4199999999948
5622 1.840059312665358 112.4399999999948
5623 1.827469359443048 112.4599999999948
5624 1.814597828153075 112.4799999999948
5625 1.801452281198597 112.4999999999948
5626 1.788127223705451 112.5199999999948
5627 1.774664240902654 112.5399999999947
5628 1.760982570796866 112.5599999999947
5629 1.74706013552032 112.5799999999947
5630 1.732999798797682 112.5999999999947
5631 1.718883567260709 112.6199999999947
5632 1.704798063604051 112.6399999999947
5633 1.690743815701505 112.6599999999947
5634 1.676558511885242 112.6799999999947
5635 1.66232936070395 112.6999999999947
5636 1.648158707355609 112.7199999999947
5637 1.634089347488936 112.7399999999947
5638 1.620051614413619 112.7599999999947
5639 1.606106910269348 112.7799999999947
5640 1.592240535610039 112.7999999999947
5641 1.578553769540044 112.8199999999947
5642 1.565018808449449 112.8399999999947
5643 1.551753264788903 112.8599999999947
5644 1.538605154416834 112.8799999999947
5645 1.525837288483506 112.8999999999947
5646 1.513327401271041 112.9199999999947
5647 1.501189156679194 112.9399999999947
5648 1.489372859841083 112.9599999999947
5649 1.477822100358742 112.9799999999947
5650 1.466669659512577 112.9999999999947
5651 1.455698304718724 113.0199999999947
5652 1.445121469337678 113.0399999999946
5653 1.434839931371827 113.0599999999946
5654 1.424990067351156 113.0799999999946
5655 1.415512616025324 113.0999999999946
5656 1.406589887274856 113.1199999999946
5657 1.397997483811427 113.1399999999946
5658 1.389933595950741 113.1599999999946
5659 1.382562932227494 113.1799999999946
5660 1.375628226446616 113.1999999999946
5661 1.36918868344247 113.2199999999946
5662 1.363267055881602 113.2399999999946
5663 1.357850156023649 113.2599999999946
5664 1.352833001181841 113.2799999999946
5665 1.34839606801691 113.2999999999946
5666 1.344625152073291 113.3199999999946
5667 1.341292522802898 113.3399999999946
5668 1.338404292551438 113.3599999999946
5669 1.336479976773321 113.3799999999946
5670 1.335202825729251 113.3999999999946
5671 1.334156999738905 113.4199999999946
5672 1.33394394090864 113.4399999999946
5673 1.334421365664294 113.4599999999946
5674 1.335600842979306 113.4799999999946
5675 1.337249559952328 113.4999999999946
5676 1.339483610904636 113.5199999999946
5677 1.34222468500076 113.5399999999945
5678 1.345725944200614 113.5599999999945
5679 1.349646643913438 113.5799999999945
5680 1.354277963887682 113.5999999999945
5681 1.359363712494551 113.6199999999945
5682 1.365553254586423 113.6399999999945
5683 1.372218629783405 113.6599999999945
5684 1.379284866615867 113.6799999999945
5685 1.387048612976529 113.6999999999945
5686 1.395448343253583 113.7199999999945
5687 1.404242285137328 113.7399999999945
5688 1.414230796786025 113.7599999999945
5689 1.424318725422303 113.7799999999945
5690 1.434983406854421 113.7999999999945
5691 1.445593607662369 113.8199999999945
5692 1.456702613985918 113.8399999999945
5693 1.468303533283191 113.8599999999945
5694 1.480391970123506 113.8799999999945
5695 1.492813351700757 113.8999999999945
5696 1.506122473465556 113.9199999999945
5697 1.519595743233381 113.9399999999945
5698 1.533376993738629 113.9599999999945
5699 1.547308468480664 113.9799999999945
5700 1.561493526553795 113.9999999999945
5701 1.576011528862162 114.0199999999945
5702 1.590957864362315 114.0399999999944
5703 1.605716691488288 114.0599999999944
5704 1.620624892589151 114.0799999999944
5705 1.635597837349924 114.0999999999944
5706 1.650679908696967 114.1199999999944
5707 1.666116892451122 114.1399999999944
5708 1.68161549777328 114.1599999999944
5709 1.696899030342288 114.1799999999944
5710 1.711922283836929 114.1999999999944
5711 1.726902648040179 114.2199999999944
5712 1.741861906245105 114.2399999999944
5713 1.756818825697972 114.2599999999944
5714 1.771577121726549 114.2799999999944
5715 1.785866863785518 114.2999999999944
5716 1.799831860366545 114.3199999999944
5717 1.813689986625986 114.3399999999944
5718 1.827277111246576 114.3599999999944
5719 1.840464970372499 114.3799999999944
5720 1.85335933359215 114.3999999999944
5721 1.865896666295485 114.4199999999944
5722 1.878078990204612 114.4399999999944
5723 1.889703327233033 114.4599999999944
5724 1.900952240350062 114.4799999999944
5725 1.911779456636541 114.4999999999944
5726 1.922172985471531 114.5199999999944
5727 1.932051314805796 114.5399999999944
5728 1.941347546362686 114.5599999999943
5729 1.950063662630663 114.5799999999943
5730 1.958097558157251 114.5999999999943
5731 1.965520020189395 114.6199999999943
5732 1.972456035924853 114.6399999999943
5733 1.978661802791834 114.6599999999943
5734 1.98429607359419 114.6799999999943
5735 1.989396434689185 114.6999999999943
5736 1.993766637992909 114.7199999999943
5737 1.997570761850136 114.7399999999943
5738 2.000655593602351 114.7599999999943
5739 2.002984732540772 114.7799999999943
5740 2.004642168441387 114.7999999999943
5741 2.005672052852149 114.8199999999943
5742 2.006046343491375 114.8399999999943
5743 2.005819834284195 114.8599999999943
5744 2.004865117376343 114.8799999999943
5745 2.003299170181093 114.8999999999943
5746 2.001033308294819 114.9199999999943
5747 1.998070288793478 114.9399999999943
5748 1.994476044841376 114.9599999999943
5749 1.990348981846724 114.9799999999943
5750 1.985583232361197 114.9999999999943
5751 1.980225465376214 115.0199999999943
5752 1.97429553776553 115.0399999999943
5753 1.967797466073662 115.0599999999942
5754 1.960830427843671 115.0799999999942
5755 1.953305747936733 115.0999999999942
5756 1.945183958965955 115.1199999999942
5757 1.936522498074951 115.1399999999942
5758 1.927443075914371 115.1599999999942
5759 1.917903036402661 115.1799999999942
5760 1.907878809581424 115.1999999999942
5761 1.897559291175031 115.2199999999942
5762 1.886783795684445 115.2399999999942
5763 1.875574457190098 115.2599999999942
5764 1.863936190498841 115.2799999999942
5765 1.852007276282818 115.2999999999942
5766 1.839836422389109 115.3199999999942
5767 1.827333105295746 115.3399999999942
5768 1.814525441101782 115.3599999999942
5769 1.801555224631841 115.3799999999942
5770 1.788334415717861 115.3999999999942
5771 1.774892189210463 115.4199999999942
5772 1.76133800947117 115.4399999999942
5773 1.747537092596878 115.4599999999942
5774 1.733658521524348 115.4799999999942
5775 1.719720233342516 115.4999999999942
5776 1.705664450391666 115.5199999999942
5777 1.691543750245939 115.5399999999942
5778 1.677488625354543 115.5599999999941
5779 1.663358039170574 115.5799999999941
5780 1.64913113098472 115.5999999999941
5781 1.635068883822941 115.6199999999941
5782 1.620978194791818 115.6399999999941
5783 1.607041212981597 115.6599999999941
5784 1.593213733079019 115.6799999999941
5785 1.579523476889226 115.6999999999941
5786 1.566045648924431 115.7199999999941
5787 1.55277012621531 115.7399999999941
5788 1.539764878609623 115.7599999999941
5789 1.526964091901429 115.7799999999941
5790 1.51439017267529 115.7999999999941
5791 1.502044797227783 115.8199999999941
5792 1.489855919583882 115.8399999999941
5793 1.477882564127581 115.8599999999941
5794 1.466179022351677 115.8799999999941
5795 1.454809526190119 115.8999999999941
5796 1.443849298972497 115.9199999999941
5797 1.433187339226639 115.9399999999941
5798 1.422990000020002 115.9599999999941
5799 1.413374376640679 115.9799999999941
5800 1.404253776485394 115.9999999999941
5801 1.39565143104016 116.0199999999941
5802 1.387453016600982 116.0399999999941
5803 1.379706768154794 116.059999999994
5804 1.372376704370119 116.079999999994
5805 1.365492434138805 116.099999999994
5806 1.359096624425869 116.119999999994
5807 1.353117981626751 116.139999999994
5808 1.347681496381675 116.159999999994
5809 1.342654994688913 116.179999999994
5810 1.338425499243203 116.199999999994
5811 1.334823228778184 116.219999999994
5812 1.33172541980531 116.239999999994
5813 1.329315423529165 116.259999999994
5814 1.327595087677023 116.279999999994
5815 1.326526569941716 116.299999999994
5816 1.325965062163139 116.319999999994
5817 1.325833475609566 116.339999999994
5818 1.326439280698746 116.359999999994
5819 1.327376106175248 116.379999999994
5820 1.329014918546325 116.399999999994
5821 1.331315639398082 116.419999999994
5822 1.334287596377955 116.439999999994
5823 1.337988792084057 116.459999999994
5824 1.341984160322017 116.479999999994
5825 1.34653273207152 116.499999999994
5826 1.351925854018605 116.519999999994
5827 1.358233253364436 116.539999999994
5828 1.364614950961439 116.5599999999939
5829 1.371900530096794 116.5799999999939
5830 1.379655043724608 116.5999999999939
5831 1.388178397682268 116.6199999999939
5832 1.3965935743256 116.6399999999939
5833 1.405918154537074 116.6599999999939
5834 1.415517741951864 116.6799999999939
5835 1.425976209254638 116.6999999999939
5836 1.436854574316685 116.7199999999939
5837 1.44827868071992 116.7399999999939
5838 1.46050001067852 116.7599999999939
5839 1.472834129602494 116.7799999999939
5840 1.485219505071975 116.7999999999939
5841 1.497789477439319 116.8199999999939
5842 1.510942233798255 116.8399999999939
5843 1.524901181806713 116.8599999999939
5844 1.538922523448518 116.8799999999939
5845 1.552932722639863 116.8999999999939
5846 1.567216112765341 116.9199999999939
5847 1.58188814088644 116.9399999999939
5848 1.59676886732289 116.9599999999939
5849 1.611626780472106 116.9799999999939
5850 1.626892412661614 116.9999999999939
5851 1.642128612120404 117.0199999999939
5852 1.657285379812415 117.0399999999939
5853 1.672490304889092 117.0599999999938
5854 1.687982165917228 117.0799999999938
5855 1.703358944647306 117.0999999999938
5856 1.718706910172954 117.1199999999938
5857 1.733800210862246 117.1399999999938
5858 1.748844327642418 117.1599999999938
5859 1.76381346241565 117.1799999999938
5860 1.77836149235148 117.1999999999938
5861 1.792678244145322 117.2199999999938
5862 1.806845983251381 117.2399999999938
5863 1.82073374728764 117.2599999999938
5864 1.834305320719712 117.2799999999938
5865 1.847430286959932 117.2999999999938
5866 1.860399655699199 117.3199999999938
5867 1.87292519195587 117.3399999999938
5868 1.884901598815061 117.3599999999938
5869 1.89638331605466 117.3799999999938
5870 1.90755621320581 117.3999999999938
5871 1.918184030809431 117.4199999999938
5872 1.928297004488759 117.4399999999938
5873 1.937869415752085 117.4599999999938
5874 1.946921823658087 117.4799999999938
5875 1.955303463571054 117.4999999999938
5876 1.962962276750632 117.5199999999938
5877 1.970192568211575 117.5399999999938
5878 1.976945911298323 117.5599999999937
5879 1.983104268800257 117.5799999999937
5880 1.988672281828246 117.5999999999937
5881 1.993545946875996 117.6199999999937
5882 1.997524537220843 117.6399999999937
5883 2.000847915670435 117.6599999999937
5884 2.003665289854527 117.6799999999937
5885 2.005931502223109 117.6999999999937
5886 2.007281525679691 117.7199999999937
5887 2.00803384893854 117.7399999999937
5888 2.008167478419927 117.7599999999937
5889 2.007698390407237 117.7799999999937
5890 2.006540316268242 117.7999999999937
5891 2.004805454778464 117.8199999999937
5892 2.002424525119554 117.8399999999937
5893 1.999242182256459 117.8599999999937
5894 1.995450077531189 117.8799999999937
5895 1.991111098085851 117.8999999999937
5896 1.986177773570584 117.9199999999937
5897 1.980575344353524 117.9399999999937
5898 1.974451129416239 117.9599999999937
5899 1.967919022408398 117.9799999999937
5900 1.960683098455961 117.9999999999937
5901 1.952936700082882 118.0199999999937
5902 1.944635991202364 118.0399999999937
5903 1.935881331535536 118.0599999999937
5904 1.926628104610005 118.0799999999936
5905 1.916890687699988 118.0999999999936
5906 1.906698321278348 118.1199999999936
5907 1.896018856319755 118.1399999999936
5908 1.884947201770617 118.1599999999936
5909 1.873451374403817 118.1799999999936
5910 1.861526625553201 118.1999999999936
5911 1.849294136704416 118.2199999999936
5912 1.836865192785553 118.2399999999936
5913 1.824211243281766 118.2599999999936
5914 1.811272089673475 118.2799999999936
5915 1.798074507870499 118.2999999999936
5916 1.784709593849545 118.3199999999936
5917 1.771217388683504 118.3399999999936
5918 1.757457673301694 118.3599999999936
5919 1.743482375781433 118.3799999999936
5920 1.729411054433135 118.3999999999936
5921 1.7152896956791 118.4199999999936
5922 1.701228627291693 118.4399999999936
5923 1.68715685544772 118.4599999999936
5924 1.672917379811852 118.4799999999936
5925 1.658722193046192 118.4999999999936
5926 1.644576804279338 118.5199999999936
5927 1.630519282819102 118.5399999999936
5928 1.616515323231195 118.5599999999936
5929 1.602583488995564 118.5799999999935
5930 1.588758320462825 118.5999999999935
5931 1.575091614765259 118.6199999999935
5932 1.56163591009474 118.6399999999935
5933 1.548405814012854 118.6599999999935
5934 1.535344119662508 118.6799999999935
5935 1.522624909941842 118.6999999999935
5936 1.510242878180335 118.7199999999935
5937 1.498173439773208 118.7399999999935
5938 1.486426219327064 118.7599999999935
5939 1.474973383143669 118.7799999999935
5940 1.46384731488547 118.7999999999935
5941 1.452984276275993 118.8199999999935
5942 1.442530094134039 118.8399999999935
5943 1.432329165519775 118.8599999999935
5944 1.422529505761289 118.8799999999935
5945 1.413183828997059 118.8999999999935
5946 1.40437947153467 118.9199999999935
5947 1.39589344613991 118.9399999999935
5948 1.388020777584852 118.9599999999935
5949 1.380770035301642 118.9799999999935
5950 1.373966193423149 118.9999999999935
5951 1.367647359512361 119.0199999999935
5952 1.36185168900671 119.0399999999935
5953 1.356538354935229 119.0599999999935
5954 1.351649794267346 119.0799999999934
5955 1.347400672380535 119.0999999999934
5956 1.343755873017705 119.1199999999934
5957 1.340508451673784 119.1399999999934
5958 1.337820086653351 119.1599999999934
5959 1.336132382779443 119.1799999999934
5960 1.334914312239532 119.1999999999934
5961 1.334039485001377 119.2199999999934
5962 1.333959328108073 119.2399999999934
5963 1.334715086808659 119.2599999999934
5964 1.335976039697746 119.2799999999934
5965 1.337802793540834 119.2999999999934
5966 1.340101930724288 119.3199999999934
5967 1.343145190237911 119.3399999999934
5968 1.346626069681166 119.3599999999934
5969 1.350792308353389 119.3799999999934
5970 1.355479570634699 119.3999999999934
5971 1.360870189032739 119.4199999999934
5972 1.367224146426751 119.4399999999934
5973 1.373941930430993 119.4599999999934
5974 1.381194847195693 119.4799999999934
5975 1.389178724185876 119.4999999999934
5976 1.397619336772902 119.5199999999934
5977 1.40666117224012 119.5399999999934
5978 1.41691260837266 119.5599999999934
5979 1.426956570559596 119.5799999999933
5980 1.437666337064622 119.5999999999933
5981 1.448401524979027 119.6199999999933
5982 1.459577177445141 119.6399999999933
5983 1.471378378213647 119.6599999999933
5984 1.48350275531237 119.6799999999933
5985 1.496137165035822 119.6999999999933
5986 1.509576387668665 119.7199999999933
5987 1.523045689764 119.7399999999933
5988 1.536929362201477 119.7599999999933
5989 1.550894561814006 119.7799999999933
5990 1.56513950774835 119.7999999999933
5991 1.579777821351007 119.8199999999933
5992 1.594727329125389 119.8399999999933
5993 1.60951424769178 119.8599999999933
5994 1.624428343539729 119.8799999999933
5995 1.639426475759434 119.8999999999933
5996 1.65455985249715 119.9199999999933
5997 1.670074880512173 119.9399999999933
5998 1.685512460700795 119.9599999999933
5999 1.700738902156155 119.9799999999933
6000 1.715740068634389 119.9999999999933
6001 1.730680477199078 120.0199999999933
6002 1.745652338910831 120.0399999999933
6003 1.760605538470602 120.0599999999933
6004 1.775273435654565 120.0799999999932
6005 1.78945551908779 120.0999999999932
6006 1.803359339030416 120.1199999999932
6007 1.817182192454251 120.1399999999932
6008 1.830665101005152 120.1599999999932
6009 1.843734723817666 120.1799999999932
6010 1.856593464083535 120.1999999999932
6011 1.869035453932661 120.2199999999932
6012 1.881072802588115 120.2399999999932
6013 1.892591501723738 120.2599999999932
6014 1.903761445592167 120.2799999999932
6015 1.914437963551103 120.2999999999932
6016 1.924767879356909 120.3199999999932
6017 1.934454700885313 120.3399999999932
6018 1.943629783573323 120.3599999999932
6019 1.95216585492327 120.3799999999932
6020 1.960026022517538 120.3999999999932
6021 1.967341228534415 120.4199999999932
6022 1.974095166725992 120.4399999999932
6023 1.980142835513421 120.4599999999932
6024 1.985680865249313 120.4799999999932
6025 1.990578448786743 120.4999999999932
6026 1.994786490469753 120.5199999999932
6027 1.99843608081057 120.5399999999932
6028 2.001308214785275 120.5599999999932
6029 2.003455891742205 120.5799999999931
6030 2.004958296122157 120.5999999999931
6031 2.005821922664945 120.6199999999931
6032 2.006059171191781 120.6399999999931
6033 2.005640511913004 120.6599999999931
6034 2.004520425921886 120.6799999999931
6035 2.002793325884705 120.6999999999931
6036 2.000335515872528 120.7199999999931
6037 1.997194716991947 120.7399999999931
6038 1.993474082506551 120.7599999999931
6039 1.989181355504292 120.7799999999931
6040 1.984270385585116 120.7999999999931
6041 1.978783290632785 120.8199999999931
6042 1.97267993990778 120.8399999999931
6043 1.966067008079738 120.8599999999931
6044 1.958973000633193 120.8799999999931
6045 1.951298268983834 120.8999999999931
6046 1.943029728454608 120.9199999999931
6047 1.934251097400886 120.9399999999931
6048 1.925070654508333 120.9599999999931
6049 1.915396731737899 120.9799999999931
6050 1.905295230804836 120.9999999999931
6051 1.894865661441777 121.0199999999931
6052 1.883978429277533 121.0399999999931
6053 1.87264956039237 121.0599999999931
6054 1.860935954510698 121.079999999993
6055 1.848933351769071 121.099999999993
6056 1.836711905811552 121.119999999993
6057 1.824097794887363 121.139999999993
6058 1.811242226162858 121.159999999993
6059 1.798237437269547 121.179999999993
6060 1.784932230148999 121.199999999993
6061 1.771460641786085 121.219999999993
6062 1.757867588982773 121.239999999993
6063 1.744002808966232 121.259999999993
6064 1.730121098687639 121.279999999993
6065 1.71616476143106 121.299999999993
6066 1.702046179135266 121.319999999993
6067 1.687972566673347 121.339999999993
6068 1.673908622363778 121.359999999993
6069 1.659697670637875 121.379999999993
6070 1.645557276496035 121.399999999993
6071 1.63149346798753 121.419999999993
6072 1.61743071233534 121.439999999993
6073 1.603544125922107 121.459999999993
6074 1.589718662455959 121.479999999993
6075 1.576088257511302 121.499999999993
6076 1.562670098689337 121.519999999993
6077 1.549450814281088 121.539999999993
6078 1.53651451228012 121.559999999993
6079 1.523758600576259 121.5799999999929
6080 1.511248500864181 121.5999999999929
6081 1.498946526876551 121.6199999999929
6082 1.486790609788285 121.6399999999929
6083 1.474907056200298 121.6599999999929
6084 1.463254101829285 121.6799999999929
6085 1.452009558518529 121.6999999999929
6086 1.441126021266897 121.7199999999929
6087 1.430545427806029 121.7399999999929
6088 1.420504412376151 121.7599999999929
6089 1.41103432441743 121.7799999999929
6090 1.402034322856458 121.7999999999929
6091 1.393555931285022 121.8199999999929
6092 1.38545518860651 121.8399999999929
6093 1.377818533515033 121.8599999999929
6094 1.370558886744394 121.8799999999929
6095 1.363827052144673 121.8999999999929
6096 1.357526040465258 121.9199999999929
6097 1.35171668238026 121.9399999999929
6098 1.346356128674289 121.9599999999929
6099 1.341522970569327 121.9799999999929
6100 1.337471685524737 121.9999999999929
6101 1.334016696570758 122.0199999999929
6102 1.331049820869227 122.0399999999929
6103 1.328818950239201 122.0599999999929
6104 1.327283548093398 122.0799999999929
6105 1.326328910151667 122.0999999999928
6106 1.325901823948235 122.1199999999928
6107 1.325938021451365 122.1399999999928
6108 1.326623629690481 122.1599999999928
6109 1.32775657970249 122.1799999999928
6110 1.329547082626718 122.1999999999928
6111 1.331996440287743 122.2199999999928
6112 1.335173610659495 122.2399999999928
6113 1.338988559470256 122.2599999999928
6114 1.343080498001382 122.2799999999928
6115 1.347812958376627 122.2999999999928
6116 1.353457943591739 122.3199999999928
6117 1.359795354481332 122.3399999999928
6118 1.366394787957176 122.3599999999928
6119 1.373849638621898 122.3799999999928
6120 1.381731083310597 122.3999999999928
6121 1.390436800899812 122.4199999999928
6122 1.398834333044595 122.4399999999928
6123 1.408358597011942 122.4599999999928
6124 1.418084120463586 122.4799999999928
6125 1.42868729141245 122.4999999999928
6126 1.43969939028741 122.5199999999928
6127 1.451324113978646 122.5399999999928
6128 1.463660126766986 122.5599999999928
6129 1.475942880161383 122.5799999999928
6130 1.48837448378405 122.5999999999927
6131 1.50110131273363 122.6199999999927
6132 1.514380102789787 122.6399999999927
6133 1.528462047787863 122.6599999999927
6134 1.542442183599188 122.6799999999927
6135 1.556528341741266 122.6999999999927
6136 1.570898877943215 122.7199999999927
6137 1.58565136938248 122.7399999999927
6138 1.600499531653225 122.7599999999927
6139 1.61544666598659 122.7799999999927
6140 1.630764487400501 122.7999999999927
6141 1.645961916013581 122.8199999999927
6142 1.661118557943802 122.8399999999927
6143 1.676414744417362 122.8599999999927
6144 1.691868264000551 122.8799999999927
6145 1.707249475964755 122.8999999999927
6146 1.722535845914726 122.9199999999927
6147 1.737617168050017 122.9399999999927
6148 1.752652319837358 122.9599999999927
6149 1.767504953066094 122.9799999999927
6150 1.78202699760479 122.9999999999927
6151 1.796278635609455 123.0199999999927
6152 1.810392369336414 123.0399999999927
6153 1.824203841692576 123.0599999999927
6154 1.837636150092952 123.0799999999927
6155 1.850779694510558 123.0999999999926
6156 1.863595215870168 123.1199999999926
6157 1.876021818064045 123.1399999999926
6158 1.887832272559318 123.1599999999926
6159 1.899246981943604 123.1799999999926
6160 1.910311157918435 123.1999999999926
6161 1.920787586916267 123.2199999999926
6162 1.930772291921377 123.2399999999926
6163 1.940221046020745 123.2599999999926
6164 1.949099582089409 123.2799999999926
6165 1.95730503507813 123.2999999999926
6166 1.964838727285213 123.3199999999926
6167 1.971981872958995 123.3399999999926
6168 1.978593033726281 123.3599999999926
6169 1.984506556326444 123.3799999999926
6170 1.990001858171659 123.3999999999926
6171 1.994608039282465 123.4199999999926
6172 1.998478774865874 123.4399999999926
6173 2.001601177276676 123.4599999999926
6174 2.004293241101065 123.4799999999926
6175 2.006383682096056 123.4999999999926
6176 2.007497282907044 123.5199999999926
6177 2.008143647064677 123.5399999999926
6178 2.008115353746136 123.5599999999926
6179 2.007468382699729 123.5799999999926
6180 2.006175546961062 123.5999999999925
6181 2.004273364335506 123.6199999999925
6182 2.001702703376199 123.6399999999925
6183 1.998343760568894 123.6599999999925
6184 1.994417392441847 123.6799999999925
6185 1.989923687978802 123.6999999999925
6186 1.98482886213422 123.7199999999925
6187 1.979074551795402 123.7399999999925
6188 1.972855428778189 123.7599999999925
6189 1.966170419603133 123.7799999999925
6190 1.958779207399528 123.7999999999925
6191 1.950900238388296 123.8199999999925
6192 1.942465301388338 123.8399999999925
6193 1.933608436367436 123.8599999999925
6194 1.924218215702811 123.8799999999925
6195 1.914364804234409 123.8999999999925
6196 1.904055715994666 123.9199999999925
6197 1.893266052404705 123.9399999999925
6198 1.882104738476662 123.9599999999925
6199 1.870477653528951 123.9799999999925
6200 1.858467838034152 123.9999999999925
6201 1.846183451006945 124.0199999999925
6202 1.833699009142799 124.0399999999925
6203 1.82097795454194 124.0599999999925
6204 1.807971164475423 124.0799999999925
6205 1.794713605546236 124.0999999999924
6206 1.781322952859961 124.1199999999924
6207 1.767776614489287 124.1399999999924
6208 1.753958619927385 124.1599999999924
6209 1.739937625243032 124.1799999999924
6210 1.725860294110359 124.1999999999924
6211 1.71172658289488 124.2199999999924
6212 1.697744390919851 124.2399999999924
6213 1.683584844723389 124.2599999999924
6214 1.669381424962587 124.2799999999924
6215 1.655142672732362 124.2999999999924
6216 1.641031636435112 124.3199999999924
6217 1.626980325264949 124.3399999999924
6218 1.612997365499347 124.3599999999924
6219 1.599079443660037 124.3799999999924
6220 1.585307828310521 124.3999999999924
6221 1.571672601194421 124.4199999999924
6222 1.558284509488618 124.4399999999924
6223 1.545079598557547 124.4599999999924
6224 1.532119005188506 124.4799999999924
6225 1.51944443699174 124.4999999999924
6226 1.50718670225899 124.5199999999924
6227 1.495185981176372 124.5399999999924
6228 1.483484239595497 124.5599999999924
6229 1.472162395980244 124.5799999999924
6230 1.461086890994475 124.5999999999923
6231 1.450319923129595 124.6199999999923
6232 1.439930379415085 124.6399999999923
6233 1.429800323073994 124.6599999999923
6234 1.420110627712297 124.6799999999923
6235 1.410916534688696 124.6999999999923
6236 1.402212161519787 124.7199999999923
6237 1.393811385821043 124.7399999999923
6238 1.386137347569057 124.7599999999923
6239 1.378996337924963 124.7799999999923
6240 1.37232976801757 124.7999999999923
6241 1.366139813181102 124.8199999999923
6242 1.360468927868868 124.8399999999923
6243 1.355272814252674 124.8599999999923
6244 1.350517368483351 124.8799999999923
6245 1.346436877278281 124.8999999999923
6246 1.342920869297402 124.9199999999923
6247 1.339758376721979 124.9399999999923
6248 1.337305810318717 124.9599999999923
6249 1.335814771090241 124.9799999999923
6250 1.334607882493038 124.9999999999923
6251 1.333995761369957 125.0199999999923
6252 1.334065564656689 125.0399999999923
6253 1.335005624515837 125.0599999999923
6254 1.336386242423601 125.0799999999923
6255 1.338365465413433 125.0999999999922
6256 1.340772615829318 125.1199999999922
6257 1.344054281859488 125.1399999999922
6258 1.3476199182181 125.1599999999922
6259 1.351970420684125 125.1799999999922
6260 1.356738971094507 125.1999999999922
6261 1.36243458788676 125.2199999999922
6262 1.368934913408247 125.2399999999922
6263 1.375721935630394 125.2599999999922
6264 1.383136007081067 125.2799999999922
6265 1.391305094215618 125.2999999999922
6266 1.399829810084962 125.3199999999922
6267 1.409218954243822 125.3399999999922
6268 1.419470338462911 125.3599999999922
6269 1.429683938947319 125.3799999999922
6270 1.440354767488547 125.3999999999922
6271 1.451195773035422 125.4199999999922
6272 1.46251319375837 125.4399999999922
6273 1.474458615295809 125.4599999999922
6274 1.486605286085344 125.4799999999922
6275 1.499535527680716 125.4999999999922
6276 1.513028769430914 125.5199999999922
6277 1.526545122007328 125.5399999999922
6278 1.540469889472454 125.5599999999922
6279 1.554503235417915 125.5799999999922
6280 1.568845010796361 125.5999999999921
6281 1.583575962406212 125.6199999999921
6282 1.598492333505634 125.6399999999921
6283 1.61332970130417 125.6599999999921
6284 1.628257470321564 125.6799999999921
6285 1.643287210318589 125.6999999999921
6286 1.658490095803695 125.7199999999921
6287 1.674046075179805 125.7399999999921
6288 1.68942141742117 125.7599999999921
6289 1.704579161407788 125.7799999999921
6290 1.719585467721349 125.7999999999921
6291 1.734511820597036 125.8199999999921
6292 1.749501362883671 125.8399999999921
6293 1.764380144203965 125.8599999999921
6294 1.778938461554232 125.8799999999921
6295 1.793036852451911 125.8999999999921
6296 1.806918152640167 125.9199999999921
6297 1.820683593995168 125.9399999999921
6298 1.834069561913718 125.9599999999921
6299 1.847041974400545 125.9799999999921
6300 1.859820128871795 125.9999999999921
6301 1.872180294725238 126.0199999999921
6302 1.884080235237529 126.0399999999921
6303 1.895517380980374 126.0599999999921
6304 1.906558554948591 126.0799999999921
6305 1.917127510325138 126.0999999999921
6306 1.927309688543395 126.119999999992
6307 1.936868544400406 126.139999999992
6308 1.945908081069352 126.159999999992
6309 1.954283604293571 126.179999999992
6310 1.961960632261637 126.199999999992
6311 1.969170663642928 126.219999999992
6312 1.975721412330143 126.239999999992
6313 1.981626122184195 126.259999999992
6314 1.9870465646698 126.279999999992
6315 1.991795070267069 126.299999999992
6316 1.995783325202699 126.319999999992
6317 1.999280784555491 126.339999999992
6318 2.001945298429824 126.359999999992
6319 2.00392437413018 126.379999999992
6320 2.005272252659112 126.399999999992
6321 2.005971207524803 126.419999999992
6322 2.006053556066651 126.439999999992
6323 2.00545658139259 126.459999999992
6324 2.004177914749563 126.479999999992
6325 2.002263606862757 126.499999999992
6326 1.999648989144287 126.519999999992
6327 1.996329466406835 126.539999999992
6328 1.992456245174076 126.559999999992
6329 1.988014561953243 126.579999999992
6330 1.982950069979641 126.599999999992
6331 1.977320730148908 126.6199999999919
6332 1.971071275549213 126.6399999999919
6333 1.964335021430144 126.6599999999919
6334 1.957103543321038 126.6799999999919
6335 1.949280588878368 126.6999999999919
6336 1.940867471269463 126.7199999999919
6337 1.93198371455374 126.7399999999919
6338 1.922685370140838 126.7599999999919
6339 1.912884097988075 126.7799999999919
6340 1.902711220221137 126.7999999999919
6341 1.892159737793841 126.8199999999919
6342 1.881168899993341 126.8399999999919
6343 1.869727295702803 126.8599999999919
6344 1.857939719130033 126.8799999999919
6345 1.845871971079176 126.8999999999919
6346 1.833558530053917 126.9199999999919
6347 1.820873471513655 126.9399999999919
6348 1.807969382060646 126.9599999999919
6349 1.794906582460862 126.9799999999919
6350 1.781533674056438 126.9999999999919
6351 1.768032651235783 127.0199999999919
6352 1.754387442536744 127.0399999999919
6353 1.740486064256642 127.0599999999919
6354 1.726587714872503 127.0799999999919
6355 1.712610008343522 127.0999999999919
6356 1.69848487459704 127.1199999999918
6357 1.684398428488997 127.1399999999918
6358 1.670329751380625 127.1599999999918
6359 1.656113855281056 127.1799999999918
6360 1.641964045180421 127.1999999999918
6361 1.627929037561413 127.2199999999918
6362 1.613890738353663 127.2399999999918
6363 1.60003880600752 127.2599999999918
6364 1.586239737501507 127.2799999999918
6365 1.572664246583731 127.2999999999918
6366 1.559307510765229 127.3199999999918
6367 1.546150139267142 127.3399999999918
6368 1.533256109613247 127.3599999999918
6369 1.520564433431485 127.3799999999918
6370 1.508111049117459 127.3999999999918
6371 1.49584170853514 127.4199999999918
6372 1.483756624036051 127.4399999999918
6373 1.471928545994197 127.4599999999918
6374 1.460354695972938 127.4799999999918
6375 1.449223488262524 127.4999999999918
6376 1.438412247668982 127.5199999999918
6377 1.427932824334976 127.5399999999918
6378 1.41806135258691 127.5599999999918
6379 1.408713687207813 127.5799999999918
6380 1.399837837057464 127.5999999999918
6381 1.391470815638518 127.6199999999917
6382 1.383474647409548 127.6399999999917
6383 1.375919731184452 127.6599999999917
6384 1.368818833335947 127.6799999999917
6385 1.362173824415986 127.6999999999917
6386 1.355993730242678 127.7199999999917
6387 1.350338475069049 127.7399999999917
6388 1.345058494302367 127.7599999999917
6389 1.340432376461683 127.7799999999917
6390 1.336551141815601 127.7999999999917
6391 1.333211593675416 127.8199999999917
6392 1.330442420313991 127.8399999999917
6393 1.328379684751497 127.8599999999917
6394 1.327001103380927 127.8799999999917
6395 1.326179101050836 127.8999999999917
6396 1.325837865943801 127.9199999999917
6397 1.326100162761199 127.9399999999917
6398 1.326834034507286 127.9599999999917
6399 1.328156083062942 127.9799999999917
6400 1.330113280214027 127.9999999999917
6401 1.332758341246882 128.0199999999917
6402 1.33612531046795 128.0399999999917
6403 1.339994499564245 128.0599999999917
6404 1.344263756361872 128.0799999999917
6405 1.349172254221454 128.0999999999917
6406 1.355064167951314 128.1199999999917
6407 1.361391736446224 128.1399999999917
6408 1.368247413949293 128.1599999999918
6409 1.37580908595208 128.1799999999918
6410 1.383926825903635 128.1999999999918
6411 1.39253641714378 128.2199999999918
6412 1.401205454638149 128.2399999999918
6413 1.410798805285744 128.2599999999918
6414 1.420738251400621 128.2799999999918
6415 1.431433592072895 128.2999999999918
6416 1.442605131276115 128.3199999999918
6417 1.454416440888683 128.3399999999918
6418 1.466807170193178 128.3599999999919
6419 1.47910890268254 128.3799999999919
6420 1.491571678396578 128.3999999999919
6421 1.504425003198914 128.4199999999919
6422 1.517973844319875 128.4399999999919
6423 1.532054393773197 128.4599999999919
6424 1.546007076648282 128.4799999999919
6425 1.56018392028345 128.4999999999919
6426 1.574640861576174 128.5199999999919
6427 1.589464383668754 128.5399999999919
6428 1.60429122546099 128.559999999992
6429 1.61938469743237 128.579999999992
6430 1.634652280286077 128.599999999992
6431 1.649824717784355 128.619999999992
6432 1.66498827643051 128.639999999992
6433 1.680392193571276 128.659999999992
6434 1.695809339306004 128.679999999992
6435 1.711190888401528 128.699999999992
6436 1.726397744820713 128.719999999992
6437 1.741458110563843 128.7399999999921
6438 1.756507304023928 128.7599999999921
6439 1.771230197052655 128.7799999999921
6440 1.785693490596131 128.7999999999921
6441 1.799905894682784 128.8199999999921
6442 1.81396877036507 128.8399999999921
6443 1.827703791766407 128.8599999999921
6444 1.841006138918867 128.8799999999921
6445 1.854122519493439 128.8999999999921
6446 1.86683153432765 128.9199999999921
6447 1.8791243634583 128.9399999999922
6448 1.890807038970533 128.9599999999922
6449 1.90214330781782 128.9799999999922
6450 1.913040750050663 128.9999999999922
6451 1.923422612818971 129.0199999999922
6452 1.933260649670218 129.0399999999922
6453 1.942572663454351 129.0599999999922
6454 1.951283303387 129.0799999999922
6455 1.959293018044678 129.0999999999922
6456 1.966732982637818 129.1199999999922
6457 1.97374879581295 129.1399999999923
6458 1.980193768449271 129.1599999999923
6459 1.985996257491552 129.1799999999923
6460 1.991272327014494 129.1999999999923
6461 1.995686041874413 129.2199999999923
6462 1.999349144715261 129.2399999999923
6463 2.002378479621356 129.2599999999923
6464 2.004928901599345 129.2799999999923
6465 2.006778989034759 129.2999999999923
6466 2.007740257622582 129.3199999999923
6467 2.008233439975138 129.3399999999924
6468 2.00804588946884 129.3599999999924
6469 2.007211685169712 129.3799999999924
6470 2.005781337139266 129.3999999999924
6471 2.003715050116396 129.4199999999924
6472 2.000946711675934 129.4399999999924
6473 1.99742130785339 129.4599999999924
6474 1.993366119857274 129.4799999999924
6475 1.988719170532463 129.4999999999924
6476 1.983446265257428 129.5199999999925
6477 1.977550986005328 129.5399999999925
6478 1.971242813151624 129.5599999999925
6479 1.964375626598144 129.5799999999925
6480 1.956843534024743 129.5999999999925
6481 1.94883013207825 129.6199999999925
6482 1.940274848558231 129.6399999999925
6483 1.931298539133003 129.6599999999925
6484 1.921775118374697 129.6799999999925
6485 1.911809638642884 129.6999999999925
6486 1.901370025050229 129.7199999999926
6487 1.890481240846955 129.7399999999926
6488 1.879215855876831 129.7599999999926
6489 1.867474370681749 129.7799999999926
6490 1.855381061337548 129.7999999999926
6491 1.843051946441906 129.8199999999926
6492 1.830513489562212 129.8399999999926
6493 1.817717916301003 129.8599999999926
6494 1.804633066749941 129.8799999999926
6495 1.791337782946024 129.8999999999926
6496 1.777913774683491 129.9199999999927
6497 1.764299443310825 129.9399999999927
6498 1.75042789493911 129.9599999999927
6499 1.736380019094314 129.9799999999927
6500 1.722291597438167 129.9999999999927
6501 1.708158396249779 130.0199999999927
6502 1.694182886018333 130.0399999999927
6503 1.679981841061417 130.0599999999927
6504 1.665765767453785 130.0799999999927
6505 1.651550329034971 130.0999999999927
6506 1.637473237822535 130.1199999999928
6507 1.623429630077067 130.1399999999928
6508 1.609461264972444 130.1599999999928
6509 1.595558702431164 130.1799999999928
6510 1.581842181077007 130.1999999999928
6511 1.568252689730835 130.2199999999928
6512 1.554924675263031 130.2399999999928
6513 1.541744933493254 130.2599999999928
6514 1.528898930818263 130.2799999999928
6515 1.516295848774751 130.2999999999928
6516 1.504103535215034 130.3199999999929
6517 1.492205291125657 130.3399999999929
6518 1.480564460570017 130.3599999999929
6519 1.469350326711266 130.3799999999929
6520 1.458313433987889 130.3999999999929
6521 1.447663635532621 130.4199999999929
6522 1.437301735377815 130.4399999999929
6523 1.427317889311557 130.4599999999929
6524 1.417731959864327 130.4799999999929
6525 1.408731581600685 130.499999999993
6526 1.40002029387351 130.519999999993
6527 1.391820436341247 130.539999999993
6528 1.384270982767015 130.559999999993
6529 1.37724846028269 130.579999999993
6530 1.370702623042756 130.599999999993
6531 1.364671365556329 130.619999999993
6532 1.359120794682688 130.639999999993
6533 1.354007647850118 130.659999999993
6534 1.34941867242115 130.679999999993
6535 1.345501541764295 130.6999999999931
6536 1.342106303830391 130.7199999999931
6537 1.339044752128308 130.7399999999931
6538 1.336881828279611 130.7599999999931
6539 1.335515927636515 130.7799999999931
6540 1.334359683433445 130.7999999999931
6541 1.333979476189326 130.8199999999931
6542 1.334250747415339 130.8399999999931
6543 1.335320711820329 130.8599999999931
6544 1.336831519326181 130.8799999999931
6545 1.338957936745924 130.8999999999932
6546 1.34151946775779 130.9199999999932
6547 1.344907049431047 130.9399999999932
6548 1.348675761869192 130.9599999999932
6549 1.353190119953014 130.9799999999932
6550 1.358063398862366 130.9999999999932
6551 1.364046967964028 131.0199999999932
6552 1.370687693606731 131.0399999999932
6553 1.377559963528893 131.0599999999932
6554 1.385166007672145 131.0799999999932
6555 1.393476440863206 131.0999999999933
6556 1.40210367145369 131.1199999999933
6557 1.41184418429429 131.1399999999933
6558 1.421957573548013 131.1599999999933
6559 1.43251031575633 131.1799999999933
6560 1.443076750122904 131.1999999999933
6561 1.454072287279051 131.2199999999933
6562 1.46552565208381 131.2399999999933
6563 1.477554720656468 131.2599999999933
6564 1.48982719300681 131.2799999999934
6565 1.502982920425964 131.2999999999934
6566 1.516458582888851 131.3199999999934
6567 1.530123369467162 131.3399999999934
6568 1.544043947414417 131.3599999999934
6569 1.55815928085949 131.3799999999934
6570 1.572591882395143 131.3999999999934
6571 1.587449048435457 131.4199999999934
6572 1.602263195853596 131.4399999999934
6573 1.617150417232349 131.4599999999934
6574 1.632103370301579 131.4799999999935
6575 1.64716398600834 131.4999999999935
6576 1.662485296212 131.5199999999935
6577 1.678024272055217 131.5399999999935
6578 1.693357197494697 131.5599999999935
6579 1.708453095443131 131.5799999999935
6580 1.72344437045187 131.5999999999935
6581 1.738377496917109 131.6199999999935
6582 1.753337076408878 131.6399999999935
6583 1.768190213557925 131.6599999999935
6584 1.782580578389871 131.6799999999936
6585 1.796616494766897 131.6999999999936
6586 1.810493136563404 131.7199999999936
6587 1.824169908054003 131.7399999999936
6588 1.837456007464042 131.7599999999936
6589 1.85038596380967 131.7799999999936
6590 1.86303315419065 131.7999999999936
6591 1.875320837060977 131.8199999999936
6592 1.887069957300497 131.8399999999936
6593 1.898399500486869 131.8599999999936
6594 1.90933705894659 131.8799999999937
6595 1.919805051762144 131.8999999999937
6596 1.929855894034971 131.9199999999937
6597 1.939263564900028 131.9399999999937
6598 1.948142461012785 131.9599999999937
6599 1.956347407423818 131.9799999999937
6600 1.9638712923237 131.9999999999937
6601 1.970945804307726 132.0199999999937
6602 1.977313574229 132.0399999999937
6603 1.983095011194251 132.0599999999937
6604 1.988319077475636 132.0799999999938
6605 1.992911435499147 132.0999999999938
6606 1.996778912535328 132.1199999999938
6607 2.000061258560238 132.1399999999938
6608 2.002561514589881 132.1599999999938
6609 2.004363827242442 132.1799999999938
6610 2.00554374070675 132.1999999999938
6611 2.006077997118449 132.2199999999938
6612 2.006004179893768 132.2399999999938
6613 2.005220557032179 132.2599999999939
6614 2.003794822637459 132.2799999999939
6615 2.0016929279503 132.2999999999939
6616 1.998898207156874 132.3199999999939
6617 1.995433648700965 132.3399999999939
6618 1.991425093303806 132.3599999999939
6619 1.986812826209219 132.3799999999939
6620 1.98159182735905 132.3999999999939
6621 1.975815269997437 132.4199999999939
6622 1.969423166447219 132.4399999999939
6623 1.962563429976675 132.459999999994
6624 1.955186533392366 132.479999999994
6625 1.947208073816939 132.499999999994
6626 1.938659277531629 132.519999999994
6627 1.929673785760766 132.539999999994
6628 1.920247540591166 132.559999999994
6629 1.910322473703199 132.579999999994
6630 1.900082645719038 132.599999999994
6631 1.889413999110516 132.619999999994
6632 1.87830879033987 132.639999999994
6633 1.866765356581404 132.6599999999941
6634 1.854902244446206 132.6799999999941
6635 1.842780871908201 132.6999999999941
6636 1.830370230273419 132.7199999999941
6637 1.817615651730104 132.7399999999941
6638 1.804668344086616 132.7599999999941
6639 1.791528977847054 132.7799999999941
6640 1.778109949499321 132.7999999999941
6641 1.764584588869124 132.8199999999941
6642 1.750858501412352 132.8399999999941
6643 1.736965781386479 132.8599999999942
6644 1.723017424772991 132.8799999999942
6645 1.70902102010874 132.8999999999942
6646 1.694907570788668 132.9199999999942
6647 1.680862238281185 132.9399999999942
6648 1.666727087694925 132.9599999999942
6649 1.652507572165472 132.9799999999942
6650 1.638437071820553 132.9999999999942
6651 1.624337955187497 133.0199999999942
6652 1.610338886542607 133.0399999999943
6653 1.596512218523146 133.0599999999943
6654 1.582757140521918 133.0799999999943
6655 1.569235815461095 133.0999999999943
6656 1.555923408828336 133.1199999999943
6657 1.54284867136677 133.1399999999943
6658 1.529996291652033 133.1599999999943
6659 1.517363866081923 133.1799999999943
6660 1.504963901432905 133.1999999999943
6661 1.4927379776394 133.2199999999943
6662 1.48070606511434 133.2399999999944
6663 1.46894259411792 133.2599999999944
6664 1.457463931191203 133.2799999999944
6665 1.446426417215903 133.2999999999944
6666 1.435696640430791 133.3199999999944
6667 1.425355457868536 133.3399999999944
6668 1.415617209698407 133.3599999999944
6669 1.406400679272545 133.3799999999944
6670 1.397662657531692 133.3999999999944
6671 1.389394544466489 133.4199999999944
6672 1.381518748037564 133.4399999999945
6673 1.374104198942528 133.4599999999945
6674 1.367088933746641 133.4799999999945
6675 1.360592383299724 133.4999999999945
6676 1.354479054402958 133.5199999999945
6677 1.348965715207146 133.5399999999945
6678 1.343794456738361 133.5599999999945
6679 1.339376950613676 133.5799999999945
6680 1.335667465192462 133.5999999999945
6681 1.33243093394202 133.6199999999945
6682 1.329867858610472 133.6399999999946
6683 1.327979478434687 133.6599999999946
6684 1.326765603093479 133.6799999999946
6685 1.326063142824148 133.6999999999946
6686 1.32582674186597 133.7199999999946
6687 1.326306061238304 133.7399999999946
6688 1.327093849861147 133.7599999999946
6689 1.328595839722635 133.7799999999946
6690 1.330749401051576 133.7999999999946
6691 1.333545188984777 133.8199999999946
6692 1.33712132767078 133.8399999999947
6693 1.341037897676999 133.8599999999947
6694 1.345458511460269 133.8799999999947
6695 1.350607105923798 133.8999999999947
6696 1.356745193053597 133.9199999999947
6697 1.363067345706047 133.9399999999947
6698 1.370167454278751 133.9599999999947
6699 1.377816578590897 133.9799999999947
6700 1.386156776268234 133.9999999999947
6701 1.394629109446758 134.0199999999948
6702 1.403684381908298 134.0399999999948
6703 1.413265027694548 134.0599999999948
6704 1.423473947041631 134.0799999999948
6705 1.434273841367096 134.0999999999948
6706 1.445550961603383 134.1199999999948
6707 1.457637206310963 134.1399999999948
6708 1.469980488379486 134.1599999999948
6709 1.482327681160155 134.1799999999948
6710 1.494820216259629 134.1999999999948
6711 1.507826103668001 134.2199999999949
6712 1.521638860359794 134.2399999999949
6713 1.53566531776158 134.2599999999949
6714 1.54965139084962 134.2799999999949
6715 1.563853667921738 134.2999999999949
6716 1.578441806582608 134.3199999999949
6717 1.593308874499824 134.3399999999949
6718 1.608147059400491 134.3599999999949
6719 1.623338244154694 134.3799999999949
6720 1.638581324421046 134.3999999999949
6721 1.653751790601989 134.419999999995
6722 1.668923021778073 134.439999999995
6723 1.684387710622365 134.459999999995
6724 1.69979163786067 134.479999999995
6725 1.715163587584774 134.499999999995
6726 1.730305610863738 134.519999999995
6727 1.745345513804239 134.539999999995
6728 1.760384913432837 134.559999999995
6729 1.774988705235463 134.579999999995
6730 1.789381800329908 134.599999999995
6731 1.803577629353362 134.6199999999951
6732 1.817549222703227 134.6399999999951
6733 1.831215384588405 134.6599999999951
6734 1.844405271303809 134.6799999999951
6735 1.857455910784924 134.6999999999951
6736 1.870078675389279 134.7199999999951
6737 1.882204095755407 134.7399999999951
6738 1.893763269503687 134.7599999999951
6739 1.905032878656122 134.7799999999951
6740 1.915789068024013 134.7999999999952
6741 1.926033331416389 134.8199999999952
6742 1.935728337843715 134.8399999999952
6743 1.944908385940781 134.8599999999952
6744 1.953452700919375 134.8799999999952
6745 1.961277568266203 134.8999999999952
6746 1.968585417342748 134.9199999999952
6747 1.97549142744192 134.9399999999952
6748 1.981776337091264 134.9599999999952
6749 1.98746114357034 134.9799999999952
6750 1.992554983253708 134.9999999999953
6751 1.996699182022603 135.0199999999953
6752 2.000206465283833 135.0399999999953
6753 2.00311703924883 135.0599999999953
6754 2.005527990377598 135.0799999999953
6755 2.007113113095142 135.0999999999953
6756 2.007961700111582 135.1199999999953
6757 2.008261938986733 135.1399999999953
6758 2.007944231453036 135.1599999999953
6759 2.006922203097727 135.1799999999953
6760 2.005342003937632 135.1999999999954
6761 2.003119530324604 135.2199999999954
6762 2.00012422314917 135.2399999999954
6763 1.996454496097382 135.2599999999954
6764 1.992263013404699 135.2799999999954
6765 1.987464939785303 135.2999999999954
6766 1.982018997379175 135.3199999999954
6767 1.975991145987898 135.3399999999954
6768 1.96957382348841 135.3599999999954
6769 1.96251319928135 135.3799999999954
6770 1.954870396891126 135.3999999999955
6771 1.946705926213815 135.4199999999955
6772 1.93804113504758 135.4399999999955
6773 1.928929838638624 135.4599999999955
6774 1.919284321937796 135.4799999999955
6775 1.90920449627608 135.4999999999955
6776 1.898632386260666 135.5199999999955
6777 1.887652594392258 135.5399999999955
6778 1.876271493082971 135.5599999999955
6779 1.864435291898828 135.5799999999956
6780 1.85225282038995 135.5999999999956
6781 1.839878773735006 135.6199999999956
6782 1.827283414548207 135.6399999999956
6783 1.814408206916855 135.6599999999956
6784 1.801248065070961 135.6799999999956
6785 1.787927284024658 135.6999999999956
6786 1.774464414392011 135.7199999999956
6787 1.7607744325351 135.7399999999956
6788 1.746845189395908 135.7599999999956
6789 1.732791067534462 135.7799999999957
6790 1.718671638849854 135.7999999999957
6791 1.704584736509641 135.8199999999957
6792 1.690526337823557 135.8399999999957
6793 1.676345682097308 135.8599999999957
6794 1.66211999527717 135.8799999999957
6795 1.647941810369306 135.8999999999957
6796 1.633879286942532 135.9199999999957
6797 1.619846648175643 135.9399999999957
6798 1.605895483840169 135.9599999999957
6799 1.592032670312675 135.9799999999958
6800 1.578345891028825 135.9999999999958
6801 1.564823352268916 136.0199999999958
6802 1.551548461601649 136.0399999999958
6803 1.538421660030435 136.0599999999958
6804 1.525638508616643 136.0799999999958
6805 1.513155958839748 136.0999999999958
6806 1.501017340496122 136.1199999999958
6807 1.489209958974845 136.1399999999958
6808 1.477644852014683 136.1599999999958
6809 1.466514107935701 136.1799999999959
6810 1.455545156256636 136.1999999999959
6811 1.445000605857441 136.2199999999959
6812 1.434691592755039 136.2399999999959
6813 1.424826453801795 136.2599999999959
6814 1.415355526979263 136.2799999999959
6815 1.406454163959275 136.2999999999959
6816 1.397860202634326 136.3199999999959
6817 1.389830935558699 136.3399999999959
6818 1.382468387517709 136.3599999999959
6819 1.375537294805427 136.379999999996
6820 1.369103489170238 136.399999999996
6821 1.363197093744206 136.419999999996
6822 1.357781835270928 136.439999999996
6823 1.352779301220757 136.459999999996
6824 1.348354632309694 136.479999999996
6825 1.344596853868778 136.499999999996
6826 1.341263546246041 136.519999999996
6827 1.338392763176697 136.539999999996
6828 1.336492424863782 136.5599999999961
6829 1.335211047553678 136.5799999999961
6830 1.334179825309223 136.5999999999961
6831 1.333970828898901 136.6199999999961
6832 1.334489667687991 136.6399999999961
6833 1.335671263868834 136.6599999999961
6834 1.337332256936117 136.6799999999961
6835 1.339559431514707 136.6999999999961
6836 1.342337088498184 136.7199999999961
6837 1.345811980222795 136.7399999999961
6838 1.349780580005702 136.7599999999962
6839 1.354412052530446 136.7799999999962
6840 1.359520691034233 136.7999999999962
6841 1.365728412892741 136.8199999999962
6842 1.372387299459723 136.8399999999962
6843 1.379471191079877 136.8599999999962
6844 1.387262376424732 136.8799999999962
6845 1.395665145017219 136.8999999999962
6846 1.404482038499803 136.9199999999962
6847 1.41450547387092 136.9399999999962
6848 1.424579187851748 136.9599999999963
6849 1.435232414981591 136.9799999999963
6850 1.44588176863507 136.9999999999963
6851 1.456982161365977 137.0199999999963
6852 1.468606703429383 137.0399999999963
6853 1.480688594144037 137.0599999999963
6854 1.493138512467212 137.0799999999963
6855 1.50646522613527 137.0999999999963
6856 1.519924182256087 137.1199999999963
6857 1.533733736539717 137.1399999999963
6858 1.547672200994769 137.1599999999964
6859 1.561853137445671 137.1799999999964
6860 1.576379586952033 137.1999999999964
6861 1.59132339424012 137.2199999999964
6862 1.606101322776687 137.2399999999964
6863 1.621015493356793 137.2599999999964
6864 1.635987281733342 137.2799999999964
6865 1.651075834607221 137.2999999999964
6866 1.666523980938619 137.3199999999964
6867 1.682023573382728 137.3399999999965
6868 1.697308826395953 137.3599999999965
6869 1.712327770563587 137.3799999999965
6870 1.727302578894308 137.3999999999965
6871 1.742259650164348 137.4199999999965
6872 1.757223980367626 137.4399999999965
6873 1.771983924470636 137.4599999999965
6874 1.786257878202177 137.4799999999965
6875 1.800214869208977 137.4999999999965
6876 1.8140734417639 137.5199999999965
6877 1.827658334287728 137.5399999999966
6878 1.840835463416312 137.5599999999966
6879 1.853739223013844 137.5799999999966
6880 1.866269231139899 137.5999999999966
6881 1.87842970496864 137.6199999999966
6882 1.890061038495126 137.6399999999966
6883 1.90129311412092 137.6599999999966
6884 1.912108328512992 137.6799999999966
6885 1.922498674110879 137.6999999999966
6886 1.932361825490488 137.7199999999966
6887 1.941647172551135 137.7399999999967
6888 1.950347652708 137.7599999999967
6889 1.958379177153065 137.7799999999967
6890 1.965783244247119 137.7999999999967
6891 1.972706287098093 137.8199999999967
6892 1.978894450450783 137.8399999999967
6893 1.984564518422091 137.8599999999967
6894 1.989598364266816 137.8799999999967
6895 1.993995556570642 137.8999999999967
6896 1.997748515190042 137.9199999999967
6897 2.000804959165074 137.9399999999968
6898 2.003128127538263 137.9599999999968
6899 2.004771581113452 137.9799999999968
6900 2.005788195782323 137.9999999999968
6901 2.006154321100035 138.0199999999968
6902 2.005914822456809 138.0399999999968
6903 2.004940595463118 138.0599999999968
6904 2.003360879845337 138.0799999999968
6905 2.001079393301555 138.0999999999968
6906 1.998092083704666 138.1199999999968
6907 1.994497528763808 138.1399999999969
6908 1.990338012866343 138.1599999999969
6909 1.985568142450598 138.1799999999969
6910 1.98020160758134 138.1999999999969
6911 1.974257862549159 138.2199999999969
6912 1.967740413004431 138.2399999999969
6913 1.960759887879971 138.2599999999969
6914 1.953220162220004 138.2799999999969
6915 1.945085879072213 138.2999999999969
6916 1.936417055291039 138.319999999997
6917 1.927326657219924 138.339999999997
6918 1.917776784880686 138.359999999997
6919 1.907738829664579 138.379999999997
6920 1.897412057809698 138.399999999997
6921 1.886627093253491 138.419999999997
6922 1.87540340198499 138.439999999997
6923 1.863754865761155 138.459999999997
6924 1.851824371104839 138.479999999997
6925 1.839648539698003 138.499999999997
6926 1.82713033682086 138.5199999999971
6927 1.814315400676503 138.5399999999971
6928 1.80134345584265 138.5599999999971
6929 1.788113263132829 138.5799999999971
6930 1.774658248879003 138.5999999999971
6931 1.76110332494337 138.6199999999971
6932 1.747295629269805 138.6399999999971
6933 1.733412786735462 138.6599999999971
6934 1.71947265241988 138.6799999999971
6935 1.705416884339832 138.6999999999971
6936 1.69129576319012 138.7199999999972
6937 1.677238391332365 138.7399999999972
6938 1.663042070192368 138.7599999999972
6939 1.648883740221789 138.7799999999972
6940 1.634813437261806 138.7999999999972
6941 1.620726873695487 138.8199999999972
6942 1.606793756449833 138.8399999999972
6943 1.59296472086168 138.8599999999972
6944 1.579267505645854 138.8799999999972
6945 1.565807423267545 138.8999999999972
6946 1.552536180996579 138.9199999999973
6947 1.539531970971276 138.9399999999973
6948 1.526728529120083 138.9599999999973
6949 1.514162714142558 138.9799999999973
6950 1.501809809235104 138.9999999999973
6951 1.489617690376285 139.0199999999973
6952 1.477655848506398 139.0399999999973
6953 1.46594875989369 139.0599999999973
6954 1.454593105042925 139.0799999999973
6955 1.443637531810465 139.0999999999974
6956 1.432986620285139 139.1199999999974
6957 1.422805013115115 139.1399999999974
6958 1.413202315280488 139.1599999999974
6959 1.404098720519907 139.1799999999974
6960 1.395513907476729 139.1999999999974
6961 1.387318903152707 139.2199999999974
6962 1.379581136207162 139.2399999999974
6963 1.37225732732173 139.2599999999974
6964 1.365372122702218 139.2799999999974
6965 1.358977207367714 139.2999999999975
6966 1.353020142323953 139.3199999999975
6967 1.347589856956245 139.3399999999975
6968 1.342579770838921 139.3599999999975
6969 1.338370512660369 139.3799999999975
6970 1.33478646351715 139.3999999999975
6971 1.331691666892163 139.4199999999975
6972 1.329317477833627 139.4399999999975
6973 1.327608772688782 139.4599999999975
6974 1.326548959560795 139.4799999999975
6975 1.325993414954799 139.4999999999976
6976 1.325874603093288 139.5199999999976
6977 1.326487220306093 139.5399999999976
6978 1.327441878956821 139.5599999999976
6979 1.329092493130423 139.5799999999976
6980 1.331413943448021 139.5999999999976
6981 1.334405567638522 139.6199999999976
6982 1.338121471405477 139.6399999999976
6983 1.342124956213795 139.6599999999976
6984 1.346687206058354 139.6799999999976
6985 1.352107951371149 139.6999999999977
6986 1.35843684542106 139.7199999999977
6987 1.364815486933475 139.7399999999977
6988 1.372131824145214 139.7599999999977
6989 1.379890345598357 139.7799999999977
6990 1.388451069891094 139.7999999999977
6991 1.396837293619793 139.8199999999977
6992 1.406202310856863 139.8399999999977
6993 1.415789716174227 139.8599999999977
6994 1.4262870161196 139.8799999999978
6995 1.437159545786934 139.8999999999978
6996 1.448613472516445 139.9199999999978
6997 1.460854496284675 139.9399999999978
6998 1.473170934616302 139.9599999999978
6999 1.485573434476825 139.9799999999978
7000 1.498150458618318 139.9999999999978
7001 1.511316970399827 140.0199999999978
7002 1.525298329772068 140.0399999999978
7003 1.539303855817717 140.0599999999978
7004 1.553331040974317 140.0799999999979
7005 1.567619318631965 140.0999999999979
7006 1.582293146189762 140.1199999999979
7007 1.597166401287201 140.1399999999979
7008 1.612034830801559 140.1599999999979
7009 1.627327023277978 140.1799999999979
7010 1.642553258029586 140.1999999999979
7011 1.657713452665589 140.2199999999979
7012 1.672923486742072 140.2399999999979
7013 1.688416112695695 140.2599999999979
7014 1.703792666582881 140.279999999998
7015 1.719141917329804 140.299999999998
7016 1.734236579149076 140.319999999998
7017 1.749277007803825 140.339999999998
7018 1.764240671268725 140.359999999998
7019 1.778786775683062 140.379999999998
7020 1.79309706650538 140.399999999998
7021 1.807268186225589 140.419999999998
7022 1.82114297784584 140.439999999998
7023 1.834708221757839 140.459999999998
7024 1.847852158429511 140.4799999999981
7025 1.860794461137314 140.4999999999981
7026 1.873315835434088 140.5199999999981
7027 1.885258472656858 140.5399999999981
7028 1.896766591196144 140.5599999999981
7029 1.907905935544276 140.5799999999981
7030 1.918534160969811 140.5999999999981
7031 1.928630045151156 140.6199999999981
7032 1.938191300223314 140.6399999999981
7033 1.947224867517401 140.6599999999981
7034 1.955602899121208 140.6799999999982
7035 1.963252514382288 140.6999999999982
7036 1.970458277274736 140.7199999999982
7037 1.977204233560752 140.7399999999982
7038 1.983337952924075 140.7599999999982
7039 1.988905160210644 140.7799999999982
7040 1.99375809755965 140.7999999999982
7041 1.997720342182508 140.8199999999982
7042 2.001028338856642 140.8399999999982
7043 2.003833109103088 140.8599999999983
7044 2.00608374924254 140.8799999999983
7045 2.007414067847517 140.8999999999983
7046 2.008146155748742 140.9199999999983
7047 2.008263752753004 140.9399999999983
7048 2.007782223822924 140.9599999999983
7049 2.006615052036089 140.9799999999983
7050 2.004862487756245 140.9999999999983
7051 2.002465878478876 141.0199999999983
7052 1.999265534614588 141.0399999999983
7053 1.995467383217256 141.0599999999984
7054 1.991113105324512 141.0799999999984
7055 1.986162431344621 141.0999999999984
7056 1.980546548563189 141.1199999999984
7057 1.974408385887962 141.1399999999984
7058 1.967865623886988 141.1599999999984
7059 1.960609266280429 141.1799999999984
7060 1.95285187749426 141.1999999999984
7061 1.944535463336257 141.2199999999984
7062 1.935771206558477 141.2399999999984
7063 1.926508914538819 141.2599999999985
7064 1.916754770760675 141.2799999999985
7065 1.906554809028102 141.2999999999985
7066 1.895864670290026 141.3199999999985
7067 1.884787575296309 141.3399999999985
7068 1.873277562650645 141.3599999999985
7069 1.861341223597095 141.3799999999985
7070 1.849099067323359 141.3999999999985
7071 1.836669937354615 141.4199999999985
7072 1.824009017557309 141.4399999999985
7073 1.811060218345515 141.4599999999986
7074 1.797842696878265 141.4799999999986
7075 1.784484091042411 141.4999999999986
7076 1.770984785712717 141.5199999999986
7077 1.757211964463968 141.5399999999986
7078 1.743236274519426 141.5599999999986
7079 1.729163655398021 141.5799999999986
7080 1.715035655302185 141.5999999999986
7081 1.700973777850708 141.6199999999986
7082 1.686895369694439 141.6399999999987
7083 1.672668106423537 141.6599999999987
7084 1.658451594623851 141.6799999999987
7085 1.644314084788118 141.6999999999987
7086 1.630260437506069 141.7199999999987
7087 1.616253522470579 141.7399999999987
7088 1.602319643085486 141.7599999999987
7089 1.588500225662869 141.7799999999987
7090 1.574831862371599 141.7999999999987
7091 1.561385714648984 141.8199999999987
7092 1.548147858095097 141.8399999999988
7093 1.535093810456178 141.8599999999988
7094 1.522378554339678 141.8799999999988
7095 1.510011692774082 141.8999999999988
7096 1.497951203426436 141.9199999999988
7097 1.486195695562342 141.9399999999988
7098 1.474752112411965 141.9599999999988
7099 1.463647582662436 141.9799999999988
7100 1.45278513776514 141.9999999999988
7101 1.442307542775521 142.0199999999988
7102 1.432102332280894 142.0399999999989
7103 1.42233177307755 142.0599999999989
7104 1.413031600601518 142.0799999999989
7105 1.404200183915237 142.0999999999989
7106 1.39573482216879 142.1199999999989
7107 1.387874346322918 142.1399999999989
7108 1.380622943431484 142.1599999999989
7109 1.373835821462843 142.1799999999989
7110 1.367532578232707 142.1999999999989
7111 1.361744459438254 142.2199999999989
7112 1.356435918869839 142.239999999999
7113 1.351571081644354 142.259999999999
7114 1.347337509948764 142.279999999999
7115 1.343708536269298 142.299999999999
7116 1.340454368093131 142.319999999999
7117 1.337797379773065 142.339999999999
7118 1.33613188226728 142.359999999999
7119 1.334896587991424 142.379999999999
7120 1.334052908319503 142.399999999999
7121 1.333985031034177 142.419999999999
7122 1.334776152582092 142.4399999999991
7123 1.336050067548081 142.4599999999991
7124 1.337889830100438 142.4799999999991
7125 1.340188094669134 142.4999999999991
7126 1.343262138107394 142.5199999999991
7127 1.346749120336602 142.5399999999991
7128 1.350944696921579 142.5599999999991
7129 1.355630290835349 142.5799999999991
7130 1.361063367071073 142.5999999999991
7131 1.367430440077415 142.6199999999992
7132 1.374143580792882 142.6399999999992
7133 1.381424584500821 142.6599999999992
7134 1.389432736861708 142.6799999999992
7135 1.39788454841077 142.6999999999992
7136 1.406958273779244 142.7199999999992
7137 1.417243588975867 142.7399999999992
7138 1.42727476700669 142.7599999999992
7139 1.43797936934255 142.7799999999992
7140 1.448731320494936 142.7999999999992
7141 1.459927175941152 142.8199999999993
7142 1.471743699941999 142.8399999999993
7143 1.48387865893472 142.8599999999993
7144 1.496537694764964 142.8799999999993
7145 1.509992995689591 142.8999999999993
7146 1.523460482172549 142.9199999999993
7147 1.537364492519827 142.9399999999993
7148 1.551341936329619 142.9599999999993
7149 1.565588181158585 142.9799999999993
7150 1.580239570694278 142.9999999999993
7151 1.595187010247575 143.0199999999994
7152 1.609992740856902 143.0399999999994
7153 1.624914457207351 143.0599999999994
7154 1.639915579445033 143.0799999999994
7155 1.655058378944045 143.0999999999994
7156 1.67058296504874 143.1199999999994
7157 1.686019045776663 143.1399999999994
7158 1.701245082602116 143.1599999999994
7159 1.716250440865527 143.1799999999994
7160 1.731178003854638 143.1999999999994
7161 1.746158009859082 143.2199999999995
7162 1.761114766203795 143.2399999999995
7163 1.775777252733179 143.2599999999995
7164 1.789937428977944 143.2799999999995
7165 1.803841819381893 143.2999999999995
7166 1.817666636797467 143.3199999999995
7167 1.831145330621169 143.3399999999995
7168 1.844207513257971 143.3599999999995
7169 1.857063836053896 143.3799999999995
7170 1.869498719258428 143.3999999999996
7171 1.881530740956338 143.4199999999996
7172 1.893037585209931 143.4399999999996
7173 1.90419329879783 143.4599999999996
7174 1.914861358999711 143.4799999999996
7175 1.925178945285194 143.4999999999996
7176 1.934850288434304 143.5199999999996
7177 1.94401175734451 143.5399999999996
7178 1.95253601258884 143.5599999999996
7179 1.960384545205319 143.5799999999996
7180 1.967683139819017 143.5999999999997
7181 1.97441421970067 143.6199999999997
7182 1.980445245298613 143.6399999999997
7183 1.985980652292737 143.6599999999997
7184 1.990892714800719 143.6799999999997
7185 1.995036704614852 143.6999999999997
7186 1.998673307709279 143.7199999999997
7187 2.001511421136415 143.7399999999997
7188 2.00365736290851 143.7599999999997
7189 2.005136352053752 143.7799999999997
7190 2.00598661570878 143.7999999999998
7191 2.006208677284198 143.8199999999998
7192 2.005766387358584 143.8399999999998
7193 2.004626429652246 143.8599999999998
7194 2.002879474012691 143.8799999999998
7195 2.000415326622627 143.8999999999998
7196 1.997243231216575 143.9199999999998
7197 1.99350542643507 143.9399999999998
7198 1.989200404858103 143.9599999999998
7199 1.984268823650587 143.9799999999998
7200 1.978762153915471 143.9999999999999
7201 1.972641053953034 144.0199999999999
7202 1.966007334435334 144.0399999999999
7203 1.958900021664765 144.0599999999999
7204 1.951203890761445 144.0799999999999
7205 1.942919708968953 144.0999999999999
7206 1.934130182976898 144.1199999999999
7207 1.924931696468527 144.1399999999999
7208 1.91524923711604 144.1599999999999
7209 1.905134244540723 144.1799999999999
7210 1.894689856126648 144.2
7211 1.883789159878316 144.22
7212 1.872445932519948 144.24
7213 1.860721716156047 144.26
7214 1.848710173496224 144.28
7215 1.836475799137901 144.3
7216 1.823850253556464 144.32
7217 1.810985546274162 144.34
7218 1.7979742590952 144.36
7219 1.784658236731514 144.3800000000001
7220 1.771178449494603 144.4000000000001
7221 1.757575933569422 144.4200000000001
7222 1.74370600892672 144.4400000000001
7223 1.729822567179208 144.4600000000001
7224 1.715857702936558 144.4800000000001
7225 1.701737539461415 144.5000000000001
7226 1.687660658511777 144.5200000000001
7227 1.673596975270887 144.5400000000001
7228 1.659377759218232 144.5600000000001
7229 1.645237232156907 144.5800000000002
7230 1.631171636669043 144.6000000000002
7231 1.617109281762381 144.6200000000002
7232 1.60322672643307 144.6400000000002
7233 1.589400488849848 144.6600000000002
7234 1.575759755925282 144.6800000000002
7235 1.562364659880919 144.7000000000002
7236 1.549147339860859 144.7200000000002
7237 1.536206596946013 144.7400000000002
7238 1.523460437837603 144.7600000000002
7239 1.510942238594254 144.7800000000003
7240 1.498642921765812 144.8000000000003
7241 1.486493501576276 144.8200000000003
7242 1.474610515907206 144.8400000000003
7243 1.46296416159555 144.8600000000003
7244 1.451733136625376 144.8800000000003
7245 1.440852706194407 144.9000000000003
7246 1.430282474460506 144.9200000000003
7247 1.420270577416701 144.9400000000003
7248 1.410807762907345 144.9600000000003
7249 1.401827648699536 144.9800000000004
7250 1.393369449565448 145.0000000000004
7251 1.385272034816286 145.0200000000004
7252 1.377636856995566 145.0400000000004
7253 1.370389722088163 145.0600000000004
7254 1.363668473086683 145.0800000000004
7255 1.357366647077091 145.1000000000004
7256 1.351583851043247 145.1200000000004
7257 1.34623345790052 145.1400000000004
7258 1.341420128359271 145.1600000000005
7259 1.33739495025106 145.1800000000005
7260 1.333951293083916 145.2000000000005
7261 1.331012106212862 145.2200000000005
7262 1.328805787108834 145.2400000000005
7263 1.327285237467333 145.2600000000005
7264 1.326343530098328 145.2800000000005
7265 1.325924566295227 145.3000000000005
7266 1.325989971391984 145.3200000000005
7267 1.326673367690242 145.3400000000005
7268 1.3278303904036 145.3600000000006
7269 1.329639546326081 145.3800000000006
7270 1.332121605649318 145.4000000000006
7271 1.335319730780985 145.4200000000006
7272 1.339146625519593 145.4400000000006
7273 1.343256801492523 145.4600000000006
7274 1.348012247499171 145.4800000000006
7275 1.353690103810297 145.5000000000006
7276 1.360024016559171 145.5200000000006
7277 1.366656816615388 145.5400000000006
7278 1.374131053046044 145.5600000000007
7279 1.382033903661608 145.5800000000007
7280 1.390762512008911 145.6000000000007
7281 1.399151701400053 145.6200000000007
7282 1.408709977900805 145.6400000000007
7283 1.418442539265321 145.6600000000007
7284 1.429064674358179 145.6800000000007
7285 1.44009994084681 145.7000000000007
7286 1.451753621061392 145.7200000000007
7287 1.46410004169006 145.7400000000007
7288 1.476383094596913 145.7600000000008
7289 1.488825193442217 145.7800000000008
7290 1.501559936334031 145.8000000000008
7291 1.514873755218125 145.8200000000008
7292 1.528966736557597 145.8400000000008
7293 1.542937859948672 145.8600000000008
7294 1.557045148282581 145.8800000000008
7295 1.571428988845203 145.9000000000008
7296 1.586179465568961 145.9200000000008
7297 1.601034615824286 145.9400000000009
7298 1.616002361607807 145.9600000000009
7299 1.63132085605086 145.9800000000009
7300 1.646515730830244 146.0000000000009
7301 1.661680646976547 146.0200000000009
7302 1.676990759478079 146.0400000000009
7303 1.692433825783439 146.0600000000009
7304 1.707825708367421 146.0800000000009
7305 1.723110925132319 146.1000000000009
7306 1.738186652369565 146.1200000000009
7307 1.753228844927104 146.140000000001
7308 1.768069232677501 146.160000000001
7309 1.782588969884748 146.180000000001
7310 1.796839842990818 146.200000000001
7311 1.810947804215388 146.220000000001
7312 1.824752992706492 146.240000000001
7313 1.838169321094272 146.260000000001
7314 1.851313313790449 146.280000000001
7315 1.86413305361049 146.300000000001
7316 1.876531135127195 146.320000000001
7317 1.888338661649419 146.3400000000011
7318 1.899735713009546 146.3600000000011
7319 1.910792597868227 146.3800000000011
7320 1.921248699598732 146.4000000000011
7321 1.931216937161244 146.4200000000011
7322 1.940654434638176 146.4400000000011
7323 1.949515095758187 146.4600000000011
7324 1.957701270712581 146.4800000000011
7325 1.965231052900849 146.5000000000011
7326 1.972340516288631 146.5200000000011
7327 1.978941578776617 146.5400000000012
7328 1.984833556598453 146.5600000000012
7329 1.990308909500294 146.5800000000012
7330 1.994899556586892 146.6000000000012
7331 1.998737056103452 146.6200000000012
7332 2.001848150093833 146.6400000000012
7333 2.004524993462653 146.6600000000012
7334 2.006590744153839 146.6800000000012
7335 2.007680582023309 146.7000000000012
7336 2.008307263367842 146.7200000000012
7337 2.008250813786193 146.7400000000013
7338 2.007590604557204 146.7600000000013
7339 2.006280229224532 146.7800000000013
7340 2.004354779673725 146.8000000000013
7341 2.001765317811403 146.8200000000013
7342 1.998386694576965 146.8400000000013
7343 1.99444563514916 146.8600000000013
7344 1.989932890147881 146.8800000000013
7345 1.984812936805108 146.9000000000013
7346 1.979041210112101 146.9200000000014
7347 1.97280416588166 146.9400000000014
7348 1.966103137440591 146.9600000000014
7349 1.958686514011211 146.9800000000014
7350 1.950790686602297 147.0000000000014
7351 1.942339117137801 147.0200000000014
7352 1.933467554262799 147.0400000000014
7353 1.924058702092381 147.0600000000014
7354 1.914191520871778 147.0800000000014
7355 1.903869426076157 147.1000000000014
7356 1.893061449315965 147.1200000000015
7357 1.881887902284452 147.1400000000015
7358 1.87025310633669 147.1600000000015
7359 1.858220590316259 147.1800000000015
7360 1.845925801418536 147.2000000000015
7361 1.833438523938084 147.2200000000015
7362 1.820705110004317 147.2400000000015
7363 1.807684481229396 147.2600000000015
7364 1.794415064511259 147.2800000000015
7365 1.781014557665194 147.3000000000015
7366 1.767467466439169 147.3200000000016
7367 1.753628862941094 147.3400000000016
7368 1.739614643213064 147.3600000000016
7369 1.725523871225383 147.3800000000016
7370 1.711390750264601 147.4000000000016
7371 1.697405344261856 147.4200000000016
7372 1.683238863374304 147.4400000000016
7373 1.669031148781609 147.4600000000016
7374 1.654791538943657 147.4800000000016
7375 1.640683384243642 147.5000000000016
7376 1.626630763460172 147.5200000000017
7377 1.612645013298685 147.5400000000017
7378 1.598721210399351 147.5600000000017
7379 1.58495881937003 147.5800000000017
7380 1.57132967937576 147.6000000000017
7381 1.557945721296149 147.6200000000017
7382 1.544729055568238 147.6400000000017
7383 1.53179304767474 147.6600000000017
7384 1.519113423560958 147.6800000000017
7385 1.506871576432537 147.7000000000018
7386 1.494883057602465 147.7200000000018
7387 1.483174699659847 147.7400000000018
7388 1.4718735386903 147.7600000000018
7389 1.460794518203693 147.7800000000018
7390 1.450049992062697 147.8000000000018
7391 1.439629855580959 147.8200000000018
7392 1.429531790440577 147.8400000000018
7393 1.419854070290585 147.8600000000018
7394 1.410678495201634 147.8800000000018
7395 1.401961031186268 147.9000000000019
7396 1.393587318744952 147.9200000000019
7397 1.385943608130381 147.9400000000019
7398 1.378804865336603 147.9600000000019
7399 1.372151349919478 147.9800000000019
7400 1.36598337062936 148.0000000000019
7401 1.360324824693389 148.0200000000019
7402 1.355138150091484 148.0400000000019
7403 1.350406778136516 148.0600000000019
7404 1.34634958525579 148.0800000000019
7405 1.342852767269549 148.100000000002
7406 1.339684380186133 148.120000000002
7407 1.33727674654776 148.140000000002
7408 1.335801244988297 148.160000000002
7409 1.334593162346649 148.180000000002
7410 1.334010807116302 148.200000000002
7411 1.334113978882485 148.220000000002
7412 1.335073217023347 148.240000000002
7413 1.336471198381324 148.260000000002
7414 1.338465782767746 148.280000000002
7415 1.340883757718704 148.3000000000021
7416 1.344185947669103 148.3200000000021
7417 1.347783024626563 148.3400000000021
7418 1.352163436758613 148.3600000000021
7419 1.356939002868959 148.3800000000021
7420 1.362677270690261 148.4000000000021
7421 1.369194721390512 148.4200000000021
7422 1.375984332130655 148.4400000000021
7423 1.383427142660397 148.4600000000021
7424 1.391624003718456 148.4800000000021
7425 1.400175695855726 148.5000000000022
7426 1.409611376394521 148.5200000000022
7427 1.419835719613437 148.5400000000022
7428 1.430105977881937 148.5600000000022
7429 1.440749749030214 148.5800000000022
7430 1.451613804727006 148.6000000000022
7431 1.462961300705533 148.6200000000022
7432 1.474914764708584 148.6400000000022
7433 1.487082568904878 148.6600000000022
7434 1.500045124663681 148.6800000000023
7435 1.513541948094542 148.7000000000023
7436 1.527075433609325 148.7200000000023
7437 1.541015026594938 148.7400000000023
7438 1.555061569518577 148.7600000000023
7439 1.569408295352658 148.7800000000023
7440 1.584158928162707 148.8000000000023
7441 1.599070502724027 148.8200000000023
7442 1.613925050054886 148.8400000000023
7443 1.628860819126132 148.8600000000023
7444 1.643895511115844 148.8800000000024
7445 1.659113217517295 148.9000000000024
7446 1.67467498769997 148.9200000000024
7447 1.690052334475231 148.9400000000024
7448 1.705208051378909 148.9600000000024
7449 1.720210999758663 148.9800000000024
7450 1.735138659116507 149.0000000000024
7451 1.750124824954621 149.0200000000024
7452 1.765012758486895 149.0400000000024
7453 1.779553561648215 149.0600000000024
7454 1.793637684848797 149.0800000000025
7455 1.807518596800261 149.1000000000025
7456 1.821280837221506 149.1200000000025
7457 1.834656815230101 149.1400000000025
7458 1.847619962934016 149.1600000000025
7459 1.860394217414814 149.1800000000025
7460 1.872748922140103 149.2000000000025
7461 1.884639362654583 149.2200000000025
7462 1.896044203797896 149.2400000000025
7463 1.90708394338773 149.2600000000025
7464 1.917642051682996 149.2800000000026
7465 1.927798453512982 149.3000000000026
7466 1.93734973006098 149.3200000000026
7467 1.946363231877675 149.3400000000026
7468 1.954719774245802 149.3600000000026
7469 1.962381331863556 149.3800000000026
7470 1.96957453608222 149.4000000000026
7471 1.976095128596356 149.4200000000026
7472 1.981979905551169 149.4400000000026
7473 1.987344047018288 149.4600000000027
7474 1.992114325420755 149.4800000000027
7475 1.996081686550989 149.5000000000027
7476 1.999546754729342 149.5200000000027
7477 2.002195743305267 149.5400000000027
7478 2.004146407650238 149.5600000000027
7479 2.005473092925393 149.5800000000027
7480 2.00614502780376 149.6000000000027
7481 2.006215169714905 149.6200000000027
7482 2.005584167266859 149.6400000000027
7483 2.004288249254017 149.6600000000028
7484 2.002343292768479 149.6800000000028
7485 1.999707093441169 149.7000000000028
7486 1.996366611395396 149.7200000000028
7487 1.992471962881375 149.7400000000028
7488 1.988007898856743 149.7600000000028
7489 1.9829205322326 149.7800000000028
7490 1.97726831070411 149.8000000000028
7491 1.9709919683545 149.8200000000028
7492 1.96423373166061 149.8400000000028
7493 1.956983909164731 149.8600000000029
7494 1.949134986756077 149.8800000000029
7495 1.940703878049852 149.9000000000029
7496 1.931807054666577 149.9200000000029
7497 1.922489454604445 149.9400000000029
7498 1.912665629449369 149.9600000000029
7499 1.902483553142047 149.9800000000029
7500 1.891913020021702 150.0000000000029
7501 1.880904052324252 150.0200000000029
7502 1.869445480903288 150.0400000000029
7503 1.857642554157522 150.060000000003
7504 1.84556573911482 150.080000000003
7505 1.833240327966411 150.100000000003
7506 1.820538579924099 150.120000000003
7507 1.807624418097881 150.140000000003
7508 1.794550686342834 150.160000000003
7509 1.781167926493166 150.180000000003
7510 1.767655695382078 150.200000000003
7511 1.753998161682265 150.220000000003
7512 1.740095178378589 150.2400000000031
7513 1.726185122131443 150.2600000000031
7514 1.712203049786096 150.2800000000031
7515 1.698077252422122 150.3000000000031
7516 1.683984370793922 150.3200000000031
7517 1.66991446227801 150.3400000000031
7518 1.655693602011942 150.3600000000031
7519 1.6415410853773 150.3800000000031
7520 1.627505690683059 150.4000000000031
7521 1.613467078262396 150.4200000000031
7522 1.599620869672189 150.4400000000032
7523 1.585822397118764 150.4600000000032
7524 1.572240439427195 150.4800000000032
7525 1.558903014529312 150.5000000000032
7526 1.545753128988517 150.5200000000032
7527 1.532857962255298 150.5400000000032
7528 1.520171999859895 150.5600000000032
7529 1.507715635059513 150.5800000000032
7530 1.495451772810275 150.6000000000032
7531 1.483362692700116 150.6200000000032
7532 1.471544614913908 150.6400000000033
7533 1.45998184099998 150.6600000000033
7534 1.448865672670244 150.6800000000033
7535 1.438061628610305 150.7000000000033
7536 1.427600851058521 150.7200000000033
7537 1.417752793367269 150.7400000000033
7538 1.408415647391592 150.7600000000033
7539 1.399574578532249 150.7800000000033
7540 1.391219315978269 150.8000000000033
7541 1.383236185035428 150.8200000000033
7542 1.375681606236103 150.8400000000034
7543 1.368598515589806 150.8600000000034
7544 1.361962944784769 150.8800000000034
7545 1.355794764748015 150.9000000000034
7546 1.350162824648024 150.9200000000034
7547 1.344901326654442 150.9400000000034
7548 1.340300648736247 150.9600000000034
7549 1.33644971990219 150.9800000000034
7550 1.333129483739683 151.0000000000034
7551 1.330390405005368 151.0200000000034
7552 1.328356064331009 151.0400000000035
7553 1.326997517127322 151.0600000000035
7554 1.326189225212204 151.0800000000035
7555 1.325857226423532 151.1000000000035
7556 1.326156224819423 151.1200000000035
7557 1.326899063629547 151.1400000000035
7558 1.328245395045931 151.1600000000035
7559 1.330232347084646 151.1800000000035
7560 1.332902589859511 151.2000000000035
7561 1.336311930855867 151.2200000000036
7562 1.340180548847332 151.2400000000036
7563 1.344480003307002 151.2600000000036
7564 1.349421505472369 151.2800000000036
7565 1.355356619396834 151.3000000000036
7566 1.361672444183528 151.3200000000036
7567 1.368573543403373 151.3400000000036
7568 1.376150549750011 151.3600000000036
7569 1.384312906104097 151.3800000000036
7570 1.392889170974738 151.4000000000036
7571 1.401619516967806 151.4200000000037
7572 1.411219361622153 151.4400000000037
7573 1.421201350175708 151.4600000000037
7574 1.431904172289931 151.4800000000037
7575 1.443103977550018 151.5000000000037
7576 1.454955085399948 151.5200000000037
7577 1.467345644878725 151.5400000000037
7578 1.479659147781322 151.5600000000037
7579 1.492128880346214 151.5800000000037
7580 1.504999265795136 151.6000000000037
7581 1.518592262798221 151.6200000000038
7582 1.53267388996412 151.6400000000038
7583 1.546630567391861 151.6600000000038
7584 1.5608245100105 151.6800000000038
7585 1.575295626384578 151.7000000000038
7586 1.590127851207781 151.7200000000038
7587 1.604953051854187 151.7400000000038
7588 1.620074437001909 151.7600000000038
7589 1.635337091704578 151.7800000000038
7590 1.650512540408807 151.8000000000038
7591 1.665682509613317 151.8200000000039
7592 1.681095615392641 151.8400000000039
7593 1.696512535863002 151.8600000000039
7594 1.711900015372688 151.8800000000039
7595 1.727105276283444 151.9000000000039
7596 1.742159619396366 151.9200000000039
7597 1.757214092076659 151.9400000000039
7598 1.771927366628563 151.9600000000039
7599 1.786381316382979 151.9800000000039
7600 1.800593071653077 152.000000000004
7601 1.814641787227992 152.020000000004
7602 1.828377597948782 152.040000000004
7603 1.84165885575859 152.060000000004
7604 1.854778800262658 152.080000000004
7605 1.867467531140642 152.100000000004
7606 1.879746703001736 152.120000000004
7607 1.891416165764068 152.140000000004
7608 1.902731734521994 152.160000000004
7609 1.913623191128489 152.180000000004
7610 1.923965530746687 152.2000000000041
7611 1.933796475473689 152.2200000000041
7612 1.943089014919643 152.2400000000041
7613 1.951779528908504 152.2600000000041
7614 1.959763201359948 152.2800000000041
7615 1.967180404544183 152.3000000000041
7616 1.974179182487738 152.3200000000041
7617 1.98059899022798 152.3400000000041
7618 1.986382759096196 152.3600000000041
7619 1.991629540170429 152.3800000000041
7620 1.996018336269934 152.4000000000042
7621 1.999654113642503 152.4200000000042
7622 2.002663339064898 152.4400000000042
7623 2.00518740398384 152.4600000000042
7624 2.007004655394868 152.4800000000042
7625 2.007944348451652 152.5000000000042
7626 2.008406904298714 152.5200000000042
7627 2.008198694896557 152.5400000000042
7628 2.007339987009138 152.5600000000042
7629 2.005884582782129 152.5800000000042
7630 2.003790412814213 152.6000000000043
7631 2.000993391601572 152.6200000000043
7632 1.997443073790244 152.6400000000043
7633 1.993369615560837 152.6600000000043
7634 1.988695939368018 152.6800000000043
7635 1.983395101970536 152.7000000000043
7636 1.977478437793962 152.7200000000043
7637 1.971148436679533 152.7400000000043
7638 1.964252290298184 152.7600000000043
7639 1.956700342580059 152.7800000000043
7640 1.948659456976634 152.8000000000044
7641 1.94009069118302 152.8200000000044
7642 1.931090317412435 152.8400000000044
7643 1.921544973554898 152.8600000000044
7644 1.911563039398402 152.8800000000044
7645 1.901101309145673 152.9000000000044
7646 1.890191702386593 152.9200000000044
7647 1.878914717689338 152.9400000000044
7648 1.867158476602947 152.9600000000044
7649 1.855041759292067 152.9800000000045
7650 1.84270460084709 153.0000000000045
7651 1.830151522527504 153.0200000000045
7652 1.817343436969854 153.0400000000045
7653 1.804247331717003 153.0600000000045
7654 1.790937800839865 153.0800000000045
7655 1.777502978623981 153.1000000000045
7656 1.763882301112608 153.1200000000045
7657 1.74999258578289 153.1400000000045
7658 1.735943253719084 153.1600000000045
7659 1.721848430008258 153.1800000000046
7660 1.707713144651748 153.2000000000046
7661 1.693734261666421 153.2200000000046
7662 1.679525061102703 153.2400000000046
7663 1.665304195946668 153.2600000000046
7664 1.651088399346803 153.2800000000046
7665 1.637016034891752 153.3000000000046
7666 1.622968659111935 153.3200000000046
7667 1.60899908501089 153.3400000000046
7668 1.595097026672156 153.3600000000046
7669 1.581384681874367 153.3800000000047
7670 1.567804537687974 153.4000000000047
7671 1.554479902037172 153.4200000000047
7672 1.541293968924576 153.4400000000047
7673 1.528472781855898 153.4600000000047
7674 1.515873112351285 153.4800000000047
7675 1.503691446808121 153.5000000000047
7676 1.491808193998757 153.5200000000047
7677 1.48016067048083 153.5400000000047
7678 1.468979758328383 153.5600000000047
7679 1.457936520771298 153.5800000000048
7680 1.447310372574996 153.6000000000048
7681 1.436942893575379 153.6200000000048
7682 1.426973186654724 153.6400000000048
7683 1.417407633348202 153.6600000000048
7684 1.408403237030913 153.6800000000048
7685 1.399718492568398 153.7000000000048
7686 1.391538736156487 153.7200000000048
7687 1.384068026048493 153.7400000000048
7688 1.377005053563763 153.7600000000049
7689 1.37047448037268 153.7800000000049
7690 1.364466795889905 153.8000000000049
7691 1.358933106862837 153.8200000000049
7692 1.353840180903388 153.8400000000049
7693 1.349282183376877 153.8600000000049
7694 1.345388656376795 153.8800000000049
7695 1.342002089165569 153.9000000000049
7696 1.338956331666499 153.9200000000049
7697 1.336845518392637 153.9400000000049
7698 1.335487931053855 153.960000000005
7699 1.33434165337156 153.980000000005
7700 1.333991669579428 154.000000000005
7701 1.334311018652877 154.020000000005
7702 1.335400978748894 154.040000000005
7703 1.336936051055286 154.060000000005
7704 1.339073831690851 154.080000000005
7705 1.341662596717707 154.100000000005
7706 1.345071627333662 154.120000000005
7707 1.348875424885483 154.140000000005
7708 1.353410373746738 154.1600000000051
7709 1.358321411951228 154.1800000000051
7710 1.364343320498864 154.2000000000051
7711 1.371002902365831 154.2200000000051
7712 1.377885384364789 154.2400000000051
7713 1.385534137284108 154.2600000000051
7714 1.393868902207284 154.2800000000051
7715 1.402515776027698 154.3000000000051
7716 1.412323364973491 154.3200000000051
7717 1.422413427361754 154.3400000000051
7718 1.433007489030353 154.3600000000052
7719 1.443566800928763 154.3800000000052
7720 1.4545888331121 154.4000000000052
7721 1.46608156026179 154.4200000000052
7722 1.47811853475319 154.4400000000052
7723 1.490411216994357 154.4600000000052
7724 1.503606055993776 154.4800000000052
7725 1.51707989760764 154.5000000000052
7726 1.530778090087414 154.5200000000052
7727 1.544709017318135 154.5400000000053
7728 1.55883273598033 154.5600000000053
7729 1.573274016321609 154.5800000000053
7730 1.588161491302857 154.6000000000053
7731 1.602964800343336 154.6200000000053
7732 1.617868252809429 154.6400000000053
7733 1.632832582956754 154.6600000000053
7734 1.647898344681507 154.6800000000053
7735 1.663241204462024 154.7000000000053
7736 1.678786165251485 154.7200000000053
7737 1.694113128899619 154.7400000000054
7738 1.709203797302115 154.7600000000054
7739 1.724190384640765 154.7800000000054
7740 1.739128408316847 154.8000000000054
7741 1.754089514187812 154.8200000000054
7742 1.768940597113721 154.8400000000054
7743 1.783314366832715 154.8600000000054
7744 1.797336451410192 154.8800000000054
7745 1.811209018242705 154.9000000000054
7746 1.824876030464347 154.9200000000054
7747 1.838154555116588 154.9400000000055
7748 1.851079607510426 154.9600000000055
7749 1.86371276609239 154.9800000000055
7750 1.875986618253159 155.0000000000055
7751 1.887713335861469 155.0200000000055
7752 1.899028689235883 155.0400000000055
7753 1.909949201084149 155.0600000000055
7754 1.920409363057875 155.0800000000055
7755 1.930423943375357 155.1000000000055
7756 1.939818196860355 155.1200000000055
7757 1.948664577406476 155.1400000000056
7758 1.956848885862531 155.1600000000056
7759 1.964358748908597 155.1800000000056
7760 1.971404311399761 155.2000000000056
7761 1.977738705053954 155.2200000000056
7762 1.983498643963794 155.2400000000056
7763 1.988704508759034 155.2600000000056
7764 1.993256247750452 155.2800000000056
7765 1.99710758428462 155.3000000000056
7766 2.000355290012666 155.3200000000056
7767 2.002828043517654 155.3400000000057
7768 2.004599034833844 155.3600000000057
7769 2.005757538260609 155.3800000000057
7770 2.006262171839457 155.4000000000057
7771 2.006159263948048 155.4200000000057
7772 2.005340289302725 155.4400000000057
7773 2.003883664328353 155.4600000000057
7774 2.001755678027533 155.4800000000057
7775 1.998935570257534 155.5000000000057
7776 1.995438415007347 155.5200000000058
7777 1.991407234041197 155.5400000000058
7778 1.986767181977517 155.5600000000058
7779 1.981516616194126 155.5800000000058
7780 1.975711908867712 155.6000000000058
7781 1.969295156839094 155.6200000000058
7782 1.962407629915129 155.6400000000058
7783 1.955002539640113 155.6600000000058
7784 1.946997214890117 155.6800000000058
7785 1.938425465102642 155.7000000000058
7786 1.929423907426627 155.7200000000059
7787 1.919970307694615 155.7400000000059
7788 1.910025542546004 155.7600000000059
7789 1.899769970834667 155.7800000000059
7790 1.889079082087406 155.8000000000059
7791 1.877953352248344 155.8200000000059
7792 1.866389099219522 155.8400000000059
7793 1.854509513295262 155.8600000000059
7794 1.842375016633976 155.8800000000059
7795 1.829946131213258 155.9000000000059
7796 1.8171769900268 155.920000000006
7797 1.804222263992494 155.940000000006
7798 1.791070080513404 155.960000000006
7799 1.777633924227269 155.980000000006
7800 1.764098730856535 156.000000000006
7801 1.750359233398332 156.020000000006
7802 1.736462204334207 156.040000000006
7803 1.722551792295455 156.060000000006
7804 1.708496644991642 156.080000000006
7805 1.694386474535339 156.100000000006
7806 1.680332921754673 156.1200000000061
7807 1.666196977715295 156.1400000000061
7808 1.651972603240762 156.1600000000061
7809 1.637900317064045 156.1800000000061
7810 1.623802226806032 156.2000000000061
7811 1.609805442505539 156.2200000000061
7812 1.595981416323361 156.2400000000061
7813 1.582227220992092 156.2600000000061
7814 1.568703216320421 156.2800000000061
7815 1.555416837806526 156.3000000000062
7816 1.542339593175382 156.3200000000062
7817 1.529497049952894 156.3400000000062
7818 1.516870585856705 156.3600000000062
7819 1.504472680527109 156.3800000000062
7820 1.492244130080214 156.4000000000062
7821 1.48021873382948 156.4200000000062
7822 1.468460526019167 156.4400000000062
7823 1.457004466136617 156.4600000000062
7824 1.445980062655783 156.4800000000062
7825 1.435262223327243 156.5000000000063
7826 1.424945453811236 156.5200000000063
7827 1.415232499880379 156.5400000000063
7828 1.406040343616016 156.5600000000063
7829 1.39733167282379 156.5800000000063
7830 1.389075500386909 156.6000000000063
7831 1.381223167546193 156.6200000000063
7832 1.373762496726378 156.6400000000063
7833 1.366827615851921 156.6600000000063
7834 1.360332092035039 156.6800000000063
7835 1.354237317854016 156.7000000000064
7836 1.348748629878235 156.7200000000064
7837 1.343601950741689 156.7400000000064
7838 1.339225533841869 156.7600000000064
7839 1.335538958018651 156.7800000000064
7840 1.332326970110262 156.8000000000064
7841 1.329803052128356 156.8200000000064
7842 1.327946395092769 156.8400000000064
7843 1.326760492277121 156.8600000000064
7844 1.326077930057716 156.8800000000064
7845 1.325857408569397 156.9000000000065
7846 1.326359382741957 156.9200000000065
7847 1.327184006800331 156.9400000000065
7848 1.328704080562111 156.9600000000065
7849 1.330899225224977 156.9800000000065
7850 1.333725281206488 157.0000000000065
7851 1.337331539862372 157.0200000000065
7852 1.341281365457956 157.0400000000065
7853 1.345703114109745 157.0600000000065
7854 1.350927683497354 157.0800000000065
7855 1.357074859496961 157.1000000000066
7856 1.363417299143526 157.1200000000066
7857 1.370557412872693 157.1400000000066
7858 1.378235581879739 157.1600000000066
7859 1.386624662985095 157.1800000000066
7860 1.395071192288604 157.2000000000066
7861 1.404194244914618 157.2200000000066
7862 1.413755000387319 157.2400000000066
7863 1.424035115557322 157.2600000000066
7864 1.434849657670647 157.2800000000067
7865 1.446156322426606 157.3000000000067
7866 1.458280079306554 157.3200000000067
7867 1.470631135812898 157.3400000000067
7868 1.482988644952798 157.3600000000067
7869 1.495488623203501 157.3800000000067
7870 1.508523061031262 157.4000000000067
7871 1.522376877488313 157.4200000000067
7872 1.536403453518512 157.4400000000067
7873 1.55040392140952 157.4600000000067
7874 1.564625047386953 157.4800000000068
7875 1.579229512272166 157.5000000000068
7876 1.594100002339869 157.5200000000068
7877 1.60894267027833 157.5400000000068
7878 1.624161407251677 157.5600000000068
7879 1.63940300362704 157.5800000000068
7880 1.654576932109711 157.6000000000068
7881 1.669756371301478 157.6200000000068
7882 1.685232527977797 157.6400000000068
7883 1.700632857773915 157.6600000000068
7884 1.716008508578954 157.6800000000069
7885 1.731145809958269 157.7000000000069
7886 1.746183554265406 157.7200000000069
7887 1.761227082854571 157.7400000000069
7888 1.77581424027459 157.7600000000069
7889 1.79019847158432 157.7800000000069
7890 1.804391190887836 157.8000000000069
7891 1.81834300729126 157.8200000000069
7892 1.831999048806058 157.8400000000069
7893 1.84518370009836 157.8600000000069
7894 1.858221865157318 157.880000000007
7895 1.870828419355874 157.900000000007
7896 1.882918983380803 157.920000000007
7897 1.894472687644892 157.940000000007
7898 1.905719391264376 157.960000000007
7899 1.916456110973245 157.980000000007
7900 1.926673406770102 158.000000000007
7901 1.936345357436101 158.020000000007
7902 1.945506119409138 158.040000000007
7903 1.954018081319032 158.0600000000071
7904 1.961814122476254 158.0800000000071
7905 1.969098770282749 158.1000000000071
7906 1.975980453168413 158.1200000000071
7907 1.982234367402747 158.1400000000071
7908 1.987895087594529 158.1600000000071
7909 1.992968974922886 158.1800000000071
7910 1.99704754668126 158.2000000000071
7911 2.000548576857095 158.2200000000071
7912 2.003412082519491 158.2400000000071
7913 2.005808828596991 158.2600000000072
7914 2.00734736330009 158.2800000000072
7915 2.008170430654097 158.3000000000072
7916 2.008437903863991 158.3200000000072
7917 2.00808818422259 158.3400000000072
7918 2.007041877854383 158.3600000000072
7919 2.005424689351243 158.3800000000072
7920 2.003172222481708 158.4000000000072
7921 2.000142607507195 158.4200000000072
7922 1.996445471008356 158.4400000000072
7923 1.992227165203848 158.4600000000073
7924 1.987396886654906 158.4800000000073
7925 1.981919065781724 158.5000000000073
7926 1.975865173309962 158.5200000000073
7927 1.96942338522617 158.5400000000073
7928 1.962323958933158 158.5600000000073
7929 1.954660372705526 158.5800000000073
7930 1.946464617147038 158.6000000000073
7931 1.937779371954635 158.6200000000073
7932 1.928640614725346 158.6400000000073
7933 1.91897371548834 158.6600000000074
7934 1.908869154609591 158.6800000000074
7935 1.898272862458462 158.7000000000074
7936 1.887268413819643 158.7200000000074
7937 1.87587091372549 158.7400000000074
7938 1.864006516618817 158.7600000000074
7939 1.851812982242087 158.7800000000074
7940 1.83942182845903 158.8000000000074
7941 1.826818500459398 158.8200000000074
7942 1.813920901651488 158.8400000000074
7943 1.80074935992119 158.8600000000075
7944 1.787412208476694 158.8800000000075
7945 1.773942519978795 158.9000000000075
7946 1.760234269037148 158.9200000000075
7947 1.746298877175711 158.9400000000075
7948 1.732231919907585 158.9600000000075
7949 1.718109611989437 158.9800000000075
7950 1.704017846492842 159.0000000000075
7951 1.689963564001803 159.0200000000075
7952 1.675764903618968 159.0400000000076
7953 1.661542342345526 159.0600000000076
7954 1.647363802894459 159.0800000000076
7955 1.633301628452802 159.1000000000076
7956 1.61926425709416 159.1200000000076
7957 1.605313020675763 159.1400000000076
7958 1.591458387441639 159.1600000000076
7959 1.577774209581396 159.1800000000076
7960 1.564262014757822 159.2000000000076
7961 1.550981688504987 159.2200000000076
7962 1.537876099053916 159.2400000000077
7963 1.525099276361881 159.2600000000077
7964 1.512637959007313 159.2800000000077
7965 1.500517678213956 159.3000000000077
7966 1.488712628678067 159.3200000000077
7967 1.477157103096075 159.3400000000077
7968 1.466034425350995 159.3600000000077
7969 1.45508645094512 159.3800000000077
7970 1.444558689054654 159.4000000000077
7971 1.434250284350408 159.4200000000077
7972 1.424402320214206 159.4400000000078
7973 1.414979050664477 159.4600000000078
7974 1.406065518164228 159.4800000000078
7975 1.397491744281835 159.5000000000078
7976 1.389492448156612 159.5200000000078
7977 1.382139980650327 159.5400000000078
7978 1.375244084325035 159.5600000000078
7979 1.368829964931378 159.5800000000078
7980 1.362949947645314 159.6000000000078
7981 1.357553045420419 159.6200000000078
7982 1.352572924287609 159.6400000000079
7983 1.348188664147883 159.6600000000079
7984 1.344453250505875 159.6800000000079
7985 1.341135924610624 159.7000000000079
7986 1.33829778203099 159.7200000000079
7987 1.336448021515027 159.7400000000079
7988 1.335170363030388 159.7600000000079
7989 1.334166464785745 159.7800000000079
7990 1.333988622557734 159.8000000000079
7991 1.334570557746872 159.820000000008
7992 1.335771124911024 159.840000000008
7993 1.337466087746381 159.860000000008
7994 1.339698772693091 159.880000000008
7995 1.342531571355485 159.900000000008
7996 1.346008153249297 159.920000000008
7997 1.350027710322347 159.940000000008
7998 1.354674867736563 159.960000000008
7999 1.359842164312731 159.980000000008
8000 1.366088310583732 160.000000000008
8001 1.372745862985028 160.0200000000081
8002 1.379870593077976 160.0400000000081
8003 1.38771107850732 160.0600000000081
8004 1.396119000521166 160.0800000000081
8005 1.404999857242728 160.1000000000081
8006 1.415080338243022 160.1200000000081
8007 1.425136695692048 160.1400000000081
8008 1.435815483778467 160.1600000000081
8009 1.446477142154869 160.1800000000081
8010 1.45759778124678 160.2000000000081
8011 1.46927138355906 160.2200000000082
8012 1.481370813039219 160.2400000000082
8013 1.493847105780539 160.2600000000082
8014 1.507207562804934 160.2800000000082
8015 1.520664419541098 160.3000000000082
8016 1.534512052582633 160.3200000000082
8017 1.548462167052402 160.3400000000082
8018 1.562644719896263 160.3600000000082
8019 1.577199587054875 160.3800000000082
8020 1.592150907648695 160.4000000000082
8021 1.606944565360671 160.4200000000083
8022 1.621868739327553 160.4400000000083
8023 1.636845869958436 160.4600000000083
8024 1.65194528292362 160.4800000000083
8025 1.667417596766898 160.5000000000083
8026 1.682912902185199 160.5200000000083
8027 1.698195992978718 160.5400000000083
8028 1.713207761501389 160.5600000000083
8029 1.728176475945665 160.5800000000083
8030 1.743138544962869 160.6000000000084
8031 1.758106871578982 160.6200000000084
8032 1.772856625863401 160.6400000000084
8033 1.787116091106648 160.6600000000084
8034 1.801053630765433 160.6800000000084
8035 1.814908199662331 160.7000000000084
8036 1.828478401323357 160.7200000000084
8037 1.841639177154351 160.7400000000084
8038 1.85453855295063 160.7600000000084
8039 1.867051853290997 160.7800000000084
8040 1.879185144542382 160.8000000000085
8041 1.89079044421105 160.8200000000085
8042 1.902015878783412 160.8400000000085
8043 1.91280358122337 160.8600000000085
8044 1.92318331135849 160.8800000000085
8045 1.933009127014157 160.9000000000085
8046 1.942271876185148 160.9200000000085
8047 1.950935809495045 160.9400000000085
8048 1.958936777459423 160.9600000000085
8049 1.966331828640273 160.9800000000085
8050 1.973212144032857 161.0000000000086
8051 1.979361745253724 161.0200000000086
8052 1.985006380649196 161.0400000000086
8053 1.990022141283696 161.0600000000086
8054 1.994372477380467 161.0800000000086
8055 1.998088020469696 161.1000000000086
8056 2.001117350424563 161.1200000000086
8057 2.003400540978078 161.1400000000086
8058 2.00501211505108 161.1600000000086
8059 2.005998695813561 161.1800000000086
8060 2.006328860464301 161.2000000000087
8061 2.006055296550972 161.2200000000087
8062 2.005043853250782 161.2400000000087
8063 2.00342935187414 161.2600000000087
8064 2.001113112766845 161.2800000000087
8065 1.998093925942291 161.3000000000087
8066 1.994463826612451 161.3200000000087
8067 1.990274030603943 161.3400000000087
8068 1.985474038963631 161.3600000000087
8069 1.980073664421287 161.3800000000087
8070 1.974093093839518 161.4000000000088
8071 1.967547546941022 161.4200000000088
8072 1.960536741151814 161.4400000000088
8073 1.952962675614401 161.4600000000088
8074 1.944796267260433 161.4800000000088
8075 1.93610459869293 161.5000000000088
8076 1.926992333155789 161.5200000000088
8077 1.917412049879327 161.5400000000088
8078 1.907353276260702 161.5600000000088
8079 1.897003602835138 161.5800000000089
8080 1.886192531502356 161.6000000000089
8081 1.874943647643157 161.6200000000089
8082 1.863276816191822 161.6400000000089
8083 1.851325754900623 161.6600000000089
8084 1.839134596590867 161.6800000000089
8085 1.826595678814021 161.7000000000089
8086 1.813763136318272 161.7200000000089
8087 1.800783137672426 161.7400000000089
8088 1.7875278022771 161.7600000000089
8089 1.774066371693954 161.780000000009
8090 1.760498820701125 161.800000000009
8091 1.746676171656063 161.820000000009
8092 1.732791071820533 161.840000000009
8093 1.718837640944767 161.860000000009
8094 1.704723515581243 161.880000000009
8095 1.690657640127372 161.900000000009
8096 1.676594945259358 161.920000000009
8097 1.662387751866984 161.940000000009
8098 1.648231787384652 161.960000000009
8099 1.634157467549968 161.9800000000091
8100 1.62007865336175 162.0000000000091
8101 1.60614712468553 162.0200000000091
8102 1.592316698407475 162.0400000000091
8103 1.578626857494073 162.0600000000091
8104 1.565159352391272 162.0800000000091
8105 1.551924251751406 162.1000000000091
8106 1.53891695750719 162.1200000000091
8107 1.526123904491502 162.1400000000091
8108 1.513563623920864 162.1600000000091
8109 1.501212464394122 162.1800000000092
8110 1.489023608093404 162.2000000000092
8111 1.47707614394356 162.2200000000092
8112 1.465375113241755 162.2400000000092
8113 1.454048250983927 162.2600000000092
8114 1.443103372700801 162.2800000000092
8115 1.43246996049988 162.3000000000092
8116 1.422320168453536 162.3200000000092
8117 1.412745303512846 162.3400000000092
8118 1.403670532164468 162.3600000000093
8119 1.395118519906709 162.3800000000093
8120 1.386941088946326 162.4000000000093
8121 1.379224488737961 162.4200000000093
8122 1.371911767055391 162.4400000000093
8123 1.36504188999455 162.4600000000093
8124 1.358662566720908 162.4800000000093
8125 1.352739819645246 162.5000000000093
8126 1.347333414661562 162.5200000000093
8127 1.342357427008934 162.5400000000093
8128 1.33819016602769 162.5600000000094
8129 1.334639374072513 162.5800000000094
8130 1.33157425309172 162.6000000000094
8131 1.329242205989413 162.6200000000094
8132 1.327574797407556 162.6400000000094
8133 1.326529077046582 162.6600000000094
8134 1.326004620816138 162.6800000000094
8135 1.325917805116369 162.7000000000094
8136 1.326542815868514 162.7200000000094
8137 1.327553140065994 162.7400000000094
8138 1.329229360529435 162.7600000000095
8139 1.331589064139248 162.7800000000095
8140 1.334627891212865 162.8000000000095
8141 1.338376124489092 162.8200000000095
8142 1.342393793943634 162.8400000000095
8143 1.346994090506556 162.8600000000095
8144 1.352481479667393 162.8800000000095
8145 1.358801314208184 162.9000000000095
8146 1.365239622900839 162.9200000000095
8147 1.372596862633969 162.9400000000095
8148 1.380389538375038 162.9600000000096
8149 1.389004660603777 162.9800000000096
8150 1.397361963031956 163.0000000000096
8151 1.406792149539458 163.0200000000096
8152 1.416400200906663 163.0400000000096
8153 1.426926723994308 163.0600000000096
8154 1.437835629409578 163.0800000000096
8155 1.449338060801219 163.1000000000096
8156 1.461610547108769 163.1200000000096
8157 1.473916569542296 163.1400000000096
8158 1.486336024209226 163.1600000000097
8159 1.498949344066459 163.1800000000097
8160 1.512137481225531 163.2000000000097
8161 1.526148977196413 163.2200000000097
8162 1.540161246091496 163.2400000000097
8163 1.554201745317665 163.2600000000097
8164 1.568517373595242 163.2800000000097
8165 1.583207913564729 163.3000000000097
8166 1.598082241252233 163.3200000000097
8167 1.612963559719428 163.3400000000098
8168 1.628284965910258 163.3600000000098
8169 1.643495559831673 163.3800000000098
8170 1.658666708981554 163.4000000000098
8171 1.673892026564453 163.4200000000098
8172 1.689382063150269 163.4400000000098
8173 1.704767205110043 163.4600000000098
8174 1.720113449907152 163.4800000000098
8175 1.735206538335079 163.5000000000098
8176 1.750245704973357 163.5200000000098
8177 1.765193149534897 163.5400000000099
8178 1.779731827919251 163.5600000000099
8179 1.794037337190074 163.5800000000099
8180 1.808191859444716 163.6000000000099
8181 1.822057828379346 163.6200000000099
8182 1.835593799550701 163.6400000000099
8183 1.848751314224548 163.6600000000099
8184 1.861651252520197 163.6800000000099
8185 1.874161456459758 163.7000000000099
8186 1.886098662877639 163.7200000000099
8187 1.89756009055746 163.74000000001
8188 1.908687587234033 163.76000000001
8189 1.919285600140276 163.78000000001
8190 1.929349308474494 163.80000000001
8191 1.938889126033025 163.82000000001
8192 1.947887628150202 163.84000000001
8193 1.956232601011345 163.86000000001
8194 1.963849001267742 163.88000000001
8195 1.971033183546196 163.90000000001
8196 1.977744316798109 163.92000000001
8197 1.983843850967371 163.9400000000101
8198 1.989380900156338 163.9600000000101
8199 1.994192275017228 163.9800000000101
8200 1.998117885161532 164.0000000000101
8201 2.001386824968026 164.0200000000101
8202 2.004159568081652 164.0400000000101
8203 2.006370723552399 164.0600000000101
8204 2.00765275932325 164.0800000000101
8205 2.008354943056774 164.1000000000101
8206 2.008436826352252 164.1200000000102
8207 2.007915540868526 164.1400000000102
8208 2.006718280758149 164.1600000000102
8209 2.00492991756079 164.1800000000102
8210 2.002492779489252 164.2000000000102
8211 1.999257652467 164.2200000000102
8212 1.995421350801047 164.2400000000102
8213 1.991035405052536 164.2600000000102
8214 1.986047815272078 164.2800000000102
8215 1.980394414423149 164.3000000000102
8216 1.974227881023696 164.3200000000103
8217 1.967654220262621 164.3400000000103
8218 1.960361478346007 164.3600000000103
8219 1.952570390072491 164.3800000000103
8220 1.944221553343944 164.4000000000103
8221 1.935432734311899 164.4200000000103
8222 1.926139590649443 164.4400000000103
8223 1.916360181941055 164.4600000000103
8224 1.906129659299296 164.4800000000103
8225 1.895413940356337 164.5000000000103
8226 1.884309286580301 164.5200000000104
8227 1.8727780989728 164.5400000000104
8228 1.860811031796121 164.5600000000104
8229 1.848555640081633 164.5800000000104
8230 1.836113109821435 164.6000000000104
8231 1.823432422161219 164.6200000000104
8232 1.810466303283884 164.6400000000104
8233 1.797228258914625 164.6600000000104
8234 1.783861226829543 164.6800000000104
8235 1.770347656569019 164.7000000000104
8236 1.756559482001665 164.7200000000105
8237 1.742568501487422 164.7400000000105
8238 1.728490173967375 164.7600000000105
8239 1.714356359825414 164.7800000000105
8240 1.700295422715906 164.8000000000105
8241 1.686208081444576 164.8200000000105
8242 1.671967447627355 164.8400000000105
8243 1.657757028666595 164.8600000000105
8244 1.643620836569367 164.8800000000105
8245 1.629568257846521 164.9000000000106
8246 1.615559309002396 164.9200000000106
8247 1.601623991234423 164.9400000000106
8248 1.587814180026361 164.9600000000106
8249 1.574153196788341 164.9800000000106
8250 1.560717526092716 165.0000000000106
8251 1.547466586288799 165.0200000000106
8252 1.534457871068492 165.0400000000106
8253 1.521723306294199 165.0600000000106
8254 1.509399978103281 165.0800000000106
8255 1.497349678132582 165.1000000000107
8256 1.485592173769168 165.1200000000107
8257 1.474184690901827 165.1400000000107
8258 1.463079711759809 165.1600000000107
8259 1.452246075537921 165.1800000000107
8260 1.441768310464961 165.2000000000107
8261 1.431582735501952 165.2200000000107
8262 1.421830137109949 165.2400000000107
8263 1.4125647003767 165.2600000000107
8264 1.403744197649943 165.2800000000107
8265 1.395308773768436 165.3000000000108
8266 1.387476696009412 165.3200000000108
8267 1.380249654634913 165.3400000000108
8268 1.373490677726267 165.3600000000108
8269 1.367213532368144 165.3800000000108
8270 1.361454530090746 165.4000000000108
8271 1.356167127634716 165.4200000000108
8272 1.351339005220732 165.4400000000108
8273 1.347142415585092 165.4600000000108
8274 1.343544945119809 165.4800000000108
8275 1.340301523519317 165.5000000000109
8276 1.337701244334474 165.5200000000109
8277 1.336075915726614 165.5400000000109
8278 1.334839782218173 165.5600000000109
8279 1.334051062631218 165.5800000000109
8280 1.334024720055701 165.6000000000109
8281 1.334866707395725 165.6200000000109
8282 1.336166081011255 165.6400000000109
8283 1.338040002527912 165.6600000000109
8284 1.340357727848451 165.6800000000109
8285 1.343494280603667 165.700000000011
8286 1.346992467146919 165.720000000011
8287 1.351239770521943 165.740000000011
8288 1.355935882565021 165.760000000011
8289 1.361453595543402 165.780000000011
8290 1.367849551899371 165.800000000011
8291 1.374570805536461 165.820000000011
8292 1.381897392909044 165.840000000011
8293 1.389938335361358 165.860000000011
8294 1.398426852998071 165.8800000000111
8295 1.407578278219793 165.9000000000111
8296 1.417908456087787 165.9200000000111
8297 1.427940636934923 165.9400000000111
8298 1.43863526251734 165.9600000000111
8299 1.449419534894336 165.9800000000111
8300 1.460658416063432 166.0000000000111
8301 1.472511189928635 166.0200000000111
8302 1.484647611918988 166.0400000000111
8303 1.497375475557906 166.0600000000111
8304 1.510852451676579 166.0800000000112
8305 1.524331937314559 166.1000000000112
8306 1.538253699563076 166.1200000000112
8307 1.552253909407812 166.1400000000112
8308 1.56651615593911 166.1600000000112
8309 1.581196536717807 166.1800000000112
8310 1.596138133187011 166.2000000000112
8311 1.610970727837507 166.2200000000112
8312 1.625902859682303 166.2400000000112
8313 1.640911413218167 166.2600000000112
8314 1.656068749325655 166.2800000000113
8315 1.671614674292092 166.3000000000113
8316 1.687041068493319 166.3200000000113
8317 1.702255421503908 166.3400000000113
8318 1.717266596732087 166.3600000000113
8319 1.732185351631343 166.3800000000113
8320 1.747179610644138 166.4000000000113
8321 1.762125094552237 166.4200000000113
8322 1.776774531113549 166.4400000000113
8323 1.790911806069173 166.4600000000113
8324 1.804806095677325 166.4800000000114
8325 1.818624372346418 166.5000000000114
8326 1.832085847696384 166.5200000000114
8327 1.845125119322387 166.5400000000114
8328 1.857972907843499 166.5600000000114
8329 1.870390293039536 166.5800000000114
8330 1.882392027528892 166.6000000000114
8331 1.893879938490902 166.6200000000114
8332 1.905012063362594 166.6400000000114
8333 1.915652586537257 166.6600000000115
8334 1.925951082379792 166.6800000000115
8335 1.935581496647102 166.7000000000115
8336 1.944717995257433 166.7200000000115
8337 1.953191183607257 166.7400000000115
8338 1.961010094081661 166.7600000000115
8339 1.968295887215605 166.7800000000115
8340 1.974974813013328 166.8000000000115
8341 1.980967350776347 166.8200000000115
8342 1.986482910979139 166.8400000000115
8343 1.99134196376873 166.8600000000116
8344 1.995450405614176 166.8800000000116
8345 1.999052937806711 166.9000000000116
8346 2.00184309714425 166.9200000000116
8347 2.003946808680988 166.9400000000116
8348 2.005390651265338 166.9600000000116
8349 2.006199530230401 166.9800000000116
8350 2.006388819792702 167.0000000000116
8351 2.005898221070912 167.0200000000116
8352 2.004719642596743 167.0400000000116
8353 2.002932278306813 167.0600000000117
8354 2.000424245762533 167.0800000000117
8355 1.997211113326806 167.1000000000117
8356 1.993428319257171 167.1200000000117
8357 1.989095265019581 167.1400000000117
8358 1.984127838471717 167.1600000000117
8359 1.978582103735108 167.1800000000117
8360 1.972423189140369 167.2000000000117
8361 1.965754316098972 167.2200000000117
8362 1.958613620565341 167.2400000000117
8363 1.950878918571155 167.2600000000118
8364 1.942560089796902 167.2800000000118
8365 1.933746325861196 167.3000000000118
8366 1.924515687704947 167.3200000000118
8367 1.914798884310606 167.3400000000118
8368 1.904663584726097 167.3600000000118
8369 1.894189740946009 167.3800000000118
8370 1.883260950788571 167.4000000000118
8371 1.87188775018388 167.4200000000118
8372 1.860139963274252 167.4400000000118
8373 1.848109535299806 167.4600000000119
8374 1.835854877192654 167.4800000000119
8375 1.823207847995209 167.5000000000119
8376 1.810324807188485 167.5200000000119
8377 1.797295716194248 167.5400000000119
8378 1.783962461764436 167.5600000000119
8379 1.77047032051059 167.5800000000119
8380 1.756852500821335 167.6000000000119
8381 1.742969572827143 167.6200000000119
8382 1.729078081057668 167.640000000012
8383 1.715105493696046 167.660000000012
8384 1.700979287856533 167.680000000012
8385 1.686898198044724 167.700000000012
8386 1.672827798464646 167.720000000012
8387 1.658607825331246 167.740000000012
8388 1.644461908698201 167.760000000012
8389 1.630396444666654 167.780000000012
8390 1.616340911326205 167.800000000012
8391 1.602462190840291 167.820000000012
8392 1.58863619870654 167.8400000000121
8393 1.575005255880533 167.8600000000121
8394 1.561621463340808 167.8800000000121
8395 1.548415679943573 167.9000000000121
8396 1.535484338296744 167.9200000000121
8397 1.522749017727033 167.9400000000121
8398 1.510237863864393 167.9600000000121
8399 1.497939219156221 167.9800000000121
8400 1.485799207431717 168.0000000000121
8401 1.473928820116339 168.0200000000121
8402 1.462298591483655 168.0400000000122
8403 1.451094905557487 168.0600000000122
8404 1.440229691709847 168.0800000000122
8405 1.42968300758383 168.1000000000122
8406 1.419709166154793 168.1200000000122
8407 1.410276904933758 168.1400000000122
8408 1.40133432727854 168.1600000000122
8409 1.392907814309523 168.1800000000122
8410 1.38482805788714 168.2000000000122
8411 1.377209151887468 168.2200000000122
8412 1.369993528845791 168.2400000000123
8413 1.363274352066175 168.2600000000123
8414 1.357007134657513 168.2800000000123
8415 1.351264924518982 168.3000000000123
8416 1.345937201508692 168.3200000000123
8417 1.341171085864955 168.3400000000123
8418 1.337194646080467 168.3600000000123
8419 1.333773348221396 168.3800000000123
8420 1.330893268709195 168.4000000000123
8421 1.328731764919894 168.4200000000124
8422 1.327243187922921 168.4400000000124
8423 1.326330044647866 168.4600000000124
8424 1.325932623736753 168.4800000000124
8425 1.326048772358214 168.5000000000124
8426 1.326748917241945 168.5200000000124
8427 1.327959844363342 168.5400000000124
8428 1.329804102204108 168.5600000000124
8429 1.332345500608119 168.5800000000124
8430 1.335586438225052 168.6000000000124
8431 1.339427606000881 168.6200000000125
8432 1.343585963290963 168.6400000000125
8433 1.348389423483523 168.6600000000125
8434 1.354129226068043 168.6800000000125
8435 1.360465152560581 168.7000000000125
8436 1.367160671400843 168.7200000000125
8437 1.374665647936478 168.7400000000125
8438 1.382640717408316 168.7600000000125
8439 1.391345638772783 168.7800000000125
8440 1.399796458773853 168.8000000000125
8441 1.409379432583053 168.8200000000126
8442 1.419161121323252 168.8400000000126
8443 1.429807478512987 168.8600000000126
8444 1.44089520853245 168.8800000000126
8445 1.452589668113633 168.9000000000126
8446 1.464960146974912 168.9200000000126
8447 1.477251777629782 168.9400000000126
8448 1.489704712057701 168.9600000000126
8449 1.502466666913653 168.9800000000126
8450 1.515853209661824 169.0000000000126
8451 1.529949597482126 169.0200000000127
8452 1.543924424013789 169.0400000000127
8453 1.558059409898228 169.0600000000127
8454 1.572467475584905 169.0800000000127
8455 1.587235714762245 169.1000000000127
8456 1.602090390182524 169.1200000000127
8457 1.617100315067672 169.1400000000127
8458 1.632408833850822 169.1600000000127
8459 1.647598783606141 169.1800000000127
8460 1.662773541833362 169.2000000000127
8461 1.678109979810604 169.2200000000128
8462 1.693541954827278 169.2400000000128
8463 1.708946723993686 169.2600000000128
8464 1.724220073926688 169.2800000000128
8465 1.739293357097274 169.3000000000128
8466 1.754341995740371 169.3200000000128
8467 1.769154081412895 169.3400000000128
8468 1.783668044452472 169.3600000000128
8469 1.797906996955146 169.3800000000128
8470 1.812006725432267 169.4000000000129
8471 1.825793396084495 169.4200000000129
8472 1.839186599365974 169.4400000000129
8473 1.852324123338059 169.4600000000129
8474 1.86511483598657 169.4800000000129
8475 1.877490332706253 169.5000000000129
8476 1.889264510836937 169.5200000000129
8477 1.90063757430766 169.5400000000129
8478 1.911677493850913 169.5600000000129
8479 1.922080721351635 169.5800000000129
8480 1.932033218598123 169.600000000013
8481 1.941432817152387 169.620000000013
8482 1.950253203805377 169.640000000013
8483 1.958407447519398 169.660000000013
8484 1.965881230767832 169.680000000013
8485 1.972979754035927 169.700000000013
8486 1.979532048506695 169.720000000013
8487 1.985447712866876 169.740000000013
8488 1.99079251817106 169.760000000013
8489 1.995365236049599 169.780000000013
8490 1.999154848892382 169.8000000000131
8491 2.002235072995516 169.8200000000131
8492 2.004871356773729 169.8400000000131
8493 2.006886003116326 169.8600000000131
8494 2.007930954927417 169.8800000000131
8495 2.00851635218088 169.9000000000131
8496 2.008417390523138 169.9200000000131
8497 2.007708805480584 169.9400000000131
8498 2.006363453514403 169.9600000000131
8499 2.00439701657711 169.9800000000131
8500 2.001757642327712 170.0000000000132
8501 1.998335534362971 170.0200000000132
8502 1.99436204484161 170.0400000000132
8503 1.989804312650955 170.0600000000132
8504 1.984639210887886 170.0800000000132
8505 1.978830597992984 170.1000000000132
8506 1.972564797168876 170.1200000000132
8507 1.965812787135364 170.1400000000132
8508 1.958364705364361 170.1600000000132
8509 1.950428213860645 170.1800000000133
8510 1.941945654023724 170.2000000000133
8511 1.933039769682521 170.2200000000133
8512 1.923598794503414 170.2400000000133
8513 1.913697335125849 170.2600000000133
8514 1.903345114815781 170.2800000000133
8515 1.892503715496396 170.3000000000133
8516 1.881303891320614 170.3200000000133
8517 1.869637211150338 170.3400000000133
8518 1.857577395542902 170.3600000000133
8519 1.845268697664463 170.3800000000134
8520 1.832764660669477 170.4000000000134
8521 1.820009972180064 170.4200000000134
8522 1.806966786083621 170.4400000000134
8523 1.79367656810212 170.4600000000134
8524 1.780268858729482 170.4800000000134
8525 1.766701226856556 170.5000000000134
8526 1.752847634437753 170.5200000000134
8527 1.738817464759971 170.5400000000134
8528 1.724721439006962 170.5600000000134
8529 1.710585597106292 170.5800000000135
8530 1.696597930862495 170.6000000000135
8531 1.682419797335749 170.6200000000135
8532 1.668201285778111 170.6400000000135
8533 1.653966086685221 170.6600000000135
8534 1.639865658912628 170.6800000000135
8535 1.625809429053783 170.7000000000135
8536 1.611822901417661 170.7200000000135
8537 1.597899337536649 170.7400000000135
8538 1.584150179127329 170.7600000000135
8539 1.570530282227997 170.7800000000136
8540 1.557152936782749 170.8000000000136
8541 1.543934180785287 170.8200000000136
8542 1.531035389151228 170.8400000000136
8543 1.518362738936446 170.8600000000136
8544 1.506144211167708 170.8800000000136
8545 1.494179156985496 170.9000000000136
8546 1.48247298777856 170.9200000000136
8547 1.47120206117616 170.9400000000136
8548 1.460130912407928 170.9600000000137
8549 1.449422194121449 170.9800000000137
8550 1.439003026513584 171.0000000000137
8551 1.428930218208442 171.0200000000137
8552 1.419276678811215 171.0400000000137
8553 1.410191305029041 171.0600000000137
8554 1.401425878431423 171.0800000000137
8555 1.393109367303156 171.1000000000137
8556 1.385485835346195 171.1200000000137
8557 1.378379139789342 171.1400000000137
8558 1.371750483188128 171.1600000000138
8559 1.36562535986719 171.1800000000138
8560 1.359992129852784 171.2000000000138
8561 1.354834976560503 171.2200000000138
8562 1.350143426250281 171.2400000000138
8563 1.346133166204671 171.2600000000138
8564 1.34266772836163 171.2800000000138
8565 1.339515057841038 171.3000000000138
8566 1.337183339295156 171.3200000000138
8567 1.335743235789638 171.3400000000138
8568 1.334536236252278 171.3600000000139
8569 1.334020613178288 171.3800000000139
8570 1.334183862264571 171.4000000000139
8571 1.33517972933421 171.4200000000139
8572 1.336615229497677 171.4400000000139
8573 1.33864642788345 171.4600000000139
8574 1.341099962785473 171.4800000000139
8575 1.344415823577708 171.5000000000139
8576 1.348084461744814 171.5200000000139
8577 1.352513103471067 171.5400000000139
8578 1.357310364803677 171.560000000014
8579 1.363138472951469 171.580000000014
8580 1.369687616598834 171.600000000014
8581 1.376491365904062 171.620000000014
8582 1.383996886514109 171.640000000014
8583 1.392231989965091 171.660000000014
8584 1.400809342963924 171.680000000014
8585 1.410356826615572 171.700000000014
8586 1.420535977734722 171.720000000014
8587 1.430903711400312 171.740000000014
8588 1.441510263542078 171.7600000000141
8589 1.452418309132737 171.7800000000141
8590 1.463818592052359 171.8000000000141
8591 1.47579520845075 171.8200000000141
8592 1.487980519777679 171.8400000000141
8593 1.50102153950368 171.8600000000141
8594 1.514514200392834 171.8800000000141
8595 1.528089769750785 171.9000000000141
8596 1.542040852963933 171.9200000000141
8597 1.556106805558919 171.9400000000142
8598 1.570477597789536 171.9600000000142
8599 1.585259702716081 171.9800000000142
8600 1.60015695432606 172.0000000000142
8601 1.615034941820558 172.0200000000142
8602 1.629983388309807 172.0400000000142
8603 1.645025068686437 172.0600000000142
8604 1.660274619832231 172.0800000000142
8605 1.67583939591117 172.1000000000142
8606 1.691212270343855 172.1200000000142
8607 1.706360999881473 172.1400000000143
8608 1.721358142669629 172.1600000000143
8609 1.736283810421367 172.1800000000143
8610 1.751279300459841 172.2000000000143
8611 1.766147682687181 172.2200000000143
8612 1.780662492064619 172.2400000000143
8613 1.794726308796591 172.2600000000143
8614 1.808601336941613 172.2800000000143
8615 1.822351921763062 172.3000000000143
8616 1.835705572011358 172.3200000000143
8617 1.848656711727186 172.3400000000144
8618 1.861402345527769 172.3600000000144
8619 1.873736206612931 172.3800000000144
8620 1.885588525298182 172.4000000000144
8621 1.896972675423647 172.4200000000144
8622 1.907982279694553 172.4400000000144
8623 1.918514653703335 172.4600000000144
8624 1.928657643487566 172.4800000000144
8625 1.93814879619626 172.5000000000144
8626 1.947129543060064 172.5200000000144
8627 1.955425706824274 172.5400000000145
8628 1.963056447518074 172.5600000000145
8629 1.970228060480767 172.5800000000145
8630 1.976693609471049 172.6000000000145
8631 1.982538853615853 172.6200000000145
8632 1.987871347982203 172.6400000000145
8633 1.992592339420812 172.6600000000145
8634 1.996506761801234 172.6800000000145
8635 1.999931181816192 172.7000000000145
8636 2.002528894189702 172.7200000000146
8637 2.004429369362827 172.7400000000146
8638 2.005715591057521 172.7600000000146
8639 2.006340628638006 172.7800000000146
8640 2.006368041552807 172.8000000000146
8641 2.00568682248113 172.8200000000146
8642 2.004347192501795 172.8400000000146
8643 2.002356285558552 172.8600000000146
8644 1.999664977057941 172.8800000000146
8645 1.996283991045446 172.9000000000146
8646 1.992350762304428 172.9200000000147
8647 1.987844034156884 172.9400000000147
8648 1.982710709570897 172.9600000000147
8649 1.97701422021101 172.9800000000147
8650 1.970695804215713 173.0000000000147
8651 1.963901671392578 173.0200000000147
8652 1.956609706933444 173.0400000000147
8653 1.948716347459804 173.0600000000147
8654 1.940245895615835 173.0800000000147
8655 1.931322638238584 173.1000000000147
8656 1.921959633021522 173.1200000000148
8657 1.912107137892702 173.1400000000148
8658 1.901903646561171 173.1600000000148
8659 1.891300082250901 173.1800000000148
8660 1.880257545654819 173.2000000000148
8661 1.868767952889832 173.2200000000148
8662 1.856940289851345 173.2400000000148
8663 1.84484342298574 173.2600000000148
8664 1.832491091104592 173.2800000000148
8665 1.819766020971264 173.3000000000148
8666 1.80683258565306 173.3200000000149
8667 1.793741841635927 173.3400000000149
8668 1.78033514450607 173.3600000000149
8669 1.766816420704273 173.3800000000149
8670 1.753136137376095 173.4000000000149
8671 1.739230399969674 173.4200000000149
8672 1.725302630540894 173.4400000000149
8673 1.711313980122312 173.4600000000149
8674 1.697188051266894 173.4800000000149
8675 1.683146047024506 173.5000000000149
8676 1.669008187993008 173.520000000015
8677 1.654789728734186 173.540000000015
8678 1.640633101967075 173.560000000015
8679 1.626601189618249 173.580000000015
8680 1.612562753116366 173.600000000015
8681 1.598727483466308 173.620000000015
8682 1.584932176521998 173.640000000015
8683 1.571363524446762 173.660000000015
8684 1.558032782195641 173.680000000015
8685 1.544906351720832 173.7000000000151
8686 1.532020637732156 173.7200000000151
8687 1.519346733992591 173.7400000000151
8688 1.506900863922903 173.7600000000151
8689 1.494637271309147 173.7800000000151
8690 1.482557213891318 173.8000000000151
8691 1.470757002943158 173.8200000000151
8692 1.459217194944469 173.8400000000151
8693 1.44812956844379 173.8600000000151
8694 1.437345324955196 173.8800000000151
8695 1.426918666170125 173.9000000000152
8696 1.41710446951529 173.9200000000152
8697 1.407813825297854 173.9400000000152
8698 1.39901364579959 173.9600000000152
8699 1.390683622789259 173.9800000000152
8700 1.382730908727621 174.0000000000152
8701 1.375193968813652 174.0200000000152
8702 1.368149543815426 174.0400000000152
8703 1.361520279495694 174.0600000000152
8704 1.355388258183001 174.0800000000152
8705 1.349800648003592 174.1000000000153
8706 1.344571975126428 174.1200000000153
8707 1.340024373123894 174.1400000000153
8708 1.336225711894093 174.1600000000153
8709 1.332935417654892 174.1800000000153
8710 1.330259165673185 174.2000000000153
8711 1.328277593198107 174.2200000000153
8712 1.326961246220943 174.2400000000153
8713 1.326180449423801 174.2600000000153
8714 1.325877684403613 174.2800000000153
8715 1.326237890468127 174.3000000000154
8716 1.326991381344666 174.3200000000154
8717 1.328388236674253 174.3400000000154
8718 1.330436595660438 174.3600000000154
8719 1.333151743159468 174.3800000000154
8720 1.336623493606284 174.4000000000154
8721 1.340521284442342 174.4200000000154
8722 1.344842596698326 174.4400000000154
8723 1.349878382885976 174.4600000000154
8724 1.355871851180338 174.4800000000155
8725 1.362177825538582 174.5000000000155
8726 1.36915964201973 174.5200000000155
8727 1.376763309631384 174.5400000000155
8728 1.385004675806297 174.5600000000155
8729 1.393530745416207 174.5800000000155
8730 1.402367645295195 174.6000000000155
8731 1.411976727328197 174.6200000000155
8732 1.422023448015535 174.6400000000155
8733 1.432763410781627 174.6600000000155
8734 1.443999417145245 174.6800000000156
8735 1.455935133684856 174.7000000000156
8736 1.46831396655945 174.7200000000156
8737 1.4806386763779 174.7400000000156
8738 1.493129106184641 174.7600000000156
8739 1.506032231374289 174.7800000000156
8740 1.51970477620086 174.8000000000156
8741 1.533780972807012 174.8200000000156
8742 1.547748530000393 174.8400000000156
8743 1.56195756269695 174.8600000000156
8744 1.576461221751512 174.8800000000157
8745 1.591313017867383 174.9000000000157
8746 1.606141970221221 174.9200000000157
8747 1.621301030191033 174.9400000000157
8748 1.636558089766701 174.9600000000157
8749 1.651737551327205 174.9800000000157
8750 1.666900393857242 175.0000000000157
8751 1.68234650412286 175.0200000000157
8752 1.697761050523572 175.0400000000157
8753 1.713153628744032 175.0600000000157
8754 1.728341125033107 175.0800000000158
8755 1.743397313076653 175.1000000000158
8756 1.758448099906634 175.1200000000158
8757 1.773138134383499 175.1400000000158
8758 1.787571760408154 175.1600000000158
8759 1.801781059328768 175.1800000000158
8760 1.81580479820863 175.2000000000158
8761 1.82952499770426 175.2200000000158
8762 1.842790015586785 175.2400000000158
8763 1.855885974593933 175.2600000000159
8764 1.868548310736922 175.2800000000159
8765 1.880804726312062 175.3000000000159
8766 1.892420646640155 175.3200000000159
8767 1.903718144341745 175.3400000000159
8768 1.914564739680534 175.3600000000159
8769 1.924895029360768 175.3800000000159
8770 1.934664941984209 175.4000000000159
8771 1.943925556351932 175.4200000000159
8772 1.95256926358421 175.4400000000159
8773 1.960517557692807 175.460000000016
8774 1.967870879576284 175.480000000016
8775 1.97485452358736 175.500000000016
8776 1.981220555063541 175.520000000016
8777 1.986973397142934 175.540000000016
8778 1.992166779921104 175.560000000016
8779 1.996488493950215 175.580000000016
8780 2.000076708487896 175.600000000016
8781 2.003052769864916 175.620000000016
8782 2.005530947662389 175.640000000016
8783 2.007280957653937 175.6600000000161
8784 2.008179166537321 175.6800000000161
8785 2.008590030864571 175.7000000000161
8786 2.00833314195001 175.7200000000161
8787 2.007427434582571 175.7400000000161
8788 2.005929054250827 175.7600000000161
8789 2.003789264501165 175.7800000000161
8790 2.000930455762951 175.8000000000161
8791 1.997334933276386 175.8200000000161
8792 1.993226891066361 175.8400000000161
8793 1.988506490607383 175.8600000000162
8794 1.98315296743212 175.8800000000162
8795 1.977192608758793 175.9000000000162
8796 1.970832612867228 175.9200000000162
8797 1.963875665619272 175.9400000000162
8798 1.956291276260178 175.9600000000162
8799 1.948203223000534 175.9800000000162
8800 1.939601254120831 176.0000000000162
8801 1.930560968541243 176.0200000000162
8802 1.920980542988429 176.0400000000162
8803 1.910962280961946 176.0600000000163
8804 1.900460647153022 176.0800000000163
8805 1.88952117377767 176.1000000000163
8806 1.878217788064853 176.1200000000163
8807 1.866417134166476 176.1400000000163
8808 1.854281908701368 176.1600000000163
8809 1.841924525662231 176.1800000000163
8810 1.829354117442653 176.2000000000163
8811 1.81651928446052 176.2200000000163
8812 1.803400867323656 176.2400000000164
8813 1.790072057770867 176.2600000000164
8814 1.776630480279712 176.2800000000164
8815 1.762981146802015 176.3000000000164
8816 1.749075406668961 176.3200000000164
8817 1.735020141870276 176.3400000000164
8818 1.720907163892029 176.3600000000164
8819 1.706779487499187 176.3800000000164
8820 1.692794575567889 176.4000000000164
8821 1.678570037391204 176.4200000000164
8822 1.66434668531899 176.4400000000165
8823 1.650138455084491 176.4600000000165
8824 1.636067655058228 176.4800000000165
8825 1.622018869787327 176.5000000000165
8826 1.608049360165694 176.5200000000165
8827 1.594154245310078 176.5400000000165
8828 1.580453964150529 176.5600000000165
8829 1.566887257532302 176.5800000000165
8830 1.553563034110889 176.6000000000165
8831 1.540402652415474 176.6200000000165
8832 1.527586900147809 176.6400000000166
8833 1.51502816243457 176.6600000000166
8834 1.50285760327955 176.6800000000166
8835 1.490998675811408 176.7000000000166
8836 1.479367654958613 176.7200000000166
8837 1.468204356125892 176.7400000000166
8838 1.45718641506692 176.7600000000166
8839 1.446588553101169 176.7800000000166
8840 1.43622557747238 176.8000000000166
8841 1.426288490430769 176.8200000000166
8842 1.416746685574906 176.8400000000167
8843 1.407781240749801 176.8600000000167
8844 1.399121232940804 176.8800000000167
8845 1.390984407520027 176.9000000000167
8846 1.383552031850666 176.9200000000167
8847 1.376531494508699 176.9400000000167
8848 1.370031636774544 176.9600000000167
8849 1.364057330290513 176.9800000000167
8850 1.358569321339082 177.0000000000167
8851 1.353501058113139 177.0200000000168
8852 1.348986275487854 177.0400000000168
8853 1.345151188371143 177.0600000000168
8854 1.341775473802146 177.0800000000168
8855 1.338784621779476 177.1000000000168
8856 1.336754976194334 177.1200000000168
8857 1.335420739751628 177.1400000000168
8858 1.334297492027452 177.1600000000168
8859 1.33400519202677 177.1800000000168
8860 1.334398917304863 177.2000000000168
8861 1.335530832419614 177.2200000000169
8862 1.337103803775491 177.2400000000169
8863 1.339268470727442 177.2600000000169
8864 1.341917376549174 177.2800000000169
8865 1.345356879728907 177.3000000000169
8866 1.349223018195739 177.3200000000169
8867 1.353795362907027 177.3400000000169
8868 1.358777737454639 177.3600000000169
8869 1.364861623182593 177.3800000000169
8870 1.371522301663329 177.4000000000169
8871 1.378476141252629 177.420000000017
8872 1.38617747425884 177.440000000017
8873 1.394546692402136 177.460000000017
8874 1.403273659500387 177.480000000017
8875 1.413153495465401 177.500000000017
8876 1.42323015295325 177.520000000017
8877 1.433842652321207 177.540000000017
8878 1.444438074696589 177.560000000017
8879 1.455496366516455 177.580000000017
8880 1.467048853747996 177.600000000017
8881 1.479100531646603 177.6200000000171
8882 1.491449015209235 177.6400000000171
8883 1.504693235555291 177.6600000000171
8884 1.51816422768139 177.6800000000171
8885 1.531918733178928 177.7000000000171
8886 1.545857372662225 177.7200000000171
8887 1.560001255385109 177.7400000000171
8888 1.574460689411163 177.7600000000171
8889 1.589389723659866 177.7800000000171
8890 1.604191306933508 177.8000000000171
8891 1.619104049740737 177.8200000000172
8892 1.634079650055719 177.8400000000172
8893 1.649154870446174 177.8600000000172
8894 1.664542802145133 177.8800000000172
8895 1.680085073600846 177.9000000000172
8896 1.695401547032708 177.9200000000172
8897 1.710472117093891 177.9400000000172
8898 1.725454105539395 177.9600000000172
8899 1.740401714481606 177.9800000000172
8900 1.755362599805184 178.0000000000173
8901 1.770198974891297 178.0200000000173
8902 1.784545243653313 178.0400000000173
8903 1.79853143956376 178.0600000000173
8904 1.812404707964302 178.0800000000173
8905 1.826052646966799 178.1000000000173
8906 1.839303549896713 178.1200000000173
8907 1.852221310648483 178.1400000000173
8908 1.864821139554178 178.1600000000173
8909 1.877059300822502 178.1800000000173
8910 1.88875612961445 178.2000000000174
8911 1.900043492464791 178.2200000000174
8912 1.91092769792149 178.2400000000174
8913 1.921370009842 178.2600000000174
8914 1.931327105601901 178.2800000000174
8915 1.940691540302808 178.3000000000174
8916 1.949487129132346 178.3200000000174
8917 1.957611274440819 178.3400000000174
8918 1.965089678359627 178.3600000000174
8919 1.972099719782543 178.3800000000174
8920 1.978375813492754 178.4000000000175
8921 1.984092409158952 178.4200000000175
8922 1.989257813500048 178.4400000000175
8923 1.993746909989696 178.4600000000175
8924 1.997557249183814 178.4800000000175
8925 2.000748067847059 178.5000000000175
8926 2.003156845043483 178.5200000000175
8927 2.004884589075856 178.5400000000175
8928 2.005991113348336 178.5600000000175
8929 2.006447580780576 178.5800000000175
8930 2.006295710165983 178.6000000000176
8931 2.005414350885062 178.6200000000176
8932 2.003917903417962 178.6400000000176
8933 2.001731448251268 178.6600000000176
8934 1.998849680903922 178.6800000000176
8935 1.995313999187381 178.7000000000176
8936 1.991230467238311 178.7200000000176
8937 1.986550300041498 178.7400000000176
8938 1.981246502299976 178.7600000000176
8939 1.975393361315647 178.7800000000177
8940 1.968934841339901 178.8000000000177
8941 1.962003316400212 178.8200000000177
8942 1.954548757894584 178.8400000000177
8943 1.946491478244214 178.8600000000177
8944 1.937889916028959 178.8800000000177
8945 1.928847981568047 178.9000000000177
8946 1.919354812121747 178.9200000000177
8947 1.909375525848933 178.9400000000177
8948 1.899092409366081 178.9600000000177
8949 1.888363489715943 178.9800000000178
8950 1.877199569822412 179.0000000000178
8951 1.865603131603937 179.0200000000178
8952 1.853692756893774 179.0400000000178
8953 1.841542391148511 179.0600000000178
8954 1.829079420721734 179.0800000000178
8955 1.816287933978103 179.1000000000178
8956 1.803324079307948 179.1200000000178
8957 1.790135475908992 179.1400000000178
8958 1.776688880921651 179.1600000000178
8959 1.763139547514124 179.1800000000179
8960 1.74937392655839 179.2000000000179
8961 1.735474420477093 179.2200000000179
8962 1.721545749008852 179.2400000000179
8963 1.707488845915484 179.2600000000179
8964 1.693375797955616 179.2800000000179
8965 1.679314423484319 179.3000000000179
8966 1.665178839231188 179.3200000000179
8967 1.650945973339255 179.3400000000179
8968 1.636872876905705 179.3600000000179
8969 1.622776394695314 179.380000000018
8970 1.608795269555122 179.400000000018
8971 1.59496719387325 179.420000000018
8972 1.581225574139869 179.440000000018
8973 1.567714638380162 179.460000000018
8974 1.554442806041109 179.480000000018
8975 1.541385502222456 179.500000000018
8976 1.528551590751818 179.520000000018
8977 1.515943598984621 179.540000000018
8978 1.503552105800793 179.5600000000181
8979 1.491324963823871 179.5800000000181
8980 1.479318053658568 179.6000000000181
8981 1.467575343322278 179.6200000000181
8982 1.456156464370862 179.6400000000181
8983 1.445156473917411 179.6600000000181
8984 1.434461956569177 179.6800000000181
8985 1.424191978876886 179.7000000000181
8986 1.414520284532387 179.7200000000181
8987 1.405359912061616 179.7400000000181
8988 1.396709483594837 179.7600000000182
8989 1.388472907195306 179.7800000000182
8990 1.380662966470697 179.8000000000182
8991 1.373224113888691 179.8200000000182
8992 1.366318918938629 179.8400000000182
8993 1.359846782411835 179.8600000000182
8994 1.353793467062412 179.8800000000182
8995 1.348343090227842 179.9000000000182
8996 1.343241801303954 179.9200000000182
8997 1.338935063835252 179.9400000000182
8998 1.33529111122284 179.9600000000183
8999 1.332119084844905 179.9800000000183
9000 1.329664003326582 180.0000000000183
9001 1.327860248995539 180.0200000000183
9002 1.326723153582161 180.0400000000183
9003 1.326082382414316 180.0600000000183
9004 1.325896546126103 180.0800000000183
9005 1.326434549177375 180.1000000000183
9006 1.327317814705024 180.1200000000183
9007 1.328880533271133 180.1400000000183
9008 1.3311366522151 180.1600000000184
9009 1.334021665624038 180.1800000000184
9010 1.337681273620396 180.2000000000184
9011 1.341640953839914 180.2200000000184
9012 1.346127243556195 180.2400000000184
9013 1.351423111966403 180.2600000000184
9014 1.357663784196585 180.2800000000184
9015 1.364002616266013 180.3000000000184
9016 1.371220733266781 180.3200000000184
9017 1.378932158634233 180.3400000000184
9018 1.387407489961287 180.3600000000185
9019 1.395808428137855 180.3800000000185
9020 1.405038805469319 180.4000000000185
9021 1.414591746926087 180.4200000000185
9022 1.424974491850877 180.4400000000185
9023 1.435823146995088 180.4600000000185
9024 1.447175268042017 180.4800000000185
9025 1.459352525214596 180.5000000000185
9026 1.4716978973193 180.5200000000185
9027 1.4840801947886 180.5400000000186
9028 1.496606351299452 180.5600000000186
9029 1.509691408498625 180.5800000000186
9030 1.5236080520997 180.6000000000186
9031 1.537634932961438 180.6200000000186
9032 1.551637963902934 180.6400000000186
9033 1.565900405644208 180.6600000000186
9034 1.580532589559422 180.6800000000186
9035 1.59540818855068 180.7000000000186
9036 1.610261564539938 180.7200000000186
9037 1.625523495697583 180.7400000000187
9038 1.640761542169678 180.7600000000187
9039 1.65593535721673 180.7800000000187
9040 1.671123469969233 180.8000000000187
9041 1.686612172749889 180.8200000000187
9042 1.702012684510722 180.8400000000187
9043 1.717386461638762 180.8600000000187
9044 1.732513748514207 180.8800000000187
9045 1.747551586319648 180.9000000000187
9046 1.762584932937732 180.9200000000187
9047 1.777148859156178 180.9400000000188
9048 1.791512351353179 180.9600000000188
9049 1.805700224913943 180.9800000000188
9050 1.819619121377332 181.0000000000188
9051 1.833253639609016 181.0200000000188
9052 1.846426894581209 181.0400000000188
9053 1.859424899545609 181.0600000000188
9054 1.872009560259866 181.0800000000188
9055 1.884050115560901 181.1000000000188
9056 1.895589420062645 181.1200000000188
9057 1.906786108971084 181.1400000000189
9058 1.917500003441685 181.1600000000189
9059 1.92766151683887 181.1800000000189
9060 1.937293394341168 181.2000000000189
9061 1.946408651761085 181.2200000000189
9062 1.954873877984691 181.2400000000189
9063 1.962612935498254 181.2600000000189
9064 1.969861010673153 181.2800000000189
9065 1.976697279997296 181.3000000000189
9066 1.982896395793798 181.320000000019
9067 1.988514717452297 181.340000000019
9068 1.993526983550035 181.360000000019
9069 1.997553231508494 181.380000000019
9070 2.000980215385934 181.400000000019
9071 2.003829276506698 181.420000000019
9072 2.006151762351147 181.440000000019
9073 2.007621350078793 181.460000000019
9074 2.008403353542817 181.480000000019
9075 2.00860948972071 181.500000000019
9076 2.008208367706112 181.5200000000191
9077 2.007106663145662 181.5400000000191
9078 2.005447606754323 181.5600000000191
9079 2.003130454754713 181.5800000000191
9080 2.00004146603418 181.6000000000191
9081 1.996303826291657 181.6200000000191
9082 1.992033046687075 181.6400000000191
9083 1.987152066277864 181.6600000000191
9084 1.981616597580806 181.6800000000191
9085 1.97552428065121 181.7000000000191
9086 1.969038822828959 181.7200000000192
9087 1.961875764656815 181.7400000000192
9088 1.954176679838417 181.7600000000192
9089 1.945927731505414 181.7800000000192
9090 1.937208146501103 181.8000000000192
9091 1.928025870275235 181.8200000000192
9092 1.918318682057703 181.8400000000192
9093 1.908174465957502 181.8600000000192
9094 1.897538114725874 181.8800000000192
9095 1.886499546516525 181.9000000000192
9096 1.87506365123419 181.9200000000193
9097 1.863158976519292 181.9400000000193
9098 1.850945556489174 181.9600000000193
9099 1.83853207310944 181.9800000000193
9100 1.825905889713082 182.0000000000193
9101 1.812986221740976 182.0200000000193
9102 1.799785980548255 182.0400000000193
9103 1.786431148574416 182.0600000000193
9104 1.77294896596931 182.0800000000193
9105 1.759217857705795 182.1000000000193
9106 1.745251211024799 182.1200000000194
9107 1.731173538798478 182.1400000000194
9108 1.717055581576113 182.1600000000194
9109 1.702970326261478 182.1800000000194
9110 1.688894759860771 182.2000000000194
9111 1.674690363085709 182.2200000000194
9112 1.66044950473893 182.2400000000194
9113 1.646296381904788 182.2600000000194
9114 1.632233845128303 182.2800000000194
9115 1.618200244986847 182.3000000000195
9116 1.604257472850692 182.3200000000195
9117 1.590408532086546 182.3400000000195
9118 1.576727091040961 182.3600000000195
9119 1.563235966245064 182.3800000000195
9120 1.549953685298373 182.4000000000195
9121 1.536880329552504 182.4200000000195
9122 1.524117337406565 182.4400000000195
9123 1.511691433926478 182.4600000000195
9124 1.499598463311449 182.4800000000195
9125 1.487795635751946 182.5000000000196
9126 1.476287649599402 182.5200000000196
9127 1.465159375280921 182.5400000000196
9128 1.454253338390213 182.5600000000196
9129 1.443732547911125 182.5800000000196
9130 1.433457879985413 182.6000000000196
9131 1.423642643667455 182.6200000000196
9132 1.414263927106025 182.6400000000196
9133 1.405377172140108 182.6600000000196
9134 1.396835179491288 182.6800000000196
9135 1.388893882990182 182.7000000000197
9136 1.381573933092893 182.7200000000197
9137 1.37471895167852 182.7400000000197
9138 1.368344210784959 182.7600000000197
9139 1.362502611090586 182.7800000000197
9140 1.35714835028535 182.8000000000197
9141 1.352205067771255 182.8200000000197
9142 1.347886315877187 182.8400000000197
9143 1.344193726709915 182.8600000000197
9144 1.34089102684607 182.8800000000197
9145 1.338128237243817 182.9000000000198
9146 1.336348330263645 182.9200000000198
9147 1.335085208032677 182.9400000000198
9148 1.334135945222437 182.9600000000198
9149 1.334012360800618 182.9800000000198
9150 1.334688339715504 183.0000000000198
9151 1.335918013324344 183.0200000000198
9152 1.337665683940008 183.0400000000198
9153 1.339921903400345 183.0600000000198
9154 1.342846661314815 183.0800000000199
9155 1.346331638908177 183.1000000000199
9156 1.35042633381055 183.1200000000199
9157 1.35509868270041 183.1400000000199
9158 1.360373962866925 183.1600000000199
9159 1.366672115530192 183.1800000000199
9160 1.37333226761358 183.2000000000199
9161 1.380532983104652 183.2200000000199
9162 1.388449129596245 183.2400000000199
9163 1.396878295159973 183.2600000000199
9164 1.405854297127776 183.28000000002
9165 1.416025491873875 183.30000000002
9166 1.426061436884936 183.32000000002
9167 1.436768233630584 183.34000000002
9168 1.447447509870784 183.36000000002
9169 1.458609843915919 183.38000000002
9170 1.470350746563367 183.40000000002
9171 1.482460734121168 183.42000000002
9172 1.495017987609239 183.44000000002
9173 1.508422403169568 183.46000000002
9174 1.52188344436913 183.4800000000201
9175 1.535776207063442 183.5000000000201
9176 1.54974958305009 183.5200000000201
9177 1.563930930516896 183.5400000000201
9178 1.578538968421983 183.5600000000201
9179 1.59349422223026 183.5800000000201
9180 1.608307930792681 183.6000000000201
9181 1.623243373732694 183.6200000000201
9182 1.638230329724015 183.6400000000201
9183 1.653344812162856 183.6600000000201
9184 1.668853237383873 183.6800000000202
9185 1.684336131607729 183.7000000000202
9186 1.699608303535152 183.7200000000202
9187 1.714615062533687 183.7400000000202
9188 1.72956522283004 183.7600000000202
9189 1.744539330637331 183.7800000000202
9190 1.759508011511938 183.8000000000202
9191 1.774232154499428 183.8200000000202
9192 1.788451898632528 183.8400000000202
9193 1.802377316251925 183.8600000000202
9194 1.816220948226147 183.8800000000203
9195 1.829763484876895 183.9000000000203
9196 1.842886046478297 183.9200000000203
9197 1.855776944357664 183.9400000000203
9198 1.868258829586301 183.9600000000203
9199 1.880355843024277 183.9800000000203
9200 1.891925179042947 184.0000000000203
9201 1.903123501854161 184.0200000000203
9202 1.913866293521985 184.0400000000203
9203 1.924224726636849 184.0600000000204
9204 1.933985902475319 184.0800000000204
9205 1.943209657247233 184.1000000000204
9206 1.951815869649794 184.1200000000204
9207 1.959755261622739 184.1400000000204
9208 1.967116586083249 184.1600000000204
9209 1.973946220783529 184.1800000000204
9210 1.980040794166 184.2000000000204
9211 1.985643427912627 184.2200000000204
9212 1.990599337309622 184.2400000000204
9213 1.994884774568702 184.2600000000205
9214 1.998563358884665 184.2800000000205
9215 2.001515500313539 184.3000000000205
9216 2.003741561317527 184.3200000000205
9217 2.005300007984924 184.3400000000205
9218 2.006229899833345 184.3600000000205
9219 2.006508652815683 184.3800000000205
9220 2.006170020525898 184.4000000000205
9221 2.005100571051422 184.4200000000205
9222 2.003431623230647 184.4400000000205
9223 2.001051544430315 184.4600000000206
9224 1.997968465803567 184.4800000000206
9225 1.994291731718568 184.5000000000206
9226 1.990051757033857 184.5200000000206
9227 1.985201654643917 184.5400000000206
9228 1.979747479719902 184.5600000000206
9229 1.973706141588929 184.5800000000206
9230 1.967118583244661 184.6000000000206
9231 1.96006127810185 184.6200000000206
9232 1.9524305046273 184.6400000000206
9233 1.944213427071238 184.6600000000207
9234 1.935486040631501 184.6800000000207
9235 1.926330517598318 184.7000000000207
9236 1.916706658068233 184.7200000000207
9237 1.906618394029894 184.7400000000207
9238 1.896228274486934 184.7600000000207
9239 1.885376227998663 184.7800000000207
9240 1.874085591422568 184.8000000000207
9241 1.862387194242591 184.8200000000207
9242 1.850406934305052 184.8400000000208
9243 1.838195755343115 184.8600000000208
9244 1.825616905415983 184.8800000000208
9245 1.812760080308389 184.9000000000208
9246 1.799769669336113 184.9200000000208
9247 1.786477250020325 184.9400000000208
9248 1.773003755744869 184.9600000000208
9249 1.759418281392237 184.9800000000208
9250 1.745572024458714 185.0000000000208
9251 1.731685561347279 185.0200000000208
9252 1.717716692540967 185.0400000000209
9253 1.703596869173457 185.0600000000209
9254 1.689527710637061 185.0800000000209
9255 1.675454579645962 185.1000000000209
9256 1.661245005031718 185.1200000000209
9257 1.647088628424392 185.1400000000209
9258 1.633012503416101 185.1600000000209
9259 1.61893308778011 185.1800000000209
9260 1.605022233940244 185.2000000000209
9261 1.591189172585132 185.2200000000209
9262 1.577513464567077 185.240000000021
9263 1.56406371359502 185.260000000021
9264 1.550846412370226 185.280000000021
9265 1.537856316088579 185.300000000021
9266 1.525078647331233 185.320000000021
9267 1.512532094570136 185.340000000021
9268 1.500184614230564 185.360000000021
9269 1.488008670270945 185.380000000021
9270 1.476085420098779 185.400000000021
9271 1.464402313393157 185.420000000021
9272 1.453114518209721 185.4400000000211
9273 1.442197687646923 185.4600000000211
9274 1.431589839312021 185.4800000000211
9275 1.421496298763016 185.5000000000211
9276 1.411971870192043 185.5200000000211
9277 1.402940661328394 185.5400000000211
9278 1.394435910218303 185.5600000000211
9279 1.386287918898625 185.5800000000211
9280 1.378600505052813 185.6000000000211
9281 1.371323689608438 185.6200000000212
9282 1.364467640532177 185.6400000000212
9283 1.358126413554645 185.6600000000212
9284 1.35225782927708 185.6800000000212
9285 1.346895609077846 185.7000000000212
9286 1.341979792574793 185.7200000000212
9287 1.337882012675395 185.7400000000212
9288 1.334375072585659 185.7600000000212
9289 1.331379065101769 185.7800000000212
9290 1.329096960444157 185.8000000000212
9291 1.327496727307566 185.8200000000213
9292 1.326481081974541 185.8400000000213
9293 1.326007357608767 185.8600000000213
9294 1.325980795994209 185.8800000000213
9295 1.326632108611428 185.9000000000213
9296 1.327710837513377 185.9200000000213
9297 1.329441742433448 185.9400000000213
9298 1.331860159504191 185.9600000000213
9299 1.334966237716171 185.9800000000213
9300 1.33875782695849 186.0000000000213
9301 1.342817449817579 186.0200000000214
9302 1.347488225778285 186.0400000000214
9303 1.353063616897119 186.0600000000214
9304 1.359389674819576 186.0800000000214
9305 1.365912554814758 186.1000000000214
9306 1.373327702255317 186.1200000000214
9307 1.381179934881226 186.1400000000214
9308 1.389870529068485 186.1600000000214
9309 1.398199367524659 186.1800000000214
9310 1.40771784178215 186.2000000000214
9311 1.417365953792681 186.2200000000215
9312 1.427934407841277 186.2400000000215
9313 1.438903756205741 186.2600000000215
9314 1.450490249694402 186.2800000000215
9315 1.462795591144983 186.3000000000215
9316 1.475093059314875 186.3200000000215
9317 1.487533594792849 186.3400000000215
9318 1.500200154443175 186.3600000000215
9319 1.513440789722297 186.3800000000215
9320 1.527500254197072 186.4000000000215
9321 1.541490817598924 186.4200000000216
9322 1.555570768521165 186.4400000000216
9323 1.569923532925384 186.4600000000216
9324 1.584641333015437 186.4800000000216
9325 1.599508857121368 186.5000000000216
9326 1.614428221634414 186.5200000000216
9327 1.629777178038796 186.5400000000216
9328 1.644972148452137 186.5600000000216
9329 1.660150112776889 186.5800000000216
9330 1.675404965295295 186.6000000000217
9331 1.690884932383097 186.6200000000217
9332 1.706286134570763 186.6400000000217
9333 1.721621431838677 186.6600000000217
9334 1.736706248910615 186.6800000000217
9335 1.751742024109681 186.7000000000217
9336 1.766662228708451 186.7200000000217
9337 1.781193426112899 186.7400000000217
9338 1.795478991749575 186.7600000000217
9339 1.809620205508278 186.7800000000217
9340 1.823447693631262 186.8000000000218
9341 1.836955172622643 186.8200000000218
9342 1.850102259041309 186.8400000000218
9343 1.862970182401342 186.8600000000218
9344 1.875447387079034 186.8800000000218
9345 1.887325970876789 186.9000000000218
9346 1.898748451615352 186.9200000000218
9347 1.909854231066969 186.9400000000218
9348 1.920395447566921 186.9600000000218
9349 1.930415592239987 186.9800000000218
9350 1.93992132953614 187.0000000000219
9351 1.948855281842623 187.0200000000219
9352 1.957140552937022 187.0400000000219
9353 1.964713275911987 187.0600000000219
9354 1.971857960351414 187.0800000000219
9355 1.978510676466889 187.1000000000219
9356 1.984566582445118 187.1200000000219
9357 1.990026151183676 187.1400000000219
9358 1.994777723098966 187.1600000000219
9359 1.998651243654652 187.1800000000219
9360 2.001855716586337 187.200000000022
9361 2.004583509788582 187.220000000022
9362 2.006725755040083 187.240000000022
9363 2.007927799717064 187.260000000022
9364 2.008588875240179 187.280000000022
9365 2.008609165833593 187.300000000022
9366 2.008020803142897 187.320000000022
9367 2.006778845810357 187.340000000022
9368 2.004929621191822 187.360000000022
9369 2.002419854268458 187.3800000000221
9370 1.999121596828345 187.4000000000221
9371 1.995243273837296 187.4200000000221
9372 1.990794445411677 187.4400000000221
9373 1.9857509246271 187.4600000000221
9374 1.980039978029747 187.4800000000221
9375 1.973831595869709 187.5000000000221
9376 1.967204495972138 187.5200000000221
9377 1.959855324614573 187.5400000000221
9378 1.952013012338773 187.5600000000221
9379 1.943616340625531 187.5800000000222
9380 1.934784233436597 187.6000000000222
9381 1.925441512140903 187.6200000000222
9382 1.915618047694915 187.6400000000222
9383 1.905345415683889 187.6600000000222
9384 1.894585534467139 187.6800000000222
9385 1.883449291540137 187.7000000000222
9386 1.871867264498775 187.7200000000222
9387 1.859863219470084 187.7400000000222
9388 1.847588318243127 187.7600000000222
9389 1.835120357880108 187.7800000000223
9390 1.82241436628794 187.8000000000223
9391 1.8094176453028 187.8200000000223
9392 1.796155316607349 187.8400000000223
9393 1.782769425395539 187.8600000000223
9394 1.769238595494677 187.8800000000223
9395 1.755426273580885 187.9000000000223
9396 1.741413968808112 187.9200000000223
9397 1.727329656791957 187.9400000000223
9398 1.713185277189912 187.9600000000223
9399 1.699185434582086 187.9800000000224
9400 1.68502768720925 188.0000000000224
9401 1.670832907128276 188.0200000000224
9402 1.656567413368879 188.0400000000224
9403 1.64244071247014 188.0600000000224
9404 1.628384879675499 188.0800000000224
9405 1.614379312213833 188.1000000000224
9406 1.600443238139365 188.1200000000224
9407 1.586651869884661 188.1400000000224
9408 1.573002919291522 188.1600000000224
9409 1.559587248146015 188.1800000000225
9410 1.546328842443026 188.2000000000225
9411 1.533367322075552 188.2200000000225
9412 1.520639991692979 188.2400000000225
9413 1.50835769279634 188.2600000000225
9414 1.496337379095015 188.2800000000225
9415 1.484582822134032 188.3000000000225
9416 1.473229142244036 188.3200000000225
9417 1.462126843175802 188.3400000000225
9418 1.451342126540361 188.3600000000226
9419 1.440875993833616 188.3800000000226
9420 1.430720846121989 188.4000000000226
9421 1.420994762863465 188.4200000000226
9422 1.411782347153963 188.4400000000226
9423 1.402991125235783 188.4600000000226
9424 1.394603743607929 188.4800000000226
9425 1.386822307862285 188.5000000000226
9426 1.379634412148928 188.5200000000226
9427 1.37292107028347 188.5400000000226
9428 1.366688333569653 188.5600000000227
9429 1.360974929709304 188.5800000000227
9430 1.355735399019715 188.6000000000227
9431 1.350949516890374 188.6200000000227
9432 1.346819022220073 188.6400000000227
9433 1.343270048201372 188.6600000000227
9434 1.34004670857426 188.6800000000227
9435 1.337538409341319 188.7000000000227
9436 1.335976973860419 188.7200000000227
9437 1.334741287211295 188.7400000000227
9438 1.334050657801745 188.7600000000228
9439 1.334093261734346 188.7800000000228
9440 1.33499010644132 188.8000000000228
9441 1.336341884800126 188.8200000000228
9442 1.33826151409037 188.8400000000228
9443 1.340624763155423 188.8600000000228
9444 1.343838174918142 188.8800000000228
9445 1.347390497871586 188.9000000000228
9446 1.351698970552746 188.9200000000228
9447 1.356436566658481 188.9400000000228
9448 1.362059324877693 188.9600000000229
9449 1.368507978561245 188.9800000000229
9450 1.375254187511261 189.0000000000229
9451 1.38264064563197 189.0200000000229
9452 1.390756089696511 189.0400000000229
9453 1.399289149451649 189.0600000000229
9454 1.408593912688706 189.0800000000229
9455 1.418846323951565 189.1000000000229
9456 1.429003815680265 189.1200000000229
9457 1.439670627773738 189.140000000023
9458 1.450490138887345 189.160000000023
9459 1.46180262294767 189.180000000023
9460 1.473696961347002 189.200000000023
9461 1.485853828582161 189.220000000023
9462 1.498689511376976 189.240000000023
9463 1.512185842857905 189.260000000023
9464 1.525690843819419 189.280000000023
9465 1.539639098615504 189.300000000023
9466 1.553664353341021 189.320000000023
9467 1.567967473022527 189.3400000000231
9468 1.582674171635216 189.3600000000231
9469 1.597615272506659 189.3800000000231
9470 1.612471923256842 189.4000000000231
9471 1.627421163903675 189.4200000000231
9472 1.642441067865996 189.4400000000231
9473 1.657625733329014 189.4600000000231
9474 1.67319493401961 189.4800000000231
9475 1.688603430291207 189.5000000000231
9476 1.70379895525887 189.5200000000231
9477 1.718808931239026 189.5400000000232
9478 1.733728614737585 189.5600000000232
9479 1.748729589614159 189.5800000000232
9480 1.763656369210211 189.6000000000232
9481 1.778273351780931 189.6200000000232
9482 1.792373994442783 189.6400000000232
9483 1.806259097224282 189.6600000000232
9484 1.820062149171222 189.6800000000232
9485 1.83349591115769 189.7000000000232
9486 1.846498783209046 189.7200000000232
9487 1.859323897723463 189.7400000000233
9488 1.871714888203476 189.7600000000233
9489 1.883666310253013 189.7800000000233
9490 1.895121385615825 189.8000000000233
9491 1.906216141895832 189.8200000000233
9492 1.916813409959645 189.8400000000233
9493 1.927036907623016 189.8600000000233
9494 1.936651666113315 189.8800000000233
9495 1.945728874598625 189.9000000000233
9496 1.954149012629221 189.9200000000234
9497 1.961893479026634 189.9400000000234
9498 1.969144047607926 189.9600000000234
9499 1.975760301230017 189.9800000000234
9500 1.981692667787032 190.0000000000234
9501 1.987168560320702 190.0200000000234
9502 1.991956845232525 190.0400000000234
9503 1.995992024805556 190.0600000000234
9504 1.999542953355456 190.0800000000234
9505 2.00225694231953 190.1000000000234
9506 2.004294978290552 190.1200000000235
9507 2.005682325588314 190.1400000000235
9508 2.006422923093478 190.1600000000235
9509 2.006558926067057 190.1800000000235
9510 2.006000224143873 190.2000000000235
9511 2.004763930260835 190.2200000000235
9512 2.002901991377215 190.2400000000235
9513 2.000332692921052 190.2600000000235
9514 1.997058101919275 190.2800000000235
9515 1.993216459133019 190.3000000000235
9516 1.988825266735872 190.3200000000236
9517 1.983798168813263 190.3400000000236
9518 1.978193481506834 190.3600000000236
9519 1.971977697374417 190.3800000000236
9520 1.96525660968271 190.4000000000236
9521 1.958063857805652 190.4200000000236
9522 1.950268468934472 190.4400000000236
9523 1.94189905266823 190.4600000000236
9524 1.93304251962461 190.4800000000236
9525 1.923763561650357 190.5000000000236
9526 1.913996065997928 190.5200000000237
9527 1.903831611323797 190.5400000000237
9528 1.89330903809718 190.5600000000237
9529 1.882340356408474 190.5800000000237
9530 1.870922025071935 190.6000000000237
9531 1.85914479814391 190.6200000000237
9532 1.847080083671518 190.6400000000237
9533 1.834793832485152 190.6600000000237
9534 1.822115096196166 190.6800000000237
9535 1.809209584201445 190.7000000000237
9536 1.796158301574899 190.7200000000238
9537 1.782792652239873 190.7400000000238
9538 1.769284120707087 190.7600000000238
9539 1.755648091550118 190.7800000000238
9540 1.741744290253067 190.8000000000238
9541 1.72784532419064 190.8200000000238
9542 1.713857655713523 190.8400000000238
9543 1.699729179794885 190.8600000000238
9544 1.685639105217134 190.8800000000238
9545 1.671563516006539 190.9000000000239
9546 1.657344961659406 190.9200000000239
9547 1.643181104206109 190.9400000000239
9548 1.629130050372513 190.9600000000239
9549 1.615074064094782 190.9800000000239
9550 1.601211834948661 191.0000000000239
9551 1.587391049888614 191.0200000000239
9552 1.57377797196128 191.0400000000239
9553 1.560392057463364 191.0600000000239
9554 1.547238471663109 191.0800000000239
9555 1.534309336240234 191.100000000024
9556 1.521594157145977 191.120000000024
9557 1.509098828550063 191.140000000024
9558 1.496806722125644 191.160000000024
9559 1.484679040615301 191.180000000024
9560 1.472834316241331 191.200000000024
9561 1.461234059476994 191.220000000024
9562 1.450072209201807 191.240000000024
9563 1.439235532128593 191.260000000024
9564 1.42871984987267 191.280000000024
9565 1.418806420267206 191.3000000000241
9566 1.409427948601436 191.3200000000241
9567 1.400543009620768 191.3400000000241
9568 1.392152681220388 191.3600000000241
9569 1.384112479260313 191.3800000000241
9570 1.376522225230984 191.4000000000241
9571 1.369357002794624 191.4200000000241
9572 1.3626475794795 191.4400000000241
9573 1.356431384841575 191.4600000000241
9574 1.350752511758914 191.4800000000241
9575 1.345466109720483 191.5000000000242
9576 1.340774219005168 191.5200000000242
9577 1.336867988255447 191.5400000000242
9578 1.333499416219059 191.5600000000242
9579 1.330687651256966 191.5800000000242
9580 1.328595393801157 191.6000000000242
9581 1.327166270400329 191.6200000000242
9582 1.326298814970997 191.6400000000242
9583 1.325928013795213 191.6600000000242
9584 1.326139640174208 191.6800000000243
9585 1.326858022031032 191.7000000000243
9586 1.328138354531311 191.7200000000243
9587 1.330053633754307 191.7400000000243
9588 1.332669074797387 191.7600000000243
9589 1.336001692706384 191.7800000000243
9590 1.339851688588127 191.8000000000243
9591 1.344074447274685 191.8200000000243
9592 1.348964923677231 191.8400000000243
9593 1.354793378726676 191.8600000000243
9594 1.361123833775639 191.8800000000244
9595 1.367926471508575 191.9000000000244
9596 1.375465791698945 191.9200000000244
9597 1.383569321788067 191.9400000000244
9598 1.39217067069634 191.9600000000244
9599 1.400783665019781 191.9800000000244
9600 1.410377103231757 192.0000000000244
9601 1.420258658453629 192.0200000000244
9602 1.430921236626651 192.0400000000244
9603 1.442092638392197 192.0600000000244
9604 1.453862677691814 192.0800000000245
9605 1.466252777338861 192.1000000000245
9606 1.478558229059472 192.1200000000245
9607 1.491028669863677 192.1400000000245
9608 1.503833926685183 192.1600000000245
9609 1.517338312525839 192.1800000000245
9610 1.531427391668149 192.2000000000245
9611 1.54540314333541 192.2200000000245
9612 1.559579138472568 192.2400000000245
9613 1.574016999868495 192.2600000000245
9614 1.588820265169246 192.2800000000246
9615 1.603665281610621 192.3000000000246
9616 1.618738577177415 192.3200000000246
9617 1.634038110347467 192.3400000000246
9618 1.649215967525358 192.3600000000246
9619 1.664396442443666 192.3800000000246
9620 1.679772115906929 192.4000000000246
9621 1.695205260331319 192.4200000000246
9622 1.710606245130589 192.4400000000246
9623 1.725858436873661 192.4600000000246
9624 1.740928202866978 192.4800000000247
9625 1.755982387492053 192.5000000000247
9626 1.770748872368425 192.5200000000247
9627 1.78524596162835 192.5400000000247
9628 1.799470079117238 192.5600000000247
9629 1.813552352606934 192.5800000000247
9630 1.82731357982237 192.6000000000247
9631 1.840668171044908 192.6200000000247
9632 1.853794554618731 192.6400000000247
9633 1.866527505225995 192.6600000000248
9634 1.878873899682449 192.6800000000248
9635 1.890602569062002 192.7000000000248
9636 1.901928793210951 192.7200000000248
9637 1.91291654992089 192.7400000000248
9638 1.923296234979152 192.7600000000248
9639 1.933178369002486 192.7800000000248
9640 1.942527489394646 192.8000000000248
9641 1.951291303985201 192.8200000000248
9642 1.959370633474887 192.8400000000248
9643 1.966791822096152 192.8600000000249
9644 1.973849010247581 192.8800000000249
9645 1.980341804541565 192.9000000000249
9646 1.98620354864323 192.9200000000249
9647 1.99148943334119 192.9400000000249
9648 1.995970454890907 192.9600000000249
9649 1.999686149913895 192.9800000000249
9650 2.002736513259038 193.0000000000249
9651 2.005291617140533 193.0200000000249
9652 2.007230270500406 193.0400000000249
9653 2.008203388670903 193.060000000025
9654 2.00873196038115 193.080000000025
9655 2.008567990799033 193.100000000025
9656 2.007782158464422 193.120000000025
9657 2.006389000219252 193.140000000025
9658 2.004353232384094 193.160000000025
9659 2.00164234736954 193.180000000025
9660 1.998150195945756 193.200000000025
9661 1.994126185023479 193.220000000025
9662 1.989507733266706 193.240000000025
9663 1.984269686214193 193.2600000000251
9664 1.978404653109748 193.2800000000251
9665 1.972094871422909 193.3000000000251
9666 1.965269712194331 193.3200000000251
9667 1.957768794219757 193.3400000000251
9668 1.94977456223047 193.3600000000251
9669 1.941243721646207 193.3800000000251
9670 1.93229012027878 193.4000000000251
9671 1.922795385629512 193.4200000000251
9672 1.912848617096266 193.4400000000252
9673 1.90244152953893 193.4600000000252
9674 1.891557867665155 193.4800000000252
9675 1.880316452114664 193.5000000000252
9676 1.868601993599559 193.5200000000252
9677 1.856500327655019 193.5400000000252
9678 1.844181514644434 193.5600000000252
9679 1.83164757984431 193.5800000000252
9680 1.818859054491209 193.6000000000252
9681 1.805787498311684 193.6200000000252
9682 1.792469709468336 193.6400000000253
9683 1.779048058986306 193.6600000000253
9684 1.765449085209375 193.6800000000253
9685 1.751581285561457 193.7000000000253
9686 1.737528102706455 193.7200000000253
9687 1.723425429204603 193.7400000000253
9688 1.709286218613158 193.7600000000253
9689 1.695293633753475 193.7800000000253
9690 1.681097810133881 193.8000000000253
9691 1.666866314037628 193.8200000000253
9692 1.652642164415257 193.8400000000254
9693 1.638558852304024 193.8600000000254
9694 1.624492845605059 193.8800000000254
9695 1.61051371707712 193.9000000000254
9696 1.596593528426331 193.9200000000254
9697 1.582862858061295 193.9400000000254
9698 1.56925930101032 193.9600000000254
9699 1.555893630338376 193.9800000000254
9700 1.542692513415899 194.0000000000254
9701 1.529822832141768 194.0200000000254
9702 1.517197547178646 194.0400000000255
9703 1.504983624175166 194.0600000000255
9704 1.493062482092461 194.0800000000255
9705 1.4813712441893 194.1000000000255
9706 1.470141678096072 194.1200000000255
9707 1.459089847658926 194.1400000000255
9708 1.448426466591274 194.1600000000255
9709 1.438018064555903 194.1800000000255
9710 1.427997211902255 194.2000000000255
9711 1.418384453769647 194.2200000000255
9712 1.409331451276062 194.2400000000256
9713 1.400599960205306 194.2600000000256
9714 1.392350982933071 194.2800000000256
9715 1.384827250519681 194.3000000000256
9716 1.377715984635824 194.3200000000256
9717 1.37113018191541 194.3400000000256
9718 1.365065834411716 194.3600000000256
9719 1.359483908878404 194.3800000000256
9720 1.354351839973345 194.4000000000256
9721 1.349738982349674 194.4200000000257
9722 1.345784482389184 194.4400000000257
9723 1.342370364257807 194.4600000000257
9724 1.339249231464039 194.4800000000257
9725 1.337052008707118 194.5000000000257
9726 1.335642535416419 194.5200000000257
9727 1.334450519757997 194.5400000000257
9728 1.334023673503117 194.5600000000257
9729 1.334283412312915 194.5800000000257
9730 1.335329873600814 194.6000000000257
9731 1.33682407695974 194.6200000000258
9732 1.338898587724075 194.6400000000258
9733 1.341417881785526 194.6600000000258
9734 1.344783869770627 194.6800000000258
9735 1.348534625045623 194.7000000000258
9736 1.35302655805683 194.7200000000258
9737 1.357875779948722 194.7400000000258
9738 1.363811737019566 194.7600000000258
9739 1.370422693381971 194.7800000000258
9740 1.377254020706539 194.8000000000258
9741 1.384846117141917 194.8200000000259
9742 1.393138015216075 194.8400000000259
9743 1.40176684354163 194.8600000000259
9744 1.411460235534114 194.8800000000259
9745 1.421565841111209 194.9000000000259
9746 1.432096737488266 194.9200000000259
9747 1.442646465929358 194.9400000000259
9748 1.453624445675957 194.9600000000259
9749 1.465089671445087 194.9800000000259
9750 1.477095954624068 195.0000000000259
9751 1.489334541239313 195.020000000026
9752 1.502466473740831 195.040000000026
9753 1.515951926710936 195.060000000026
9754 1.529600847520426 195.080000000026
9755 1.543553875270389 195.100000000026
9756 1.557650162861866 195.120000000026
9757 1.572063136904728 195.140000000026
9758 1.58689973104693 195.160000000026
9759 1.601761539329495 195.180000000026
9760 1.6166612987121 195.2000000000261
9761 1.631627930316995 195.2200000000261
9762 1.646686052269536 195.2400000000261
9763 1.661981265303329 195.2600000000261
9764 1.677550728576475 195.2800000000261
9765 1.692909279167536 195.3000000000261
9766 1.70804160227898 195.3200000000261
9767 1.723028593742655 195.3400000000261
9768 1.737955965438486 195.3600000000261
9769 1.752937386094869 195.3800000000261
9770 1.767819225347486 195.4000000000262
9771 1.782262081527762 195.4200000000262
9772 1.79630452360162 195.4400000000262
9773 1.810176649690462 195.4600000000262
9774 1.823895129582486 195.4800000000262
9775 1.837210763932458 195.5000000000262
9776 1.850149463202978 195.5200000000262
9777 1.862843869267143 195.5400000000262
9778 1.875157066176229 195.5600000000262
9779 1.886937098200889 195.5800000000262
9780 1.898292201692899 195.6000000000263
9781 1.909257832398398 195.6200000000263
9782 1.91975013738667 195.6400000000263
9783 1.929832900173065 195.6600000000263
9784 1.939271621383387 195.6800000000263
9785 1.948186910189979 195.7000000000263
9786 1.956429709710241 195.7200000000263
9787 1.96398638269707 195.7400000000263
9788 1.971100441541198 195.7600000000263
9789 1.977499373755453 195.7800000000263
9790 1.9832901559342 195.8000000000264
9791 1.988620420345695 195.8200000000264
9792 1.993175737497601 195.8400000000264
9793 1.997079556733942 195.8600000000264
9794 2.000404512393641 195.8800000000264
9795 2.002936499248078 195.9000000000264
9796 2.004770049449558 195.9200000000264
9797 2.005983314300222 195.9400000000264
9798 2.006544477863766 195.9600000000264
9799 2.006504963700009 195.9800000000265
9800 2.005747128638681 196.0000000000265
9801 2.004347048967304 196.0200000000265
9802 2.002279023199981 196.0400000000265
9803 1.99951749009499 196.0600000000265
9804 1.996067837349286 196.0800000000265
9805 1.992081593923203 196.1000000000265
9806 1.987506323317525 196.1200000000265
9807 1.982306527600224 196.1400000000265
9808 1.976543818664225 196.1600000000265
9809 1.970168759464564 196.1800000000266
9810 1.963315870793712 196.2000000000266
9811 1.955963741156684 196.2200000000266
9812 1.948003795570045 196.2400000000266
9813 1.939481457304325 196.2600000000266
9814 1.930512249368381 196.2800000000266
9815 1.921093365308152 196.3000000000266
9816 1.911191286953469 196.3200000000266
9817 1.900956723958197 196.3400000000266
9818 1.890303821415584 196.3600000000266
9819 1.879210761460857 196.3800000000267
9820 1.867678970917268 196.4000000000267
9821 1.855814595352063 196.4200000000267
9822 1.84369266159793 196.4400000000267
9823 1.831297043173965 196.4600000000267
9824 1.818545473422151 196.4800000000267
9825 1.805591278682653 196.5000000000267
9826 1.79246474302398 196.5200000000267
9827 1.779033368339278 196.5400000000267
9828 1.765501508010129 196.5600000000267
9829 1.751787182655521 196.5800000000268
9830 1.737880593032612 196.6000000000268
9831 1.723929226406746 196.6200000000268
9832 1.709926127240055 196.6400000000268
9833 1.695808267772086 196.6600000000268
9834 1.68175422805262 196.6800000000268
9835 1.667611541386835 196.7000000000268
9836 1.653393274664701 196.7200000000268
9837 1.639304759360664 196.7400000000268
9838 1.6251981181951 196.7600000000268
9839 1.611175707853535 196.7800000000269
9840 1.597348014299377 196.8000000000269
9841 1.583565473348614 196.8200000000269
9842 1.570017213745601 196.8400000000269
9843 1.556704464012715 196.8600000000269
9844 1.543603585345575 196.8800000000269
9845 1.530735282079602 196.9000000000269
9846 1.51808088656127 196.9200000000269
9847 1.50565255381939 196.9400000000269
9848 1.493394254007811 196.960000000027
9849 1.481337107742127 196.980000000027
9850 1.469559504779471 197.000000000027
9851 1.458057407438409 197.020000000027
9852 1.447005987268725 197.040000000027
9853 1.436257639302799 197.060000000027
9854 1.425883163094108 197.080000000027
9855 1.416121070641686 197.100000000027
9856 1.406896395707903 197.120000000027
9857 1.398153236965683 197.140000000027
9858 1.389861814259211 197.1600000000271
9859 1.381959868761609 197.1800000000271
9860 1.374458473987435 197.2000000000271
9861 1.367464696232458 197.2200000000271
9862 1.360855535441814 197.2400000000271
9863 1.354763365115654 197.2600000000271
9864 1.349249042470235 197.2800000000271
9865 1.344073939916576 197.3000000000271
9866 1.339611295673218 197.3200000000271
9867 1.335886213711602 197.3400000000271
9868 1.332634718869449 197.3600000000272
9869 1.330054860336934 197.3800000000272
9870 1.328147554823518 197.4000000000272
9871 1.326897245756329 197.4200000000272
9872 1.326159705687346 197.4400000000272
9873 1.32590148935105 197.4600000000272
9874 1.326337689121557 197.4800000000272
9875 1.327133449504565 197.5000000000272
9876 1.328599229740852 197.5200000000272
9877 1.330735145776189 197.5400000000272
9878 1.333512960779923 197.5600000000273
9879 1.337076095521936 197.5800000000273
9880 1.340985199288736 197.6000000000273
9881 1.345379521149478 197.6200000000273
9882 1.350518716112899 197.6400000000273
9883 1.356620298692214 197.6600000000273
9884 1.362931177117935 197.6800000000273
9885 1.370019084067862 197.7000000000273
9886 1.377653407856001 197.7200000000273
9887 1.386006216759036 197.7400000000274
9888 1.394446436669484 197.7600000000274
9889 1.403477420489637 197.7800000000274
9890 1.413051923851422 197.8000000000274
9891 1.423232084120772 197.8200000000274
9892 1.434010330382692 197.8400000000274
9893 1.445296319972122 197.8600000000274
9894 1.45735857836024 197.8800000000274
9895 1.469713385857788 197.9000000000274
9896 1.482069957996517 197.9200000000274
9897 1.494562173643114 197.9400000000275
9898 1.50753929910976 197.9600000000275
9899 1.521324117677646 197.9800000000275
9900 1.535375942043333 198.0000000000275
9901 1.549367746443159 198.0200000000275
9902 1.563588322409202 198.0400000000275
9903 1.578152590022079 198.0600000000275
9904 1.593020883448549 198.0800000000275
9905 1.607851452792611 198.1000000000275
9906 1.623066023102988 198.1200000000275
9907 1.63831573999198 198.1400000000276
9908 1.653499782912836 198.1600000000276
9909 1.668667280877209 198.1800000000276
9910 1.684136572219836 198.2000000000276
9911 1.699554609064813 198.2200000000276
9912 1.714948699009662 198.2400000000276
9913 1.7301146693714 198.2600000000276
9914 1.745160223139348 198.2800000000276
9915 1.760215539600818 198.3000000000276
9916 1.774853623875198 198.3200000000276
9917 1.789265660499879 198.3400000000277
9918 1.803471500131501 198.3600000000277
9919 1.817450884112971 198.3800000000277
9920 1.831143835532338 198.4000000000277
9921 1.844390012859151 198.4200000000277
9922 1.857427955918235 198.4400000000277
9923 1.870075007268402 198.4600000000277
9924 1.88224297687139 198.4800000000277
9925 1.893831180339336 198.5000000000277
9926 1.905089955848046 198.5200000000277
9927 1.915893233083683 198.5400000000278
9928 1.926149810681704 198.5600000000278
9929 1.935871765285947 198.5800000000278
9930 1.945076574148908 198.6000000000278
9931 1.953648624304428 198.6200000000278
9932 1.961522876026363 198.6400000000278
9933 1.968826009571852 198.6600000000278
9934 1.975754861115256 198.6800000000278
9935 1.982055532756331 198.7000000000278
9936 1.987757732151025 198.7200000000279
9937 1.992918126948096 198.7400000000279
9938 1.997059523382674 198.7600000000279
9939 2.000626363621058 198.7800000000279
9940 2.003537219620612 198.8000000000279
9941 2.005944040300046 198.8200000000279
9942 2.007590969137532 198.8400000000279
9943 2.008441026469281 198.8600000000279
9944 2.00876546738805 198.8800000000279
9945 2.008452635523475 198.9000000000279
9946 2.007467784307021 198.920000000028
9947 2.005900482907515 198.940000000028
9948 2.003700375844384 198.960000000028
9949 2.000747317989762 198.980000000028
9950 1.997091661848506 199.000000000028
9951 1.992921280502939 199.020000000028
9952 1.988134623113814 199.040000000028
9953 1.982706289577305 199.060000000028
9954 1.976690340022266 199.080000000028
9955 1.970277428182002 199.100000000028
9956 1.963242930599693 199.1200000000281
9957 1.955604721580915 199.1400000000281
9958 1.947452549271572 199.1600000000281
9959 1.938801349012493 199.1800000000281
9960 1.929704937878272 199.2000000000281
9961 1.920070211720567 199.2200000000281
9962 1.910000410806649 199.2400000000281
9963 1.899442635195025 199.2600000000281
9964 1.888459579917298 199.2800000000281
9965 1.877106275912995 199.3000000000281
9966 1.865259026422359 199.3200000000282
9967 1.853091243968304 199.3400000000282
9968 1.840705953489896 199.3600000000282
9969 1.8281122690199 199.3800000000282
9970 1.815239127738707 199.4000000000282
9971 1.80208905029187 199.4200000000282
9972 1.78873427704318 199.4400000000282
9973 1.77528256381329 199.4600000000282
9974 1.761594818289133 199.4800000000282
9975 1.747664708857456 199.5000000000283
9976 1.733597735611848 199.5200000000283
9977 1.719474396500578 199.5400000000283
9978 1.705365074293095 199.5600000000283
9979 1.691304238161961 199.5800000000283
9980 1.677123171093403 199.6000000000283
9981 1.66288907101817 199.6200000000283
9982 1.648694311914199 199.6400000000283
9983 1.63462677160227 199.6600000000283
9984 1.620574738939644 199.6800000000283
9985 1.606611685613108 199.7000000000284
9986 1.592733890271563 199.7200000000284
9987 1.57904227809546 199.7400000000284
9988 1.565502122663057 199.7600000000284
9989 1.552182778693588 199.7800000000284
9990 1.539061564866894 199.8000000000284
9991 1.526262679821838 199.8200000000284
9992 1.513755931855128 199.8400000000284
9993 1.501605361353285 199.8600000000284
9994 1.489772206047989 199.8800000000284
9995 1.478183841119742 199.9000000000285
9996 1.467037382619618 199.9200000000285
9997 1.456062681578333 199.9400000000285
9998 1.445506371014652 199.9600000000285
9999 1.435153087534406 199.9800000000285
10000 1.425267489526152 200.0000000000285
10001 1.415777617409489 200.0200000000285
10002 1.406849788523621 200.0400000000285
10003 1.398236538946487 200.0600000000285
10004 1.390171431409555 200.0800000000285
10005 1.382780477074371 200.1000000000286
10006 1.375826981625492 200.1200000000286
10007 1.369372560667709 200.1400000000286
10008 1.363448278830264 200.1600000000286
10009 1.35801246010596 200.1800000000286
10010 1.352999564134892 200.2000000000286
10011 1.348561924939549 200.2200000000286
10012 1.344791160429879 200.2400000000286
10013 1.341434128441224 200.2600000000286
10014 1.338537802237392 200.2800000000287
10015 1.336611145774162 200.3000000000287
10016 1.335298728976652 200.3200000000287
10017 1.334240507497888 200.3400000000287
10018 1.33401387452842 200.3600000000287
10019 1.334538892052821 200.3800000000287
10020 1.335702617175653 200.4000000000287
10021 1.337341347504511 200.4200000000287
10022 1.339540783678673 200.4400000000287
10023 1.342302041076501 200.4600000000287
10024 1.345770939810441 200.4800000000288
10025 1.349725291879737 200.5000000000288
10026 1.35435285054463 200.5200000000288
10027 1.359437136282736 200.5400000000288
10028 1.36562272169148 200.5600000000288
10029 1.372276522062891 200.5800000000288
10030 1.379331363516029 200.6000000000288
10031 1.38712312721986 200.6200000000288
10032 1.39552079599236 200.6400000000288
10033 1.40435285563447 200.6600000000288
10034 1.414354415812298 200.6800000000289
10035 1.424410366674179 200.7000000000289
10036 1.435063848884412 200.7200000000289
10037 1.445691552396279 200.7400000000289
10038 1.456813061519743 200.7600000000289
10039 1.468436853852954 200.7800000000289
10040 1.480520985416272 200.8000000000289
10041 1.492940562892013 200.8200000000289
10042 1.506261717704034 200.8400000000289
10043 1.519724360638019 200.8600000000289
10044 1.533556296256434 200.880000000029
10045 1.547508070411935 200.900000000029
10046 1.561673033922111 200.920000000029
10047 1.576181868785733 200.940000000029
10048 1.591131875334858 200.960000000029
10049 1.605942533806809 200.980000000029
10050 1.620880500694987 201.000000000029
10051 1.63585595288384 201.020000000029
10052 1.65094600043481 201.040000000029
10053 1.666395200916557 201.060000000029
10054 1.681917945942171 201.0800000000291
10055 1.697225631948786 201.1000000000291
10056 1.712269052355217 201.1200000000291
10057 1.727239990416136 201.1400000000291
10058 1.742203688771006 201.1600000000291
10059 1.757166767350104 201.1800000000291
10060 1.771971033690871 201.2000000000291
10061 1.786258674640096 201.2200000000291
10062 1.800229312780999 201.2400000000291
10063 1.81408151550756 201.2600000000292
10064 1.8277024775846 201.2800000000292
10065 1.840908619850999 201.3000000000292
10066 1.853815074687922 201.3200000000292
10067 1.866367764360494 201.3400000000292
10068 1.878548334340929 201.3600000000292
10069 1.890198124979231 201.3800000000292
10070 1.90144789634936 201.4000000000292
10071 1.912280365902796 201.4200000000292
10072 1.922690519955047 201.4400000000292
10073 1.932567062156151 201.4600000000293
10074 1.941878123994439 201.4800000000293
10075 1.950594937992871 201.5000000000293
10076 1.95865415453403 201.5200000000293
10077 1.966069144824335 201.5400000000293
10078 1.973016314469169 201.5600000000293
10079 1.979216182181406 201.5800000000293
10080 1.984875430842185 201.6000000000293
10081 1.989977135473699 201.6200000000293
10082 1.994373122995089 201.6400000000293
10083 1.998135800899153 201.6600000000294
10084 2.001228568031791 201.6800000000294
10085 2.003560791251176 201.7000000000294
10086 2.005217148070059 201.7200000000294
10087 2.006252887179482 201.7400000000294
10088 2.00663699501283 201.7600000000294
10089 2.006411418988741 201.7800000000294
10090 2.005445152696176 201.8000000000294
10091 2.003879443580788 201.8200000000294
10092 2.00161066990886 201.8400000000294
10093 1.998654343454598 201.8600000000295
10094 1.995052651518443 201.8800000000295
10095 1.990903517942944 201.9000000000295
10096 1.986153415935253 201.9200000000295
10097 1.980782787671945 201.9400000000295
10098 1.974854963441955 201.9600000000295
10099 1.9683382539941 201.9800000000295
10100 1.961345606739679 202.0000000000295
10101 1.953817052065578 202.0200000000295
10102 1.945691371368748 202.0400000000296
10103 1.937037401094759 202.0600000000296
10104 1.92794972301492 202.0800000000296
10105 1.91840075596926 202.1000000000296
10106 1.90836635736025 202.1200000000296
10107 1.898044664528342 202.1400000000296
10108 1.887261494400771 202.1600000000296
10109 1.876043447989849 202.1800000000296
10110 1.864401166783269 202.2000000000296
10111 1.85245784925381 202.2200000000296
10112 1.840278719737253 202.2400000000297
10113 1.827765099210755 202.2600000000297
10114 1.814947602424806 202.2800000000297
10115 1.801966971138864 202.3000000000297
10116 1.78873117228579 202.3200000000297
10117 1.775270847329459 202.3400000000297
10118 1.761704139157541 202.3600000000297
10119 1.747900946442295 202.3800000000297
10120 1.734003406399661 202.4000000000297
10121 1.720050327557348 202.4200000000297
10122 1.70598900497284 202.4400000000298
10123 1.691868113994482 202.4600000000298
10124 1.677801612691958 202.4800000000298
10125 1.663661813906923 202.5000000000298
10126 1.649424249793415 202.5200000000298
10127 1.635348860219541 202.5400000000298
10128 1.621254236327691 202.5600000000298
10129 1.607302795629825 202.5800000000298
10130 1.593470880952605 202.6000000000298
10131 1.579752779940885 202.6200000000298
10132 1.566260105130497 202.6400000000299
10133 1.553011530815056 202.6600000000299
10134 1.539978309987212 202.6800000000299
10135 1.527163634346089 202.7000000000299
10136 1.51457571740454 202.7200000000299
10137 1.50219489445488 202.7400000000299
10138 1.489986691272442 202.7600000000299
10139 1.478006209711122 202.7800000000299
10140 1.466288427862427 202.8000000000299
10141 1.454921270013215 202.8200000000299
10142 1.443956382135693 202.84000000003
10143 1.433296819386474 202.86000000003
10144 1.423095598517865 202.88000000003
10145 1.413480040266561 202.90000000003
10146 1.404383220599358 202.92000000003
10147 1.395799236985289 202.94000000003
10148 1.387589801158311 202.96000000003
10149 1.379838212805173 202.98000000003
10150 1.372488184254725 203.00000000003
10151 1.365564025678716 203.0200000000301
10152 1.359134087092323 203.0400000000301
10153 1.353160193790335 203.0600000000301
10154 1.347751519967591 203.0800000000301
10155 1.342723680711194 203.1000000000301
10156 1.33851212676288 203.1200000000301
10157 1.334929753720479 203.1400000000301
10158 1.331825774711189 203.1600000000301
10159 1.329455936662177 203.1800000000301
10160 1.327731304246741 203.2000000000301
10161 1.326654836808353 203.2200000000302
10162 1.326072804539624 203.2400000000302
10163 1.325947960584038 203.2600000000302
10164 1.326533288781149 203.2800000000302
10165 1.327505337058187 203.3000000000302
10166 1.32912997861719 203.3200000000302
10167 1.331467813623533 203.3400000000302
10168 1.334443783667708 203.3600000000302
10169 1.338164112368441 203.3800000000302
10170 1.342169635511312 203.4000000000302
10171 1.34672514505272 203.4200000000303
10172 1.352143361966825 203.4400000000303
10173 1.358463252571722 203.4600000000303
10174 1.364829202468215 203.4800000000303
10175 1.372161016209288 203.5000000000303
10176 1.379916322960196 203.5200000000303
10177 1.388495973237102 203.5400000000303
10178 1.396866858882376 203.5600000000303
10179 1.406217267668702 203.5800000000303
10180 1.415804791463097 203.6000000000303
10181 1.42629842345952 203.6200000000304
10182 1.4371700618777 203.6400000000304
10183 1.44862767655202 203.6600000000304
10184 1.460868491077967 203.6800000000304
10185 1.473197266458399 203.7000000000304
10186 1.485613295883912 203.7200000000304
10187 1.498190581274696 203.7400000000304
10188 1.51134506247438 203.7600000000304
10189 1.525325923415048 203.7800000000304
10190 1.539351881497364 203.8000000000305
10191 1.553380511166779 203.8200000000305
10192 1.567687112299974 203.8400000000305
10193 1.582358657791569 203.8600000000305
10194 1.597238100005554 203.8800000000305
10195 1.612108945760327 203.9000000000305
10196 1.62742549805743 203.9200000000305
10197 1.642650459826211 203.9400000000305
10198 1.657830588826622 203.9600000000305
10199 1.673030501825034 203.9800000000305
10200 1.688532734977835 204.0000000000306
10201 1.70393372245872 204.0200000000306
10202 1.719301384908023 204.0400000000306
10203 1.734413960044276 204.0600000000306
10204 1.749452717892583 204.0800000000306
10205 1.764451894109194 204.1000000000306
10206 1.778994513927934 204.1200000000306
10207 1.793328039234772 204.1400000000306
10208 1.807501670526087 204.1600000000306
10209 1.821382097362371 204.1800000000306
10210 1.834973845636983 204.2000000000307
10211 1.848128735071389 204.2200000000307
10212 1.861094296997934 204.2400000000307
10213 1.873619555828749 204.2600000000307
10214 1.885591867349021 204.2800000000307
10215 1.897098247308229 204.3000000000307
10216 1.908245727618211 204.3200000000307
10217 1.918892185444826 204.3400000000307
10218 1.928992107893458 204.3600000000307
10219 1.938568377525722 204.3800000000307
10220 1.947616426538278 204.4000000000308
10221 1.956015350649009 204.4200000000308
10222 1.963665071062656 204.4400000000308
10223 1.97087205683705 204.4600000000308
10224 1.977635235594719 204.4800000000308
10225 1.983766140436365 204.5000000000308
10226 1.989342608061479 204.5200000000308
10227 1.99423409509366 204.5400000000308
10228 1.998187669862888 204.5600000000308
10229 2.001522014062687 204.5800000000309
10230 2.004318513009424 204.6000000000309
10231 2.006565285102074 204.6200000000309
10232 2.00792502329718 204.6400000000309
10233 2.008646427701492 204.6600000000309
10234 2.008771193293036 204.6800000000309
10235 2.008293086711203 204.7000000000309
10236 2.007130973710242 204.7200000000309
10237 2.005398038313385 204.7400000000309
10238 2.002983815371346 204.7600000000309
10239 1.999814690622379 204.780000000031
10240 1.996017424844846 204.800000000031
10241 1.991668763767542 204.820000000031
10242 1.986722657913906 204.840000000031
10243 1.981105601415726 204.860000000031
10244 1.97496286079112 204.880000000031
10245 1.968413493985218 204.900000000031
10246 1.961170837793805 204.920000000031
10247 1.953407943998613 204.940000000031
10248 1.945090431171176 204.960000000031
10249 1.936325854826388 204.9800000000311
10250 1.92707498765416 205.0000000000311
10251 1.917312115502084 205.0200000000311
10252 1.907112958506878 205.0400000000311
10253 1.896423869601734 205.0600000000311
10254 1.885335807364746 205.0800000000311
10255 1.873843911716797 205.1000000000311
10256 1.861886524091994 205.1200000000311
10257 1.849647749303842 205.1400000000311
10258 1.837203405332321 205.1600000000311
10259 1.824546986703807 205.1800000000312
10260 1.811588299019364 205.2000000000312
10261 1.798353669589213 205.2200000000312
10262 1.784984194163133 205.2400000000312
10263 1.771480523940365 205.2600000000312
10264 1.757713317832177 205.2800000000312
10265 1.743720651478796 205.3000000000312
10266 1.729636480751911 205.3200000000312
10267 1.715513746935344 205.3400000000312
10268 1.7014245493183 205.3600000000312
10269 1.687336965054879 205.3800000000313
10270 1.673113398762113 205.4000000000313
10271 1.658882923299647 205.4200000000313
10272 1.644734589089285 205.4400000000313
10273 1.630674782329387 205.4600000000313
10274 1.616649958556102 205.4800000000313
10275 1.602706087045144 205.5000000000313
10276 1.588877667662033 205.5200000000313
10277 1.575207769366018 205.5400000000313
10278 1.561747840664551 205.5600000000314
10279 1.54846509200672 205.5800000000314
10280 1.53544283683214 205.6000000000314
10281 1.522682250815451 205.6200000000314
10282 1.510326716632227 205.6400000000314
10283 1.498261627804998 205.6600000000314
10284 1.486468930215691 205.6800000000314
10285 1.475027421414946 205.7000000000314
10286 1.463908285249988 205.7200000000314
10287 1.453060804447089 205.7400000000314
10288 1.442553727922682 205.7600000000315
10289 1.432321510869948 205.7800000000315
10290 1.422540643771307 205.8000000000315
10291 1.413237716669609 205.8200000000315
10292 1.404380672361711 205.8400000000315
10293 1.395912562005466 205.8600000000315
10294 1.388030458049321 205.8800000000315
10295 1.38076569883128 205.9000000000315
10296 1.3739637343993 205.9200000000315
10297 1.367655356963418 205.9400000000315
10298 1.36185883079756 205.9600000000316
10299 1.356542928745843 205.9800000000316
10300 1.351687385098043 206.0000000000316
10301 1.347446748069195 206.0200000000316
10302 1.343816779616468 206.0400000000316
10303 1.340541558061036 206.0600000000316
10304 1.337890644995351 206.0800000000316
10305 1.33620417437092 206.1000000000316
10306 1.334943414311256 206.1200000000316
10307 1.334102447929744 206.1400000000316
10308 1.33403854808937 206.1600000000317
10309 1.334834054109943 206.1800000000317
10310 1.336117163475878 206.2000000000317
10311 1.337940641276039 206.2200000000317
10312 1.340233983752621 206.2400000000317
10313 1.343306707216539 206.2600000000317
10314 1.346790855389469 206.2800000000317
10315 1.350996783524633 206.3000000000317
10316 1.355681256518236 206.3200000000317
10317 1.361124126828139 206.3400000000318
10318 1.367481838664002 206.3600000000318
10319 1.374174385335455 206.3800000000318
10320 1.381468643882726 206.4000000000318
10321 1.389479655797638 206.4200000000318
10322 1.397954065292486 206.4400000000318
10323 1.40704736316916 206.4600000000318
10324 1.417344498436653 206.4800000000318
10325 1.427356119687795 206.5000000000318
10326 1.438054733842659 206.5200000000318
10327 1.448802298772843 206.5400000000319
10328 1.460040189552045 206.5600000000319
10329 1.471849653301631 206.5800000000319
10330 1.483988614479951 206.6000000000319
10331 1.496653776070484 206.6200000000319
10332 1.510107211880133 206.6400000000319
10333 1.523583451138142 206.6600000000319
10334 1.537520650031681 206.6800000000319
10335 1.55152206726261 206.7000000000319
10336 1.565745041274664 206.7200000000319
10337 1.580402140900621 206.740000000032
10338 1.595352650209704 206.760000000032
10339 1.610200886671183 206.780000000032
10340 1.625146286151602 206.800000000032
10341 1.640149626313081 206.820000000032
10342 1.655291445375098 206.840000000032
10343 1.67083465951005 206.860000000032
10344 1.68628968420028 206.880000000032
10345 1.701538093855306 206.900000000032
10346 1.716549344682462 206.920000000032
10347 1.731474276739535 206.9400000000321
10348 1.746464631615245 206.9600000000321
10349 1.761431058225066 206.9800000000321
10350 1.776115081005771 207.0000000000321
10351 1.790288807869556 207.0200000000321
10352 1.804183538048765 207.0400000000321
10353 1.81801742587345 207.0600000000321
10354 1.831518684092951 207.0800000000321
10355 1.84459195617522 207.1000000000321
10356 1.857461899388909 207.1200000000321
10357 1.869901006482269 207.1400000000322
10358 1.881942750421727 207.1600000000322
10359 1.893458367254839 207.1800000000322
10360 1.904620746786523 207.2000000000322
10361 1.915296088649584 207.2200000000322
10362 1.925621384567711 207.2400000000322
10363 1.935292947402668 207.2600000000322
10364 1.944463904659888 207.2800000000322
10365 1.952988286555429 207.3000000000322
10366 1.960851131052952 207.3200000000323
10367 1.968150280567324 207.3400000000323
10368 1.974893819547587 207.3600000000323
10369 1.980921520144399 207.3800000000323
10370 1.986474481312624 207.4000000000323
10371 1.991371429031251 207.4200000000323
10372 1.995525647014643 207.4400000000323
10373 1.999160140644228 207.4600000000323
10374 2.002005442171007 207.4800000000323
10375 2.00414863549701 207.5000000000323
10376 2.005630925354674 207.5200000000324
10377 2.006483203534033 207.5400000000324
10378 2.006694350190621 207.5600000000324
10379 2.006254455729838 207.5800000000324
10380 2.005109060496465 207.6000000000324
10381 2.003362592612277 207.6200000000324
10382 2.000894549719243 207.6400000000324
10383 1.997728551649564 207.6600000000324
10384 1.993979326824868 207.6800000000324
10385 1.989674605804274 207.7000000000324
10386 1.984744130913657 207.7200000000325
10387 1.979218598383428 207.7400000000325
10388 1.973093641442037 207.7600000000325
10389 1.966444589684925 207.7800000000325
10390 1.959331984351766 207.8000000000325
10391 1.951618377939085 207.8200000000325
10392 1.94333738804395 207.8400000000325
10393 1.934553169657094 207.8600000000325
10394 1.925336615923605 207.8800000000325
10395 1.915652970569621 207.9000000000325
10396 1.90552516129453 207.9200000000326
10397 1.89507679262446 207.9400000000326
10398 1.88417086372235 207.9600000000326
10399 1.872820893796928 207.9800000000326
10400 1.861083195761909 208.0000000000326
10401 1.849061895566668 208.0200000000326
10402 1.836819574520544 208.0400000000326
10403 1.824187759557617 208.0600000000326
10404 1.81130696663503 208.0800000000326
10405 1.798289019185239 208.1000000000327
10406 1.784961672521219 208.1200000000327
10407 1.771463595472881 208.1400000000327
10408 1.757858611906814 208.1600000000327
10409 1.743983809301986 208.1800000000327
10410 1.730085456505087 208.2000000000327
10411 1.716105762330853 208.2200000000327
10412 1.701979093496893 208.2400000000327
10413 1.68790006309364 208.2600000000327
10414 1.67382132577583 208.2800000000327
10415 1.659603966482869 208.3000000000328
10416 1.645449417293385 208.3200000000328
10417 1.63137354519232 208.3400000000328
10418 1.61730335799627 208.3600000000328
10419 1.603411904154061 208.3800000000328
10420 1.589578201928699 208.4000000000328
10421 1.575930921142521 208.4200000000328
10422 1.562501767577415 208.4400000000328
10423 1.549311102107519 208.4600000000328
10424 1.536344865876603 208.4800000000328
10425 1.523593421105369 208.5000000000329
10426 1.51105863738903 208.5200000000329
10427 1.498732934510011 208.5400000000329
10428 1.486571058603539 208.5600000000329
10429 1.474681347356646 208.5800000000329
10430 1.463030301968653 208.6000000000329
10431 1.451798290833506 208.6200000000329
10432 1.440916419999424 208.6400000000329
10433 1.430342228987289 208.6600000000329
10434 1.420326806008662 208.6800000000329
10435 1.410866919385104 208.700000000033
10436 1.401911077540779 208.720000000033
10437 1.393457418246712 208.740000000033
10438 1.385352156354189 208.760000000033
10439 1.377707739829614 208.780000000033
10440 1.370444509399874 208.800000000033
10441 1.363675929010713 208.820000000033
10442 1.357383344315349 208.840000000033
10443 1.351600320648136 208.860000000033
10444 1.346269927362201 208.880000000033
10445 1.341458636526556 208.9000000000331
10446 1.3374513936804 208.9200000000331
10447 1.334004569378601 208.9400000000331
10448 1.3310954036726 208.9600000000331
10449 1.32889570531825 208.9800000000331
10450 1.32737184827918 209.0000000000331
10451 1.326417725696881 209.0200000000331
10452 1.325993367552154 209.0400000000331
10453 1.326079948005377 209.0600000000331
10454 1.326753031214492 209.0800000000332
10455 1.327916823989427 209.1000000000332
10456 1.329732652162783 209.1200000000332
10457 1.332246591296397 209.1400000000332
10458 1.335450596645221 209.1600000000332
10459 1.339279709982842 209.1800000000332
10460 1.343412741208049 209.2000000000332
10461 1.348176364355717 209.2200000000332
10462 1.353870063974223 209.2400000000332
10463 1.360203482499711 209.2600000000332
10464 1.36685036258315 209.2800000000333
10465 1.374333664821742 209.3000000000333
10466 1.382283330144472 209.3200000000333
10467 1.390987225174362 209.3400000000333
10468 1.399390516283371 209.3600000000333
10469 1.408965637868826 209.3800000000333
10470 1.418705454861977 209.4000000000333
10471 1.429331832860071 209.4200000000333
10472 1.440390772046946 209.4400000000333
10473 1.452057892943041 209.4600000000333
10474 1.464417877907625 209.4800000000334
10475 1.47671165085222 209.5000000000334
10476 1.489171368223521 209.5200000000334
10477 1.501903955427154 209.5400000000334
10478 1.515238785496727 209.5600000000334
10479 1.529344501831977 209.5800000000334
10480 1.543323648382089 209.6000000000334
10481 1.557459518481916 209.6200000000334
10482 1.571853801158372 209.6400000000334
10483 1.58660252244453 209.6600000000334
10484 1.601472452983282 209.6800000000335
10485 1.616457658815993 209.7000000000335
10486 1.631792074506931 209.7200000000335
10487 1.646986994108959 209.7400000000335
10488 1.662174698819838 209.7600000000335
10489 1.677482600096422 209.7800000000335
10490 1.692928599057318 209.8000000000335
10491 1.708349230072838 209.8200000000335
10492 1.723655857554743 209.8400000000335
10493 1.738725795866485 209.8600000000336
10494 1.753782779402897 209.8800000000336
10495 1.768638923475684 209.9000000000336
10496 1.783160050138357 209.9200000000336
10497 1.797421767280668 209.9400000000336
10498 1.811539152406115 209.9600000000336
10499 1.825329685924272 209.9800000000336
10500 1.838782481239009 210.0000000000336
10501 1.851917339407801 210.0200000000336
10502 1.864740710125566 210.0400000000336
10503 1.877148933211286 210.0600000000337
10504 1.888965925637106 210.0800000000337
10505 1.900354093148286 210.1000000000337
10506 1.911410466166489 210.1200000000337
10507 1.921861217576994 210.1400000000337
10508 1.931833006636581 210.1600000000337
10509 1.941267443828983 210.1800000000337
10510 1.950125294563853 210.2000000000337
10511 1.958333691700566 210.2200000000337
10512 1.965818028149604 210.2400000000337
10513 1.972939303634854 210.2600000000338
10514 1.979532478389813 210.2800000000338
10515 1.985470150877344 210.3000000000338
10516 1.990862924323755 210.3200000000338
10517 1.995498187719571 210.3400000000338
10518 1.99930169521938 210.3600000000338
10519 2.002418991669715 210.3800000000338
10520 2.005076706632825 210.4000000000338
10521 2.007133574881896 210.4200000000338
10522 2.008223186251615 210.4400000000338
10523 2.008824607870218 210.4600000000339
10524 2.008762525680416 210.4800000000339
10525 2.008081114689596 210.5000000000339
10526 2.006778924138288 210.5200000000339
10527 2.004843460493217 210.5400000000339
10528 2.002238913596151 210.5600000000339
10529 1.998855393042818 210.5800000000339
10530 1.99490779461631 210.6000000000339
10531 1.990383154514512 210.6200000000339
10532 1.985250957913713 210.640000000034
10533 1.979464084025275 210.660000000034
10534 1.973204913429117 210.680000000034
10535 1.966489626933289 210.700000000034
10536 1.959071761657915 210.720000000034
10537 1.951155729317374 210.740000000034
10538 1.942694027783146 210.760000000034
10539 1.933809849138315 210.780000000034
10540 1.924393824124606 210.800000000034
10541 1.91451182604299 210.820000000034
10542 1.904180749069979 210.8400000000341
10543 1.893360018474326 210.8600000000341
10544 1.882176445877748 210.8800000000341
10545 1.870532023592824 210.9000000000341
10546 1.858477466928708 210.9200000000341
10547 1.846176348321224 210.9400000000341
10548 1.833679893808104 210.9600000000341
10549 1.820930770420758 210.9800000000341
10550 1.807900988537736 211.0000000000341
10551 1.794599409825051 211.0200000000341
10552 1.781194800622548 211.0400000000342
10553 1.767636450894353 211.0600000000342
10554 1.753799921305004 211.0800000000342
10555 1.739752338900653 211.1000000000342
10556 1.725665036073165 211.1200000000342
10557 1.711516383968047 211.1400000000342
10558 1.697518247498544 211.1600000000342
10559 1.683334725608772 211.1800000000342
10560 1.669119837822595 211.2000000000342
10561 1.654882081436727 211.2200000000342
10562 1.640763888363134 211.2400000000343
10563 1.626702844665458 211.2600000000343
10564 1.612703220419617 211.2800000000343
10565 1.598769855739234 211.3000000000343
10566 1.585005195094711 211.3200000000343
10567 1.571375526304866 211.3400000000343
10568 1.557987181515582 211.3600000000343
10569 1.54472893116045 211.3800000000343
10570 1.531822817707954 211.4000000000343
10571 1.519127519862218 211.4200000000343
10572 1.506886532288245 211.4400000000344
10573 1.494904694757427 211.4600000000344
10574 1.483159569589615 211.4800000000344
10575 1.471888166073946 211.5000000000344
10576 1.460787389258488 211.5200000000344
10577 1.450067115132877 211.5400000000344
10578 1.439621164604055 211.5600000000344
10579 1.429510654254614 211.5800000000344
10580 1.41983513453199 211.6000000000344
10581 1.410667359586159 211.6200000000345
10582 1.40193028644215 211.6400000000345
10583 1.39356917488765 211.6600000000345
10584 1.385911297994241 211.6800000000345
10585 1.378785387844885 211.7000000000345
10586 1.372121653490793 211.7200000000345
10587 1.365963863295009 211.7400000000345
10588 1.360308938292562 211.7600000000345
10589 1.355129820588014 211.7800000000345
10590 1.350413094380683 211.8000000000345
10591 1.346370452516347 211.8200000000346
10592 1.342881528441985 211.8400000000346
10593 1.339693067912332 211.8600000000346
10594 1.337322876437045 211.8800000000346
10595 1.335837460423568 211.9000000000346
10596 1.334615723372434 211.9200000000346
10597 1.334053456768198 211.9400000000346
10598 1.334194112493389 211.9600000000346
10599 1.335163352263264 211.9800000000346
10600 1.336584198275734 212.0000000000346
10601 1.3385599979281 212.0200000000347
10602 1.340989734077774 212.0400000000347
10603 1.344300714892132 212.0600000000347
10604 1.347929199875834 212.0800000000347
10605 1.35233723759159 212.1000000000347
10606 1.357113024436219 212.1200000000347
10607 1.362893387494884 212.1400000000347
10608 1.3694147010648 212.1600000000347
10609 1.376191629010989 212.1800000000347
10610 1.383670067710456 212.2000000000347
10611 1.391882060222318 212.2200000000348
10612 1.400467948042571 212.2400000000348
10613 1.409964081595138 212.2600000000348
10614 1.420135993907322 212.2800000000348
10615 1.430472433295857 212.3000000000348
10616 1.441070793119738 212.3200000000348
10617 1.451974612527672 212.3400000000348
10618 1.463359736043763 212.3600000000348
10619 1.475312757819802 212.3800000000348
10620 1.487502183031481 212.4000000000349
10621 1.500486808972088 212.4200000000349
10622 1.513989817369503 212.4400000000349
10623 1.527543862716372 212.4600000000349
10624 1.541516917561863 212.4800000000349
10625 1.55557123242716 212.5000000000349
10626 1.569920144957572 212.5200000000349
10627 1.584694229853503 212.5400000000349
10628 1.599611769451089 212.5600000000349
10629 1.614498399867355 212.5800000000349
10630 1.629457735421447 212.600000000035
10631 1.644493559850772 212.620000000035
10632 1.659726435227169 212.640000000035
10633 1.675304919403106 212.660000000035
10634 1.690698412626941 212.680000000035
10635 1.70586987240548 212.700000000035
10636 1.72086844064525 212.720000000035
10637 1.735791447459647 212.740000000035
10638 1.750800486734115 212.760000000035
10639 1.765690776589584 212.780000000035
10640 1.780242063056303 212.8000000000351
10641 1.79431779947879 212.8200000000351
10642 1.808192569485604 212.8400000000351
10643 1.821965499130125 212.8600000000351
10644 1.835350253238306 212.8800000000351
10645 1.848314880356119 212.9000000000351
10646 1.86109824046923 212.9200000000351
10647 1.873450218196249 212.9400000000351
10648 1.885330408074473 212.9600000000351
10649 1.896737504859586 212.9800000000351
10650 1.907775877260309 213.0000000000352
10651 1.918325560548336 213.0200000000352
10652 1.928482153378306 213.0400000000352
10653 1.938017803337809 213.0600000000352
10654 1.947026899763407 213.0800000000352
10655 1.955366891146562 213.1000000000352
10656 1.963026719630184 213.1200000000352
10657 1.970210179266976 213.1400000000352
10658 1.976724886266546 213.1600000000352
10659 1.982586641731329 213.1800000000352
10660 1.98800069546752 213.2000000000353
10661 1.992697180299741 213.2200000000353
10662 1.996649870278302 213.2400000000353
10663 2.000113804457572 213.2600000000353
10664 2.002732818783703 213.2800000000353
10665 2.004673846559429 213.3000000000353
10666 2.005986777250794 213.3200000000353
10667 2.006638944112697 213.3400000000353
10668 2.006696602662076 213.3600000000353
10669 2.006046046910018 213.3800000000354
10670 2.004731221859068 213.4000000000354
10671 2.002768115848504 213.4200000000354
10672 2.000108243705458 213.4400000000354
10673 1.996753984272869 213.4600000000354
10674 1.99283730969947 213.4800000000354
10675 1.988365581436609 213.5000000000354
10676 1.98325659597351 213.5200000000354
10677 1.977576175475667 213.5400000000354
10678 1.971278721229825 213.5600000000354
10679 1.964493916131284 213.5800000000355
10680 1.957225508438097 213.6000000000355
10681 1.949349407598645 213.6200000000355
10682 1.940906689508408 213.6400000000355
10683 1.931998338829342 213.6600000000355
10684 1.922656495142795 213.6800000000355
10685 1.912818029163712 213.7000000000355
10686 1.902618554919887 213.7200000000355
10687 1.892034442453051 213.7400000000355
10688 1.881004822538747 213.7600000000355
10689 1.869531398746289 213.7800000000356
10690 1.857707775716142 213.8000000000356
10691 1.845612754587352 213.8200000000356
10692 1.833273988528147 213.8400000000356
10693 1.820555906740284 213.8600000000356
10694 1.807619644580831 213.8800000000356
10695 1.794541203766249 213.9000000000356
10696 1.781135869479155 213.9200000000356
10697 1.767610667528089 213.9400000000356
10698 1.753941268396746 213.9600000000356
10699 1.740027377433735 213.9800000000357
10700 1.72610112718623 214.0000000000357
10701 1.712105527808405 214.0200000000357
10702 1.697977718538521 214.0400000000357
10703 1.68393211642871 214.0600000000357
10704 1.669789018518107 214.0800000000357
10705 1.655571030384191 214.1000000000357
10706 1.641404284156198 214.1200000000357
10707 1.627361714638745 214.1400000000357
10708 1.613314333497589 214.1600000000358
10709 1.599469329525851 214.1800000000358
10710 1.585659842787325 214.2000000000358
10711 1.572073762064671 214.2200000000358
10712 1.558714612510363 214.2400000000358
10713 1.54559192230408 214.2600000000358
10714 1.53268302725625 214.2800000000358
10715 1.519995353019777 214.3000000000358
10716 1.507527221053064 214.3200000000358
10717 1.495240527879971 214.3400000000358
10718 1.483140764431724 214.3600000000359
10719 1.471327188158947 214.3800000000359
10720 1.459768705383253 214.4000000000359
10721 1.448664467917669 214.4200000000359
10722 1.437866663715468 214.4400000000359
10723 1.427414564047523 214.4600000000359
10724 1.41756672487184 214.4800000000359
10725 1.408260430241208 214.5000000000359
10726 1.39945778604574 214.5200000000359
10727 1.391104843683024 214.5400000000359
10728 1.383129377027826 214.560000000036
10729 1.375572548047033 214.580000000036
10730 1.368487523177765 214.600000000036
10731 1.361812798296764 214.620000000036
10732 1.355652558248532 214.640000000036
10733 1.350054707239651 214.660000000036
10734 1.344817762711983 214.680000000036
10735 1.340238962521204 214.700000000036
10736 1.33642093673479 214.720000000036
10737 1.333115102514973 214.740000000036
10738 1.330409648229716 214.7600000000361
10739 1.328410950879649 214.7800000000361
10740 1.327064122366572 214.8000000000361
10741 1.326253966839744 214.8200000000361
10742 1.325929210430164 214.8400000000361
10743 1.326256644510238 214.8600000000361
10744 1.32700799085845 214.8800000000361
10745 1.328377603745168 214.9000000000361
10746 1.330393859816886 214.9200000000361
10747 1.333090571512827 214.9400000000362
10748 1.336548137875023 214.9600000000362
10749 1.340417709201995 214.9800000000362
10750 1.344732593655089 215.0000000000362
10751 1.349740823690099 215.0200000000362
10752 1.355698713692962 215.0400000000362
10753 1.36201386850178 215.0600000000362
10754 1.368963543713108 215.0800000000362
10755 1.37654373471782 215.1000000000362
10756 1.384781367644222 215.1200000000362
10757 1.393292253560977 215.1400000000363
10758 1.402106794368556 215.1600000000363
10759 1.411708722626015 215.1800000000363
10760 1.421718012391606 215.2000000000363
10761 1.432438661652141 215.2200000000363
10762 1.443674962321419 215.2400000000363
10763 1.455580601632811 215.2600000000363
10764 1.467964566110917 215.2800000000363
10765 1.480298397024862 215.3000000000363
10766 1.492786474096087 215.3200000000363
10767 1.505660369315773 215.3400000000364
10768 1.519303896100087 215.3600000000364
10769 1.533385530948175 215.3800000000364
10770 1.547366483546852 215.4000000000364
10771 1.561588338149541 215.4200000000364
10772 1.576071110767109 215.4400000000364
10773 1.590912517685807 215.4600000000364
10774 1.60574994815045 215.4800000000364
10775 1.620903996213196 215.5000000000364
10776 1.636176342581601 215.5200000000364
10777 1.651354645597413 215.5400000000365
10778 1.666536059026765 215.5600000000365
10779 1.681961843593337 215.5800000000365
10780 1.697388872610925 215.6000000000365
10781 1.712790189749469 215.6200000000365
10782 1.72801387049026 215.6400000000365
10783 1.743063486812234 215.6600000000365
10784 1.758130479368379 215.6800000000365
10785 1.772844993347453 215.7000000000365
10786 1.787298933816867 215.7200000000365
10787 1.80151390323406 215.7400000000366
10788 1.81554941329912 215.7600000000366
10789 1.829284745998027 215.7800000000366
10790 1.842591432916857 215.8000000000366
10791 1.85569614972595 215.8200000000366
10792 1.868371358440394 215.8400000000366
10793 1.880652631784221 215.8600000000366
10794 1.892310197102103 215.8800000000366
10795 1.90359413507919 215.9000000000366
10796 1.914497279806643 215.9200000000367
10797 1.92482084755855 215.9400000000367
10798 1.934633023671732 215.9600000000367
10799 1.943909103975499 215.9800000000367
10800 1.952587355171586 216.0000000000367
10801 1.960569900951257 216.0200000000367
10802 1.967930691921974 216.0400000000367
10803 1.974930964467263 216.0600000000367
10804 1.981325663414826 216.0800000000367
10805 1.987135193690091 216.1000000000367
10806 1.992319653502122 216.1200000000368
10807 1.996688616021469 216.1400000000368
10808 2.000300281427879 216.1600000000368
10809 2.003287582595072 216.1800000000368
10810 2.005775135706544 216.2000000000368
10811 2.007578070170289 216.2200000000368
10812 2.008484323918585 216.2400000000368
10813 2.008915595989105 216.2600000000368
10814 2.00867595891226 216.2800000000368
10815 2.007789234519638 216.3000000000368
10816 2.006324418780634 216.3200000000369
10817 2.004194488331799 216.3400000000369
10818 2.00138148873912 216.3600000000369
10819 1.997806289704198 216.3800000000369
10820 1.993715424347494 216.4000000000369
10821 1.989011882494646 216.4200000000369
10822 1.983679220405771 216.4400000000369
10823 1.977744531166458 216.4600000000369
10824 1.971373858649617 216.4800000000369
10825 1.964450439407043 216.5000000000369
10826 1.956881804250935 216.520000000037
10827 1.948807965018988 216.540000000037
10828 1.940220944171381 216.560000000037
10829 1.931196367500249 216.580000000037
10830 1.921630819588847 216.600000000037
10831 1.911624935451099 216.620000000037
10832 1.901143579049396 216.640000000037
10833 1.890208059926725 216.660000000037
10834 1.878912379062923 216.680000000037
10835 1.867134085853276 216.7000000000371
10836 1.854992028362473 216.7200000000371
10837 1.842641423407867 216.7400000000371
10838 1.830075702043827 216.7600000000371
10839 1.817243509589705 216.7800000000371
10840 1.804132404012076 216.8000000000371
10841 1.790788214156261 216.8200000000371
10842 1.777346880188769 216.8400000000371
10843 1.763708972825054 216.8600000000371
10844 1.749809191963106 216.8800000000371
10845 1.735734394842691 216.9000000000372
10846 1.721635028969744 216.9200000000372
10847 1.707489186537788 216.9400000000372
10848 1.693494184916132 216.9600000000372
10849 1.679277499318383 216.9800000000372
10850 1.6650478514287 217.0000000000372
10851 1.650825692901657 217.0200000000372
10852 1.63674992826209 217.0400000000372
10853 1.622690442952186 217.0600000000372
10854 1.608712769822374 217.0800000000372
10855 1.594807319865367 217.1000000000373
10856 1.581097308038535 217.1200000000373
10857 1.567517528378803 217.1400000000373
10858 1.554163875803953 217.1600000000373
10859 1.541006086949261 217.1800000000373
10860 1.528165141012596 217.2000000000373
10861 1.515597951002296 217.2200000000373
10862 1.503408040438193 217.2400000000373
10863 1.491530732792954 217.2600000000373
10864 1.479877310625672 217.2800000000373
10865 1.468699988547608 217.3000000000374
10866 1.457675157857577 217.3200000000374
10867 1.447064285511127 217.3400000000374
10868 1.436671795253165 217.3600000000374
10869 1.426713589590939 217.3800000000374
10870 1.417168068838555 217.4000000000374
10871 1.408163287842201 217.4200000000374
10872 1.399486519122009 217.4400000000374
10873 1.391316458979699 217.4600000000374
10874 1.383863671735854 217.4800000000374
10875 1.376822658613771 217.5000000000375
10876 1.370293656408401 217.5200000000375
10877 1.364305624244632 217.5400000000375
10878 1.358793273689023 217.5600000000375
10879 1.353717617488772 217.5800000000375
10880 1.349184991677268 217.6000000000375
10881 1.345326121922999 217.6200000000375
10882 1.341934290346001 217.6400000000375
10883 1.338911706639577 217.6600000000375
10884 1.336858443896638 217.6800000000376
10885 1.335489993432712 217.7000000000376
10886 1.334347956189812 217.7200000000376
10887 1.334036454202401 217.7400000000376
10888 1.334413488790289 217.7600000000376
10889 1.335535564020796 217.7800000000376
10890 1.33709730485432 217.8000000000376
10891 1.339227732747708 217.8200000000376
10892 1.341851681819704 217.8400000000376
10893 1.345278779110885 217.8600000000376
10894 1.3491312888164 217.8800000000377
10895 1.353689387802163 217.9000000000377
10896 1.358646344832946 217.9200000000377
10897 1.364708639785722 217.9400000000377
10898 1.371361907091099 217.9600000000377
10899 1.378281170067775 217.9800000000377
10900 1.385975470754536 218.0000000000377
10901 1.394335525328368 218.0200000000377
10902 1.403053618988716 218.0400000000377
10903 1.412912550770439 218.0600000000377
10904 1.422980699651839 218.0800000000378
10905 1.433584340003399 218.1000000000378
10906 1.444162320817925 218.1200000000378
10907 1.455227588903276 218.1400000000378
10908 1.466772237171704 218.1600000000378
10909 1.478810446825821 218.1800000000378
10910 1.491148263384051 218.2000000000378
10911 1.504371170637881 218.2200000000378
10912 1.517849371000694 218.2400000000378
10913 1.531595144036642 218.2600000000378
10914 1.545552658646938 218.2800000000379
10915 1.559685261936714 218.3000000000379
10916 1.574127535865875 218.3200000000379
10917 1.58905437494819 218.3400000000379
10918 1.603874451397321 218.3600000000379
10919 1.618800731834275 218.3800000000379
10920 1.633790048409111 218.4000000000379
10921 1.648860970250098 218.4200000000379
10922 1.664234304271026 218.4400000000379
10923 1.679793773099295 218.460000000038
10924 1.695127764054704 218.480000000038
10925 1.710219556510882 218.500000000038
10926 1.725204910258845 218.520000000038
10927 1.740145975806736 218.540000000038
10928 1.755120250302808 218.560000000038
10929 1.769968070742372 218.580000000038
10930 1.784352293949937 218.600000000038
10931 1.798343293203109 218.620000000038
10932 1.81221221552281 218.640000000038
10933 1.825888211702286 218.6600000000381
10934 1.839157949758936 218.6800000000381
10935 1.852082465338656 218.7000000000381
10936 1.864709978116409 218.7200000000381
10937 1.876961124939484 218.7400000000381
10938 1.888675499464357 218.7600000000381
10939 1.899980281874739 218.7800000000381
10940 1.910886050423956 218.8000000000381
10941 1.921336543435699 218.8200000000381
10942 1.9313218463809 218.8400000000381
10943 1.940699312709474 218.8600000000382
10944 1.949524132673548 218.8800000000382
10945 1.957681808555737 218.9000000000382
10946 1.965157477058089 218.9200000000382
10947 1.972188994947478 218.9400000000382
10948 1.978496999044269 218.9600000000382
10949 1.98422304594889 218.9800000000382
10950 1.989427349415126 219.0000000000382
10951 1.993930019994817 219.0200000000382
10952 1.997756339163337 219.0400000000382
10953 2.000968633544274 219.0600000000383
10954 2.003404770349306 219.0800000000383
10955 2.005145173428077 219.1000000000383
10956 2.006274461671873 219.1200000000383
10957 2.006749330582675 219.1400000000383
10958 2.006614640046565 219.1600000000383
10959 2.005752672704362 219.1800000000383
10960 2.004275147466346 219.2000000000383
10961 2.002103367463283 219.2200000000383
10962 1.99924342025481 219.2400000000383
10963 1.995717378883143 219.2600000000384
10964 1.991648303682282 219.2800000000384
10965 1.986989825285003 219.3000000000384
10966 1.98169612045791 219.3200000000384
10967 1.975855293947354 219.3400000000384
10968 1.969405996393851 219.3600000000384
10969 1.962476315594925 219.3800000000384
10970 1.955037525734814 219.4000000000384
10971 1.94699447345005 219.4200000000384
10972 1.93840412210794 219.4400000000385
10973 1.929374951951071 219.4600000000385
10974 1.91988897448514 219.4800000000385
10975 1.909919279601807 219.5000000000385
10976 1.899642544830495 219.5200000000385
10977 1.888922409860149 219.5400000000385
10978 1.87776771289261 219.5600000000385
10979 1.866177499413294 219.5800000000385
10980 1.854268241533418 219.6000000000385
10981 1.842114611369419 219.6200000000385
10982 1.829660936246234 219.6400000000386
10983 1.816871993726786 219.6600000000386
10984 1.803902040307756 219.6800000000386
10985 1.790720869099285 219.7000000000386
10986 1.777265272469205 219.7200000000386
10987 1.763714448968376 219.7400000000386
10988 1.749956594065553 219.7600000000386
10989 1.736051521405371 219.7800000000386
10990 1.722117568937205 219.8000000000386
10991 1.708052790147492 219.8200000000386
10992 1.693939737841046 219.8400000000387
10993 1.679872860536004 219.8600000000387
10994 1.665729929258061 219.8800000000387
10995 1.651501122299811 219.9000000000387
10996 1.637418151708037 219.9200000000387
10997 1.623307720497449 219.9400000000387
10998 1.609316147195056 219.9600000000387
10999 1.59548943106287 219.9800000000387
11000 1.581731566461204 220.0000000000387
11001 1.568205996276444 220.0200000000387
11002 1.55493024093402 220.0400000000388
11003 1.541855330872203 220.0600000000388
11004 1.529012867935334 220.0800000000388
11005 1.516386088072313 220.1000000000388
11006 1.503976409197237 220.1200000000388
11007 1.491734284283482 220.1400000000388
11008 1.479713599978048 220.1600000000388
11009 1.467958058364756 220.1800000000388
11010 1.456522973331658 220.2000000000388
11011 1.445516604108846 220.2200000000389
11012 1.434812307978173 220.2400000000389
11013 1.42452034153428 220.2600000000389
11014 1.414823668992311 220.2800000000389
11015 1.405678334559751 220.3000000000389
11016 1.397011922526038 220.3200000000389
11017 1.388763642003482 220.3400000000389
11018 1.380936520667384 220.3600000000389
11019 1.373529214244439 220.3800000000389
11020 1.366534877185286 220.4000000000389
11021 1.360044008086626 220.420000000039
11022 1.353968701184411 220.440000000039
11023 1.348518868691227 220.460000000039
11024 1.343402869052544 220.480000000039
11025 1.339083039125936 220.500000000039
11026 1.335427540667337 220.520000000039
11027 1.332249137552316 220.540000000039
11028 1.329782424568317 220.560000000039
11029 1.327961658373879 220.580000000039
11030 1.326802474457 220.600000000039
11031 1.326138218903687 220.6200000000391
11032 1.325940368301393 220.6400000000391
11033 1.326453828453869 220.6600000000391
11034 1.327338742256451 220.6800000000391
11035 1.328876839825718 220.7000000000391
11036 1.331132693254854 220.7200000000391
11037 1.333997682588625 220.7400000000391
11038 1.337652295193054 220.7600000000391
11039 1.341608283344543 220.7800000000391
11040 1.346083143935932 220.8000000000391
11041 1.351367733373378 220.8200000000392
11042 1.357581222103331 220.8400000000392
11043 1.363914424314991 220.8600000000392
11044 1.371132546074459 220.8800000000392
11045 1.378831418228529 220.9000000000392
11046 1.387315850393485 220.9200000000392
11047 1.39569570428675 220.9400000000392
11048 1.404908268221381 220.9600000000392
11049 1.4144634230686 220.9800000000392
11050 1.424828613559758 221.0000000000393
11051 1.435663907174015 221.0200000000393
11052 1.447014111347092 221.0400000000393
11053 1.459185730937303 221.0600000000393
11054 1.471539469106583 221.0800000000393
11055 1.483928775910222 221.1000000000393
11056 1.496445532436418 221.1200000000393
11057 1.509516246656597 221.1400000000393
11058 1.523422585189028 221.1600000000393
11059 1.537451060842653 221.1800000000393
11060 1.551469319453906 221.2000000000394
11061 1.565739096979613 221.2200000000394
11062 1.580357622654204 221.2400000000394
11063 1.595236245753544 221.2600000000394
11064 1.61008681170186 221.2800000000394
11065 1.625360187174496 221.3000000000394
11066 1.640604418793648 221.3200000000394
11067 1.655784953507188 221.3400000000394
11068 1.670969722705573 221.3600000000394
11069 1.686462271583862 221.3800000000394
11070 1.701877299685671 221.4000000000395
11071 1.717263725231535 221.4200000000395
11072 1.732403985144506 221.4400000000395
11073 1.74744460552784 221.4600000000395
11074 1.762492221831554 221.4800000000395
11075 1.777069613335182 221.5000000000395
11076 1.791449594071039 221.5200000000395
11077 1.805642845693012 221.5400000000395
11078 1.819567210872234 221.5600000000395
11079 1.833216927053687 221.5800000000395
11080 1.846418877474338 221.6000000000396
11081 1.859426266642636 221.6200000000396
11082 1.872013299350522 221.6400000000396
11083 1.884093884312331 221.6600000000396
11084 1.895628509215103 221.6800000000396
11085 1.906839044582789 221.7000000000396
11086 1.917564896974703 221.7200000000396
11087 1.927748405490687 221.7400000000396
11088 1.937392652141755 221.7600000000396
11089 1.946524869073075 221.7800000000396
11090 1.955004641454379 221.8000000000397
11091 1.962775867526231 221.8200000000397
11092 1.970020156532367 221.8400000000397
11093 1.976872843699701 221.8600000000397
11094 1.98307931502537 221.8800000000397
11095 1.988712773330373 221.9000000000397
11096 1.993759749857068 221.9200000000397
11097 1.997795809823585 221.9400000000397
11098 2.001252322743352 221.9600000000397
11099 2.004095599427131 221.9800000000398
11100 2.006426032076685 222.0000000000398
11101 2.007928726020722 222.0200000000398
11102 2.008711360031294 222.0400000000398
11103 2.008930947334015 222.0600000000398
11104 2.008538435517576 222.0800000000398
11105 2.007456585055492 222.1000000000398
11106 2.005800908324015 222.1200000000398
11107 2.003496530859341 222.1400000000398
11108 2.000436345345277 222.1600000000398
11109 1.996707670468052 222.1800000000399
11110 1.992448862837271 222.2000000000399
11111 1.987576822037121 222.2200000000399
11112 1.982052123651412 222.2400000000399
11113 1.975967005772229 222.2600000000399
11114 1.969481008045307 222.2800000000399
11115 1.962342721825098 222.3000000000399
11116 1.954639543345961 222.3200000000399
11117 1.946401048143628 222.3400000000399
11118 1.937688826432699 222.3600000000399
11119 1.928515239255201 222.38000000004
11120 1.918813636426163 222.40000000004
11121 1.908676340246001 222.42000000004
11122 1.898046476078344 222.44000000004
11123 1.887008077640434 222.46000000004
11124 1.875586565975643 222.48000000004
11125 1.863679234150513 222.50000000004
11126 1.851473336024535 222.52000000004
11127 1.839051417447025 222.54000000004
11128 1.82642842884407 222.56000000004
11129 1.813501978904509 222.5800000000401
11130 1.80031576747255 222.6000000000401
11131 1.786935266926453 222.6200000000401
11132 1.773459970602866 222.6400000000401
11133 1.759731996351646 222.6600000000401
11134 1.745763120286548 222.6800000000401
11135 1.731684372884458 222.7000000000401
11136 1.71755891662352 222.7200000000401
11137 1.703459230165492 222.7400000000401
11138 1.689375851256615 222.7600000000402
11139 1.675176743622607 222.7800000000402
11140 1.660946280939377 222.8000000000402
11141 1.6467636327776 222.8200000000402
11142 1.632698563715934 222.8400000000402
11143 1.618652007007207 222.8600000000402
11144 1.604707300982569 222.8800000000402
11145 1.590845512299334 222.9000000000402
11146 1.577161373832208 222.9200000000402
11147 1.563660029776473 222.9400000000402
11148 1.550348478024143 222.9600000000403
11149 1.53728627997282 222.9800000000403
11150 1.524499303767139 223.0000000000403
11151 1.512063877719429 223.0200000000403
11152 1.499968473644288 223.0400000000403
11153 1.488139810917336 223.0600000000403
11154 1.476623367772299 223.0800000000403
11155 1.465484074462001 223.1000000000403
11156 1.454584126799238 223.1200000000403
11157 1.444055111562497 223.1400000000403
11158 1.433745602054075 223.1600000000404
11159 1.423916761196756 223.1800000000404
11160 1.414504428403967 223.2000000000404
11161 1.405621001420586 223.2200000000404
11162 1.397068031315358 223.2400000000404
11163 1.389107239553023 223.2600000000404
11164 1.381771564715328 223.2800000000404
11165 1.37489405992503 223.3000000000404
11166 1.368509703432028 223.3200000000404
11167 1.362655391888621 223.3400000000404
11168 1.357283125591311 223.3600000000405
11169 1.352348526902257 223.3800000000405
11170 1.348012516040866 223.4000000000405
11171 1.344313298979674 223.4200000000405
11172 1.340988942920669 223.4400000000405
11173 1.338218798430467 223.4600000000405
11174 1.336418054220413 223.4800000000405
11175 1.335133706892876 223.5000000000405
11176 1.33417789994088 223.5200000000405
11177 1.334035038865168 223.5400000000405
11178 1.334716092407644 223.5600000000406
11179 1.335937731309571 223.5800000000406
11180 1.337675782779209 223.6000000000406
11181 1.339909715587614 223.6200000000406
11182 1.34282545981959 223.6400000000406
11183 1.346306758757046 223.6600000000406
11184 1.350395644710593 223.6800000000406
11185 1.355063122061396 223.7000000000406
11186 1.360324549663736 223.7200000000406
11187 1.366609636401948 223.7400000000407
11188 1.373260162076908 223.7600000000407
11189 1.380451687522593 223.7800000000407
11190 1.388363704503571 223.8000000000407
11191 1.396793550293105 223.8200000000407
11192 1.40576969969537 223.8400000000407
11193 1.415936787699579 223.8600000000407
11194 1.425960281681261 223.8800000000407
11195 1.436663911622231 223.9000000000407
11196 1.447331635529353 223.9200000000407
11197 1.458511957133569 223.9400000000408
11198 1.470241534241926 223.9600000000408
11199 1.4823606733333 223.9800000000408
11200 1.494903745719157 224.0000000000408
11201 1.508299224093685 224.0200000000408
11202 1.521764091074295 224.0400000000408
11203 1.53567381108514 224.0600000000408
11204 1.54965408540188 224.0800000000408
11205 1.563827085452372 224.1000000000408
11206 1.57842443497354 224.1200000000408
11207 1.593383415384038 224.1400000000409
11208 1.608219042078428 224.1600000000409
11209 1.623169216881813 224.1800000000409
11210 1.638156508381089 224.2000000000409
11211 1.653269751868956 224.2200000000409
11212 1.668784800466841 224.2400000000409
11213 1.684282214710415 224.2600000000409
11214 1.699573364378852 224.2800000000409
11215 1.714586434318898 224.3000000000409
11216 1.729539462664444 224.3200000000409
11217 1.744514661601649 224.340000000041
11218 1.759489516057116 224.360000000041
11219 1.774233510856875 224.380000000041
11220 1.788472075736204 224.400000000041
11221 1.802397562499488 224.420000000041
11222 1.816239584638134 224.440000000041
11223 1.829804838455052 224.460000000041
11224 1.842945206561044 224.480000000041
11225 1.855842548605086 224.500000000041
11226 1.868335334150188 224.5200000000411
11227 1.880441910280684 224.5400000000411
11228 1.892024115595735 224.5600000000411
11229 1.903229482377159 224.5800000000411
11230 1.9139886498959 224.6000000000411
11231 1.924352037636031 224.6200000000411
11232 1.934128516060362 224.6400000000411
11233 1.943366117515779 224.6600000000411
11234 1.951986101371973 224.6800000000411
11235 1.9599483103551 224.7000000000411
11236 1.967295550689541 224.7200000000412
11237 1.974139742211663 224.7400000000412
11238 1.980253170003152 224.7600000000412
11239 1.985879905865402 224.7800000000412
11240 1.990833949870301 224.8000000000412
11241 1.99513912359655 224.8200000000412
11242 1.998823845993073 224.8400000000412
11243 2.001785563605693 224.8600000000412
11244 2.004025428026786 224.8800000000412
11245 2.005590489699166 224.9000000000412
11246 2.006531137340504 224.9200000000413
11247 2.006817762101332 224.9400000000413
11248 2.006488449110969 224.9600000000413
11249 2.005423751760154 224.9800000000413
11250 2.003765306882549 225.0000000000413
11251 2.001395350486552 225.0200000000413
11252 1.998322870456145 225.0400000000413
11253 1.994645235474931 225.0600000000413
11254 1.990412090500585 225.0800000000413
11255 1.985574098511704 225.1000000000413
11256 1.980116867961077 225.1200000000414
11257 1.974086764784883 225.1400000000414
11258 1.9674985188586 225.1600000000414
11259 1.960431748309972 225.1800000000414
11260 1.95280587544767 225.2000000000414
11261 1.944597924980286 225.2200000000414
11262 1.935877980036963 225.2400000000414
11263 1.926719391046882 225.2600000000414
11264 1.917102134402182 225.2800000000414
11265 1.90700902813364 225.3000000000415
11266 1.896625530329178 225.3200000000415
11267 1.885775533530431 225.3400000000415
11268 1.874489600972443 225.3600000000415
11269 1.862787005812852 225.3800000000415
11270 1.850803885080017 225.4000000000415
11271 1.83858969938931 225.4200000000415
11272 1.826010949933579 225.4400000000415
11273 1.813156604736765 225.4600000000415
11274 1.800157916639226 225.4800000000415
11275 1.786863118915374 225.5000000000416
11276 1.773385438363725 225.5200000000416
11277 1.759793167373463 225.5400000000416
11278 1.745947543874359 225.5600000000416
11279 1.732050353992264 225.5800000000416
11280 1.718075665508801 225.6000000000416
11281 1.703951002055426 225.6200000000416
11282 1.689882579961388 225.6400000000416
11283 1.675805318122575 225.6600000000416
11284 1.661589478941309 225.6800000000416
11285 1.647430299077106 225.7000000000417
11286 1.633348938110334 225.7200000000417
11287 1.619255714245245 225.7400000000417
11288 1.605338125811651 225.7600000000417
11289 1.591502910601835 225.7800000000417
11290 1.577817338561594 225.8000000000417
11291 1.564352578941282 225.8200000000417
11292 1.551133786078347 225.8400000000417
11293 1.538130437961474 225.8600000000417
11294 1.525345500325013 225.8800000000417
11295 1.512785017267437 225.9000000000418
11296 1.500419033694923 225.9200000000418
11297 1.488235190041455 225.9400000000418
11298 1.476301166999676 225.9600000000418
11299 1.464609760743041 225.9800000000418
11300 1.453316236912912 226.0000000000418
11301 1.442392827322647 226.0200000000418
11302 1.431781073574541 226.0400000000418
11303 1.421674058801911 226.0600000000418
11304 1.412133443711875 226.0800000000418
11305 1.403117716619974 226.1000000000419
11306 1.394610451576744 226.1200000000419
11307 1.386453515555214 226.1400000000419
11308 1.378754407484643 226.1600000000419
11309 1.37146086781015 226.1800000000419
11310 1.364585600578744 226.2000000000419
11311 1.358223267420739 226.2200000000419
11312 1.352350091949887 226.2400000000419
11313 1.346990097931028 226.2600000000419
11314 1.342060865169685 226.280000000042
11315 1.337973048141399 226.300000000042
11316 1.334461340171377 226.320000000042
11317 1.331469372379873 226.340000000042
11318 1.329181743706185 226.360000000042
11319 1.32756970656866 226.380000000042
11320 1.326545319395545 226.400000000042
11321 1.32605735497442 226.420000000042
11322 1.326027371397164 226.440000000042
11323 1.326664578671686 226.460000000042
11324 1.327744776379755 226.4800000000421
11325 1.329471561894293 226.5000000000421
11326 1.331898370551527 226.5200000000421
11327 1.33500416507738 226.5400000000421
11328 1.338798877605591 226.5600000000421
11329 1.342848212162074 226.5800000000421
11330 1.347518004794925 226.6000000000421
11331 1.353089888144331 226.6200000000421
11332 1.359417820097409 226.6400000000421
11333 1.365929240802327 226.6600000000421
11334 1.373350629896076 226.6800000000422
11335 1.381206944650477 226.7000000000422
11336 1.389893444382999 226.7200000000422
11337 1.39822837235347 226.7400000000422
11338 1.407737150821977 226.7600000000422
11339 1.41738353174283 226.7800000000422
11340 1.427948853131914 226.8000000000422
11341 1.438918138890033 226.8200000000422
11342 1.450510826818126 226.8400000000422
11343 1.462815580099396 226.8600000000422
11344 1.475118230719919 226.8800000000423
11345 1.487572061894532 226.9000000000423
11346 1.500221609589242 226.9200000000423
11347 1.513478657608627 226.9400000000423
11348 1.527525329036755 226.9600000000423
11349 1.541539543112477 226.9800000000423
11350 1.555616765660141 227.0000000000423
11351 1.569978965783277 227.0200000000423
11352 1.584688791553961 227.0400000000423
11353 1.599568110417648 227.0600000000424
11354 1.614492031264033 227.0800000000424
11355 1.629852154554232 227.1000000000424
11356 1.645048280769846 227.1200000000424
11357 1.660237694017987 227.1400000000424
11358 1.675488958012342 227.1600000000424
11359 1.690971221567548 227.1800000000424
11360 1.706389358518944 227.2000000000424
11361 1.721738910815026 227.2200000000424
11362 1.73683123110371 227.2400000000424
11363 1.751868074517274 227.2600000000425
11364 1.766809019897935 227.2800000000425
11365 1.7813393372455 227.3000000000425
11366 1.795636487483624 227.3200000000425
11367 1.809782919186067 227.3400000000425
11368 1.823615284090894 227.3600000000425
11369 1.837138094943187 227.3800000000425
11370 1.850289191323864 227.4000000000425
11371 1.863183222591524 227.4200000000425
11372 1.875646566027845 227.4400000000425
11373 1.887547345064485 227.4600000000426
11374 1.898983068093695 227.4800000000426
11375 1.910077284627752 227.5000000000426
11376 1.920629204558482 227.5200000000426
11377 1.930657198611796 227.5400000000426
11378 1.94017031297191 227.5600000000426
11379 1.949114100598508 227.5800000000426
11380 1.957426015179744 227.6000000000426
11381 1.964968788951861 227.6200000000426
11382 1.97213214656858 227.6400000000426
11383 1.97879005953491 227.6600000000427
11384 1.984835214805402 227.6800000000427
11385 1.990329087653385 227.7000000000427
11386 1.995084262456929 227.7200000000427
11387 1.998947169560546 227.7400000000427
11388 2.002174123191967 227.7600000000427
11389 2.004890522061853 227.7800000000427
11390 2.007037698493908 227.8000000000427
11391 2.008254341996378 227.8200000000427
11392 2.008906107391788 227.8400000000427
11393 2.008930943149561 227.8600000000428
11394 2.008346210373787 227.8800000000428
11395 2.007105642621124 227.9000000000428
11396 2.005266764703234 227.9200000000428
11397 2.002753365384204 227.9400000000428
11398 1.999470173379024 227.9600000000428
11399 1.995591005020695 227.9800000000428
11400 1.991147295118572 228.0000000000428
11401 1.986104437678086 228.0200000000428
11402 1.980387938208797 228.0400000000429
11403 1.974182302758253 228.0600000000429
11404 1.967547472112798 228.0800000000429
11405 1.960206767213158 228.1000000000429
11406 1.952359104493479 228.1200000000429
11407 1.94396111983666 228.1400000000429
11408 1.935131766468769 228.1600000000429
11409 1.925793279310274 228.1800000000429
11410 1.915963600419054 228.2000000000429
11411 1.905691911455706 228.2200000000429
11412 1.894933853204898 228.240000000043
11413 1.883786482303022 228.260000000043
11414 1.872220060635359 228.280000000043
11415 1.860199955409153 228.300000000043
11416 1.847928647392411 228.320000000043
11417 1.835451608405077 228.340000000043
11418 1.822745246968889 228.360000000043
11419 1.809746204364613 228.380000000043
11420 1.796466077024691 228.400000000043
11421 1.783072129250185 228.420000000043
11422 1.769544425066996 228.4400000000431
11423 1.755731889369331 228.4600000000431
11424 1.741712702736761 228.4800000000431
11425 1.727624359912147 228.5000000000431
11426 1.71347561696796 228.5200000000431
11427 1.699460816279924 228.5400000000431
11428 1.685295332488218 228.5600000000431
11429 1.671105550426501 228.5800000000431
11430 1.656829451634407 228.6000000000431
11431 1.642694171651505 228.6200000000431
11432 1.628634766774214 228.6400000000432
11433 1.614619229900407 228.6600000000432
11434 1.60067722301439 228.6800000000432
11435 1.586880521711094 228.7000000000432
11436 1.573228390516087 228.7200000000432
11437 1.559809059301841 228.7400000000432
11438 1.546527915186475 228.7600000000432
11439 1.533565627827235 228.7800000000432
11440 1.520834784097099 228.8000000000432
11441 1.508543937165394 228.8200000000433
11442 1.49652234918312 228.8400000000433
11443 1.484749430663744 228.8600000000433
11444 1.473388615733796 228.8800000000433
11445 1.462287428507198 228.9000000000433
11446 1.451507554582876 228.9200000000433
11447 1.441019081747353 228.9400000000433
11448 1.430852510354861 228.9600000000433
11449 1.42113006628367 228.9800000000433
11450 1.411898760639439 229.0000000000433
11451 1.403095022311959 229.0200000000434
11452 1.394709364804382 229.0400000000434
11453 1.386924015133433 229.0600000000434
11454 1.379721576449993 229.0800000000434
11455 1.372994644604757 229.1000000000434
11456 1.366761691980895 229.1200000000434
11457 1.361045443745612 229.1400000000434
11458 1.355795712866045 229.1600000000434
11459 1.351020770117992 229.1800000000434
11460 1.346887434735753 229.2000000000434
11461 1.34333075392322 229.2200000000435
11462 1.340102049149551 229.2400000000435
11463 1.337598547982687 229.2600000000435
11464 1.336018818774166 229.2800000000435
11465 1.334771969546463 229.3000000000435
11466 1.334079971573972 229.3200000000435
11467 1.334134446171123 229.3400000000435
11468 1.335027109833422 229.3600000000435
11469 1.336386820580079 229.3800000000435
11470 1.338290386752863 229.4000000000435
11471 1.340649188895691 229.4200000000436
11472 1.343875839017113 229.4400000000436
11473 1.347419703260479 229.4600000000436
11474 1.351737751758074 229.4800000000436
11475 1.356470942584783 229.5000000000436
11476 1.362100917588142 229.5200000000436
11477 1.368546478657306 229.5400000000436
11478 1.375278630149848 229.5600000000436
11479 1.382672044787385 229.5800000000436
11480 1.390794977809962 229.6000000000437
11481 1.39933685434575 229.6200000000437
11482 1.408663568320119 229.6400000000437
11483 1.418890557116555 229.6600000000437
11484 1.429074172610548 229.6800000000437
11485 1.439718913461806 229.7000000000437
11486 1.450547138980783 229.7200000000437
11487 1.461876029746555 229.7400000000437
11488 1.47376575511191 229.7600000000437
11489 1.48593699050756 229.7800000000437
11490 1.498768535718127 229.8000000000438
11491 1.512266645671967 229.8200000000438
11492 1.525776511781751 229.8400000000438
11493 1.539748739051835 229.8600000000438
11494 1.553774843452333 229.8800000000438
11495 1.568075883693301 229.9000000000438
11496 1.582781701634697 229.9200000000438
11497 1.597730238639341 229.9400000000438
11498 1.612611574928735 229.9600000000438
11499 1.627576056082075 229.9800000000438
11500 1.642594440405932 230.0000000000439
11501 1.657784064680281 230.0200000000439
11502 1.673360562702684 230.0400000000439
11503 1.688783913091455 230.0600000000439
11504 1.703991530886581 230.0800000000439
11505 1.719002567538503 230.1000000000439
11506 1.733919739869344 230.1200000000439
11507 1.748929733657818 230.1400000000439
11508 1.76386397518921 230.1600000000439
11509 1.778492933738336 230.1800000000439
11510 1.7925990726834 230.200000000044
11511 1.806487373360296 230.220000000044
11512 1.820277099993909 230.240000000044
11513 1.833725406883367 230.260000000044
11514 1.846741681387933 230.280000000044
11515 1.859577905095657 230.300000000044
11516 1.871980531547019 230.320000000044
11517 1.883927696315996 230.340000000044
11518 1.895391963538905 230.360000000044
11519 1.906490269018031 230.380000000044
11520 1.917091165553294 230.4000000000441
11521 1.927323312720173 230.4200000000441
11522 1.936935065261546 230.4400000000441
11523 1.946019113030371 230.4600000000441
11524 1.954443877436024 230.4800000000441
11525 1.96219879021017 230.5000000000441
11526 1.969437210499305 230.5200000000441
11527 1.976053291173304 230.5400000000441
11528 1.98199141611732 230.5600000000441
11529 1.987486121174283 230.5800000000442
11530 1.992257409687919 230.6000000000442
11531 1.996310288748932 230.6200000000442
11532 1.999851544940532 230.6400000000442
11533 2.002570864063052 230.6600000000442
11534 2.004605152945216 230.6800000000442
11535 2.005995634403193 230.7000000000442
11536 2.006735854268046 230.7200000000442
11537 2.006865640602206 230.7400000000442
11538 2.006307914432942 230.7600000000442
11539 2.005069979946756 230.7800000000443
11540 2.003205335338573 230.8000000000443
11541 2.000634156436779 230.8200000000443
11542 1.997360655182531 230.8400000000443
11543 1.993511946206359 230.8600000000443
11544 1.989124934486757 230.8800000000443
11545 1.984095755882648 230.9000000000443
11546 1.978481014923501 230.9200000000443
11547 1.972258731442477 230.9400000000443
11548 1.965528128579646 230.9600000000443
11549 1.958335071416056 230.9800000000444
11550 1.950524934512476 231.0000000000444
11551 1.942157650010053 231.0200000000444
11552 1.933302477776401 231.0400000000444
11553 1.924013315210645 231.0600000000444
11554 1.914244539642822 231.0800000000444
11555 1.904072894324459 231.1000000000444
11556 1.893547056666385 231.1200000000444
11557 1.882574387377885 231.1400000000444
11558 1.871153631254282 231.1600000000444
11559 1.859361481682978 231.1800000000445
11560 1.847295415695827 231.2000000000445
11561 1.835004482578976 231.2200000000445
11562 1.82231748547827 231.2400000000445
11563 1.809404271659283 231.2600000000445
11564 1.796350921832454 231.2800000000445
11565 1.782976156557313 231.3000000000445
11566 1.769453387874477 231.3200000000445
11567 1.755821075865227 231.3400000000445
11568 1.741912156975113 231.3600000000446
11569 1.728004202770717 231.3800000000446
11570 1.714006036901294 231.4000000000446
11571 1.699876375688624 231.4200000000446
11572 1.685781742397224 231.4400000000446
11573 1.671698797119098 231.4600000000446
11574 1.657475076975743 231.4800000000446
11575 1.643318001062583 231.5000000000446
11576 1.629250542363774 231.5200000000446
11577 1.615189255653608 231.5400000000446
11578 1.60132165938156 231.5600000000447
11579 1.58749619207244 231.5800000000447
11580 1.573876624583093 231.6000000000447
11581 1.560481462388748 231.6200000000447
11582 1.547328100000177 231.6400000000447
11583 1.534390309320545 231.6600000000447
11584 1.521670938264251 231.6800000000447
11585 1.50916548946235 231.7000000000447
11586 1.496854523694896 231.7200000000447
11587 1.484718007347702 231.7400000000447
11588 1.472872275570567 231.7600000000448
11589 1.461267910563096 231.7800000000448
11590 1.450107998827821 231.8000000000448
11591 1.439270465271933 231.8200000000448
11592 1.428754774827711 231.8400000000448
11593 1.418838785074084 231.8600000000448
11594 1.409458850987362 231.8800000000448
11595 1.400595062490857 231.9000000000448
11596 1.39220190310024 231.9200000000448
11597 1.38415911768275 231.9400000000448
11598 1.37656243472281 231.9600000000449
11599 1.369386443437133 231.9800000000449
11600 1.362661333106875 232.0000000000449
11601 1.356436725080536 232.0200000000449
11602 1.350757048057512 232.0400000000449
11603 1.345475910051128 232.0600000000449
11604 1.340791505739363 232.0800000000449
11605 1.336902198983435 232.1000000000449
11606 1.333538648502855 232.1200000000449
11607 1.330736537583389 232.1400000000449
11608 1.328652403776255 232.160000000045
11609 1.327222939148365 232.180000000045
11610 1.326346412737881 232.200000000045
11611 1.325972242698837 232.220000000045
11612 1.326194988395411 232.240000000045
11613 1.326910861202873 232.260000000045
11614 1.328194470601472 232.280000000045
11615 1.330122398045924 232.300000000045
11616 1.332743599507281 232.320000000045
11617 1.336087611947474 232.3400000000451
11618 1.339953991093109 232.3600000000451
11619 1.344168151211254 232.3800000000451
11620 1.349077346343884 232.4000000000451
11621 1.354915865540894 232.4200000000451
11622 1.361234261964086 232.4400000000451
11623 1.368068916548267 232.4600000000451
11624 1.375597395022907 232.4800000000451
11625 1.383741821460325 232.5000000000451
11626 1.392305714691858 232.5200000000451
11627 1.400948994825247 232.5400000000452
11628 1.410545108330296 232.5600000000452
11629 1.420429651808595 232.5800000000452
11630 1.431101176593808 232.6000000000452
11631 1.442285033955593 232.6200000000452
11632 1.45407088788138 232.6400000000452
11633 1.466461789695218 232.6600000000452
11634 1.478780336956142 232.6800000000452
11635 1.491260036720025 232.7000000000452
11636 1.504059576360874 232.7200000000452
11637 1.517578903290247 232.7400000000453
11638 1.531673630219452 232.7600000000453
11639 1.54565803800168 232.7800000000453
11640 1.559852801978586 232.8000000000453
11641 1.574294832701901 232.8200000000453
11642 1.589098582105282 232.8400000000453
11643 1.603952572226279 232.8600000000453
11644 1.619036263756164 232.8800000000453
11645 1.634347717201679 232.9000000000453
11646 1.649526769855974 232.9200000000453
11647 1.664717832240144 232.9400000000454
11648 1.68009435117918 232.9600000000454
11649 1.695528133730045 232.9800000000454
11650 1.710949198888611 233.0000000000454
11651 1.726216124658478 233.0200000000454
11652 1.741279599589573 233.0400000000454
11653 1.756346192663481 233.0600000000454
11654 1.771122508353597 233.0800000000454
11655 1.785619033993122 233.1000000000454
11656 1.799850445722149 233.1200000000455
11657 1.813936066888282 233.1400000000455
11658 1.827687733446915 233.1600000000455
11659 1.841066194388577 233.1800000000455
11660 1.854193192030175 233.2000000000455
11661 1.866922711461059 233.2200000000455
11662 1.879266192208694 233.2400000000455
11663 1.891014603664301 233.2600000000455
11664 1.902325616752088 233.2800000000455
11665 1.913315960820787 233.3000000000455
11666 1.923691657033467 233.3200000000456
11667 1.933575607252203 233.3400000000456
11668 1.942922404265567 233.3600000000456
11669 1.95168460974282 233.3800000000456
11670 1.959769947545882 233.4000000000456
11671 1.967177607276986 233.4200000000456
11672 1.974231089368322 233.4400000000456
11673 1.980721020938618 233.4600000000456
11674 1.986572315099783 233.4800000000456
11675 1.991870958973519 233.5000000000456
11676 1.996354161910838 233.5200000000457
11677 2.000056841958051 233.5400000000457
11678 2.003084588867631 233.5600000000457
11679 2.005647787366593 233.5800000000457
11680 2.007577712311647 233.6000000000457
11681 2.008546717945633 233.6200000000457
11682 2.009060378717612 233.6400000000457
11683 2.008896525512831 233.6600000000457
11684 2.008097079626268 233.6800000000457
11685 2.006701693521078 233.7000000000457
11686 2.00465022723566 233.7200000000458
11687 2.001937719396773 233.7400000000458
11688 1.99844761324007 233.7600000000458
11689 1.994416420670225 233.7800000000458
11690 1.989791004607621 233.8000000000458
11691 1.984542784325467 233.8200000000458
11692 1.978668011537255 233.8400000000458
11693 1.972346339621157 233.8600000000458
11694 1.965511144073026 233.8800000000458
11695 1.958008203434288 233.9000000000458
11696 1.949998662791668 233.9200000000459
11697 1.941463330091027 233.9400000000459
11698 1.932502253430317 233.9600000000459
11699 1.922998280878049 233.9800000000459
11700 1.913046476131053 234.0000000000459
11701 1.902633662301694 234.0200000000459
11702 1.891740500507423 234.0400000000459
11703 1.880491422609229 234.0600000000459
11704 1.868773020443085 234.0800000000459
11705 1.856659560287397 234.100000000046
11706 1.844327869076154 234.120000000046
11707 1.831793146384013 234.140000000046
11708 1.81899219068076 234.160000000046
11709 1.805918552181647 234.180000000046
11710 1.792576422843434 234.200000000046
11711 1.779152442221306 234.220000000046
11712 1.765551272784255 234.240000000046
11713 1.751672625982321 234.260000000046
11714 1.737609002234532 234.280000000046
11715 1.72350372927558 234.3000000000461
11716 1.709359227460726 234.3200000000461
11717 1.695355752486974 234.3400000000461
11718 1.681158464239555 234.3600000000461
11719 1.666929916677107 234.3800000000461
11720 1.652685534279895 234.4000000000461
11721 1.638600303516428 234.4200000000461
11722 1.624533197610437 234.4400000000461
11723 1.610541252369632 234.4600000000461
11724 1.596617408404027 234.4800000000461
11725 1.582884400403055 234.5000000000462
11726 1.569280019559218 234.5200000000462
11727 1.555898672674565 234.5400000000462
11728 1.542698409251028 234.5600000000462
11729 1.529825906681773 234.5800000000462
11730 1.517206110849226 234.6000000000462
11731 1.504984625383808 234.6200000000462
11732 1.493062143507922 234.6400000000462
11733 1.481361966338554 234.6600000000462
11734 1.470141108367306 234.6800000000462
11735 1.459084590301043 234.7000000000463
11736 1.4484284354035 234.7200000000463
11737 1.438003176088898 234.7400000000463
11738 1.427977060301995 234.7600000000463
11739 1.418370371547053 234.7800000000463
11740 1.40931162537842 234.8000000000463
11741 1.400577212199277 234.8200000000463
11742 1.392337206925822 234.8400000000463
11743 1.384750164767363 234.8600000000463
11744 1.377704084169631 234.8800000000464
11745 1.37110697621231 234.9000000000464
11746 1.36504748859105 234.9200000000464
11747 1.359469932748073 234.9400000000464
11748 1.354348945164805 234.9600000000464
11749 1.349754368035874 234.9800000000464
11750 1.34578919450432 235.0000000000464
11751 1.342380096345884 235.0200000000464
11752 1.339255562475572 235.0400000000464
11753 1.337083110045055 235.0600000000464
11754 1.335661735868523 235.0800000000465
11755 1.334468369297695 235.1000000000465
11756 1.334057756234092 235.1200000000465
11757 1.334328875853908 235.1400000000465
11758 1.335393466472034 235.1600000000465
11759 1.336897721021759 235.1800000000465
11760 1.33895979980389 235.2000000000465
11761 1.341485180775305 235.2200000000465
11762 1.344861634176362 235.2400000000465
11763 1.348632451167015 235.2600000000465
11764 1.353133912277543 235.2800000000466
11765 1.357998063632331 235.3000000000466
11766 1.363947416950172 235.3200000000466
11767 1.370567559927692 235.3400000000466
11768 1.377391799998111 235.3600000000466
11769 1.385005843355833 235.3800000000466
11770 1.393313029619343 235.4000000000466
11771 1.401955905743579 235.4200000000466
11772 1.411685269355294 235.4400000000466
11773 1.421760266551621 235.4600000000466
11774 1.432333702330513 235.4800000000467
11775 1.442861528216216 235.5000000000467
11776 1.453856620253774 235.5200000000467
11777 1.465352168524094 235.5400000000467
11778 1.477350982099074 235.5600000000467
11779 1.489617530083583 235.5800000000467
11780 1.502753791658308 235.6000000000467
11781 1.51623838509264 235.6200000000467
11782 1.529912535991393 235.6400000000467
11783 1.543884616249237 235.6600000000468
11784 1.557985142030676 235.6800000000468
11785 1.572390643199959 235.7000000000468
11786 1.587248240874439 235.7200000000468
11787 1.602113503155749 235.7400000000468
11788 1.617033510797925 235.7600000000468
11789 1.632015216040625 235.7800000000468
11790 1.647074813662052 235.8000000000468
11791 1.66238143031911 235.8200000000468
11792 1.677961041679005 235.8400000000468
11793 1.693329630045002 235.8600000000469
11794 1.708468090253137 235.8800000000469
11795 1.723456373006836 235.9000000000469
11796 1.738383995214503 235.9200000000469
11797 1.753370811914553 235.9400000000469
11798 1.768260183269336 235.9600000000469
11799 1.782705633877715 235.9800000000469
11800 1.796743629890218 236.0000000000469
11801 1.810611387685433 236.0200000000469
11802 1.824329170866405 236.0400000000469
11803 1.837639860091436 236.060000000047
11804 1.850593131313821 236.080000000047
11805 1.863295374629216 236.100000000047
11806 1.875605433638842 236.120000000047
11807 1.887380909843121 236.140000000047
11808 1.898736309186092 236.160000000047
11809 1.909701584953238 236.180000000047
11810 1.920188751454865 236.200000000047
11811 1.930267836921929 236.220000000047
11812 1.939700366300817 236.240000000047
11813 1.948609531624986 236.2600000000471
11814 1.956846546674268 236.2800000000471
11815 1.964397835891377 236.3000000000471
11816 1.971501870490767 236.3200000000471
11817 1.977885818546917 236.3400000000471
11818 1.983672110917008 236.3600000000471
11819 1.988961882140659 236.3800000000471
11820 1.993566008939775 236.4000000000471
11821 1.997435498120427 236.4200000000471
11822 2.000764202696969 236.4400000000471
11823 2.003278953671219 236.4600000000472
11824 2.005104359072392 236.4800000000472
11825 2.006309593879268 236.5000000000472
11826 2.006859062537706 236.5200000000472
11827 2.006809505799711 236.5400000000472
11828 2.006037375221195 236.5600000000472
11829 2.004626298329674 236.5800000000472
11830 2.002544800416413 236.6000000000472
11831 1.999770514467981 236.6200000000472
11832 1.996310646716133 236.6400000000473
11833 1.992310029542576 236.6600000000473
11834 1.987728612114819 236.6800000000473
11835 1.982512411086268 236.7000000000473
11836 1.976733388337439 236.7200000000473
11837 1.9703459215682 236.7400000000473
11838 1.963472260396216 236.7600000000473
11839 1.95610998081938 236.7800000000473
11840 1.948133996159354 236.8000000000473
11841 1.939605353710573 236.8200000000473
11842 1.930626188865543 236.8400000000474
11843 1.921195110443854 236.8600000000474
11844 1.911280085204784 236.8800000000474
11845 1.901036891604409 236.9000000000474
11846 1.89037498317466 236.9200000000474
11847 1.879267936375729 236.9400000000474
11848 1.867724182451365 236.9600000000474
11849 1.855849114981567 236.9800000000474
11850 1.843714428527197 237.0000000000474
11851 1.831309507437958 237.0200000000474
11852 1.818547678378579 237.0400000000475
11853 1.805582420396575 237.0600000000475
11854 1.792449597838539 237.0800000000475
11855 1.779002667359886 237.1000000000475
11856 1.765464481418176 237.1200000000475
11857 1.751745053924282 237.1400000000475
11858 1.737831124292143 237.1600000000475
11859 1.723868040900788 237.1800000000475
11860 1.709860544751723 237.2000000000475
11861 1.695737407930536 237.2200000000475
11862 1.681676226825363 237.2400000000476
11863 1.667527183748679 237.2600000000476
11864 1.653303798284733 237.2800000000476
11865 1.639217032833013 237.3000000000476
11866 1.625095953916482 237.3200000000476
11867 1.611072139751712 237.3400000000476
11868 1.597245895322706 237.3600000000476
11869 1.583457462646755 237.3800000000476
11870 1.569903802540739 237.4000000000476
11871 1.556594515663498 237.4200000000477
11872 1.543485469491819 237.4400000000477
11873 1.530620509306196 237.4600000000477
11874 1.517959598466956 237.4800000000477
11875 1.50552110478259 237.5000000000477
11876 1.493255184873552 237.5200000000477
11877 1.481193532492214 237.5400000000477
11878 1.469415896376478 237.5600000000477
11879 1.457920187809906 237.5800000000477
11880 1.446873955833408 237.6000000000477
11881 1.436128706932909 237.6200000000478
11882 1.425762114446675 237.6400000000478
11883 1.416000804639444 237.6600000000478
11884 1.406795726984001 237.6800000000478
11885 1.398071734089736 237.7000000000478
11886 1.389788956937598 237.7200000000478
11887 1.381888331427586 237.7400000000478
11888 1.374395410087855 237.7600000000478
11889 1.36739015157499 237.7800000000478
11890 1.360821148281985 237.8000000000478
11891 1.354678396490034 237.8200000000479
11892 1.349180503757079 237.8400000000479
11893 1.34402527371261 237.8600000000479
11894 1.339582366283109 237.8800000000479
11895 1.33586701166109 237.9000000000479
11896 1.33262752439102 237.9200000000479
11897 1.330074321335052 237.9400000000479
11898 1.328179138234212 237.9600000000479
11899 1.326938633767527 237.9800000000479
11900 1.326203094176144 238.0000000000479
11901 1.325950594488568 238.020000000048
11902 1.326393930385646 238.040000000048
11903 1.327211329178535 238.060000000048
11904 1.328683796230748 238.080000000048
11905 1.330846332498607 238.100000000048
11906 1.333639652161944 238.120000000048
11907 1.337223359669196 238.140000000048
11908 1.341141358717405 238.160000000048
11909 1.345547765774951 238.180000000048
11910 1.350722244596295 238.200000000048
11911 1.356836215766951 238.2200000000481
11912 1.363140533034756 238.2400000000481
11913 1.370277733119507 238.2600000000481
11914 1.377915322357826 238.2800000000481
11915 1.386314471245578 238.3000000000481
11916 1.39471117661059 238.3200000000481
11917 1.403800816080299 238.3400000000481
11918 1.4133547318688 238.3600000000481
11919 1.423577165475192 238.3800000000481
11920 1.434357188507317 238.4000000000482
11921 1.445671102073908 238.4200000000482
11922 1.4577501823823 238.4400000000482
11923 1.470119341482429 238.4600000000482
11924 1.482484928110539 238.4800000000482
11925 1.494984668654707 238.5000000000482
11926 1.507971805526418 238.5200000000482
11927 1.521787943679852 238.5400000000482
11928 1.53583138379 238.5600000000482
11929 1.549843684853257 238.5800000000482
11930 1.564086517301841 238.6000000000483
11931 1.578656021868602 238.6200000000483
11932 1.593527604655954 238.6400000000483
11933 1.608363400775668 238.6600000000483
11934 1.62360432920226 238.6800000000483
11935 1.638857300711809 238.7000000000483
11936 1.654048017184457 238.7200000000483
11937 1.669219570428413 238.7400000000483
11938 1.684694685320235 238.7600000000483
11939 1.700122299416952 238.7800000000483
11940 1.71552529392318 238.8000000000484
11941 1.730697985099398 238.8200000000484
11942 1.745743835426979 238.8400000000484
11943 1.760806826795988 238.8600000000484
11944 1.775443846654009 238.8800000000484
11945 1.789859097732311 238.9000000000484
11946 1.804065233977574 238.9200000000484
11947 1.818031989130147 238.9400000000484
11948 1.831722305537667 238.9600000000484
11949 1.844987881368541 238.9800000000484
11950 1.858021584506176 239.0000000000485
11951 1.87065521166494 239.0200000000485
11952 1.882822414412511 239.0400000000485
11953 1.894403836781629 239.0600000000485
11954 1.905647746638921 239.0800000000485
11955 1.916445905343274 239.1000000000485
11956 1.926696166352378 239.1200000000485
11957 1.936407799626332 239.1400000000485
11958 1.945599963703971 239.1600000000485
11959 1.954164764466716 239.1800000000486
11960 1.962029519139758 239.2000000000486
11961 1.96931434900929 239.2200000000486
11962 1.976233651418659 239.2400000000486
11963 1.982517309605879 239.2600000000486
11964 1.988205339506377 239.2800000000486
11965 1.993359997730579 239.3000000000486
11966 1.997483578703485 239.3200000000486
11967 2.001037601542264 239.3400000000486
11968 2.003924805958457 239.3600000000486
11969 2.006322668175214 239.3800000000487
11970 2.007955443542709 239.4000000000487
11971 2.008782529623957 239.4200000000487
11972 2.009088655861239 239.4400000000487
11973 2.008759930524175 239.4600000000487
11974 2.007754445670166 239.4800000000487
11975 2.006179909299342 239.5000000000487
11976 2.003945488166893 239.5200000000487
11977 2.000989894993916 239.5400000000487
11978 1.997321167936272 239.5600000000487
11979 1.993136024205024 239.5800000000488
11980 1.988331129981948 239.6000000000488
11981 1.982879057577813 239.6200000000488
11982 1.976857906457371 239.6400000000488
11983 1.970416302730584 239.6600000000488
11984 1.96336722754796 239.6800000000488
11985 1.955714685452114 239.7000000000488
11986 1.947541737989241 239.7200000000488
11987 1.938879606102071 239.7400000000488
11988 1.929767531421342 239.7600000000488
11989 1.920120181159217 239.7800000000489
11990 1.910035411866037 239.8000000000489
11991 1.899463708370797 239.8200000000489
11992 1.88846503884323 239.8400000000489
11993 1.877099680247974 239.8600000000489
11994 1.865237208622654 239.8800000000489
11995 1.853056186500925 239.9000000000489
11996 1.840660428094977 239.9200000000489
11997 1.82805557687418 239.9400000000489
11998 1.815168973976809 239.960000000049
11999 1.802007632924133 239.980000000049
12000 1.788631932039636 240.000000000049
12001 1.775176752742736 240.020000000049
12002 1.761480461092533 240.040000000049
12003 1.747542620333091 240.060000000049
12004 1.733454310652961 240.080000000049
12005 1.719341325627814 240.100000000049
12006 1.705223347706596 240.120000000049
12007 1.69113861404119 240.140000000049
12008 1.676963739747904 240.1600000000491
12009 1.662720964174713 240.1800000000491
12010 1.648522233467377 240.2000000000491
12011 1.634450985674178 240.2200000000491
12012 1.62039229417353 240.2400000000491
12013 1.606424458392785 240.2600000000491
12014 1.592546286075296 240.2800000000491
12015 1.57885453010315 240.3000000000491
12016 1.5653166705799 240.3200000000491
12017 1.551975392837898 240.3400000000491
12018 1.538878441207681 240.3600000000492
12019 1.526067121594335 240.3800000000492
12020 1.513571628994869 240.4000000000492
12021 1.501431100584671 240.4200000000492
12022 1.48958314225533 240.4400000000492
12023 1.478006447467284 240.4600000000492
12024 1.46685737053547 240.4800000000492
12025 1.45589626319892 240.5000000000492
12026 1.445346806507434 240.5200000000492
12027 1.434975671761842 240.5400000000492
12028 1.425102036520976 240.5600000000493
12029 1.415622596120565 240.5800000000493
12030 1.406697262609555 240.6000000000493
12031 1.398086770082601 240.6200000000493
12032 1.390040712195455 240.6400000000493
12033 1.382662665872916 240.6600000000493
12034 1.375700572563713 240.6800000000493
12035 1.369257613224194 240.7000000000493
12036 1.363343610683101 240.7200000000493
12037 1.357912091737657 240.7400000000493
12038 1.352929207853532 240.7600000000494
12039 1.348514247781664 240.7800000000494
12040 1.344741025103077 240.8000000000494
12041 1.341393113839275 240.8200000000494
12042 1.33851712665212 240.8400000000494
12043 1.336615031042442 240.8600000000494
12044 1.335297474643962 240.8800000000494
12045 1.334254872033013 240.9000000000494
12046 1.334039541113818 240.9200000000494
12047 1.334614318300857 240.9400000000495
12048 1.335788180903805 240.9600000000495
12049 1.337457215911602 240.9800000000495
12050 1.339639569683877 241.0000000000495
12051 1.342435578577965 241.0200000000495
12052 1.345910477660063 241.0400000000495
12053 1.34989573514152 241.0600000000495
12054 1.354533540127958 241.0800000000495
12055 1.35965260778923 241.1000000000495
12056 1.365862102091626 241.1200000000495
12057 1.372513712940457 241.1400000000496
12058 1.379589257614797 241.1600000000496
12059 1.387417734350597 241.1800000000496
12060 1.395821671698041 241.2000000000496
12061 1.404695121597674 241.2200000000496
12062 1.414741065409684 241.2400000000496
12063 1.424782514825149 241.2600000000496
12064 1.435450945080053 241.2800000000496
12065 1.446082639243826 241.3000000000496
12066 1.457220757913859 241.3200000000496
12067 1.468883467558006 241.3400000000497
12068 1.480965083979463 241.3600000000497
12069 1.493424220998182 241.3800000000497
12070 1.506756581512991 241.4000000000497
12071 1.520224617522725 241.4200000000497
12072 1.53408895337961 241.4400000000497
12073 1.54805717904641 241.4600000000497
12074 1.562219363381189 241.4800000000497
12075 1.576741586491656 241.5000000000497
12076 1.591701131502148 241.5200000000497
12077 1.606531998211881 241.5400000000498
12078 1.621487747271222 241.5600000000498
12079 1.636471985597835 241.5800000000498
12080 1.651568856208863 241.6000000000498
12081 1.667037421495841 241.6200000000498
12082 1.682563585184457 241.6400000000498
12083 1.697878176153097 241.6600000000498
12084 1.712924578410749 241.6800000000498
12085 1.727893851305051 241.7000000000498
12086 1.742855723343691 241.7200000000499
12087 1.757830063309361 241.7400000000499
12088 1.772636414380402 241.7600000000499
12089 1.786935644596015 241.7800000000499
12090 1.800882041903738 241.8000000000499
12091 1.814721042627335 241.8200000000499
12092 1.82833413095859 241.8400000000499
12093 1.841542643787431 241.8600000000499
12094 1.854462045779229 241.8800000000499
12095 1.867005860286326 241.9000000000499
12096 1.879172688860136 241.92000000005
12097 1.890813582502048 241.94000000005
12098 1.902059917395655 241.96000000005
12099 1.912881628342357 241.98000000005
12100 1.923286018201616 242.00000000005
12101 1.933141858455372 242.02000000005
12102 1.942443114694877 242.04000000005
12103 1.951146019509271 242.06000000005
12104 1.959187545088262 242.08000000005
12105 1.966586336944279 242.10000000005
12106 1.973514991278378 242.1200000000501
12107 1.979696388014321 242.1400000000501
12108 1.985344314318888 242.1600000000501
12109 1.990437322869503 242.1800000000501
12110 1.994805979206964 242.2000000000501
12111 1.998559546843341 242.2200000000501
12112 2.001619726300945 242.2400000000501
12113 2.003932861312546 242.2600000000501
12114 2.005568148680077 242.2800000000501
12115 2.006584276402001 242.3000000000501
12116 2.00694945085465 242.3200000000502
12117 2.006699321542062 242.3400000000502
12118 2.005711042956531 242.3600000000502
12119 2.004124448964827 242.3800000000502
12120 2.001831242527857 242.4000000000502
12121 1.998852880461343 242.4200000000502
12122 1.995228446016484 242.4400000000502
12123 1.991061583513473 242.4600000000502
12124 1.9862934505287 242.4800000000502
12125 1.980897433781386 242.5000000000502
12126 1.974943355031576 242.5200000000503
12127 1.968406081460609 242.5400000000503
12128 1.96138816806628 242.5600000000503
12129 1.953835034516738 242.5800000000503
12130 1.945690194094801 242.6000000000503
12131 1.937026332521637 242.6200000000503
12132 1.927915846985591 242.6400000000503
12133 1.918348105139901 242.6600000000503
12134 1.908296099386893 242.6800000000503
12135 1.897960830486342 242.7000000000504
12136 1.887159801450822 242.7200000000504
12137 1.875923505715954 242.7400000000504
12138 1.864263449915009 242.7600000000504
12139 1.852304875394752 242.7800000000504
12140 1.840109081469935 242.8000000000504
12141 1.827582785712972 242.8200000000504
12142 1.814748928012213 242.8400000000504
12143 1.801760689619069 242.8600000000504
12144 1.78850818340225 242.8800000000504
12145 1.77503089195987 242.9000000000505
12146 1.761455157218438 242.9200000000505
12147 1.747642008877165 242.9400000000505
12148 1.733736932175109 242.9600000000505
12149 1.7197711179344 242.9800000000505
12150 1.705703592234292 243.0000000000505
12151 1.69158017678339 243.0200000000505
12152 1.67750653054502 243.0400000000505
12153 1.663358975188789 243.0600000000505
12154 1.649121252785937 243.0800000000505
12155 1.635051229617884 243.1000000000506
12156 1.620933546866784 243.1200000000506
12157 1.606987975559921 243.1400000000506
12158 1.593155833993251 243.1600000000506
12159 1.579437906528522 243.1800000000506
12160 1.565942607415753 243.2000000000506
12161 1.552701025420845 243.2200000000506
12162 1.539662904339159 243.2400000000506
12163 1.526854442561326 243.2600000000506
12164 1.514262093081836 243.2800000000506
12165 1.501869652206487 243.3000000000507
12166 1.489662608898111 243.3200000000507
12167 1.477680289997731 243.3400000000507
12168 1.465968895355794 243.3600000000507
12169 1.45461653955246 243.3800000000507
12170 1.443660387254512 243.4000000000507
12171 1.433011144626123 243.4200000000507
12172 1.422824969439693 243.4400000000507
12173 1.413224846416932 243.4600000000507
12174 1.404159155205813 243.4800000000508
12175 1.395595537241916 243.5000000000508
12176 1.387388721334794 243.5200000000508
12177 1.379649589564902 243.5400000000508
12178 1.372306189958171 243.5600000000508
12179 1.365376371200884 243.5800000000508
12180 1.358948113734732 243.6000000000508
12181 1.353002155836654 243.6200000000508
12182 1.347602702778377 243.6400000000508
12183 1.342607106768988 243.6600000000508
12184 1.338427761469954 243.6800000000509
12185 1.334861037730793 243.7000000000509
12186 1.331794206680949 243.7200000000509
12187 1.329445028616419 243.7400000000509
12188 1.32774708735835 243.7600000000509
12189 1.326681141917575 243.7800000000509
12190 1.326109568552123 243.8000000000509
12191 1.326006405385483 243.8200000000509
12192 1.326597822921293 243.8400000000509
12193 1.327602572226634 243.8600000000509
12194 1.329251077072245 243.880000000051
12195 1.331623187474347 243.900000000051
12196 1.33462987990375 243.920000000051
12197 1.338372307157201 243.940000000051
12198 1.342396194314605 243.960000000051
12199 1.34697424668903 243.980000000051
12200 1.35244245539265 244.000000000051
12201 1.358760093421836 244.020000000051
12202 1.36516107762544 244.040000000051
12203 1.372527617867528 244.060000000051
12204 1.380313646862627 244.0800000000511
12205 1.388942546247102 244.1000000000511
12206 1.397276512221734 244.1200000000511
12207 1.406675965367984 244.1400000000511
12208 1.416286710898693 244.1600000000511
12209 1.426788487657297 244.1800000000511
12210 1.437690117605756 244.2000000000511
12211 1.44919293160179 244.2200000000511
12212 1.461461425000354 244.2400000000511
12213 1.473777834445335 244.2600000000511
12214 1.486216835342351 244.2800000000512
12215 1.498817146631599 244.3000000000512
12216 1.511991365818686 244.3200000000512
12217 1.52599686681085 244.3400000000512
12218 1.54001854459402 244.3600000000512
12219 1.554074986533063 244.3800000000512
12220 1.568402004243778 244.4000000000512
12221 1.583086095620535 244.4200000000512
12222 1.597968001444546 244.4400000000512
12223 1.612858019813331 244.4600000000513
12224 1.628198061922375 244.4800000000513
12225 1.643417459182674 244.5000000000513
12226 1.658605437838059 244.5200000000513
12227 1.673817503054163 244.5400000000513
12228 1.689319563528593 244.5600000000513
12229 1.704736073167455 244.5800000000513
12230 1.720108528733621 244.6000000000513
12231 1.735222939935914 244.6200000000513
12232 1.750262382165158 244.6400000000513
12233 1.765260918266573 244.6600000000514
12234 1.779799314581423 244.6800000000514
12235 1.794130811000966 244.7000000000514
12236 1.808307328942124 244.7200000000514
12237 1.822172638022075 244.7400000000514
12238 1.835757405258417 244.7600000000514
12239 1.848911258341896 244.7800000000514
12240 1.861875103526458 244.8000000000514
12241 1.874377969806629 244.8200000000514
12242 1.886345174367384 244.8400000000514
12243 1.897835234883468 244.8600000000515
12244 1.908967471611292 244.8800000000515
12245 1.91959327904939 244.9000000000515
12246 1.929680296945764 244.9200000000515
12247 1.939240457561564 244.9400000000515
12248 1.948265971835685 244.9600000000515
12249 1.956648482255196 244.9800000000515
12250 1.964284661885098 245.0000000000515
12251 1.971459006044074 245.0200000000515
12252 1.978205923584673 245.0400000000515
12253 1.984308501843679 245.0600000000516
12254 1.989866393272793 245.0800000000516
12255 1.994735177494327 245.1000000000516
12256 1.998661501267288 245.1200000000516
12257 2.00197530194075 245.1400000000516
12258 2.004743917723718 245.1600000000516
12259 2.006963368569767 245.1800000000516
12260 2.008291801269365 245.2000000000516
12261 2.008986599804008 245.2200000000516
12262 2.009086572486699 245.2400000000517
12263 2.008578630354072 245.2600000000517
12264 2.007396244527898 245.2800000000517
12265 2.005636567707354 245.3000000000517
12266 2.003193387130293 245.3200000000517
12267 2.000003995432439 245.3400000000517
12268 1.996180736851687 245.3600000000517
12269 1.991809469293349 245.3800000000517
12270 1.98683336317576 245.4000000000517
12271 1.981186236775371 245.4200000000517
12272 1.975026918432059 245.4400000000518
12273 1.968446184336765 245.4600000000518
12274 1.961180930192359 245.4800000000518
12275 1.953389902635288 245.5000000000518
12276 1.945047210390439 245.5200000000518
12277 1.936264179712456 245.5400000000518
12278 1.926990383770351 245.5600000000518
12279 1.917206232592459 245.5800000000518
12280 1.90698604906697 245.6000000000518
12281 1.896276626147524 245.6200000000518
12282 1.885165293286497 245.6400000000519
12283 1.873657839631651 245.6600000000519
12284 1.861673956973716 245.6800000000519
12285 1.849429083246778 245.7000000000519
12286 1.836966985111706 245.7200000000519
12287 1.824295847254195 245.7400000000519
12288 1.811318285873923 245.7600000000519
12289 1.798075751654441 245.7800000000519
12290 1.784672422659899 245.8000000000519
12291 1.771172442561626 245.8200000000519
12292 1.757387165866919 245.840000000052
12293 1.743381116640954 245.860000000052
12294 1.729286798542829 245.880000000052
12295 1.71515553075821 245.900000000052
12296 1.701062657792706 245.920000000052
12297 1.686968072856113 245.940000000052
12298 1.672735862385899 245.960000000052
12299 1.658501264394847 245.980000000052
12300 1.644348851449876 246.000000000052
12301 1.630286994510469 246.0200000000521
12302 1.616256496447461 246.0400000000521
12303 1.602309110523484 246.0600000000521
12304 1.588484051793429 246.0800000000521
12305 1.574817125145339 246.1000000000521
12306 1.561364106925203 246.1200000000521
12307 1.548064472903825 246.1400000000521
12308 1.535060745475083 246.1600000000521
12309 1.52230324345232 246.1800000000521
12310 1.509962346379965 246.2000000000521
12311 1.497906532305765 246.2200000000522
12312 1.486104688091251 246.2400000000522
12313 1.474682224907117 246.2600000000522
12314 1.463567381345064 246.2800000000522
12315 1.452743693127368 246.3000000000522
12316 1.442245426592518 246.3200000000522
12317 1.431999787719098 246.3400000000522
12318 1.422237584484454 246.3600000000522
12319 1.412939168440951 246.3800000000522
12320 1.404093346611835 246.4000000000522
12321 1.395648354895224 246.4200000000523
12322 1.387789687490161 246.4400000000523
12323 1.380531555912749 246.4600000000523
12324 1.373739369340882 246.4800000000523
12325 1.36745296626236 246.5000000000523
12326 1.361675949726598 246.5200000000523
12327 1.356373994211736 246.5400000000523
12328 1.351552507940676 246.5600000000523
12329 1.347340976207003 246.5800000000523
12330 1.343725809236971 246.6000000000523
12331 1.340455821565283 246.6200000000524
12332 1.337852035800709 246.6400000000524
12333 1.336183599447515 246.6600000000524
12334 1.334916852171375 246.6800000000524
12335 1.334121733026904 246.7000000000524
12336 1.334093385564979 246.7200000000524
12337 1.334917322819086 246.7400000000524
12338 1.336231925840478 246.7600000000524
12339 1.338066073118691 246.7800000000524
12340 1.340372793294682 246.8000000000524
12341 1.34349884183932 246.8200000000525
12342 1.346991783332417 246.8400000000525
12343 1.351238708573227 246.8600000000525
12344 1.355934230794876 246.8800000000525
12345 1.361441135093107 246.9000000000525
12346 1.367821067914991 246.9200000000525
12347 1.374513360948961 246.9400000000525
12348 1.381843178447099 246.9600000000525
12349 1.389885587189879 246.9800000000525
12350 1.398390694994828 247.0000000000526
12351 1.407567696529265 247.0200000000526
12352 1.417850898629339 247.0400000000526
12353 1.427904290494691 247.0600000000526
12354 1.438577714401215 247.0800000000526
12355 1.449358598068116 247.1000000000526
12356 1.460620910091394 247.1200000000526
12357 1.47247543862372 247.1400000000526
12358 1.484621883543946 247.1600000000526
12359 1.497331551696568 247.1800000000526
12360 1.510805896492 247.2000000000527
12361 1.524294840486292 247.2200000000527
12362 1.538258993063719 247.2400000000527
12363 1.552275504685914 247.2600000000527
12364 1.566513324483224 247.2800000000527
12365 1.581187503870398 247.3000000000527
12366 1.59613978006688 247.3200000000527
12367 1.611020362094459 247.3400000000527
12368 1.625985050925652 247.3600000000527
12369 1.640992793338282 247.3800000000527
12370 1.656147822999315 247.4000000000528
12371 1.671713708058135 247.4200000000528
12372 1.68716746291949 247.4400000000528
12373 1.702414760426299 247.4600000000528
12374 1.717435564292132 247.4800000000528
12375 1.732347968566922 247.5000000000528
12376 1.747354431043066 247.5200000000528
12377 1.762315712510915 247.5400000000528
12378 1.776994097578056 247.5600000000528
12379 1.7911576177502 247.5800000000528
12380 1.805046561968612 247.6000000000529
12381 1.818862019413693 247.6200000000529
12382 1.832356505989114 247.6400000000529
12383 1.845421860609627 247.6600000000529
12384 1.858295488063034 247.6800000000529
12385 1.870732323377679 247.7000000000529
12386 1.882743900505534 247.7200000000529
12387 1.894250569198448 247.7400000000529
12388 1.905400459750951 247.7600000000529
12389 1.9160556309572 247.780000000053
12390 1.926369441915969 247.800000000053
12391 1.936009669401907 247.820000000053
12392 1.945164765364137 247.840000000053
12393 1.953659642280934 247.860000000053
12394 1.961497559651455 247.880000000053
12395 1.968778088206471 247.900000000053
12396 1.975484200244107 247.920000000053
12397 1.981488980773354 247.940000000053
12398 1.987030204458203 247.960000000053
12399 1.991895560947156 247.9800000000531
12400 1.996018207648426 248.0000000000531
12401 1.99962738776052 248.0200000000531
12402 2.002438105155701 248.0400000000531
12403 2.004546096546619 248.0600000000531
12404 2.006002494944435 248.0800000000531
12405 2.006824117469419 248.1000000000531
12406 2.007005043401171 248.1200000000531
12407 2.006530509389346 248.1400000000531
12408 2.005353663702276 248.1600000000531
12409 2.003576540747086 248.1800000000532
12410 2.001073826320755 248.2000000000532
12411 1.99787738295264 248.2200000000532
12412 1.994087245271848 248.2400000000532
12413 1.989761029454162 248.2600000000532
12414 1.984806810204615 248.2800000000532
12415 1.979245640058942 248.3000000000532
12416 1.973091130535412 248.3200000000532
12417 1.966409134135305 248.3400000000532
12418 1.959261806553897 248.3600000000532
12419 1.951517615191031 248.3800000000533
12420 1.943209290758102 248.4000000000533
12421 1.934408253374989 248.4200000000533
12422 1.925161534523079 248.4400000000533
12423 1.915450878926615 248.4600000000533
12424 1.90530283728048 248.4800000000533
12425 1.894831481357892 248.5000000000533
12426 1.883903873127007 248.5200000000533
12427 1.872529629551293 248.5400000000533
12428 1.860765783182714 248.5600000000533
12429 1.848727612846616 248.5800000000534
12430 1.836466529929708 248.6000000000534
12431 1.82381382426631 248.6200000000534
12432 1.810920514005731 248.6400000000534
12433 1.797885666994184 248.6600000000534
12434 1.784539300909305 248.6800000000534
12435 1.771020706431192 248.7000000000534
12436 1.757408465851688 248.7200000000534
12437 1.743520029782574 248.7400000000534
12438 1.729609474448015 248.7600000000535
12439 1.715616755799246 248.7800000000535
12440 1.701486660695399 248.8000000000535
12441 1.687401220730859 248.8200000000535
12442 1.673314240202935 248.8400000000535
12443 1.659090862566963 248.8600000000535
12444 1.644933935165545 248.8800000000535
12445 1.630864389742631 248.9000000000535
12446 1.616772786087599 248.9200000000535
12447 1.602895264157129 248.9400000000535
12448 1.589057704206572 248.9600000000536
12449 1.575411012945854 248.9800000000536
12450 1.561985083656609 249.0000000000536
12451 1.548807466865417 249.0200000000536
12452 1.535841953095583 249.0400000000536
12453 1.523096566186805 249.0600000000536
12454 1.510560228471944 249.0800000000536
12455 1.498223818961117 249.1000000000536
12456 1.486060748134403 249.1200000000536
12457 1.4741850210232 249.1400000000536
12458 1.462541186390227 249.1600000000537
12459 1.451332783915004 249.1800000000537
12460 1.440462761375045 249.2000000000537
12461 1.429904348968078 249.2200000000537
12462 1.419920789986445 249.2400000000537
12463 1.410483812779036 249.2600000000537
12464 1.401560318165222 249.2800000000537
12465 1.393133242016809 249.3000000000537
12466 1.385041781517206 249.3200000000537
12467 1.377405074951824 249.3400000000537
12468 1.370161302624694 249.3600000000538
12469 1.363390831861922 249.3800000000538
12470 1.357113287934507 249.4000000000538
12471 1.35136151496293 249.4200000000538
12472 1.346052165996491 249.4400000000538
12473 1.341283476759286 249.4600000000538
12474 1.337328750931349 249.4800000000538
12475 1.333898742627127 249.5000000000538
12476 1.331025336001717 249.5200000000538
12477 1.328871034913732 249.5400000000539
12478 1.32737212646848 249.5600000000539
12479 1.326434387896397 249.5800000000539
12480 1.326024286952485 249.6000000000539
12481 1.326154793970946 249.6200000000539
12482 1.326841881564416 249.6400000000539
12483 1.328049819439691 249.6600000000539
12484 1.329897315077714 249.6800000000539
12485 1.332460411630408 249.7000000000539
12486 1.335706669831259 249.7200000000539
12487 1.339543854968409 249.740000000054
12488 1.343722188965422 249.760000000054
12489 1.348525397488763 249.780000000054
12490 1.35426922621023 249.800000000054
12491 1.360597566040425 249.820000000054
12492 1.367320193594058 249.840000000054
12493 1.374810397888108 249.860000000054
12494 1.382849384616145 249.880000000054
12495 1.391487316945859 249.900000000054
12496 1.399980258820458 249.920000000054
12497 1.409567969054823 249.9400000000541
12498 1.419346979383826 249.9600000000541
12499 1.429997297372452 249.9800000000541
12500 1.441102068561275 250.0000000000541
12501 1.452816540487254 250.0200000000541
12502 1.465189423991522 250.0400000000541
12503 1.477495028406254 250.0600000000541
12504 1.489974151477322 250.0800000000541
12505 1.502720836139506 250.1000000000541
12506 1.516121828129652 250.1200000000541
12507 1.530234029817981 250.1400000000542
12508 1.544217317873276 250.1600000000542
12509 1.558385083707338 250.1800000000542
12510 1.572799605677091 250.2000000000542
12511 1.587563108076422 250.2200000000542
12512 1.602437723163775 250.2400000000542
12513 1.617461456718969 250.2600000000542
12514 1.632794755010329 250.2800000000542
12515 1.647987420909789 250.3000000000542
12516 1.663184624032156 250.3200000000543
12517 1.67851709909331 250.3400000000543
12518 1.693960012781613 250.3600000000543
12519 1.709396090432491 250.3800000000543
12520 1.724700390612298 250.4000000000543
12521 1.739766497656109 250.4200000000543
12522 1.75483491414403 250.4400000000543
12523 1.76967483517576 250.4600000000543
12524 1.784191449657183 250.4800000000543
12525 1.798449044553933 250.5000000000543
12526 1.812560988405977 250.5200000000544
12527 1.826334656237117 250.5400000000544
12528 1.839782337839183 250.5600000000544
12529 1.852917215442859 250.5800000000544
12530 1.865701273343368 250.6000000000544
12531 1.878105877993913 250.6200000000544
12532 1.889903066909983 250.6400000000544
12533 1.901260331060685 250.6600000000544
12534 1.912302796888401 250.6800000000544
12535 1.922729704819966 250.7000000000544
12536 1.932676187278447 250.7200000000545
12537 1.942082931989455 250.7400000000545
12538 1.950911813436333 250.7600000000545
12539 1.959088807359526 250.7800000000545
12540 1.966543899140481 250.8000000000545
12541 1.973641850516688 250.8200000000545
12542 1.980196579627419 250.8400000000545
12543 1.986104576763123 250.8600000000545
12544 1.991462601984828 250.8800000000545
12545 1.996066405032903 250.9000000000545
12546 1.999828938449912 250.9200000000546
12547 2.002920484634227 250.9400000000546
12548 2.005540592918201 250.9600000000546
12549 2.007554951972812 250.9800000000546
12550 2.008611044484113 251.0000000000546
12551 2.009170677077454 251.0200000000546
12552 2.0090721121323 251.0400000000546
12553 2.008349471803384 251.0600000000546
12554 2.00701870882082 251.0800000000546
12555 2.005038889911167 251.1000000000546
12556 2.002405086796344 251.1200000000547
12557 1.998989392555513 251.1400000000547
12558 1.995007478084129 251.1600000000547
12559 1.99044873131063 251.1800000000547
12560 1.985273197901053 251.2000000000547
12561 1.979454554915799 251.2200000000547
12562 1.973166752255837 251.2400000000547
12563 1.966407656243743 251.2600000000547
12564 1.958962353747245 251.2800000000547
12565 1.951009939796554 251.3000000000548
12566 1.942515692855535 251.3200000000548
12567 1.933606778807693 251.3400000000548
12568 1.92416043380898 251.3600000000548
12569 1.914248318363227 251.3800000000548
12570 1.903889141721866 251.4000000000548
12571 1.893042858812288 251.4200000000548
12572 1.881830193839491 251.4400000000548
12573 1.870160763619925 251.4600000000548
12574 1.858076234283172 251.4800000000548
12575 1.845763755958079 251.5000000000549
12576 1.833247936999038 251.5200000000549
12577 1.820478672892637 251.5400000000549
12578 1.807433071579859 251.5600000000549
12579 1.794098342814756 251.5800000000549
12580 1.780685382266084 251.6000000000549
12581 1.767112341207103 251.6200000000549
12582 1.753255803991884 251.6400000000549
12583 1.739201006211605 251.6600000000549
12584 1.725099008493654 251.6800000000549
12585 1.71094753296294 251.700000000055
12586 1.696938046509423 251.720000000055
12587 1.682748374511416 251.740000000055
12588 1.668530623815693 251.760000000055
12589 1.654277995560141 251.780000000055
12590 1.640164783417418 251.800000000055
12591 1.626096996524775 251.820000000055
12592 1.612094857195979 251.840000000055
12593 1.59815946307258 251.860000000055
12594 1.58440354887354 251.880000000055
12595 1.570779984261391 251.9000000000551
12596 1.557379654180858 251.9200000000551
12597 1.54415147513177 251.9400000000551
12598 1.531240133745401 251.9600000000551
12599 1.518569637940755 251.9800000000551
12600 1.506333014809281 252.0000000000551
12601 1.494369492529774 252.0200000000551
12602 1.482676479062316 252.0400000000551
12603 1.471352361572756 252.0600000000551
12604 1.460290075640299 252.0800000000552
12605 1.449589142910403 252.1000000000552
12606 1.439131492145529 252.1200000000552
12607 1.429040351553282 252.1400000000552
12608 1.419394244466284 252.1600000000552
12609 1.410304288583002 252.1800000000552
12610 1.401513587544814 252.2000000000552
12611 1.393195059357231 252.2200000000552
12612 1.385561944252955 252.2400000000552
12613 1.378452074674651 252.2600000000552
12614 1.371803206252591 252.2800000000553
12615 1.365679710547934 252.3000000000553
12616 1.360044552643244 252.3200000000553
12617 1.354895535249854 252.3400000000553
12618 1.350229553512048 252.3600000000553
12619 1.346204154868637 252.3800000000553
12620 1.342752095237671 252.4000000000553
12621 1.33956649933977 252.4200000000553
12622 1.337274226718292 252.4400000000553
12623 1.335806443319213 252.4600000000553
12624 1.334584130294107 252.4800000000554
12625 1.334074428820095 252.5000000000554
12626 1.334271914386669 252.5200000000554
12627 1.335282081529639 252.5400000000554
12628 1.336735701721308 252.5600000000554
12629 1.338734811167892 252.5800000000554
12630 1.341191037523406 252.6000000000554
12631 1.344513630952288 252.6200000000554
12632 1.348217662756649 252.6400000000554
12633 1.352659553980269 252.6600000000554
12634 1.357465107197204 252.6800000000555
12635 1.36331921099603 252.7000000000555
12636 1.369871732978424 252.7200000000555
12637 1.376654807755704 252.7400000000555
12638 1.384192854948362 252.7600000000555
12639 1.392447116229425 252.7800000000555
12640 1.401055534924436 252.8000000000555
12641 1.410653804555428 252.8200000000555
12642 1.420778994000253 252.8400000000555
12643 1.43121371418056 252.8600000000555
12644 1.441767283032967 252.8800000000556
12645 1.452705657171441 252.9000000000556
12646 1.464163274830978 252.9200000000556
12647 1.476140735562721 252.9400000000556
12648 1.488335195258878 252.9600000000556
12649 1.501391208218332 252.9800000000556
12650 1.514887425762442 253.0000000000556
12651 1.528493003135187 253.0200000000556
12652 1.54248287148462 253.0400000000556
12653 1.556552424363062 253.0600000000557
12654 1.570923616964893 253.0800000000557
12655 1.585725369638918 253.1000000000557
12656 1.600636171548644 253.1200000000557
12657 1.615552012179805 253.1400000000557
12658 1.630528891022252 253.1600000000557
12659 1.645572332537752 253.1800000000557
12660 1.660835343485004 253.2000000000557
12661 1.676421549053416 253.2200000000557
12662 1.691817152870428 253.2400000000557
12663 1.706986327154143 253.2600000000558
12664 1.721980366789884 253.2800000000558
12665 1.73690090325568 253.3000000000558
12666 1.751921022986647 253.3200000000558
12667 1.766804939956468 253.3400000000558
12668 1.781331871958403 253.3600000000558
12669 1.795395097388516 253.3800000000558
12670 1.809272833845889 253.4000000000558
12671 1.823019223251747 253.4200000000558
12672 1.836382712999204 253.4400000000558
12673 1.849351006824302 253.4600000000559
12674 1.862112671715441 253.4800000000559
12675 1.874461144610271 253.5000000000559
12676 1.88630072103343 253.5200000000559
12677 1.897693770557104 253.5400000000559
12678 1.908708166420921 253.5600000000559
12679 1.919235365561629 253.5800000000559
12680 1.929385014176518 253.6000000000559
12681 1.93887037168057 253.6200000000559
12682 1.947846471093213 253.6400000000559
12683 1.956147726651736 253.660000000056
12684 1.963774173565993 253.680000000056
12685 1.970930837474276 253.700000000056
12686 1.977390643496989 253.720000000056
12687 1.98322645722016 253.740000000056
12688 1.988585885364602 253.760000000056
12689 1.993274765346773 253.780000000056
12690 1.997186797763407 253.800000000056
12691 2.000607926796703 253.820000000056
12692 2.003180292184782 253.8400000000561
12693 2.005082553760187 253.8600000000561
12694 2.006353769221124 253.8800000000561
12695 2.006965861631864 253.9000000000561
12696 2.00698218560839 253.9200000000561
12697 2.00628674434828 253.9400000000561
12698 2.00493629780369 253.9600000000561
12699 2.002923721766223 253.9800000000561
12700 2.000220804178336 254.0000000000561
12701 1.996827547052955 254.0200000000561
12702 1.992876128704158 254.0400000000562
12703 1.988365482472473 254.0600000000562
12704 1.983214205382576 254.0800000000562
12705 1.977490324695224 254.1000000000562
12706 1.971154447318131 254.1200000000562
12707 1.964326592712371 254.1400000000562
12708 1.957024289598726 254.1600000000562
12709 1.949103235459942 254.1800000000562
12710 1.940627839530038 254.2000000000562
12711 1.931697420448549 254.2200000000562
12712 1.922307142282424 254.2400000000563
12713 1.91244437314938 254.2600000000563
12714 1.902221827994384 254.2800000000563
12715 1.891608312330606 254.3000000000563
12716 1.880547130938107 254.3200000000563
12717 1.869042135272236 254.3400000000563
12718 1.857189563720798 254.3600000000563
12719 1.845078512127068 254.3800000000563
12720 1.832711488379976 254.4000000000563
12721 1.819969093059397 254.4200000000563
12722 1.807020074631452 254.4400000000564
12723 1.793916685299705 254.4600000000564
12724 1.780485021412213 254.4800000000564
12725 1.76694578604917 254.5000000000564
12726 1.753265210049688 254.5200000000564
12727 1.739344135610138 254.5400000000564
12728 1.72539552332792 254.5600000000564
12729 1.71139080581259 254.5800000000564
12730 1.697262385968595 254.6000000000564
12731 1.683206776245459 254.6200000000565
12732 1.669057544539818 254.6400000000565
12733 1.654832079859012 254.6600000000565
12734 1.640675887267109 254.6800000000565
12735 1.626624673137902 254.7000000000565
12736 1.612566305721999 254.7200000000565
12737 1.598732982244734 254.7400000000565
12738 1.584924845321745 254.7600000000565
12739 1.571345095916929 254.7800000000565
12740 1.558008371344506 254.8000000000565
12741 1.544875013873768 254.8200000000566
12742 1.53198413317418 254.8400000000566
12743 1.519299118189891 254.8600000000566
12744 1.506831332960748 254.8800000000566
12745 1.494540112378242 254.9000000000566
12746 1.482449902051776 254.9200000000566
12747 1.470645952849721 254.9400000000566
12748 1.459111436039482 254.9600000000566
12749 1.448030285827005 254.9800000000566
12750 1.437249933597752 255.0000000000566
12751 1.426827179353197 255.0200000000567
12752 1.417014491301634 255.0400000000567
12753 1.407749020761774 255.0600000000567
12754 1.398975239093647 255.0800000000567
12755 1.39065639604634 255.1000000000567
12756 1.382703402783197 255.1200000000567
12757 1.375161718496214 255.1400000000567
12758 1.368105279279021 255.1600000000567
12759 1.361439113365794 255.1800000000567
12760 1.355291494651406 255.2000000000567
12761 1.349742975463666 255.2200000000568
12762 1.344534743470416 255.2400000000568
12763 1.340011016283186 255.2600000000568
12764 1.336253601892191 255.2800000000568
12765 1.332963833639699 255.3000000000568
12766 1.330321085535378 255.3200000000568
12767 1.328373443078694 255.3400000000568
12768 1.32705898145884 255.3600000000568
12769 1.326270557701062 255.3800000000568
12770 1.325974878299982 255.4000000000568
12771 1.326339146076174 255.4200000000569
12772 1.327124859245472 255.4400000000569
12773 1.328539245232978 255.4600000000569
12774 1.330610956693622 255.4800000000569
12775 1.333352718703106 255.5000000000569
12776 1.336858559306471 255.5200000000569
12777 1.340770650681493 255.5400000000569
12778 1.345104688657759 255.5600000000569
12779 1.350194560100969 255.5800000000569
12780 1.356208354124885 255.600000000057
12781 1.362512970604938 255.620000000057
12782 1.369554592861427 255.640000000057
12783 1.377156977153066 255.660000000057
12784 1.385483190809371 255.680000000057
12785 1.393928913600612 255.700000000057
12786 1.402870229352096 255.720000000057
12787 1.412452404635143 255.740000000057
12788 1.422531915696966 255.760000000057
12789 1.433286926298464 255.780000000057
12790 1.444568414924774 255.8000000000571
12791 1.456552575149143 255.8200000000571
12792 1.468929783800024 255.8400000000571
12793 1.481277187544833 255.8600000000571
12794 1.493784532930944 255.8800000000571
12795 1.506695557129686 255.9000000000571
12796 1.520411253979004 255.9200000000571
12797 1.53449048945116 255.9400000000571
12798 1.548481762889098 255.9600000000571
12799 1.562722228805499 255.9800000000571
12800 1.57724331256096 256.0000000000571
12801 1.592098733660602 256.0200000000571
12802 1.606941366034335 256.0400000000571
12803 1.622140647188925 256.0600000000571
12804 1.637410739833675 256.0800000000571
12805 1.652594071568623 256.100000000057
12806 1.667777620498081 256.120000000057
12807 1.683228194826059 256.140000000057
12808 1.6986570155315 256.160000000057
12809 1.714069122975255 256.180000000057
12810 1.729285386284216 256.2000000000569
12811 1.744335707807311 256.2200000000569
12812 1.75940269696886 256.2400000000569
12813 1.774097367190847 256.2600000000569
12814 1.788538429364762 256.2800000000569
12815 1.802754537864594 256.3000000000569
12816 1.816762291096098 256.3200000000568
12817 1.830484634458603 256.3400000000568
12818 1.843793599932597 256.3600000000568
12819 1.856874245112246 256.3800000000568
12820 1.869517290725296 256.4000000000568
12821 1.881760107829648 256.4200000000567
12822 1.893419886384014 256.4400000000567
12823 1.904654100150355 256.4600000000567
12824 1.915530624885893 256.4800000000567
12825 1.925823892610014 256.5000000000567
12826 1.935598450510848 256.5200000000567
12827 1.944841505080518 256.5400000000566
12828 1.9534795736518 256.5600000000566
12829 1.961422915048703 256.5800000000566
12830 1.968744197449389 256.6000000000566
12831 1.975712430791068 256.6200000000566
12832 1.982060515767127 256.6400000000565
12833 1.987788312985835 256.6600000000565
12834 1.993033983388342 256.6800000000565
12835 1.997272823443391 256.7000000000565
12836 2.000864624997866 256.7200000000565
12837 2.003804254072377 256.7400000000565
12838 2.006250766032732 256.7600000000564
12839 2.007994806173401 256.7800000000564
12840 2.008858990795909 256.8000000000564
12841 2.00923892555264 256.8200000000564
12842 2.008960004596597 256.8400000000564
12843 2.008022741471597 256.8600000000563
12844 2.00651589809581 256.8800000000563
12845 2.004339644223832 256.9000000000563
12846 2.001468348969942 256.9200000000563
12847 1.997857342121435 256.9400000000563
12848 1.993730203614709 256.9600000000563
12849 1.988981065141052 256.9800000000562
12850 1.983594641448303 257.0000000000562
12851 1.977625012350524 257.0200000000562
12852 1.971212189542625 257.0400000000562
12853 1.964239505197863 257.0600000000562
12854 1.956635347976323 257.0800000000561
12855 1.948512655703968 257.1000000000561
12856 1.939896870001106 257.1200000000561
12857 1.930834026899604 257.1400000000561
12858 1.921231556966094 257.1600000000561
12859 1.911190902941493 257.1800000000561
12860 1.900673687838777 257.200000000056
12861 1.889705335148736 257.220000000056
12862 1.878377576705874 257.240000000056
12863 1.866569685808482 257.260000000056
12864 1.854396667428568 257.280000000056
12865 1.842026695677432 257.3000000000559
12866 1.829441829671121 257.3200000000559
12867 1.816581367905462 257.3400000000559
12868 1.80344923090593 257.3600000000559
12869 1.790073998726394 257.3800000000559
12870 1.776626340468732 257.4000000000559
12871 1.762962451272428 257.4200000000558
12872 1.749045279085951 257.4400000000558
12873 1.734954633125294 257.4600000000558
12874 1.720849192898469 257.4800000000558
12875 1.706697497192299 257.5000000000558
12876 1.692632776482649 257.5200000000557
12877 1.678472464288728 257.5400000000557
12878 1.664227301934207 257.5600000000557
12879 1.650009789876148 257.5800000000557
12880 1.635932531332466 257.6000000000557
12881 1.621867613148317 257.6200000000557
12882 1.607890100207676 257.6400000000556
12883 1.593989218243724 257.6600000000556
12884 1.580286847147867 257.6800000000556
12885 1.566719073294723 257.7000000000556
12886 1.553351458107102 257.7200000000556
12887 1.54023166887789 257.7400000000555
12888 1.527396075551736 257.7600000000555
12889 1.514846612374744 257.7800000000555
12890 1.502694415988431 257.8000000000555
12891 1.490797380803114 257.8200000000555
12892 1.479187772640119 257.8400000000555
12893 1.467998148252773 257.8600000000554
12894 1.457017550555018 257.8800000000554
12895 1.446430120981045 257.9000000000554
12896 1.43602706632799 257.9200000000554
12897 1.426103700247774 257.9400000000554
12898 1.416577473739534 257.9600000000553
12899 1.407604707536408 257.9800000000553
12900 1.398951030758786 258.0000000000553
12901 1.390832049082447 258.0200000000553
12902 1.383405802024597 258.0400000000553
12903 1.376384905010095 258.0600000000553
12904 1.369892513785851 258.0800000000552
12905 1.363933583661746 258.1000000000552
12906 1.358453694475199 258.1200000000552
12907 1.353428780961648 258.1400000000552
12908 1.34894409115068 258.1600000000552
12909 1.345115115577112 258.1800000000551
12910 1.341738831344833 258.2000000000551
12911 1.338773427176633 258.2200000000551
12912 1.336791837092209 258.2400000000551
12913 1.335437281867592 258.2600000000551
12914 1.334327481755037 258.2800000000551
12915 1.334055565199214 258.300000000055
12916 1.334533557700353 258.320000000055
12917 1.335673925535208 258.340000000055
12918 1.337281853377103 258.360000000055
12919 1.339428885870951 258.380000000055
12920 1.34212976829973 258.4000000000549
12921 1.345571561188109 258.4200000000549
12922 1.349488295568611 258.4400000000549
12923 1.35408795370336 258.4600000000549
12924 1.359113359780354 258.4800000000549
12925 1.36523601718477 258.5000000000549
12926 1.371887791742235 258.5200000000548
12927 1.378874800307758 258.5400000000548
12928 1.38663591295717 258.5600000000548
12929 1.395024048679734 258.5800000000548
12930 1.403813318572708 258.6000000000548
12931 1.413761178435811 258.6200000000547
12932 1.423811511289139 258.6400000000547
12933 1.434452780368855 258.6600000000547
12934 1.445040289471022 258.6800000000547
12935 1.456129596405775 258.7000000000547
12936 1.46776699093865 258.7200000000547
12937 1.479820272872638 258.7400000000546
12938 1.492197983159666 258.7600000000546
12939 1.50547842833219 258.7800000000546
12940 1.518954178645219 258.8000000000546
12941 1.532766168113705 258.8200000000546
12942 1.546731468478078 258.8400000000545
12943 1.560880955598659 258.8600000000545
12944 1.575351278609947 258.8800000000545
12945 1.590297139768518 258.9000000000545
12946 1.605135592631035 258.9200000000545
12947 1.620083768659152 258.9400000000545
12948 1.635082855870118 258.9600000000544
12949 1.650164080841351 258.9800000000544
12950 1.665583050195871 259.0000000000544
12951 1.681139542246074 259.0200000000544
12952 1.696472992240766 259.0400000000544
12953 1.711552944597 259.0600000000543
12954 1.726532622977245 259.0800000000543
12955 1.741482297040767 259.1000000000543
12956 1.756461202712844 259.1200000000543
12957 1.771298721980198 259.1400000000543
12958 1.785649681949865 259.1600000000543
12959 1.799625103557141 259.1800000000542
12960 1.813480848289094 259.2000000000542
12961 1.827128856150015 259.2200000000542
12962 1.840380401467528 259.2400000000542
12963 1.853305754652082 259.2600000000542
12964 1.865913193724499 259.2800000000541
12965 1.878131536400835 259.3000000000541
12966 1.889816497142574 259.3200000000541
12967 1.901097080697812 259.3400000000541
12968 1.911972231378335 259.3600000000541
12969 1.922401723627412 259.3800000000541
12970 1.932334791543951 259.400000000054
12971 1.941682448147107 259.420000000054
12972 1.9504574031502 259.440000000054
12973 1.958563227104652 259.460000000054
12974 1.966008666109136 259.480000000054
12975 1.972998570950333 259.5000000000539
12976 1.97924740213918 259.5200000000539
12977 1.984936857410231 259.5400000000539
12978 1.990111151953392 259.5600000000539
12979 1.994548168239131 259.5800000000539
12980 1.998341397198382 259.6000000000539
12981 2.001491966285218 259.6200000000538
12982 2.003871220464151 259.6400000000538
12983 2.005567214237028 259.6600000000538
12984 2.006642031495837 259.6800000000538
12985 2.007073340438087 259.7000000000538
12986 2.006885661714895 259.7200000000537
12987 2.005963327186814 259.7400000000537
12988 2.004439640059986 259.7600000000537
12989 2.002210753470352 259.7800000000537
12990 1.999298742880448 259.8000000000537
12991 1.995725127157521 259.8200000000537
12992 1.99161171923083 259.8400000000536
12993 1.986906123231265 259.8600000000536
12994 1.981560912573658 259.8800000000536
12995 1.975667271194993 259.9000000000536
12996 1.969174064600982 259.9200000000536
12997 1.962196675833629 259.9400000000535
12998 1.954707698687738 259.9600000000535
12999 1.946612972667296 259.9800000000535
13000 1.937996286058792 260.0000000000535
13001 1.928924146922054 260.0200000000535
13002 1.919398636644459 260.0400000000535
13003 1.909389510517797 260.0600000000534
13004 1.899084752037259 260.0800000000534
13005 1.888328712482986 260.1000000000534
13006 1.877130664819453 260.1200000000534
13007 1.865504353543184 260.1400000000534
13008 1.853566489000384 260.1600000000533
13009 1.841391457079238 260.1800000000533
13010 1.828903777214935 260.2000000000533
13011 1.816089060650252 260.2200000000533
13012 1.80310428856865 260.2400000000533
13013 1.789892233647068 260.2600000000533
13014 1.776415046321719 260.2800000000532
13015 1.762850759715034 260.3000000000532
13016 1.749067797380523 260.3200000000532
13017 1.735158151655426 260.3400000000532
13018 1.72120055337447 260.3600000000532
13019 1.707132435377886 260.3800000000531
13020 1.693013429779423 260.4000000000531
13021 1.678937365503107 260.4200000000531
13022 1.664787982818742 260.4400000000531
13023 1.65055158910656 260.4600000000531
13024 1.636474620775767 260.4800000000531
13025 1.622362708593684 260.500000000053
13026 1.608371650918222 260.520000000053
13027 1.594547560177352 260.540000000053
13028 1.580799456611242 260.560000000053
13029 1.56728135085679 260.580000000053
13030 1.554020357404243 260.6000000000529
13031 1.540957224569907 260.6200000000529
13032 1.528124743560062 260.6400000000529
13033 1.515505412664918 260.6600000000529
13034 1.503090955650763 260.6800000000529
13035 1.490858730392214 260.7000000000529
13036 1.478852389523204 260.7200000000528
13037 1.467109445184192 260.7400000000528
13038 1.455714639436963 260.7600000000528
13039 1.444726663227776 260.7800000000528
13040 1.434045978812243 260.8000000000528
13041 1.423796760041414 260.8200000000527
13042 1.414145355409826 260.8400000000527
13043 1.405033016575346 260.8600000000527
13044 1.396425355273585 260.8800000000527
13045 1.388193533226897 260.9000000000527
13046 1.380404458346108 260.9200000000527
13047 1.373021071869127 260.9400000000526
13048 1.366042386934698 260.9600000000526
13049 1.359560977002191 260.9800000000526
13050 1.35355082977788 261.0000000000526
13051 1.348126635353973 261.0200000000526
13052 1.34306543164287 261.0400000000525
13053 1.338822489603356 261.0600000000525
13054 1.335212254902886 261.0800000000525
13055 1.332074115005211 261.1000000000525
13056 1.329673388495404 261.1200000000525
13057 1.327905456705885 261.1400000000525
13058 1.326785742338328 261.1600000000524
13059 1.326157555600965 261.1800000000524
13060 1.326006336880186 261.2000000000524
13061 1.326543525202857 261.2200000000524
13062 1.327497304825966 261.2400000000524
13063 1.329080750144921 261.2600000000523
13064 1.331402130642756 261.2800000000523
13065 1.334328533416021 261.3000000000523
13066 1.338031114245692 261.3200000000523
13067 1.342021473163401 261.3400000000523
13068 1.346544509783109 261.3600000000523
13069 1.351911521298978 261.3800000000522
13070 1.358217096110931 261.4000000000522
13071 1.364538318277318 261.4200000000522
13072 1.371844512332446 261.4400000000522
13073 1.379585830969927 261.4600000000522
13074 1.388160648894595 261.4800000000521
13075 1.396485736948116 261.5000000000521
13076 1.405809091832035 261.5200000000521
13077 1.415386007044258 261.5400000000521
13078 1.425828659159267 261.5600000000521
13079 1.436685684629954 261.5800000000521
13080 1.44811030823899 261.600000000052
13081 1.460333305626574 261.620000000052
13082 1.472665173629192 261.640000000052
13083 1.485096587571031 261.660000000052
13084 1.497654332238206 261.680000000052
13085 1.510767790515438 261.7000000000519
13086 1.524731835082889 261.7200000000519
13087 1.538763345250904 261.7400000000519
13088 1.552799745106046 261.7600000000519
13089 1.567111870175212 261.7800000000519
13090 1.581758377018623 261.8000000000519
13091 1.596642058749753 261.8200000000518
13092 1.611517837830488 261.8400000000518
13093 1.626827017475403 261.8600000000518
13094 1.642065802670913 261.8800000000518
13095 1.657258677244117 261.9000000000518
13096 1.672446955746665 261.9200000000517
13097 1.687950299998795 261.9400000000517
13098 1.703385633053196 261.9600000000517
13099 1.718764919344605 261.9800000000517
13100 1.733900922234657 262.0000000000517
13101 1.748942051791833 262.0200000000517
13102 1.76397863089068 262.0400000000516
13103 1.778538829981499 262.0600000000516
13104 1.792901985808356 262.0800000000516
13105 1.807092002532861 262.1000000000516
13106 1.820985541544054 262.1200000000516
13107 1.834602012386605 262.1400000000515
13108 1.847818084747388 262.1600000000515
13109 1.860796442918677 262.1800000000515
13110 1.87333460370299 262.2000000000515
13111 1.885371453476827 262.2200000000515
13112 1.896902469037733 262.2400000000515
13113 1.908060977675794 262.2600000000514
13114 1.918749290018286 262.2800000000514
13115 1.928887217110873 262.3000000000514
13116 1.938494135251552 262.3200000000514
13117 1.947579385731595 262.3400000000514
13118 1.956014268716182 262.3600000000513
13119 1.963729321113772 262.3800000000513
13120 1.970933602119769 262.4000000000513
13121 1.977741321788865 262.4200000000513
13122 1.983897043850213 262.4400000000513
13123 1.989483388462318 262.4600000000513
13124 1.994470757284081 262.4800000000512
13125 1.998448180366736 262.5000000000512
13126 2.001839836105294 262.5200000000512
13127 2.004634143844475 262.5400000000512
13128 2.006921117415265 262.5600000000512
13129 2.008346825266061 262.5800000000511
13130 2.009084103949176 262.6000000000511
13131 2.009239000198398 262.6200000000511
13132 2.008796802564283 262.6400000000511
13133 2.007666117983573 262.6600000000511
13134 2.005949819131073 262.6800000000511
13135 2.003587857530167 262.700000000051
13136 2.0004686147951 262.720000000051
13137 1.996690917629734 262.740000000051
13138 1.992381340986678 262.760000000051
13139 1.98745753536112 262.780000000051
13140 1.981870549884528 262.8000000000509
13141 1.975750031664337 262.8200000000509
13142 1.969211758620785 262.8400000000509
13143 1.962013650789046 262.8600000000509
13144 1.95426577720689 262.8800000000509
13145 1.945972992621574 262.9000000000509
13146 1.937225753356481 262.9200000000508
13147 1.928002892311321 262.9400000000508
13148 1.918262072430275 262.9600000000508
13149 1.908082272300261 262.9800000000508
13150 1.897410365710876 263.0000000000508
13151 1.886333222469909 263.0200000000507
13152 1.874870952716242 263.0400000000507
13153 1.862922990295793 263.0600000000507
13154 1.850696022054825 263.0800000000507
13155 1.838245621857054 263.1000000000507
13156 1.825594704069012 263.1200000000507
13157 1.812650895332051 263.1400000000506
13158 1.799427627905889 263.1600000000506
13159 1.786016465001849 263.1800000000506
13160 1.772535575669746 263.2000000000506
13161 1.758779212796922 263.2200000000506
13162 1.744785373176829 263.2400000000505
13163 1.730698220046091 263.2600000000505
13164 1.71656101338046 263.2800000000505
13165 1.702462302460689 263.3000000000505
13166 1.688366881790368 263.3200000000505
13167 1.674154249383572 263.3400000000505
13168 1.659901350898693 263.3600000000504
13169 1.645739699823715 263.3800000000504
13170 1.631673450949731 263.4000000000504
13171 1.617631298494783 263.4200000000504
13172 1.603678637967012 263.4400000000504
13173 1.589827681379805 263.4600000000503
13174 1.57615233661262 263.4800000000503
13175 1.562668576006094 263.5000000000503
13176 1.54934859521916 263.5200000000503
13177 1.536324537444416 263.5400000000503
13178 1.523541370315317 263.5600000000503
13179 1.511136997468642 263.5800000000502
13180 1.499074349109242 263.6000000000502
13181 1.487236418135018 263.6200000000502
13182 1.475767574308714 263.6400000000502
13183 1.464641225979388 263.6600000000502
13184 1.453779909880072 263.6800000000501
13185 1.443252781594336 263.7000000000501
13186 1.4329668821167 263.7200000000501
13187 1.423173478330452 263.7400000000501
13188 1.413794467610868 263.7600000000501
13189 1.404932468133683 263.7800000000501
13190 1.396425709947762 263.80000000005
13191 1.388517361782567 263.82000000005
13192 1.381212810085898 263.84000000005
13193 1.374367944617365 263.86000000005
13194 1.368030933119225 263.88000000005
13195 1.362211730270857 263.9000000000499
13196 1.356884137073471 263.9200000000499
13197 1.352005579187274 263.9400000000499
13198 1.347723893755768 263.9600000000499
13199 1.344059195348569 263.9800000000499
13200 1.340759961831368 264.0000000000499
13201 1.338072926794685 264.0200000000498
13202 1.336332662158564 264.0400000000498
13203 1.335043360975891 264.0600000000498
13204 1.334169698173816 264.0800000000498
13205 1.334092254930114 264.1000000000498
13206 1.334845235773663 264.1200000000497
13207 1.336115613612244 264.1400000000497
13208 1.337897705288364 264.1600000000497
13209 1.340167225521052 264.1800000000497
13210 1.343174378841052 264.2000000000497
13211 1.346667593273128 264.2200000000497
13212 1.350842531607602 264.2400000000496
13213 1.355520127808283 264.2600000000496
13214 1.360911800979806 264.2800000000496
13215 1.36723358864248 264.3000000000496
13216 1.373893841046585 264.3200000000496
13217 1.381171783043889 264.3400000000495
13218 1.389158996719448 264.3600000000495
13219 1.397619297969974 264.3800000000495
13220 1.406701186057273 264.4000000000495
13221 1.416963579678205 264.4200000000495
13222 1.426967068282373 264.4400000000495
13223 1.437667005871536 264.4600000000494
13224 1.448372923244583 264.4800000000494
13225 1.459609155038944 264.5000000000494
13226 1.471416099177093 264.5200000000494
13227 1.483562900546151 264.5400000000494
13228 1.496163724455647 264.5600000000493
13229 1.509617408433603 264.5800000000493
13230 1.523088987507685 264.6000000000493
13231 1.537053500505503 264.6200000000493
13232 1.551049704438804 264.6400000000493
13233 1.565249746737443 264.6600000000493
13234 1.579882556771439 264.6800000000492
13235 1.594845739188092 264.7000000000492
13236 1.609717853732735 264.7200000000492
13237 1.624685155174995 264.7400000000492
13238 1.639684221483495 264.7600000000492
13239 1.654818857488912 264.7800000000491
13240 1.670366236306768 264.8000000000491
13241 1.685853523080973 264.8200000000491
13242 1.701133530561961 264.8400000000491
13243 1.716155780380269 264.8600000000491
13244 1.731082151467679 264.8800000000491
13245 1.746071772280541 264.900000000049
13246 1.761051561761299 264.920000000049
13247 1.775772350819634 264.940000000049
13248 1.789984056264794 264.960000000049
13249 1.803881777288818 264.980000000049
13250 1.817709457944622 265.0000000000489
13251 1.831246269191257 265.0200000000489
13252 1.844357181948665 265.0400000000489
13253 1.857253380052056 265.0600000000489
13254 1.869723693768949 265.0800000000489
13255 1.881783933288581 265.1000000000489
13256 1.893331170278565 265.1200000000488
13257 1.904516138086965 265.1400000000488
13258 1.915222088976618 265.1600000000488
13259 1.925566037481855 265.1800000000488
13260 1.935274579283398 265.2000000000488
13261 1.944473867045265 265.2200000000487
13262 1.953035632956249 265.2400000000487
13263 1.96093715964101 265.2600000000487
13264 1.968250322241293 265.2800000000487
13265 1.975028610807398 265.3000000000487
13266 1.981091877834048 265.3200000000487
13267 1.986680182731317 265.3400000000486
13268 1.991569806031531 265.3600000000486
13269 1.995803662263597 265.3800000000486
13270 1.999451392062797 265.4000000000486
13271 2.002340065153578 265.4200000000486
13272 2.004512664450973 265.4400000000485
13273 2.006021054638717 265.4600000000485
13274 2.006903036963842 265.4800000000485
13275 2.007137536858503 265.5000000000485
13276 2.006731744786961 265.5200000000485
13277 2.005609013318681 265.5400000000485
13278 2.003891508076482 265.5600000000484
13279 2.001453338753098 265.5800000000484
13280 1.99831907296851 265.6000000000484
13281 1.994584350148199 265.6200000000484
13282 1.990298944519487 265.6400000000484
13283 1.985405835559829 265.6600000000483
13284 1.979887218574375 265.6800000000483
13285 1.973794221172988 265.7000000000483
13286 1.967156142366948 265.7200000000483
13287 1.960036082656296 265.7400000000483
13288 1.952348974188433 265.7600000000483
13289 1.944087957963135 265.7800000000482
13290 1.935332851337986 265.8000000000482
13291 1.926121894921075 265.8200000000482
13292 1.916455301704461 265.8400000000482
13293 1.906330310730975 265.8600000000482
13294 1.89590102317569 265.8800000000481
13295 1.8850109032129 265.9000000000481
13296 1.873675470118523 265.9200000000481
13297 1.861938078225185 265.9400000000481
13298 1.849922492607196 265.9600000000481
13299 1.83767924178022 265.9800000000481
13300 1.825059326549395 266.000000000048
13301 1.81218024864642 266.020000000048
13302 1.799159271486892 266.040000000048
13303 1.785836529291856 266.060000000048
13304 1.772324607324947 266.080000000048
13305 1.758724844525171 266.1000000000479
13306 1.744854334756796 266.1200000000479
13307 1.730945427423386 266.1400000000479
13308 1.716952759048812 266.1600000000479
13309 1.70282299635765 266.1800000000479
13310 1.688744996001486 266.2000000000479
13311 1.674660790767874 266.2200000000478
13312 1.660432341175402 266.2400000000478
13313 1.646274823036284 266.2600000000478
13314 1.632197221013036 266.2800000000478
13315 1.618094242318086 266.3000000000478
13316 1.604193634689227 266.3200000000477
13317 1.590355273934226 266.3400000000477
13318 1.576688337539684 266.3600000000477
13319 1.56323380332892 266.3800000000477
13320 1.550035692067849 266.4000000000477
13321 1.537045643916729 266.4200000000477
13322 1.524278734770391 266.4400000000476
13323 1.511725108622879 266.4600000000476
13324 1.499354016573291 266.4800000000476
13325 1.487173602115143 266.5000000000476
13326 1.475269893559794 266.5200000000476
13327 1.463600526543001 266.5400000000475
13328 1.452347429198531 266.5600000000475
13329 1.441451302668165 266.5800000000475
13330 1.430871284347922 266.6000000000475
13331 1.420819792394333 266.6200000000475
13332 1.411337936106272 266.6400000000475
13333 1.4023634370494 266.6600000000474
13334 1.393906149155967 266.6800000000474
13335 1.38577619796257 266.7000000000474
13336 1.378106928873435 266.7200000000474
13337 1.370855484545652 266.7400000000474
13338 1.363993718770161 266.7600000000473
13339 1.357673771796218 266.7800000000473
13340 1.351862506501072 266.8000000000473
13341 1.34653268260344 266.8200000000473
13342 1.34167973764568 266.8400000000473
13343 1.337677527880953 266.8600000000473
13344 1.334208934561369 266.8800000000472
13345 1.331276723896301 266.9000000000472
13346 1.329064496353206 266.9200000000472
13347 1.327506949732401 266.9400000000472
13348 1.326516306282808 266.9600000000472
13349 1.326070505085609 266.9800000000471
13350 1.326135546376399 267.0000000000471
13351 1.326784832118243 267.0200000000471
13352 1.327934719627671 267.0400000000471
13353 1.329724887864239 267.0600000000471
13354 1.332232928709323 267.0800000000471
13355 1.335410833294957 267.100000000047
13356 1.339230332212016 267.120000000047
13357 1.343355922733141 267.140000000047
13358 1.348093551849557 267.160000000047
13359 1.353760242385225 267.180000000047
13360 1.360083516532782 267.2000000000469
13361 1.366706817191666 267.2200000000469
13362 1.374178944506766 267.2400000000469
13363 1.382129780806129 267.2600000000469
13364 1.390815250477611 267.2800000000469
13365 1.399202868688914 267.3000000000469
13366 1.408769708980034 267.3200000000468
13367 1.418488257439215 267.3400000000468
13368 1.429099278594292 267.3600000000468
13369 1.440144180634122 267.3800000000468
13370 1.451799797405704 267.4000000000468
13371 1.464154554848491 267.4200000000467
13372 1.476458821747558 267.4400000000467
13373 1.488937547656255 267.4600000000467
13374 1.501626252332989 267.4800000000467
13375 1.514955187235862 267.5000000000467
13376 1.529053034965208 267.5200000000467
13377 1.543058314813765 267.5400000000466
13378 1.55718673026328 267.5600000000466
13379 1.571582848811026 267.5800000000466
13380 1.586317893378422 267.6000000000466
13381 1.601203614835836 267.6200000000466
13382 1.616181441380362 267.6400000000465
13383 1.631540817271139 267.6600000000465
13384 1.646734111706167 267.6800000000465
13385 1.661940636148515 267.7000000000465
13386 1.677231642918418 267.7200000000465
13387 1.692691091571318 267.7400000000465
13388 1.708130951087594 267.7600000000464
13389 1.723463939789271 267.7800000000464
13390 1.738550244379179 267.8000000000464
13391 1.753603318274572 267.8200000000464
13392 1.768506034817016 267.8400000000464
13393 1.783030102976958 267.8600000000463
13394 1.797310139975619 267.8800000000463
13395 1.811447032106571 267.9000000000463
13396 1.825237085224594 267.9200000000463
13397 1.838737781946125 267.9400000000463
13398 1.851882188980701 267.9600000000463
13399 1.86472712361615 267.9800000000462
13400 1.877157076029775 268.0000000000462
13401 1.889010834326655 268.0200000000462
13402 1.90040832685031 268.0400000000462
13403 1.911469920530026 268.0600000000462
13404 1.921959793383934 268.0800000000461
13405 1.931949758190545 268.1000000000461
13406 1.941404943205515 268.1200000000461
13407 1.950293856321923 268.1400000000461
13408 1.958530762611008 268.1600000000461
13409 1.96604177819543 268.180000000046
13410 1.973154255373645 268.200000000046
13411 1.97974110420895 268.220000000046
13412 1.985743315584602 268.240000000046
13413 1.991150531264357 268.260000000046
13414 1.99584337237367 268.280000000046
13415 1.999648965874157 268.3000000000459
13416 2.00280777864345 268.3200000000459
13417 2.005459788424568 268.3400000000459
13418 2.007545440636441 268.3600000000459
13419 2.008675810902182 268.3800000000459
13420 2.00927359375575 268.4000000000458
13421 2.009235606068627 268.4200000000458
13422 2.008575561283093 268.4400000000458
13423 2.007283037607578 268.4600000000458
13424 2.005370662178761 268.4800000000458
13425 2.002796982468456 268.5000000000458
13426 1.999444192562839 268.5200000000457
13427 1.995507669061612 268.5400000000457
13428 1.991001320001091 268.5600000000457
13429 1.985887847555697 268.5800000000457
13430 1.980110973267826 268.6000000000457
13431 1.973856038898409 268.6200000000456
13432 1.967153410088549 268.6400000000456
13433 1.959758954818946 268.6600000000456
13434 1.951850544290505 268.6800000000456
13435 1.94339646480406 268.7000000000456
13436 1.934523663598225 268.7200000000456
13437 1.925128417212199 268.7400000000455
13438 1.915249552244428 268.7600000000455
13439 1.904929376253992 268.7800000000455
13440 1.894123462058582 268.8000000000455
13441 1.882932371332319 268.8200000000455
13442 1.87131786836029 268.8400000000454
13443 1.859251791587035 268.8600000000454
13444 1.846960431952676 268.8800000000454
13445 1.834451551392244 268.9000000000454
13446 1.821710355155526 268.9200000000454
13447 1.808685997509065 268.9400000000454
13448 1.795374172605598 268.9600000000453
13449 1.781956835756271 268.9800000000453
13450 1.768402914349733 269.0000000000453
13451 1.754567725665058 269.0200000000453
13452 1.740517987087155 269.0400000000453
13453 1.726415051190382 269.0600000000452
13454 1.712270810396151 269.0800000000452
13455 1.698244705100242 269.1000000000452
13456 1.684067081691205 269.1200000000452
13457 1.669860407632447 269.1400000000452
13458 1.655592862234966 269.1600000000452
13459 1.641461843328596 269.1800000000451
13460 1.627394635968265 269.2000000000451
13461 1.613379500997032 269.2200000000451
13462 1.599437980862598 269.2400000000451
13463 1.585658091648231 269.2600000000451
13464 1.572020264988835 269.280000000045
13465 1.558600798610503 269.300000000045
13466 1.545347864684106 269.320000000045
13467 1.532412117557108 269.340000000045
13468 1.519705966711738 269.360000000045
13469 1.507444041828563 269.380000000045
13470 1.495448063318155 269.4000000000449
13471 1.483730236110368 269.4200000000449
13472 1.47236501700284 269.4400000000449
13473 1.461288113931141 269.4600000000449
13474 1.450550204258869 269.4800000000449
13475 1.440068410309641 269.5000000000448
13476 1.429931730397751 269.5200000000448
13477 1.420248059790331 269.5400000000448
13478 1.411061990207139 269.5600000000448
13479 1.402289048056528 269.5800000000448
13480 1.393904188613369 269.6000000000448
13481 1.386233425558702 269.6200000000447
13482 1.379070047086954 269.6400000000447
13483 1.372381898308069 269.6600000000447
13484 1.366207228497977 269.6800000000447
13485 1.360533949445241 269.7000000000447
13486 1.355341730872222 269.7200000000446
13487 1.350627705749873 269.7400000000446
13488 1.34655064609357 269.7600000000446
13489 1.343049838646321 269.7800000000446
13490 1.339834557400294 269.8000000000446
13491 1.337453265137465 269.8200000000446
13492 1.335929579653662 269.8400000000445
13493 1.334686810486545 269.8600000000445
13494 1.334090369437265 269.8800000000445
13495 1.334243468961413 269.9000000000445
13496 1.335184977278842 269.9200000000445
13497 1.336608333783661 269.9400000000444
13498 1.338547692309559 269.9600000000444
13499 1.34095930092473 269.9800000000444
13500 1.34425050501892 270.0000000000444
13501 1.347881547854993 270.0200000000444
13502 1.352277957531165 270.0400000000444
13503 1.357040758712152 270.0600000000443
13504 1.362801367996962 270.0800000000443
13505 1.369309293606298 270.1000000000443
13506 1.376057339171257 270.1200000000443
13507 1.383532641654385 270.1400000000443
13508 1.391742001385857 270.1600000000442
13509 1.40032843298617 270.1800000000442
13510 1.409822497063068 270.2000000000442
13511 1.419965904737466 270.2200000000442
13512 1.430311408092527 270.2400000000442
13513 1.440886855320243 270.2600000000442
13514 1.451778349676205 270.2800000000441
13515 1.463194876145008 270.3000000000441
13516 1.475138454238743 270.3200000000441
13517 1.487318472535549 270.3400000000441
13518 1.500277490206879 270.3600000000441
13519 1.513791314706089 270.380000000044
13520 1.527342501980704 270.400000000044
13521 1.541346063141848 270.420000000044
13522 1.555391712487992 270.440000000044
13523 1.569730781151443 270.460000000044
13524 1.584496939372966 270.480000000044
13525 1.599432045918596 270.5000000000439
13526 1.614345704315191 270.5200000000439
13527 1.629323568648036 270.5400000000439
13528 1.644356823204077 270.5600000000439
13529 1.659587353873918 270.5800000000439
13530 1.675176395554595 270.6000000000438
13531 1.690596362260365 270.6200000000438
13532 1.705788316863291 270.6400000000438
13533 1.720790818063571 270.6600000000438
13534 1.73570796293986 270.6800000000438
13535 1.750731199538588 270.7000000000438
13536 1.765644941961305 270.7200000000437
13537 1.780218254390872 270.7400000000437
13538 1.794308375325744 270.7600000000437
13539 1.808190034716385 270.7800000000437
13540 1.821966339621482 270.8000000000437
13541 1.835369637314424 270.8200000000436
13542 1.848357634713579 270.8400000000436
13543 1.861168006861215 270.8600000000436
13544 1.873544649415303 270.8800000000436
13545 1.885432782971852 270.9000000000436
13546 1.896858622693593 270.9200000000436
13547 1.907916561882931 270.9400000000435
13548 1.91847809929462 270.9600000000435
13549 1.928661786043918 270.9800000000435
13550 1.938210529894283 271.0000000000435
13551 1.947236259344019 271.0200000000435
13552 1.955600398962375 271.0400000000434
13553 1.963281405707591 271.0600000000434
13554 1.97047850661911 271.0800000000434
13555 1.977008537314513 271.1000000000434
13556 1.98288791434972 271.1200000000434
13557 1.988343869939034 271.1400000000434
13558 1.993032738432443 271.1600000000433
13559 1.997012846223433 271.1800000000433
13560 2.000489488401309 271.2000000000433
13561 2.003125422289222 271.2200000000433
13562 2.005086022523609 271.2400000000433
13563 2.006411913992151 271.2600000000432
13564 2.007078765303761 271.2800000000432
13565 2.007143474644871 271.3000000000432
13566 2.006512066365773 271.3200000000432
13567 2.005206120953226 271.3400000000432
13568 2.003262518922719 271.3600000000432
13569 2.000611678386246 271.3800000000431
13570 1.997273865324195 271.4000000000431
13571 1.993360748641799 271.4200000000431
13572 1.98890804837986 271.4400000000431
13573 1.983811782616739 271.4600000000431
13574 1.978130703539744 271.480000000043
13575 1.971838291575241 271.500000000043
13576 1.965044206777327 271.520000000043
13577 1.957791293928404 271.540000000043
13578 1.949912665776482 271.560000000043
13579 1.941485920028024 271.580000000043
13580 1.932589734765203 271.6000000000429
13581 1.923242187367091 271.6200000000429
13582 1.913412674165052 271.6400000000429
13583 1.903207758791723 271.6600000000429
13584 1.89263178760787 271.6800000000429
13585 1.881608116707901 271.7000000000428
13586 1.870137648110568 271.7200000000428
13587 1.858302396187184 271.7400000000428
13588 1.846210086776937 271.7600000000428
13589 1.833873272892537 271.7800000000428
13590 1.821148939067938 271.8000000000428
13591 1.808210895074063 271.8200000000427
13592 1.795131834988196 271.8400000000427
13593 1.781713981443145 271.8600000000427
13594 1.768175258706819 271.8800000000427
13595 1.754520778585885 271.9000000000427
13596 1.740596838119331 271.9200000000426
13597 1.726661407345516 271.9400000000426
13598 1.712652606209756 271.9600000000426
13599 1.698521230380049 271.9800000000426
13600 1.684471958150886 272.0000000000426
13601 1.670319343936959 272.0200000000426
13602 1.656092198387148 272.0400000000425
13603 1.641933525038409 272.0600000000425
13604 1.627874331472238 272.0800000000425
13605 1.613804274145557 272.1000000000425
13606 1.59995748133121 272.1200000000425
13607 1.586134261765035 272.1400000000424
13608 1.572533215540261 272.1600000000424
13609 1.559160681059859 272.1800000000424
13610 1.546026615292629 272.2000000000424
13611 1.533105621717685 272.2200000000424
13612 1.52040335883634 272.2400000000424
13613 1.507908562289023 272.2600000000423
13614 1.495597262434185 272.2800000000423
13615 1.483481367293401 272.3000000000423
13616 1.47165877362589 272.3200000000423
13617 1.460089797345957 272.3400000000423
13618 1.448976464853087 272.3600000000422
13619 1.438168342927218 272.3800000000422
13620 1.427707922616937 272.4000000000422
13621 1.417842241392087 272.4200000000422
13622 1.408533437265365 272.4400000000422
13623 1.399718646374353 272.4600000000422
13624 1.391369616291835 272.4800000000421
13625 1.383380497369803 272.5000000000421
13626 1.375808463610128 272.5200000000421
13627 1.368693784825448 272.5400000000421
13628 1.361984563514847 272.5600000000421
13629 1.355803974418633 272.580000000042
13630 1.350201807502984 272.600000000042
13631 1.344966952319246 272.620000000042
13632 1.340371568700174 272.640000000042
13633 1.336568382241383 272.660000000042
13634 1.333229206703073 272.680000000042
13635 1.330553997536938 272.7000000000419
13636 1.328530597563041 272.7200000000419
13637 1.32716658102786 272.7400000000419
13638 1.326336007103245 272.7600000000419
13639 1.325996122521142 272.7800000000419
13640 1.326304178911128 272.8000000000418
13641 1.327065032389407 272.8200000000418
13642 1.328423618239692 272.8400000000418
13643 1.330436597838993 272.8600000000418
13644 1.333128490147788 272.8800000000418
13645 1.336583006536329 272.9000000000418
13646 1.340466741160539 272.9200000000417
13647 1.34475461099659 272.9400000000417
13648 1.349772211487776 272.9600000000417
13649 1.355721482271574 272.9800000000417
13650 1.362021125038008 273.0000000000417
13651 1.368972151109408 273.0200000000416
13652 1.376555175395922 273.0400000000416
13653 1.384821427951415 273.0600000000416
13654 1.393299558082796 273.0800000000416
13655 1.402126571118109 273.1000000000416
13656 1.411722176693341 273.1200000000416
13657 1.421716597801401 273.1400000000415
13658 1.432433877975601 273.1600000000415
13659 1.443684036535205 273.1800000000415
13660 1.455591469276598 273.2000000000415
13661 1.467975419744839 273.2200000000415
13662 1.480318750250268 273.2400000000414
13663 1.492821239474535 273.2600000000414
13664 1.505674573108088 273.2800000000414
13665 1.519315806792829 273.3000000000414
13666 1.533406067345438 273.3200000000414
13667 1.547402899910671 273.3400000000414
13668 1.561640311674459 273.3600000000413
13669 1.576120528512793 273.3800000000413
13670 1.59095389405373 273.4000000000413
13671 1.605807294423685 273.4200000000413
13672 1.620965085679522 273.4400000000413
13673 1.636261115613311 273.4600000000412
13674 1.651437687563874 273.4800000000412
13675 1.666635860129747 273.5000000000412
13676 1.68205422646882 273.5200000000412
13677 1.697491293858449 273.5400000000412
13678 1.712910935346909 273.5600000000412
13679 1.728168277257459 273.5800000000411
13680 1.743212507721978 273.6000000000411
13681 1.758290841574101 273.6200000000411
13682 1.773027146448604 273.6400000000411
13683 1.787495260425431 273.6600000000411
13684 1.801720804884392 273.680000000041
13685 1.815763195723349 273.700000000041
13686 1.829497528741367 273.720000000041
13687 1.842862583500742 273.740000000041
13688 1.855940312850651 273.760000000041
13689 1.868635872956516 273.780000000041
13690 1.88093318609707 273.8000000000409
13691 1.892627403084255 273.8200000000409
13692 1.903889768352895 273.8400000000409
13693 1.914811740119104 273.8600000000409
13694 1.925141444018094 273.8800000000409
13695 1.934981955473745 273.9000000000408
13696 1.944251295935094 273.9200000000408
13697 1.952953906851218 273.9400000000408
13698 1.960957180454909 273.9600000000408
13699 1.968310685465112 273.9800000000408
13700 1.975313036218422 274.0000000000408
13701 1.981722945141657 274.0200000000407
13702 1.987477528829958 274.0400000000407
13703 1.992800831070221 274.0600000000407
13704 1.997108855023047 274.0800000000407
13705 2.000754462357291 274.1000000000407
13706 2.00373218705949 274.1200000000406
13707 2.006219667905956 274.1400000000406
13708 2.008046247016242 274.1600000000406
13709 2.008952128448767 274.1800000000406
13710 2.009380327591241 274.2000000000406
13711 2.00914704342164 274.2200000000406
13712 2.008268847068848 274.2400000000405
13713 2.006808733482176 274.2600000000405
13714 2.004682714343353 274.2800000000405
13715 2.00188081048525 274.3000000000405
13716 1.998322121013178 274.3200000000405
13717 1.994230759383664 274.3400000000404
13718 1.989532512884754 274.3600000000404
13719 1.984202105967356 274.3800000000404
13720 1.978264063547454 274.4000000000404
13721 1.97188469669126 274.4200000000404
13722 1.964966095918354 274.4400000000404
13723 1.957407268746094 274.4600000000403
13724 1.949323988256486 274.4800000000403
13725 1.940742343267599 274.5000000000403
13726 1.93171938700068 274.5200000000403
13727 1.922154534252717 274.5400000000403
13728 1.912150313475005 274.5600000000402
13729 1.901675318712716 274.5800000000402
13730 1.890733920696372 274.6000000000402
13731 1.879437155868244 274.6200000000402
13732 1.867660266900931 274.6400000000402
13733 1.855503949229871 274.6600000000402
13734 1.843152581430663 274.6800000000401
13735 1.830583473942055 274.7000000000401
13736 1.817743130996028 274.7200000000401
13737 1.80463471029745 274.7400000000401
13738 1.791258457333325 274.7600000000401
13739 1.777820497487634 274.78000000004
13740 1.764180123636399 274.80000000004
13741 1.750273961854317 274.82000000004
13742 1.736193638232994 274.84000000004
13743 1.722078537451782 274.86000000004
13744 1.70793171190689 274.88000000004
13745 1.693858975444557 274.9000000000399
13746 1.679701131239656 274.9200000000399
13747 1.665462824063039 274.9400000000399
13748 1.651228543667425 274.9600000000399
13749 1.637145907492943 274.9800000000399
13750 1.623074260820518 275.0000000000398
13751 1.609086458852298 275.0200000000398
13752 1.595173002004939 275.0400000000398
13753 1.581455433056123 275.0600000000398
13754 1.567870164456707 275.0800000000398
13755 1.554478048139929 275.1000000000398
13756 1.541339527650941 275.1200000000397
13757 1.528472716590842 275.1400000000397
13758 1.515899027490366 275.1600000000397
13759 1.503717910563725 275.1800000000397
13760 1.491792573527758 275.2000000000397
13761 1.480143042605723 275.2200000000396
13762 1.468952660793177 275.2400000000396
13763 1.457930668428223 275.2600000000396
13764 1.447320664366973 275.2800000000396
13765 1.43689233833719 275.3000000000396
13766 1.426921988182822 275.3200000000396
13767 1.417356194761999 275.3400000000395
13768 1.408350947806465 275.3600000000395
13769 1.399656979182986 275.3800000000395
13770 1.391481938022529 275.4000000000395
13771 1.383961176595222 275.4200000000395
13772 1.376951782263452 275.4400000000394
13773 1.37041066772215 275.4600000000394
13774 1.364433202767856 275.4800000000394
13775 1.358897424710543 275.5000000000394
13776 1.353840205635786 275.5200000000394
13777 1.349307922620713 275.5400000000394
13778 1.34542214932829 275.5600000000393
13779 1.342028416710603 275.5800000000393
13780 1.338990662456426 275.6000000000393
13781 1.336940942096286 275.6200000000393
13782 1.335545947719226 275.6400000000393
13783 1.334393610513974 275.6600000000392
13784 1.334087169819371 275.6800000000392
13785 1.334464842175393 275.7000000000392
13786 1.335596707171991 275.7200000000392
13787 1.337162774254993 275.7400000000392
13788 1.339258603751027 275.7600000000392
13789 1.341890374820089 275.7800000000391
13790 1.345307123661357 275.8000000000391
13791 1.349173211211355 275.8200000000391
13792 1.353732093439235 275.8400000000391
13793 1.358693964411482 275.8600000000391
13794 1.364754265515268 275.880000000039
13795 1.371391859133812 275.900000000039
13796 1.378304826918954 275.920000000039
13797 1.386017670274632 275.940000000039
13798 1.394380784626494 275.960000000039
13799 1.403119068823 275.980000000039
13800 1.412988350155547 276.0000000000389
13801 1.423039457702224 276.0200000000389
13802 1.43365434002994 276.0400000000389
13803 1.444213441153726 276.0600000000389
13804 1.455269901453438 276.0800000000389
13805 1.466872554241383 276.1000000000388
13806 1.478899289647377 276.1200000000388
13807 1.491232112284416 276.1400000000388
13808 1.504460986328432 276.1600000000388
13809 1.517947920689688 276.1800000000388
13810 1.531708170226316 276.2000000000388
13811 1.545688725656238 276.2200000000387
13812 1.559817326395419 276.2400000000387
13813 1.574252321211516 276.2600000000387
13814 1.589180684584649 276.2800000000387
13815 1.604026707180947 276.3000000000387
13816 1.618974155240348 276.3200000000386
13817 1.633980643049818 276.3400000000386
13818 1.649054340592953 276.3600000000386
13819 1.664430477594462 276.3800000000386
13820 1.680005503897278 276.4000000000386
13821 1.695359748812567 276.4200000000386
13822 1.710468710472634 276.4400000000385
13823 1.725453638103368 276.4600000000385
13824 1.740393210454634 276.4800000000385
13825 1.755374494578034 276.5000000000385
13826 1.770249063784008 276.5200000000385
13827 1.784644675086678 276.5400000000384
13828 1.798635981868259 276.5600000000384
13829 1.812497316401577 276.5800000000384
13830 1.826186545867335 276.6000000000384
13831 1.839461488603583 276.6200000000384
13832 1.852404001544787 276.6400000000384
13833 1.865054296976466 276.6600000000383
13834 1.877309782529166 276.6800000000383
13835 1.88902952052044 276.7000000000383
13836 1.900346434092237 276.7200000000383
13837 1.911262630580396 276.7400000000383
13838 1.921710736004808 276.7600000000382
13839 1.93170823189894 276.7800000000382
13840 1.941089244861382 276.8000000000382
13841 1.949924571702964 276.8200000000382
13842 1.95808275749257 276.8400000000382
13843 1.96556606947641 276.8600000000382
13844 1.972607469703408 276.8800000000381
13845 1.978907056760351 276.9000000000381
13846 1.984632287051155 276.9200000000381
13847 1.989865577927378 276.9400000000381
13848 1.994366379362642 276.9600000000381
13849 1.998181505311361 276.980000000038
13850 2.001412161794179 277.000000000038
13851 2.003841642604968 277.020000000038
13852 2.005587919333454 277.040000000038
13853 2.006711796553 277.060000000038
13854 2.007189324868509 277.080000000038
13855 2.00705331945675 277.1000000000379
13856 2.006187464674931 277.1200000000379
13857 2.00471309872864 277.1400000000379
13858 2.002537708101443 277.1600000000379
13859 1.999675840103228 277.1800000000379
13860 1.996147855023078 277.2000000000378
13861 1.992072421632878 277.2200000000378
13862 1.987419438623284 277.2400000000378
13863 1.982120528429068 277.2600000000378
13864 1.976268718072244 277.2800000000378
13865 1.969811095689185 277.3000000000378
13866 1.962864940265067 277.3200000000377
13867 1.955428191332349 277.3400000000377
13868 1.947378258956183 277.3600000000377
13869 1.938791998358849 277.3800000000377
13870 1.929759561104917 277.4000000000377
13871 1.920259562490054 277.4200000000376
13872 1.910287016682271 277.4400000000376
13873 1.900003823026361 277.4600000000376
13874 1.889285117094478 277.4800000000376
13875 1.878116449209929 277.5000000000376
13876 1.866520377959945 277.5200000000376
13877 1.854602188767683 277.5400000000375
13878 1.84243812017022 277.5600000000375
13879 1.829981775468316 277.5800000000375
13880 1.817181830557207 277.6000000000375
13881 1.804196199315785 277.6200000000375
13882 1.791017687031004 277.6400000000374
13883 1.777541516040723 277.6600000000374
13884 1.763985299674714 277.6800000000374
13885 1.750227786527395 277.7000000000374
13886 1.736310118382619 277.7200000000374
13887 1.722316142596692 277.7400000000374
13888 1.708297367218522 277.7600000000373
13889 1.694173906117064 277.7800000000373
13890 1.680101736567868 277.8000000000373
13891 1.665946861219794 277.8200000000373
13892 1.65171406548186 277.8400000000373
13893 1.637630440192668 277.8600000000372
13894 1.62351214578449 277.8800000000372
13895 1.60949816212039 277.9000000000372
13896 1.595675073970478 277.9200000000372
13897 1.581907922414619 277.9400000000372
13898 1.568368741364704 277.9600000000372
13899 1.555093356974804 277.9800000000371
13900 1.54200398412618 278.0000000000371
13901 1.529156047489722 278.0200000000371
13902 1.516512950949932 278.0400000000371
13903 1.504078657420659 278.0600000000371
13904 1.491826407766351 278.080000000037
13905 1.479796513263741 278.100000000037
13906 1.468033049518076 278.120000000037
13907 1.456599128569158 278.140000000037
13908 1.445589811716694 278.160000000037
13909 1.434887125802071 278.180000000037
13910 1.42458703057825 278.2000000000369
13911 1.414892678548668 278.2200000000369
13912 1.405760686114915 278.2400000000369
13913 1.397087505607589 278.2600000000369
13914 1.388850192554259 278.2800000000369
13915 1.381017075830149 278.3000000000368
13916 1.373601690935136 278.3200000000368
13917 1.366576785414383 278.3400000000368
13918 1.360066134502452 278.3600000000368
13919 1.353994881697817 278.3800000000368
13920 1.348551034356966 278.4000000000368
13921 1.343454015031689 278.4200000000367
13922 1.339138836475567 278.4400000000367
13923 1.335491149883223 278.4600000000367
13924 1.332303518622587 278.4800000000367
13925 1.329881709504162 278.5000000000367
13926 1.328039777439996 278.5200000000366
13927 1.326876743139368 278.5400000000366
13928 1.326204178498203 278.5600000000366
13929 1.326012286084828 278.5800000000366
13930 1.326508023965189 278.6000000000366
13931 1.327415196812982 278.6200000000366
13932 1.328955201076629 278.6400000000365
13933 1.331229131963096 278.6600000000365
13934 1.334101303563417 278.6800000000365
13935 1.337766619999947 278.7000000000365
13936 1.341730122124523 278.7200000000365
13937 1.346212639122592 278.7400000000364
13938 1.351514020059897 278.7600000000364
13939 1.357743996563062 278.7800000000364
13940 1.364058275248461 278.8000000000364
13941 1.371309958006437 278.8200000000364
13942 1.379015324570294 278.8400000000364
13943 1.387543230239376 278.8600000000363
13944 1.39587359724589 278.8800000000363
13945 1.405122221772177 278.9000000000363
13946 1.414691452411029 278.9200000000363
13947 1.425049019530958 278.9400000000363
13948 1.435888401661782 278.9600000000362
13949 1.447267366776915 278.9800000000362
13950 1.459449815895481 279.0000000000362
13951 1.471802040845792 279.0200000000362
13952 1.484211320391208 279.0400000000362
13953 1.496740076826413 279.0600000000362
13954 1.50981292386189 279.0800000000361
13955 1.52373597999129 279.1000000000361
13956 1.537761609184413 279.1200000000361
13957 1.551799450748826 279.1400000000361
13958 1.566097477621883 279.1600000000361
13959 1.580712595001927 279.180000000036
13960 1.59559770799692 279.200000000036
13961 1.610465170634931 279.220000000036
13962 1.625749686272919 279.240000000036
13963 1.641002293398013 279.260000000036
13964 1.656194679027658 279.280000000036
13965 1.671379771330184 279.3000000000359
13966 1.686876411153861 279.3200000000359
13967 1.702307911328464 279.3400000000359
13968 1.717712474839714 279.3600000000359
13969 1.732865394429732 279.3800000000359
13970 1.747909118616564 279.4000000000358
13971 1.762964125833413 279.4200000000358
13972 1.777555443157067 279.4400000000358
13973 1.79194270954002 279.4600000000358
13974 1.806145654256633 279.4800000000358
13975 1.820059242133807 279.5000000000358
13976 1.833713014501138 279.5200000000357
13977 1.846952452791664 279.5400000000357
13978 1.859950673480337 279.5600000000357
13979 1.87252848497794 279.5800000000357
13980 1.884621855180964 279.6000000000357
13981 1.896179519935487 279.6200000000356
13982 1.907359043462176 279.6400000000356
13983 1.918097953968021 279.6600000000356
13984 1.928268297099291 279.6800000000356
13985 1.93793467579873 279.7000000000356
13986 1.947049723748127 279.7200000000356
13987 1.95553757105917 279.7400000000355
13988 1.963316946555291 279.7600000000355
13989 1.97054182460071 279.7800000000355
13990 1.9773918248346 279.8000000000355
13991 1.983590889782837 279.8200000000355
13992 1.989217820925373 279.8400000000354
13993 1.994278044011819 279.8600000000354
13994 1.998304223872721 279.8800000000354
13995 2.001763385392558 279.9000000000354
13996 2.004584981918037 279.9200000000354
13997 2.006907630288486 279.9400000000354
13998 2.008419066646168 279.9600000000353
13999 2.009182540628285 279.9800000000353
14000 2.009388628271164 280.0000000000353
14001 2.008981774016874 280.0200000000353
14002 2.00790308372245 280.0400000000353
14003 2.006235474466269 280.0600000000352
14004 2.003921877146 280.0800000000352
14005 2.000865251879715 280.1000000000352
14006 1.997126700357474 280.1200000000352
14007 1.992870296348894 280.1400000000352
14008 1.987977908524698 280.1600000000352
14009 1.982441365201676 280.1800000000351
14010 1.976350343478691 280.2000000000351
14011 1.969845912402407 280.2200000000351
14012 1.962705218821581 280.2400000000351
14013 1.954987737260858 280.2600000000351
14014 1.946735185876126 280.280000000035
14015 1.938015407590616 280.300000000035
14016 1.928833230462122 280.320000000035
14017 1.91912432565934 280.340000000035
14018 1.908978011546243 280.360000000035
14019 1.8983394846643 280.380000000035
14020 1.887288383185332 280.4000000000349
14021 1.875861183117114 280.4200000000349
14022 1.863944810045994 280.4400000000349
14023 1.85172464485313 280.4600000000349
14024 1.839291467077857 280.4800000000349
14025 1.826654229162577 280.5000000000348
14026 1.8137301823984 280.5200000000348
14027 1.800528476444041 280.5400000000348
14028 1.787112288984257 280.5600000000348
14029 1.773640540557858 280.5800000000348
14030 1.759906563565665 280.6000000000348
14031 1.745929883996448 280.6200000000347
14032 1.731834958858838 280.6400000000347
14033 1.717709503770658 280.6600000000347
14034 1.703585194103818 280.6800000000347
14035 1.689500543323194 280.7000000000347
14036 1.675296625258028 280.7200000000346
14037 1.661054421068393 280.7400000000346
14038 1.646863453577508 280.7600000000346
14039 1.632793265724193 280.7800000000346
14040 1.618738130735649 280.8000000000346
14041 1.604781443136019 280.8200000000346
14042 1.590913949840712 280.8400000000345
14043 1.577231137713172 280.8600000000345
14044 1.563724170404081 280.8800000000345
14045 1.550381666679623 280.9000000000345
14046 1.537340097286708 280.9200000000345
14047 1.52453376925559 280.9400000000344
14048 1.512100053431541 280.9600000000344
14049 1.500012722790112 280.9800000000344
14050 1.488151402922653 281.0000000000344
14051 1.476643590877128 281.0200000000344
14052 1.465508026481259 281.0400000000344
14053 1.454611544656661 281.0600000000343
14054 1.444069334242033 281.0800000000343
14055 1.433744271148286 281.1000000000343
14056 1.42391415057202 281.1200000000343
14057 1.414501370982218 281.1400000000343
14058 1.405609394981455 281.1600000000342
14059 1.397066045232492 281.1800000000342
14060 1.389104505353779 281.2000000000342
14061 1.381763752696 281.2200000000342
14062 1.374876141861855 281.2400000000342
14063 1.368497832654774 281.2600000000342
14064 1.362653534845955 281.2800000000341
14065 1.35728346953215 281.3000000000341
14066 1.352368523333385 281.3200000000341
14067 1.348039705248264 281.3400000000341
14068 1.344331123517108 281.3600000000341
14069 1.341009041418794 281.380000000034
14070 1.338261700531737 281.400000000034
14071 1.336456682093334 281.420000000034
14072 1.335149427854491 281.440000000034
14073 1.3342146476983 281.460000000034
14074 1.334082344322764 281.480000000034
14075 1.334792500652394 281.5000000000339
14076 1.336029471019123 281.5200000000339
14077 1.337771818863607 281.5400000000339
14078 1.339994661429121 281.5600000000339
14079 1.342934511092535 281.5800000000339
14080 1.346417129400949 281.6000000000338
14081 1.350534613316692 281.6200000000338
14082 1.355198321453512 281.6400000000338
14083 1.360498130768304 281.6600000000338
14084 1.366786090779926 281.6800000000338
14085 1.373430030344418 281.7000000000338
14086 1.380638009287043 281.7200000000337
14087 1.38857735885071 281.7400000000337
14088 1.397016896331426 281.7600000000337
14089 1.406037681692424 281.7800000000337
14090 1.416234652595816 281.8000000000337
14091 1.426241840080649 281.8200000000336
14092 1.436945652575546 281.8400000000336
14093 1.447604953785867 281.8600000000336
14094 1.458815023031734 281.8800000000336
14095 1.470579811432766 281.9000000000336
14096 1.482712808014154 281.9200000000336
14097 1.495263149681223 281.9400000000335
14098 1.508674469582314 281.9600000000335
14099 1.522158317132885 281.9800000000335
14100 1.536094714063391 282.0000000000335
14101 1.550094395027817 282.0200000000335
14102 1.564257420568751 282.0400000000334
14103 1.578860406871655 282.0600000000334
14104 1.593827438293268 282.0800000000334
14105 1.608698156840671 282.1000000000334
14106 1.623670461908985 282.1200000000334
14107 1.63866426259735 282.1400000000334
14108 1.653786935233108 282.1600000000333
14109 1.669318542305237 282.1800000000333
14110 1.684827787848892 282.2000000000333
14111 1.700130612724863 282.2200000000333
14112 1.715162148610013 282.2400000000333
14113 1.730104450311782 282.2600000000332
14114 1.74508857479864 282.2800000000332
14115 1.760060228002113 282.3000000000332
14116 1.774825865242064 282.3200000000332
14117 1.789073700370898 282.3400000000332
14118 1.802984977016949 282.3600000000332
14119 1.816823986523352 282.3800000000331
14120 1.830386466181537 282.4000000000331
14121 1.843539022706177 282.4200000000331
14122 1.85645014736977 282.4400000000331
14123 1.868950144768474 282.4600000000331
14124 1.881043370668861 282.480000000033
14125 1.892632527263895 282.500000000033
14126 1.903839519236898 282.520000000033
14127 1.914589940072682 282.540000000033
14128 1.924952803861209 282.560000000033
14129 1.934717454441598 282.580000000033
14130 1.943954956640668 282.6000000000329
14131 1.95256884105297 282.6200000000329
14132 1.960521662694029 282.6400000000329
14133 1.967861108074669 282.6600000000329
14134 1.974701213969504 282.6800000000329
14135 1.980800534448249 282.7000000000328
14136 1.986396054350021 282.7200000000328
14137 1.991374069070661 282.7400000000328
14138 1.995660971369865 282.7600000000328
14139 1.999339266112326 282.7800000000328
14140 2.002288352135457 282.8000000000328
14141 2.004509801847832 282.8200000000327
14142 2.006060433005787 282.8400000000327
14143 2.006994602570083 282.8600000000327
14144 2.00727102931605 282.8800000000327
14145 2.006917599037785 282.9000000000327
14146 2.005837186630172 282.9200000000326
14147 2.004166463646515 282.9400000000326
14148 2.001775341989502 282.9600000000326
14149 1.998696218320971 282.9800000000326
14150 1.994995233043101 283.0000000000326
14151 1.990746724940004 283.0200000000326
14152 1.985902896294642 283.0400000000325
14153 1.980421059005033 283.0600000000325
14154 1.974374212843974 283.0800000000325
14155 1.967764531308583 283.1000000000325
14156 1.960669809820994 283.1200000000325
14157 1.953029831334077 283.1400000000324
14158 1.944805194775194 283.1600000000324
14159 1.936084962583774 283.1800000000324
14160 1.926905120821046 283.2000000000324
14161 1.91726712569473 283.2200000000324
14162 1.907162491771944 283.2400000000324
14163 1.896767983618132 283.2600000000323
14164 1.885905302524117 283.2800000000323
14165 1.874600392829152 283.3000000000323
14166 1.862885316757171 283.3200000000323
14167 1.850883066042274 283.3400000000323
14168 1.838654178513321 283.3600000000322
14169 1.826064591956464 283.3800000000322
14170 1.813194145985403 283.4000000000322
14171 1.800186264216225 283.4200000000322
14172 1.786876760642286 283.4400000000322
14173 1.77337749832407 283.4600000000322
14174 1.759779301262771 283.4800000000321
14175 1.745928695246392 283.5000000000321
14176 1.732012686306868 283.5200000000321
14177 1.718025075676383 283.5400000000321
14178 1.703893932935996 283.5600000000321
14179 1.689819311511244 283.580000000032
14180 1.675732942143181 283.600000000032
14181 1.661509207338006 283.620000000032
14182 1.647343700075428 283.640000000032
14183 1.633263406061832 283.660000000032
14184 1.619162470229167 283.680000000032
14185 1.605228394580374 283.7000000000319
14186 1.591394089002491 283.7200000000319
14187 1.577703983846301 283.7400000000319
14188 1.564230260531077 283.7600000000319
14189 1.551017028458383 283.7800000000319
14190 1.538006555714074 283.8000000000318
14191 1.5252188777972 283.8200000000318
14192 1.512646205279276 283.8400000000318
14193 1.500257882799699 283.8600000000318
14194 1.48806191053232 283.8800000000318
14195 1.476131063574086 283.9000000000318
14196 1.464442126527122 283.9200000000317
14197 1.453155346164786 283.9400000000317
14198 1.44223911440145 283.9600000000317
14199 1.431633801799723 283.9800000000317
14200 1.421532610110356 284.0000000000317
14201 1.412019065722193 284.0200000000316
14202 1.403012193932482 284.0400000000316
14203 1.394523007483749 284.0600000000316
14204 1.386369601181755 284.0800000000316
14205 1.378666028174941 284.1000000000316
14206 1.371373568021105 284.1200000000316
14207 1.364482600547625 284.1400000000315
14208 1.358117247742635 284.1600000000315
14209 1.35226452863696 284.1800000000315
14210 1.34691600318412 284.2000000000315
14211 1.342009719894242 284.2200000000315
14212 1.337958253244435 284.2400000000314
14213 1.334455254477049 284.2600000000314
14214 1.331480659229979 284.2800000000314
14215 1.329229382459114 284.3000000000314
14216 1.327621271272578 284.3200000000314
14217 1.326596488730484 284.3400000000314
14218 1.32611092178034 284.3600000000313
14219 1.326118712519364 284.3800000000313
14220 1.326746181797444 284.4000000000313
14221 1.327854648326964 284.4200000000313
14222 1.329599507960791 284.4400000000313
14223 1.332063795139948 284.4600000000312
14224 1.335185296304645 284.4800000000312
14225 1.338992080147046 284.5000000000312
14226 1.343078229379663 284.5200000000312
14227 1.347765607632155 284.5400000000312
14228 1.353371088618036 284.5600000000312
14229 1.359688451074745 284.5800000000311
14230 1.366244009771711 284.6000000000311
14231 1.373691561798018 284.6200000000311
14232 1.381587843297204 284.6400000000311
14233 1.39027002240267 284.6600000000311
14234 1.398618880184579 284.680000000031
14235 1.408155097316772 284.700000000031
14236 1.417827126524981 284.720000000031
14237 1.428399610969708 284.740000000031
14238 1.439402425687656 284.760000000031
14239 1.451022362265678 284.780000000031
14240 1.463348738962067 284.8000000000309
14241 1.475658180906747 284.8200000000309
14242 1.488135779336575 284.8400000000309
14243 1.50078515796554 284.8600000000309
14244 1.514071635125743 284.8800000000309
14245 1.528144033457152 284.9000000000308
14246 1.542157804458235 284.9200000000308
14247 1.556265879724675 284.9400000000308
14248 1.570648133142247 284.9600000000308
14249 1.58536249833287 284.9800000000308
14250 1.600253684955652 285.0000000000308
14251 1.615202088271215 285.0200000000307
14252 1.630576810130064 285.0400000000307
14253 1.645771723756401 285.0600000000307
14254 1.660980363430188 285.0800000000307
14255 1.676236627538254 285.1000000000307
14256 1.691721435631393 285.1200000000306
14257 1.707163072283681 285.1400000000306
14258 1.722519586997586 285.1600000000306
14259 1.737621477529581 285.1800000000306
14260 1.752662410121145 285.2000000000306
14261 1.767613359182167 285.2200000000306
14262 1.782140207035939 285.2400000000305
14263 1.796441473062274 285.2600000000305
14264 1.810595613565523 285.2800000000305
14265 1.824409876304997 285.3000000000305
14266 1.837941479598722 285.3200000000305
14267 1.851100635955559 285.3400000000304
14268 1.863985537483332 285.3600000000304
14269 1.876437206615605 285.3800000000304
14270 1.888341388172636 285.4000000000304
14271 1.899761568577369 285.4200000000304
14272 1.910847529577724 285.4400000000304
14273 1.921386785141195 285.4600000000303
14274 1.93141413983497 285.4800000000303
14275 1.940897560492951 285.5000000000303
14276 1.949839183774696 285.5200000000303
14277 1.958130208407976 285.5400000000303
14278 1.965670681930581 285.5600000000302
14279 1.97280439883819 285.5800000000302
14280 1.97945035052401 285.6000000000302
14281 1.985471500694023 285.6200000000302
14282 1.990953974393401 285.6400000000302
14283 1.99569652163693 285.6600000000302
14284 1.999534869421224 285.6800000000301
14285 2.002746824806126 285.7000000000301
14286 2.00543300543684 285.7200000000301
14287 2.007562665373556 285.7400000000301
14288 2.008762509589586 285.7600000000301
14289 2.009385017707172 285.78000000003
14290 2.009389604349235 285.80000000003
14291 2.008778080737462 285.82000000003
14292 2.007522281350493 285.84000000003
14293 2.005655603316416 285.86000000003
14294 2.003124808720682 285.88000000003
14295 1.999830330631322 285.9000000000299
14296 1.995927554503472 285.9200000000299
14297 1.991464665066371 285.9400000000299
14298 1.986395340914112 285.9600000000299
14299 1.980651554134689 285.9800000000299
14300 1.974428160922871 286.0000000000298
14301 1.967760482282643 286.0200000000298
14302 1.960408748618723 286.0400000000298
14303 1.95253312253232 286.0600000000298
14304 1.944109985846204 286.0800000000298
14305 1.935265553038858 286.1000000000298
14306 1.925908028155107 286.1200000000297
14307 1.916059158744295 286.1400000000297
14308 1.905766053032556 286.1600000000297
14309 1.894991283518836 286.1800000000297
14310 1.883820563810666 286.2000000000297
14311 1.872243409606247 286.2200000000296
14312 1.860197805950186 286.2400000000296
14313 1.847919980405269 286.2600000000296
14314 1.835417826562179 286.2800000000296
14315 1.822692866373852 286.3000000000296
14316 1.80968908164219 286.3200000000296
14317 1.796392835769269 286.3400000000295
14318 1.782966887235806 286.3600000000295
14319 1.769430972066915 286.3800000000295
14320 1.755609618836235 286.4000000000295
14321 1.741574587776337 286.4200000000295
14322 1.727464619451753 286.4400000000294
14323 1.713320925311535 286.4600000000294
14324 1.699284948443695 286.4800000000294
14325 1.685115851942767 286.5000000000294
14326 1.670916741774947 286.5200000000294
14327 1.656630985784904 286.5400000000294
14328 1.642491495578264 286.5600000000293
14329 1.628425175934071 286.5800000000293
14330 1.614398521818654 286.6000000000293
14331 1.600452372623473 286.6200000000293
14332 1.586654100123088 286.6400000000293
14333 1.57300455457229 286.6600000000292
14334 1.559567518136527 286.6800000000292
14335 1.546296105448616 286.7000000000292
14336 1.533339107397824 286.7200000000292
14337 1.520610519243537 286.7400000000292
14338 1.508321107208088 286.7600000000292
14339 1.496303328843954 286.7800000000291
14340 1.484563604474649 286.8000000000291
14341 1.473163638809804 286.8200000000291
14342 1.462078294205443 286.8400000000291
14343 1.451313019695532 286.8600000000291
14344 1.440808686013752 286.880000000029
14345 1.430636499006115 286.900000000029
14346 1.420929329663334 286.920000000029
14347 1.411701872015489 286.940000000029
14348 1.4029003332771 286.960000000029
14349 1.394533441540329 286.980000000029
14350 1.38675472236366 287.0000000000289
14351 1.379561430628643 287.0200000000289
14352 1.372838295738061 287.0400000000289
14353 1.366636041716896 287.0600000000289
14354 1.360920716303419 287.0800000000289
14355 1.355692051656418 287.1000000000288
14356 1.350947188426741 287.1200000000288
14357 1.346824381637147 287.1400000000288
14358 1.343290860991269 287.1600000000288
14359 1.340050914997603 287.1800000000288
14360 1.337604916501052 287.2000000000288
14361 1.336028859337711 287.2200000000287
14362 1.334770145864154 287.2400000000287
14363 1.334113975215979 287.2600000000287
14364 1.334217076721828 287.2800000000287
14365 1.335128025879972 287.3000000000287
14366 1.336520112632124 287.3200000000286
14367 1.338415077620795 287.3400000000286
14368 1.340795259213792 287.3600000000286
14369 1.344037042774931 287.3800000000286
14370 1.347632583134324 287.4000000000286
14371 1.351985400048452 287.4200000000286
14372 1.356723023095503 287.4400000000285
14373 1.362407992593205 287.4600000000285
14374 1.368879397264999 287.4800000000285
14375 1.37560112477753 287.5000000000285
14376 1.383032411152935 287.5200000000285
14377 1.391199575733066 287.5400000000284
14378 1.399761962657844 287.5600000000284
14379 1.409178946379017 287.5800000000284
14380 1.419345254652843 287.6000000000284
14381 1.429620536690312 287.6200000000284
14382 1.44021446580477 287.6400000000284
14383 1.451069878346176 287.6600000000283
14384 1.462461479036427 287.6800000000283
14385 1.474362151082341 287.7000000000283
14386 1.486558189630234 287.7200000000283
14387 1.499436868134226 287.7400000000283
14388 1.512940161524992 287.7600000000282
14389 1.52646906038751 287.7800000000282
14390 1.54047828097336 287.8000000000282
14391 1.554509563123871 287.8200000000282
14392 1.568824578430849 287.8400000000282
14393 1.583553079509707 287.8600000000282
14394 1.598500205868945 287.8800000000281
14395 1.613423921027216 287.9000000000281
14396 1.628408130079851 287.9200000000281
14397 1.643432731551124 287.9400000000281
14398 1.658639807992155 287.9600000000281
14399 1.674231287580764 287.980000000028
14400 1.689667803947948 288.000000000028
14401 1.7048807096525 288.020000000028
14402 1.719895211171762 288.040000000028
14403 1.734804392767202 288.060000000028
14404 1.74983114006954 288.080000000028
14405 1.764764596614156 288.1000000000279
14406 1.779391523217332 288.1200000000279
14407 1.793493094536823 288.1400000000279
14408 1.807372866554242 288.1600000000279
14409 1.821171984532356 288.1800000000279
14410 1.834609932316602 288.2000000000278
14411 1.847622389891959 288.2200000000278
14412 1.86045938062567 288.2400000000278
14413 1.872856514763068 288.2600000000278
14414 1.884781456720826 288.2800000000278
14415 1.896239973289464 288.3000000000278
14416 1.907327879280956 288.3200000000277
14417 1.917915526401743 288.3400000000277
14418 1.928140903737167 288.3600000000277
14419 1.9377203406785 288.3800000000277
14420 1.946792831325868 288.4000000000277
14421 1.955195118614095 288.4200000000276
14422 1.962928407747791 288.4400000000276
14423 1.97015175014656 288.4600000000276
14424 1.976739175631237 288.4800000000276
14425 1.982653511263157 288.5000000000276
14426 1.988149090319691 288.5200000000276
14427 1.992882769198594 288.5400000000275
14428 1.996905081675493 288.5600000000275
14429 2.000424790380548 288.5800000000275
14430 2.003114453815289 288.6000000000275
14431 2.005120628399196 288.6200000000275
14432 2.006484868750634 288.6400000000274
14433 2.007196633050484 288.6600000000274
14434 2.007296021868912 288.6800000000274
14435 2.006711354725585 288.7000000000274
14436 2.005439764592672 288.7200000000274
14437 2.003551385146813 288.7400000000274
14438 2.000943913957337 288.7600000000273
14439 1.997647046748326 288.7800000000273
14440 1.993764363190963 288.8000000000273
14441 1.989352266538684 288.8200000000273
14442 1.984303566763107 288.8400000000273
14443 1.978651131534646 288.8600000000272
14444 1.972394246203951 288.8800000000272
14445 1.965631256366639 288.9000000000272
14446 1.958405845419702 288.9200000000272
14447 1.950566388532322 288.9400000000272
14448 1.942170823521705 288.9600000000272
14449 1.933308348031079 288.9800000000271
14450 1.923980668672822 289.0000000000271
14451 1.91418767395969 289.0200000000271
14452 1.903994657637974 289.0400000000271
14453 1.893448323258333 289.0600000000271
14454 1.882452724717804 289.080000000027
14455 1.871007404004146 289.100000000027
14456 1.8591891758941 289.120000000027
14457 1.84710954973796 289.140000000027
14458 1.834791182586766 289.160000000027
14459 1.822087567970209 289.180000000027
14460 1.80915440340939 289.2000000000269
14461 1.796088037405765 289.2200000000269
14462 1.782686586285121 289.2400000000269
14463 1.769145214443291 289.2600000000269
14464 1.755506045884989 289.2800000000269
14465 1.741587599756111 289.3000000000268
14466 1.727657665100069 289.3200000000268
14467 1.713644908404877 289.3400000000268
14468 1.69951028183198 289.3600000000268
14469 1.685410232552463 289.3800000000268
14470 1.671315822128018 289.4000000000268
14471 1.657083659999188 289.4200000000267
14472 1.642922087811834 289.4400000000267
14473 1.628856934818584 289.4600000000267
14474 1.614782829290522 289.4800000000267
14475 1.600914103262753 289.5000000000267
14476 1.587086518565637 289.5200000000266
14477 1.573465391412042 289.5400000000266
14478 1.560074863218626 289.5600000000266
14479 1.546926480410579 289.5800000000266
14480 1.533986566501513 289.6000000000266
14481 1.521266974580037 289.6200000000266
14482 1.508752162429143 289.6400000000265
14483 1.496421796566249 289.6600000000265
14484 1.484288200891811 289.6800000000265
14485 1.47244783542187 289.7000000000265
14486 1.460854529364223 289.7200000000265
14487 1.449712910623968 289.7400000000264
14488 1.438884752994037 289.7600000000264
14489 1.428396893867197 289.7800000000264
14490 1.418490912706012 289.8000000000264
14491 1.409146975172649 289.8200000000264
14492 1.400303690730816 289.8400000000264
14493 1.391939703000054 289.8600000000263
14494 1.383910975831086 289.8800000000263
14495 1.376315562684658 289.9000000000263
14496 1.36915443480381 289.9200000000263
14497 1.362415155702397 289.9400000000263
14498 1.356202902991055 289.9600000000262
14499 1.350561117546601 289.9800000000262
14500 1.345308335222959 290.0000000000262
14501 1.340650812329427 290.0200000000262
14502 1.336813023384359 290.0400000000262
14503 1.33345044121413 290.0600000000262
14504 1.330727859166911 290.0800000000261
14505 1.328666322597324 290.1000000000261
14506 1.32725937347978 290.1200000000261
14507 1.326394541388872 290.1400000000261
14508 1.326024829094945 290.1600000000261
14509 1.326287931237507 290.180000000026
14510 1.327025415298237 290.200000000026
14511 1.328340048693553 290.220000000026
14512 1.330313461047311 290.240000000026
14513 1.332968850996941 290.260000000026
14514 1.336374652986499 290.280000000026
14515 1.340243908921097 290.3000000000259
14516 1.344494603593269 290.3200000000259
14517 1.349463932671884 290.3400000000259
14518 1.355349912891912 290.3600000000259
14519 1.36165364792358 290.3800000000259
14520 1.368554943664855 290.4000000000258
14521 1.376101554202412 290.4200000000258
14522 1.384329980355233 290.4400000000258
14523 1.39283040650417 290.4600000000258
14524 1.401571610281422 290.4800000000258
14525 1.411169974132126 290.5000000000258
14526 1.421099479402137 290.5200000000257
14527 1.431801811684581 290.5400000000257
14528 1.443020442419082 290.5600000000257
14529 1.454867804800037 290.5800000000257
14530 1.467261288904414 290.6000000000257
14531 1.479593732292455 290.6200000000256
14532 1.492098109106189 290.6400000000256
14533 1.504916870221648 290.6600000000256
14534 1.518494900343854 290.6800000000256
14535 1.532593380363844 290.7000000000256
14536 1.546589152933913 290.7200000000255
14537 1.560822518537704 290.7400000000255
14538 1.575280657537239 290.7600000000255
14539 1.590096980431277 290.7800000000255
14540 1.604961124077395 290.8000000000255
14541 1.620085003491056 290.8200000000255
14542 1.635402742220829 290.8400000000254
14543 1.650581635483411 290.8600000000254
14544 1.665785833300928 290.8800000000254
14545 1.681179170597093 290.9000000000254
14546 1.696615775802636 290.9200000000254
14547 1.712054069955058 290.9400000000253
14548 1.727337940849359 290.9600000000253
14549 1.742381428065708 290.9800000000253
14550 1.757467344879205 291.0000000000253
14551 1.772239857058361 291.0200000000253
14552 1.786725176000985 291.0400000000253
14553 1.800962062228435 291.0600000000252
14554 1.815035795175195 291.0800000000252
14555 1.828764693413345 291.1000000000252
14556 1.842186674757846 291.1200000000252
14557 1.855263563495972 291.1400000000252
14558 1.867990749190076 291.1600000000251
14559 1.880323521535606 291.1800000000251
14560 1.892052350609517 291.2000000000251
14561 1.903338525088529 291.2200000000251
14562 1.914303983881692 291.2400000000251
14563 1.924661814060019 291.2600000000251
14564 1.934523175212439 291.280000000025
14565 1.943840963189584 291.300000000025
14566 1.952581064356092 291.320000000025
14567 1.960639646135514 291.340000000025
14568 1.968012603208097 291.360000000025
14569 1.975043100790449 291.3800000000249
14570 1.981499573671449 291.4000000000249
14571 1.987272792186117 291.4200000000249
14572 1.992598884405034 291.4400000000249
14573 1.997025764673912 291.4600000000249
14574 2.000723296266289 291.4800000000249
14575 2.003706228268411 291.5000000000248
14576 2.00622783466792 291.5200000000248
14577 2.008123789585012 291.5400000000248
14578 2.00906054269119 291.5600000000248
14579 2.009524042183694 291.5800000000248
14580 2.009329407496235 291.6000000000247
14581 2.00848765927102 291.6200000000247
14582 2.007073044430349 291.6400000000247
14583 2.004982344426548 291.6600000000247
14584 2.002224272406065 291.6800000000247
14585 1.998711154862106 291.7000000000247
14586 1.994646806039428 291.7200000000246
14587 1.98998857676908 291.7400000000246
14588 1.984698724046253 291.7600000000246
14589 1.978789854050848 291.7800000000246
14590 1.972433756736048 291.8000000000246
14591 1.965556611959123 291.8200000000245
14592 1.958028177944418 291.8400000000245
14593 1.949982315041499 291.8600000000245
14594 1.941414454718609 291.8800000000245
14595 1.932424810758458 291.9000000000245
14596 1.922892182461566 291.9200000000245
14597 1.912910554866266 291.9400000000244
14598 1.902467572893383 291.9600000000244
14599 1.891549600758212 291.9800000000244
14600 1.880270533475787 292.0000000000244
14601 1.868525218499628 292.0200000000244
14602 1.856387138635533 292.0400000000243
14603 1.844035843668199 292.0600000000243
14604 1.831482932302413 292.0800000000243
14605 1.818658292356147 292.1000000000243
14606 1.805566975493868 292.1200000000243
14607 1.792189241541498 292.1400000000243
14608 1.778751985513446 292.1600000000242
14609 1.765129853837862 292.1800000000242
14610 1.75124329206124 292.2000000000242
14611 1.73715604426018 292.2200000000242
14612 1.723043752754962 292.2400000000242
14613 1.708891257989864 292.2600000000241
14614 1.694869552691827 292.2800000000241
14615 1.68066524245685 292.3000000000241
14616 1.666424767562368 292.3200000000241
14617 1.652177144909198 292.3400000000241
14618 1.638090219257109 292.3600000000241
14619 1.624012799165905 292.380000000024
14620 1.610014595980032 292.400000000024
14621 1.596093569683572 292.420000000024
14622 1.582360142002771 292.440000000024
14623 1.56876464505208 292.460000000024
14624 1.555356925704354 292.4800000000239
14625 1.542192852928753 292.5000000000239
14626 1.529305904277767 292.5200000000239
14627 1.516712675601723 292.5400000000239
14628 1.504512375475662 292.5600000000239
14629 1.492563387763456 292.5800000000239
14630 1.480898081601159 292.6000000000238
14631 1.469666662096418 292.6200000000238
14632 1.458644129225662 292.6400000000238
14633 1.448005764725889 292.6600000000238
14634 1.437627534318572 292.6800000000238
14635 1.427541407594644 292.7000000000237
14636 1.417955412594862 292.7200000000237
14637 1.408938474637508 292.7400000000237
14638 1.400206940268398 292.7600000000237
14639 1.391992219909489 292.7800000000237
14640 1.384425678047806 292.8000000000237
14641 1.377391003838012 292.8200000000236
14642 1.370826049885706 292.8400000000236
14643 1.364801431498678 292.8600000000236
14644 1.359236917221481 292.8800000000236
14645 1.354157099653925 292.9000000000236
14646 1.349595987823488 292.9200000000235
14647 1.345664682126182 292.9400000000235
14648 1.342253246611076 292.9600000000235
14649 1.339167100776872 292.9800000000235
14650 1.337063099994717 293.0000000000235
14651 1.335637421473562 293.0200000000235
14652 1.334452857528077 293.0400000000234
14653 1.334099502948877 293.0600000000234
14654 1.334433544984499 293.0800000000234
14655 1.335536049548794 293.1000000000234
14656 1.337080793602264 293.1200000000234
14657 1.339132637998169 293.1400000000233
14658 1.341716570474835 293.1600000000233
14659 1.345112097213036 293.1800000000233
14660 1.348943532923277 293.2000000000233
14661 1.353475227856797 293.2200000000233
14662 1.358391306167135 293.2400000000233
14663 1.364399213927249 293.2600000000232
14664 1.371023362672806 293.2800000000232
14665 1.37788343601812 293.3000000000232
14666 1.385559858477146 293.3200000000232
14667 1.393898845956394 293.3400000000232
14668 1.402605886089263 293.3600000000231
14669 1.412417652696314 293.3800000000231
14670 1.422470524935805 293.4000000000231
14671 1.433057614516398 293.4200000000231
14672 1.443606032603366 293.4400000000231
14673 1.454650218771388 293.4600000000231
14674 1.466198097904287 293.480000000023
14675 1.478215011945248 293.500000000023
14676 1.490534372276546 293.520000000023
14677 1.50371293533531 293.540000000023
14678 1.517192588422955 293.560000000023
14679 1.530928526608609 293.5800000000229
14680 1.54492087988255 293.6000000000229
14681 1.559037005523897 293.6200000000229
14682 1.573449921550655 293.6400000000229
14683 1.588346046625532 293.6600000000229
14684 1.603212768824702 293.6800000000229
14685 1.618161710996786 293.7000000000228
14686 1.633169759755938 293.7200000000228
14687 1.648239039367604 293.7400000000228
14688 1.663584169189718 293.7600000000228
14689 1.679170046912219 293.7800000000228
14690 1.694544581432528 293.8000000000227
14691 1.709680598606031 293.8200000000227
14692 1.724665753179503 293.8400000000227
14693 1.73959847474615 293.8600000000227
14694 1.754588246133867 293.8800000000227
14695 1.769481914981435 293.9000000000227
14696 1.783904474636899 293.9200000000226
14697 1.797928096364315 293.9400000000226
14698 1.811794118148834 293.9600000000226
14699 1.825507405397766 293.9800000000226
14700 1.838800933303365 294.0000000000226
14701 1.851753448499577 294.0200000000225
14702 1.86444361353658 294.0400000000225
14703 1.876727058497837 294.0600000000225
14704 1.888472556809698 294.0800000000225
14705 1.899816504941377 294.1000000000225
14706 1.910765016970557 294.1200000000225
14707 1.921227528700736 294.1400000000224
14708 1.9312730955515 294.1600000000224
14709 1.940679350651024 294.1800000000224
14710 1.949553165590341 294.2000000000224
14711 1.957756859861941 294.2200000000224
14712 1.96527209605078 294.2400000000223
14713 1.972353341309253 294.2600000000223
14714 1.97869045065944 294.2800000000223
14715 1.984442596800222 294.3000000000223
14716 1.989718146162226 294.3200000000223
14717 1.994258184843548 294.3400000000223
14718 1.998102241975021 294.3600000000222
14719 2.001385650605082 294.3800000000222
14720 2.003856001137024 294.4000000000222
14721 2.005643419166292 294.4200000000222
14722 2.006803309855913 294.4400000000222
14723 2.007313935346386 294.4600000000221
14724 2.007217808473268 294.4800000000221
14725 2.006396859201499 294.5000000000221
14726 2.004953205485221 294.5200000000221
14727 2.002816083052966 294.5400000000221
14728 2.000003463646967 294.5600000000221
14729 1.996500258921149 294.580000000022
14730 1.992459343498349 294.600000000022
14731 1.987841740350044 294.620000000022
14732 1.982579277536216 294.640000000022
14733 1.976756202379222 294.660000000022
14734 1.970323099035963 294.6800000000219
14735 1.963403709427308 294.7000000000219
14736 1.956002390331324 294.7200000000219
14737 1.947982641313128 294.7400000000219
14738 1.939424731993121 294.7600000000219
14739 1.930416438761354 294.7800000000219
14740 1.92094021451791 294.8000000000218
14741 1.910994508102195 294.8200000000218
14742 1.900724337593606 294.8400000000218
14743 1.890032601901631 294.8600000000218
14744 1.878885719359773 294.8800000000218
14745 1.867313527331412 294.9000000000217
14746 1.855402966413912 294.9200000000217
14747 1.843252917435341 294.9400000000217
14748 1.830816082906434 294.9600000000217
14749 1.818028693122801 294.9800000000217
14750 1.805040986597181 295.0000000000217
14751 1.791888749231187 295.0200000000216
14752 1.778411969418773 295.0400000000216
14753 1.764859208664382 295.0600000000216
14754 1.751120041240054 295.0800000000216
14755 1.737198785967401 295.1000000000216
14756 1.723211704139481 295.1200000000215
14757 1.709188651787853 295.1400000000215
14758 1.695065552426103 295.1600000000215
14759 1.680993323645345 295.1800000000215
14760 1.666834201788996 295.2000000000215
14761 1.652602624627782 295.2200000000215
14762 1.638512867180093 295.2400000000214
14763 1.624391641255772 295.2600000000214
14764 1.610364046876458 295.2800000000214
14765 1.596537165433486 295.3000000000214
14766 1.582754563043395 295.3200000000214
14767 1.569199075573818 295.3400000000213
14768 1.555908489522014 295.3600000000213
14769 1.542802286527637 295.3800000000213
14770 1.529942085175943 295.4000000000213
14771 1.517279844009015 295.4200000000213
14772 1.50482825710649 295.4400000000213
14773 1.49256195817918 295.4600000000212
14774 1.480511420362423 295.4800000000212
14775 1.468737798278303 295.5000000000212
14776 1.457270894591487 295.5200000000212
14777 1.446245908331833 295.5400000000212
14778 1.435522496042876 295.5600000000211
14779 1.425185434097971 295.5800000000211
14780 1.41545963133264 295.6000000000211
14781 1.406303280273079 295.6200000000211
14782 1.39760234490799 295.6400000000211
14783 1.389349612049378 295.6600000000211
14784 1.381482202355004 295.680000000021
14785 1.373997297495195 295.700000000021
14786 1.366993225334115 295.720000000021
14787 1.360437846357502 295.740000000021
14788 1.35433674689476 295.760000000021
14789 1.348874672554639 295.7800000000209
14790 1.343751954039072 295.8000000000209
14791 1.339373708442734 295.8200000000209
14792 1.335707700364281 295.8400000000209
14793 1.332489517333498 295.8600000000209
14794 1.330036125021395 295.8800000000209
14795 1.328154695157644 295.9000000000208
14796 1.326953662827129 295.9200000000208
14797 1.326246067319725 295.9400000000208
14798 1.326028245532836 295.9600000000208
14799 1.326489396304358 295.9800000000208
14800 1.327368706856473 296.0000000000207
14801 1.32887743178189 296.0200000000207
14802 1.331107828944907 296.0400000000207
14803 1.333949069748078 296.0600000000207
14804 1.337578095870297 296.0800000000207
14805 1.341528551862122 296.1000000000207
14806 1.345978427160126 296.1200000000206
14807 1.351228150838166 296.1400000000206
14808 1.357416654624798 296.1600000000206
14809 1.363710274663082 296.1800000000206
14810 1.370933557123266 296.2000000000206
14811 1.378610038636614 296.2200000000205
14812 1.387102445029464 296.2400000000205
14813 1.395434027395934 296.2600000000205
14814 1.404632615046122 296.2800000000205
14815 1.414190586666038 296.3000000000205
14816 1.424493009443486 296.3200000000205
14817 1.435299086645833 296.3400000000204
14818 1.446669141644393 296.3600000000204
14819 1.458809628271047 296.3800000000204
14820 1.471182990399938 296.4000000000204
14821 1.48358275821968 296.4200000000204
14822 1.496092735933682 296.4400000000203
14823 1.5091276399007 296.4600000000203
14824 1.523013671622343 296.4800000000203
14825 1.537042789418153 296.5000000000203
14826 1.55108755990368 296.5200000000203
14827 1.565374665398585 296.5400000000203
14828 1.579965533698362 296.5600000000202
14829 1.594848566805462 296.5800000000202
14830 1.609711443889498 296.6000000000202
14831 1.624980808766713 296.6200000000202
14832 1.640241162982308 296.6400000000202
14833 1.655435301769792 296.6600000000201
14834 1.670623701272177 296.6800000000201
14835 1.686112868169281 296.7000000000201
14836 1.701547116980598 296.7200000000201
14837 1.716960473837301 296.7400000000201
14838 1.732134019689499 296.7600000000201
14839 1.747177122073898 296.78000000002
14840 1.762246541122362 296.80000000002
14841 1.776866273549426 296.82000000002
14842 1.791272342475942 296.84000000002
14843 1.805480442029709 296.86000000002
14844 1.819414024272429 296.8800000000199
14845 1.833085062037115 296.9000000000199
14846 1.846361970822077 296.9200000000199
14847 1.859371121467609 296.9400000000199
14848 1.871967892863718 296.9600000000199
14849 1.884119446024882 296.9800000000199
14850 1.895671599471228 297.0000000000198
14851 1.906881977688008 297.0200000000198
14852 1.917655465089029 297.0400000000198
14853 1.927865568599311 297.0600000000198
14854 1.937543910839971 297.0800000000198
14855 1.946701426798512 297.1000000000197
14856 1.955231203982291 297.1200000000197
14857 1.963045967761756 297.1400000000197
14858 1.970291542384613 297.1600000000197
14859 1.977173640167686 297.1800000000197
14860 1.98341002578471 297.2000000000197
14861 1.989061336933686 297.2200000000196
14862 1.994172858990009 297.2400000000196
14863 1.998240157611999 297.2600000000196
14864 2.001744096080548 297.2800000000196
14865 2.004588009885474 297.3000000000196
14866 2.006933262448081 297.3200000000195
14867 2.008512050846763 297.3400000000195
14868 2.009292958771533 297.3600000000195
14869 2.009538854110244 297.3800000000195
14870 2.009164067489003 297.4000000000195
14871 2.008120591301071 297.4200000000195
14872 2.006482834953431 297.4400000000194
14873 2.004207390103722 297.4600000000194
14874 2.001194746079374 297.4800000000194
14875 1.997487259822582 297.5000000000194
14876 1.993260779541953 297.5200000000194
14877 1.988401765172297 297.5400000000193
14878 1.982897872703754 297.5600000000193
14879 1.976837175223376 297.5800000000193
14880 1.97034687429568 297.6000000000193
14881 1.963245927606739 297.6200000000193
14882 1.955552987652034 297.6400000000193
14883 1.947329102449949 297.6600000000192
14884 1.938631974797454 297.6800000000192
14885 1.929477234288953 297.7000000000192
14886 1.919791807146308 297.7200000000192
14887 1.909669093013117 297.7400000000192
14888 1.899059710607888 297.7600000000191
14889 1.888022990694074 297.7800000000191
14890 1.876616981429897 297.8000000000191
14891 1.864730538239076 297.8200000000191
14892 1.852513428062795 297.8400000000191
14893 1.840091317953444 297.8600000000191
14894 1.827462538554403 297.880000000019
14895 1.814549937697802 297.900000000019
14896 1.801365799550385 297.920000000019
14897 1.787948680726402 297.940000000019
14898 1.774480175006051 297.960000000019
14899 1.760759576382712 297.9800000000189
14900 1.746799866014605 298.0000000000189
14901 1.732702005279286 298.0200000000189
14902 1.718564357881985 298.0400000000189
14903 1.704445065450645 298.0600000000189
14904 1.690353434326599 298.0800000000189
14905 1.676161903021104 298.1000000000188
14906 1.661908490718644 298.1200000000188
14907 1.647712677319688 298.1400000000188
14908 1.633636634413187 298.1600000000188
14909 1.619572299680918 298.1800000000188
14910 1.605610820257125 298.2000000000187
14911 1.591731797279286 298.2200000000187
14912 1.578041045995058 298.2400000000187
14913 1.564518155843844 298.2600000000187
14914 1.551155397108282 298.2800000000187
14915 1.538101350447963 298.3000000000187
14916 1.525279671327666 298.3200000000186
14917 1.512819850862225 298.3400000000186
14918 1.500711926903499 298.3600000000186
14919 1.488834270354397 298.3800000000186
14920 1.477301862438647 298.4000000000186
14921 1.466161795342296 298.4200000000185
14922 1.455244482530321 298.4400000000185
14923 1.444681365974649 298.4600000000185
14924 1.434393904592473 298.4800000000185
14925 1.424469429443873 298.5000000000185
14926 1.415030505699686 298.5200000000185
14927 1.406114871322137 298.5400000000184
14928 1.397546186142927 298.5600000000184
14929 1.389541286221777 298.5800000000184
14930 1.382179267449865 298.6000000000184
14931 1.375265732357486 298.6200000000184
14932 1.368859736891062 298.6400000000183
14933 1.362966537793934 298.6600000000183
14934 1.357571984187189 298.6800000000183
14935 1.352646342536257 298.7000000000183
14936 1.34827756656077 298.7200000000183
14937 1.344542304693574 298.7400000000183
14938 1.341197909150966 298.7600000000182
14939 1.338404091158312 298.7800000000182
14940 1.336556824155234 298.8000000000182
14941 1.335231700533248 298.8200000000182
14942 1.334253789425957 298.8400000000182
14943 1.334082664376518 298.8600000000181
14944 1.334761572070332 298.8800000000181
14945 1.335971443044897 298.9000000000181
14946 1.33768785565918 298.9200000000181
14947 1.339881086566161 298.9400000000181
14948 1.342765847918475 298.9600000000181
14949 1.34624675980438 298.980000000018
14950 1.350316550445189 299.000000000018
14951 1.35497112994177 299.020000000018
14952 1.360203993308088 299.040000000018
14953 1.366460592185555 299.060000000018
14954 1.373101323926238 299.0800000000179
14955 1.380261784699269 299.1000000000179
14956 1.388164414689179 299.1200000000179
14957 1.396593305326321 299.1400000000179
14958 1.405567751861755 299.1600000000179
14959 1.415718053481874 299.1800000000179
14960 1.42571821160333 299.2000000000178
14961 1.436424827728369 299.2200000000178
14962 1.447064610188606 299.2400000000178
14963 1.458258100404737 299.2600000000178
14964 1.469991612659291 299.2800000000178
14965 1.482112000590627 299.3000000000177
14966 1.494636776967446 299.3200000000177
14967 1.508009325816663 299.3400000000177
14968 1.521478638368569 299.3600000000177
14969 1.535413915175989 299.3800000000177
14970 1.549409058572274 299.4000000000177
14971 1.563564702495356 299.4200000000176
14972 1.578132263496568 299.4400000000176
14973 1.593103851485671 299.4600000000176
14974 1.607971442739177 299.4800000000176
14975 1.622952518869279 299.5000000000176
14976 1.637947989421967 299.5200000000175
14977 1.653061873079248 299.5400000000175
14978 1.668577579129715 299.5600000000175
14979 1.684099928560449 299.5800000000175
14980 1.699420669374781 299.6000000000175
14981 1.714459853948447 299.6200000000175
14982 1.729417172840234 299.6400000000174
14983 1.74439293772111 299.6600000000174
14984 1.759370760875937 299.6800000000174
14985 1.774161302996321 299.7000000000174
14986 1.788445968259429 299.7200000000174
14987 1.802361552450126 299.7400000000173
14988 1.816203630198646 299.7600000000173
14989 1.829800006478017 299.7800000000173
14990 1.842973107126876 299.8000000000173
14991 1.855897308747469 299.8200000000173
14992 1.868416951206585 299.8400000000173
14993 1.880539276882459 299.8600000000172
14994 1.892155028013674 299.8800000000172
14995 1.903376170125419 299.9000000000172
14996 1.914161316342479 299.9200000000172
14997 1.924543308019178 299.9400000000172
14998 1.934344439557182 299.9600000000171
14999 1.943609205468348 299.9800000000171
15000 1.952264216071591 300.0000000000171
15001 1.960252266944391 300.0200000000171
15002 1.96761356248182 300.0400000000171
15003 1.974494724870974 300.0600000000171
15004 1.980621486881119 300.080000000017
15005 1.98624269871477 300.100000000017
15006 1.991263767254799 300.120000000017
15007 1.995585272001919 300.140000000017
15008 1.999295009021162 300.160000000017
15009 2.002286360890394 300.1800000000169
15010 2.004541356314522 300.2000000000169
15011 2.006124319448868 300.2200000000169
15012 2.00708942301836 300.2400000000169
15013 2.007402611266137 300.2600000000169
15014 2.007081453391435 300.2800000000169
15015 2.006031735617325 300.3000000000168
15016 2.004398539842918 300.3200000000168
15017 2.002040721542659 300.3400000000168
15018 1.99899759280581 300.3600000000168
15019 1.995326098534645 300.3800000000168
15020 1.991103186032232 300.4000000000167
15021 1.986292288508267 300.4200000000167
15022 1.980835936774407 300.4400000000167
15023 1.974821920801598 300.4600000000167
15024 1.968231965981356 300.4800000000167
15025 1.961158037271839 300.5000000000167
15026 1.953549235108096 300.5200000000166
15027 1.945351807809653 300.5400000000166
15028 1.936652693201132 300.5600000000166
15029 1.927499040413619 300.5800000000166
15030 1.91787834215823 300.6000000000166
15031 1.907790744335375 300.6200000000165
15032 1.897420082403863 300.6400000000165
15033 1.886577117110231 300.6600000000165
15034 1.875292116041574 300.6800000000165
15035 1.863592591604236 300.7000000000165
15036 1.851600457870581 300.7200000000165
15037 1.839381221513687 300.7400000000164
15038 1.826812533927804 300.7600000000164
15039 1.813949014999905 300.7800000000164
15040 1.800942168590372 300.8000000000164
15041 1.787654673465418 300.8200000000164
15042 1.774151996820081 300.8400000000163
15043 1.760560008727504 300.8600000000163
15044 1.74672160556943 300.8800000000163
15045 1.732802621399597 300.9000000000163
15046 1.718815601996406 300.9200000000163
15047 1.704739226720573 300.9400000000163
15048 1.690607371532147 300.9600000000162
15049 1.676522790256669 300.9800000000162
15050 1.662365430680934 301.0000000000162
15051 1.648121880881926 301.0200000000162
15052 1.634047301485096 301.0400000000162
15053 1.619936870727462 301.0600000000161
15054 1.606000917823649 301.0800000000161
15055 1.59215018452579 301.1000000000161
15056 1.578449732312653 301.1200000000161
15057 1.56495921287298 301.1400000000161
15058 1.551735589298849 301.1600000000161
15059 1.538710330376221 301.180000000016
15060 1.52590954218737 301.200000000016
15061 1.513320192868978 301.220000000016
15062 1.500916809809306 301.240000000016
15063 1.488707102943539 301.260000000016
15064 1.476756692713181 301.2800000000159
15065 1.465054332001472 301.3000000000159
15066 1.453743841496089 301.3200000000159
15067 1.44281150893349 301.3400000000159
15068 1.4321896453424 301.3600000000159
15069 1.422051679351169 301.3800000000159
15070 1.412503894109368 301.4000000000158
15071 1.403489004766556 301.4200000000158
15072 1.394971366615442 301.4400000000158
15073 1.386798395372374 301.4600000000158
15074 1.37907278002573 301.4800000000158
15075 1.371759996463845 301.5000000000157
15076 1.364836775012024 301.5200000000157
15077 1.358440539757372 301.5400000000157
15078 1.35255655050669 301.5600000000157
15079 1.347194262684279 301.5800000000157
15080 1.342253405422858 301.6000000000157
15081 1.33815882805689 301.6200000000156
15082 1.334641482602416 301.6400000000156
15083 1.331637285442708 301.6600000000156
15084 1.329357271854569 301.6800000000156
15085 1.327713717363445 301.7000000000156
15086 1.326668187035941 301.7200000000155
15087 1.32614681948754 301.7400000000155
15088 1.326116785582451 301.7600000000155
15089 1.326724667775484 301.7800000000155
15090 1.327804407866238 301.8000000000155
15091 1.329513567127822 301.8200000000155
15092 1.331955235252193 301.8400000000154
15093 1.335042200653817 301.8600000000154
15094 1.338837452600412 301.8800000000154
15095 1.342891416799853 301.9000000000154
15096 1.347546525042159 301.9200000000154
15097 1.35310676429843 301.9400000000153
15098 1.35941776567882 301.9600000000153
15099 1.365926289462235 301.9800000000153
15100 1.373353536378925 302.0000000000153
15101 1.381219057327828 302.0200000000153
15102 1.389893241270729 302.0400000000153
15103 1.39822222357501 302.0600000000152
15104 1.407716191912929 302.0800000000152
15105 1.417382615385038 302.1000000000152
15106 1.427918872459914 302.1200000000152
15107 1.438889360326304 302.1400000000152
15108 1.450482708977125 302.1600000000151
15109 1.462793037441598 302.1800000000151
15110 1.475105589203558 302.2000000000151
15111 1.487576401461185 302.2200000000151
15112 1.500209050877581 302.2400000000151
15113 1.513461035288334 302.2600000000151
15114 1.527516312340832 302.280000000015
15115 1.541535710994018 302.300000000015
15116 1.555632687490102 302.320000000015
15117 1.570005295354781 302.340000000015
15118 1.584711426784084 302.360000000015
15119 1.59960151041156 302.3800000000149
15120 1.614534152957575 302.4000000000149
15121 1.629911272411837 302.4200000000149
15122 1.645111545752263 302.4400000000149
15123 1.660320580942202 302.4600000000149
15124 1.675563450467268 302.4800000000149
15125 1.691054818666694 302.5000000000148
15126 1.706501364567758 302.5200000000148
15127 1.721875905101254 302.5400000000148
15128 1.736987747264355 302.5600000000148
15129 1.752023182361581 302.5800000000148
15130 1.767006359918269 302.6000000000147
15131 1.781537160670731 302.6200000000147
15132 1.795853487092729 302.6400000000147
15133 1.81002270828818 302.6600000000147
15134 1.823852102992227 302.6800000000147
15135 1.837411066214617 302.7000000000147
15136 1.850577959785295 302.7200000000146
15137 1.863480457557827 302.7400000000146
15138 1.875963026159201 302.7600000000146
15139 1.887890844311704 302.7800000000146
15140 1.899343319607856 302.8000000000146
15141 1.910437080383886 302.8200000000145
15142 1.92101114747208 302.8400000000145
15143 1.931061999160207 302.8600000000145
15144 1.940576234140849 302.8800000000145
15145 1.949549635306605 302.9000000000145
15146 1.9578754273284 302.9200000000145
15147 1.96545146865735 302.9400000000144
15148 1.972589636611947 302.9600000000144
15149 1.979276751674528 302.9800000000144
15150 1.985320393102918 303.0000000000144
15151 1.990829794418753 303.0200000000144
15152 1.995625017337365 303.0400000000143
15153 1.999491725950884 303.0600000000143
15154 2.002742298175344 303.0800000000143
15155 2.005443459321524 303.1000000000143
15156 2.00760874929326 303.1200000000143
15157 2.008858337070181 303.1400000000143
15158 2.009495335789425 303.1600000000142
15159 2.009533264929809 303.1800000000142
15160 2.008952771154289 303.2000000000142
15161 2.007724523223231 303.2200000000142
15162 2.005887926366582 303.2400000000142
15163 2.003390119256142 303.2600000000141
15164 2.000134422406762 303.2800000000141
15165 1.996256106802132 303.3000000000141
15166 1.991825272447546 303.3200000000141
15167 1.986781527930343 303.3400000000141
15168 1.981072064286455 303.3600000000141
15169 1.974863097283609 303.380000000014
15170 1.968221623948894 303.400000000014
15171 1.960897934026521 303.420000000014
15172 1.953045808456916 303.440000000014
15173 1.944643045914453 303.460000000014
15174 1.935818540604645 303.4800000000139
15175 1.926488316732476 303.5000000000139
15176 1.916660710642872 303.5200000000139
15177 1.906388055357342 303.5400000000139
15178 1.89563312795977 303.5600000000139
15179 1.884476884829762 303.5800000000139
15180 1.872924918412463 303.6000000000138
15181 1.860891048422995 303.6200000000138
15182 1.848629811072898 303.6400000000138
15183 1.836132109917519 303.6600000000138
15184 1.823418938494832 303.6800000000138
15185 1.810423847439908 303.7000000000137
15186 1.797142365571581 303.7200000000137
15187 1.783699420591943 303.7400000000137
15188 1.770181365088068 303.7600000000137
15189 1.756369129999962 303.7800000000137
15190 1.74234199896957 303.8000000000137
15191 1.728228721340534 303.8200000000136
15192 1.714086017602567 303.8400000000136
15193 1.70003994093876 303.8600000000136
15194 1.685876543448285 303.8800000000136
15195 1.671683317067973 303.9000000000136
15196 1.65738837211333 303.9200000000135
15197 1.643238312450319 303.9400000000135
15198 1.629170800833124 303.9600000000135
15199 1.615135515335189 303.9800000000135
15200 1.601185998429649 304.0000000000135
15201 1.587374924817892 304.0200000000135
15202 1.573716783408876 304.0400000000134
15203 1.56026225254715 304.0600000000134
15204 1.546985918535276 304.0800000000134
15205 1.533998497158683 304.1000000000134
15206 1.521269090645123 304.1200000000134
15207 1.508952441103123 304.1400000000133
15208 1.496918998496381 304.1600000000133
15209 1.485165697616061 304.1800000000133
15210 1.473738156185008 304.2000000000133
15211 1.462649175944571 304.2200000000133
15212 1.451864431749816 304.2400000000133
15213 1.441356036416635 304.2600000000132
15214 1.43115115711672 304.2800000000132
15215 1.42141587781437 304.3000000000132
15216 1.412136738648827 304.3200000000132
15217 1.403338686935804 304.3400000000132
15218 1.394949606142516 304.3600000000131
15219 1.387133960720573 304.3800000000131
15220 1.379915868828463 304.4000000000131
15221 1.373174565202074 304.4200000000131
15222 1.366939950326959 304.4400000000131
15223 1.36119810921583 304.4600000000131
15224 1.355944682766519 304.480000000013
15225 1.35117876950013 304.500000000013
15226 1.34703702156069 304.520000000013
15227 1.343469606774811 304.540000000013
15228 1.340209799094206 304.560000000013
15229 1.337720745144957 304.5800000000129
15230 1.336106169963241 304.6000000000129
15231 1.334835545755408 304.6200000000129
15232 1.334134239175575 304.6400000000129
15233 1.334207497223105 304.6600000000129
15234 1.335091438535901 304.6800000000129
15235 1.336464587296843 304.7000000000128
15236 1.338330727803439 304.7200000000128
15237 1.340686412009176 304.7400000000128
15238 1.343893487438262 304.7600000000128
15239 1.347462660295804 304.7800000000128
15240 1.351786414934877 304.8000000000127
15241 1.356508148009528 304.8200000000127
15242 1.362141773297555 304.8400000000127
15243 1.368581165377599 304.8600000000127
15244 1.375288800153926 304.8800000000127
15245 1.382694363903444 304.9000000000127
15246 1.390826689977279 304.9200000000126
15247 1.399377064200451 304.9400000000126
15248 1.408746687701166 304.9600000000126
15249 1.418923890564455 304.9800000000126
15250 1.429153312871814 305.0000000000126
15251 1.439748636332729 305.0200000000125
15252 1.450599542431181 305.0400000000125
15253 1.461952961711086 305.0600000000125
15254 1.473837946254013 305.0800000000125
15255 1.48603153871612 305.1000000000125
15256 1.49885652313502 305.1200000000125
15257 1.512352258859027 305.1400000000124
15258 1.525872489573671 305.1600000000124
15259 1.539887994892911 305.1800000000124
15260 1.553912842796167 305.2000000000124
15261 1.568205983856156 305.2200000000124
15262 1.582911458484321 305.2400000000123
15263 1.597861592792638 305.2600000000123
15264 1.612794515846194 305.2800000000123
15265 1.627786421805741 305.3000000000123
15266 1.642804691303851 305.3200000000123
15267 1.657998393202827 305.3400000000123
15268 1.673590942547165 305.3600000000122
15269 1.689040273165155 305.3800000000122
15270 1.70427289558045 305.4000000000122
15271 1.71929072102223 305.4200000000122
15272 1.734200981887285 305.4400000000122
15273 1.749225835637303 305.4600000000121
15274 1.764172331667735 305.4800000000121
15275 1.778824504869107 305.5000000000121
15276 1.792949193044337 305.5200000000121
15277 1.806826657492356 305.5400000000121
15278 1.820643245155198 305.5600000000121
15279 1.834110785265189 305.580000000012
15280 1.847131557441746 305.600000000012
15281 1.85999217110547 305.620000000012
15282 1.872405296540672 305.640000000012
15283 1.884356021640779 305.660000000012
15284 1.8958352848138 305.6800000000119
15285 1.906944499572777 305.7000000000119
15286 1.917555589252417 305.7200000000119
15287 1.927803927748664 305.7400000000119
15288 1.937407670230383 305.7600000000119
15289 1.946510399484396 305.7800000000119
15290 1.954944611231511 305.8000000000118
15291 1.962711959961747 305.8200000000118
15292 1.969953238077288 305.8400000000118
15293 1.976580969288145 305.8600000000118
15294 1.982520216465385 305.8800000000118
15295 1.988043862276138 305.9000000000117
15296 1.992800587773637 305.9200000000117
15297 1.996867830588855 305.9400000000117
15298 2.00041009763171 305.9600000000117
15299 2.003139864376096 305.9800000000117
15300 2.005174102563328 306.0000000000117
15301 2.006565728142553 306.0200000000116
15302 2.007313112342166 306.0400000000116
15303 2.007433838856739 306.0600000000116
15304 2.00687963972479 306.0800000000116
15305 2.005632002619801 306.1000000000116
15306 2.003781720040386 306.1200000000115
15307 2.001204802904083 306.1400000000115
15308 1.997938768453341 306.1600000000115
15309 1.994076529087046 306.1800000000115
15310 1.989690438285797 306.2000000000115
15311 1.984672100741118 306.2200000000115
15312 1.979041916348119 306.2400000000114
15313 1.972811720808195 306.2600000000114
15314 1.966067837830676 306.2800000000114
15315 1.958854246611316 306.3000000000114
15316 1.951040090500285 306.3200000000114
15317 1.942673860442764 306.3400000000113
15318 1.933831391254286 306.3600000000113
15319 1.924518677224455 306.3800000000113
15320 1.914751359343711 306.4000000000113
15321 1.904564825939489 306.4200000000113
15322 1.894041705971444 306.4400000000113
15323 1.883061903677163 306.4600000000112
15324 1.87163557406604 306.4800000000112
15325 1.859829540350346 306.5000000000112
15326 1.847753132299378 306.5200000000112
15327 1.835450434847662 306.5400000000112
15328 1.822756402414882 306.5600000000111
15329 1.809829745719451 306.5800000000111
15330 1.796772854262912 306.6000000000111
15331 1.783379217904413 306.6200000000111
15332 1.769843276357907 306.6400000000111
15333 1.756204910103315 306.6600000000111
15334 1.742294795285092 306.680000000011
15335 1.728366503712623 306.700000000011
15336 1.714351235964093 306.720000000011
15337 1.70021291245201 306.740000000011
15338 1.686117147346996 306.760000000011
15339 1.672018734929042 306.7800000000109
15340 1.657788344286294 306.8000000000109
15341 1.643621642932133 306.8200000000109
15342 1.629552499520791 306.8400000000109
15343 1.615470913337191 306.8600000000109
15344 1.601605510463383 306.8800000000109
15345 1.587754546839989 306.9000000000108
15346 1.574124895066126 306.9200000000108
15347 1.560717729640075 306.9400000000108
15348 1.547561057723758 306.9600000000108
15349 1.534609420770098 306.9800000000108
15350 1.521876020488521 307.0000000000107
15351 1.509343030875775 307.0200000000107
15352 1.496999003092656 307.0400000000107
15353 1.484854180749841 307.0600000000107
15354 1.472997785645675 307.0800000000107
15355 1.46139134870258 307.1000000000107
15356 1.450227582601145 307.1200000000106
15357 1.439388080094997 307.1400000000106
15358 1.428870599197966 307.1600000000106
15359 1.418947628047415 307.1800000000106
15360 1.409578627536442 307.2000000000106
15361 1.400715172506054 307.2200000000105
15362 1.392329998730476 307.2400000000105
15363 1.384288003289022 307.2600000000105
15364 1.376673070609561 307.2800000000105
15365 1.369529412075752 307.3000000000105
15366 1.362712383177054 307.3200000000105
15367 1.356480532740307 307.3400000000104
15368 1.350812970636195 307.3600000000104
15369 1.345545649945731 307.3800000000104
15370 1.340854554368273 307.4000000000104
15371 1.336984338504811 307.4200000000104
15372 1.333608301397653 307.4400000000103
15373 1.33085662814316 307.4600000000103
15374 1.328770667795376 307.4800000000103
15375 1.327334826932937 307.5000000000103
15376 1.326439725092708 307.5200000000103
15377 1.326054082407454 307.5400000000103
15378 1.326283463774795 307.5600000000102
15379 1.327004775914613 307.5800000000102
15380 1.328292981069341 307.6000000000102
15381 1.330233458130718 307.6200000000102
15382 1.33286796986187 307.6400000000102
15383 1.336238157231328 307.6600000000101
15384 1.340101086785176 307.6800000000101
15385 1.344322743657616 307.7000000000101
15386 1.349259533425687 307.7200000000101
15387 1.355108619613816 307.7400000000101
15388 1.361419515146313 307.7600000000101
15389 1.368264685816107 307.78000000001
15390 1.375807538814502 307.80000000001
15391 1.384008326274774 307.82000000001
15392 1.392520676141876 307.84000000001
15393 1.401205312905617 307.86000000001
15394 1.410809797513944 307.8800000000099
15395 1.420692487653645 307.9000000000099
15396 1.431376213843011 307.9200000000099
15397 1.442581874823699 307.9400000000099
15398 1.454389873889443 307.9600000000099
15399 1.466788920640517 307.9800000000099
15400 1.479120264696541 308.0000000000098
15401 1.491622077316777 308.0200000000098
15402 1.504409934908967 308.0400000000098
15403 1.517956474845666 308.0600000000098
15404 1.532056982817882 308.0800000000098
15405 1.546055684192989 308.1000000000097
15406 1.560280953765339 308.1200000000097
15407 1.574729004403356 308.1400000000097
15408 1.589531256779037 308.1600000000097
15409 1.604405394315242 308.1800000000097
15410 1.619506141022834 308.2000000000097
15411 1.634836560728586 308.2200000000096
15412 1.650021856874087 308.2400000000096
15413 1.665231907106259 308.2600000000096
15414 1.680606592991179 308.2800000000096
15415 1.696046828536261 308.3000000000096
15416 1.711497639477471 308.3200000000095
15417 1.726793494732999 308.3400000000095
15418 1.741850155727279 308.3600000000095
15419 1.75693201404542 308.3800000000095
15420 1.771734173546335 308.4000000000095
15421 1.786230617185231 308.4200000000095
15422 1.800471101035698 308.4400000000094
15423 1.81457272935127 308.4600000000094
15424 1.828299619720827 308.4800000000094
15425 1.841752784974975 308.5000000000094
15426 1.854836148012892 308.5200000000094
15427 1.8675856019793 308.5400000000093
15428 1.879941161120978 308.5600000000093
15429 1.891694278308184 308.5800000000093
15430 1.903001106259257 308.6000000000093
15431 1.913983294644105 308.6200000000093
15432 1.924367186729363 308.6400000000093
15433 1.934253478618936 308.6600000000092
15434 1.943599925216766 308.6800000000092
15435 1.952361413524109 308.7000000000092
15436 1.960461630108224 308.7200000000092
15437 1.967847272950369 308.7400000000092
15438 1.974898874662667 308.7600000000091
15439 1.981383346823391 308.7800000000091
15440 1.987228938887923 308.8000000000091
15441 1.992515797078504 308.8200000000091
15442 1.997010813624944 308.8400000000091
15443 2.000725265842671 308.8600000000091
15444 2.003727987709358 308.880000000009
15445 2.006274901099956 308.900000000009
15446 2.008204132527352 308.920000000009
15447 2.00917330044296 308.940000000009
15448 2.009658791382039 308.960000000009
15449 2.009487459013728 308.9800000000089
15450 2.008674858351254 309.0000000000089
15451 2.007275667576185 309.0200000000089
15452 2.005224427341281 309.0400000000089
15453 2.002495711088983 309.0600000000089
15454 1.999012811700321 309.0800000000089
15455 1.994967606378815 309.1000000000088
15456 1.99033558668803 309.1200000000088
15457 1.985071076137269 309.1400000000088
15458 1.979183524598746 309.1600000000088
15459 1.972839814763713 309.1800000000088
15460 1.965991366401624 309.2000000000087
15461 1.95848619157826 309.2200000000087
15462 1.950458660528628 309.2400000000087
15463 1.941908504663827 309.2600000000087
15464 1.932936551377311 309.2800000000087
15465 1.92342940218411 309.3000000000087
15466 1.913459070468724 309.3200000000086
15467 1.903038853595623 309.3400000000086
15468 1.892137045371661 309.3600000000086
15469 1.880869704105255 309.3800000000086
15470 1.869145460056835 309.4000000000086
15471 1.857011427365327 309.4200000000085
15472 1.844678911917564 309.4400000000085
15473 1.832124068009338 309.4600000000085
15474 1.819309203359381 309.4800000000085
15475 1.806227055136365 309.5000000000085
15476 1.792857895687004 309.5200000000085
15477 1.779407094483375 309.5400000000084
15478 1.765804697183223 309.5600000000084
15479 1.75192167760997 309.5800000000084
15480 1.737841835823239 309.6000000000084
15481 1.723725045977121 309.6200000000084
15482 1.709562502494884 309.6400000000083
15483 1.695541321870697 309.6600000000083
15484 1.681340273686851 309.6800000000083
15485 1.667086427066492 309.7000000000083
15486 1.652853742411849 309.7200000000083
15487 1.638750613574362 309.7400000000083
15488 1.624671369051668 309.7600000000082
15489 1.610664483011011 309.7800000000082
15490 1.596736910120295 309.8000000000082
15491 1.582996308427767 309.8200000000082
15492 1.569390391887435 309.8400000000082
15493 1.555965395537613 309.8600000000081
15494 1.542795133269439 309.8800000000081
15495 1.529888561466524 309.9000000000081
15496 1.517282968833545 309.9200000000081
15497 1.505068364216951 309.9400000000081
15498 1.493100976552568 309.9600000000081
15499 1.481420972731537 309.980000000008
15500 1.470170692609949 310.000000000008
15501 1.459140534759159 310.020000000008
15502 1.448476447351436 310.040000000008
15503 1.438028155637853 310.060000000008
15504 1.427989436822945 310.0800000000079
15505 1.418378954489209 310.1000000000079
15506 1.409338998850611 310.1200000000079
15507 1.400587966466431 310.1400000000079
15508 1.392342486641351 310.1600000000079
15509 1.384753466015576 310.1800000000079
15510 1.377704841485036 310.2000000000078
15511 1.371108194297172 310.2200000000078
15512 1.365057279454773 310.2400000000078
15513 1.359472516701841 310.2600000000078
15514 1.35437934069601 310.2800000000078
15515 1.34979381127933 310.3000000000077
15516 1.345834874989248 310.3200000000077
15517 1.342409329783534 310.3400000000077
15518 1.339289780223437 310.3600000000077
15519 1.337152128074381 310.3800000000077
15520 1.33570415308374 310.4000000000077
15521 1.334498492102603 310.4200000000076
15522 1.334116320433848 310.4400000000076
15523 1.33442019649948 310.4600000000076
15524 1.335501646852212 310.4800000000076
15525 1.337029959339819 310.5000000000076
15526 1.339056255571176 310.5200000000075
15527 1.34160562935034 310.5400000000075
15528 1.344986417382111 310.5600000000075
15529 1.348793819176832 310.5800000000075
15530 1.353305633590971 310.6000000000075
15531 1.35819805338005 310.6200000000075
15532 1.364168399832303 310.6400000000074
15533 1.370785760299249 310.6600000000074
15534 1.377606543193506 310.6800000000074
15535 1.385261131439691 310.7000000000074
15536 1.393586342337881 310.7200000000074
15537 1.402267725642455 310.7400000000073
15538 1.412046733815837 310.7600000000073
15539 1.422092872766749 310.7800000000073
15540 1.432679445479944 310.8000000000073
15541 1.443202798378705 310.8200000000073
15542 1.454230936443487 310.8400000000073
15543 1.465768774495112 310.8600000000072
15544 1.477771102069007 310.8800000000072
15545 1.490072927191547 310.9000000000072
15546 1.503217428671302 310.9200000000072
15547 1.516705651806604 310.9400000000072
15548 1.530417159778046 310.9600000000071
15549 1.544422135122751 310.9800000000071
15550 1.558526639074398 311.0000000000071
15551 1.572929473822452 311.0200000000071
15552 1.587801330144843 311.0400000000071
15553 1.602686329457457 311.0600000000071
15554 1.617640261888221 311.080000000007
15555 1.632648082024653 311.100000000007
15556 1.647714205158999 311.120000000007
15557 1.66304163735404 311.140000000007
15558 1.678634086945036 311.160000000007
15559 1.694024811417525 311.1800000000069
15560 1.709177912887385 311.2000000000069
15561 1.724160170778375 311.2200000000069
15562 1.73909047526575 311.2400000000069
15563 1.754093238064963 311.2600000000069
15564 1.768996518593628 311.2800000000069
15565 1.78344171925469 311.3000000000068
15566 1.797482397085311 311.3200000000068
15567 1.811348838579033 311.3400000000068
15568 1.825083274225851 311.3600000000068
15569 1.838397880673085 311.3800000000068
15570 1.851347624148571 311.4000000000067
15571 1.864068842724233 311.4200000000067
15572 1.876371184122984 311.4400000000067
15573 1.888137083877051 311.4600000000067
15574 1.899498101111439 311.4800000000067
15575 1.910465179276271 311.5000000000067
15576 1.920942449944754 311.5200000000066
15577 1.931019607980858 311.5400000000066
15578 1.940445283267971 311.5600000000066
15579 1.949346037338731 311.5800000000066
15580 1.957573303522843 311.6000000000066
15581 1.965115434609439 311.6200000000065
15582 1.972221815712991 311.6400000000065
15583 1.978584701092279 311.6600000000065
15584 1.984354276379395 311.6800000000065
15585 1.989665364281404 311.7000000000065
15586 1.994225438964421 311.7200000000065
15587 1.998100973008589 311.7400000000064
15588 2.001405469238094 311.7600000000064
15589 2.003903960746949 311.7800000000064
15590 2.005721034640463 311.8000000000064
15591 2.006903689461346 311.8200000000064
15592 2.00743643866387 311.8400000000063
15593 2.007364104274135 311.8600000000063
15594 2.006576543732307 311.8800000000063
15595 2.005151165044995 311.9000000000063
15596 2.003042467044197 311.9200000000063
15597 2.000255512461304 311.9400000000063
15598 1.996775877245405 311.9600000000062
15599 1.992752933123583 311.9800000000062
15600 1.988162014535458 312.0000000000062
15601 1.9829244587747 312.0200000000062
15602 1.977117991401875 312.0400000000062
15603 1.970702532586257 312.0600000000061
15604 1.963798194487005 312.0800000000061
15605 1.95641971468837 312.1000000000061
15606 1.948419910443594 312.1200000000061
15607 1.939879677230309 312.1400000000061
15608 1.930889954674246 312.1600000000061
15609 1.921425866261915 312.180000000006
15610 1.911500590766537 312.200000000006
15611 1.901236478370376 312.220000000006
15612 1.890560277130349 312.240000000006
15613 1.879431066454702 312.260000000006
15614 1.867870900963555 312.2800000000059
15615 1.855966509148689 312.3000000000059
15616 1.843827937045143 312.3200000000059
15617 1.831399840686474 312.3400000000059
15618 1.818616752836265 312.3600000000059
15619 1.805633812807433 312.3800000000059
15620 1.792494467303677 312.4000000000058
15621 1.7790200533583 312.4200000000058
15622 1.76546295392963 312.4400000000058
15623 1.75173976729309 312.4600000000058
15624 1.737813887579932 312.4800000000058
15625 1.723830834258624 312.5000000000057
15626 1.709804404966157 312.5200000000057
15627 1.695680601493737 312.5400000000057
15628 1.681607051570936 312.5600000000057
15629 1.667446525332738 312.5800000000057
15630 1.653213043304432 312.6000000000057
15631 1.639119501880462 312.6200000000056
15632 1.624994614333151 312.6400000000056
15633 1.610957343586136 312.6600000000056
15634 1.597139391476648 312.6800000000056
15635 1.583330498963995 312.7000000000056
15636 1.56976722729291 312.7200000000055
15637 1.556463126454953 312.7400000000055
15638 1.543348947178484 312.7600000000055
15639 1.530477493780223 312.7800000000055
15640 1.517803914597202 312.8000000000055
15641 1.505336387591605 312.8200000000055
15642 1.493057567475412 312.8400000000054
15643 1.480994126902195 312.8600000000054
15644 1.469210196975039 312.8800000000054
15645 1.457727853530996 312.9000000000054
15646 1.446687340061923 312.9200000000054
15647 1.435952273944907 312.9400000000053
15648 1.425595572174466 312.9600000000053
15649 1.415844216398528 312.9800000000053
15650 1.406672287441948 313.0000000000053
15651 1.39795703931365 313.0200000000053
15652 1.389684139919794 313.0400000000053
15653 1.381797515730673 313.0600000000052
15654 1.374344802527049 313.0800000000052
15655 1.367263991730663 313.1000000000052
15656 1.360691094949638 313.1200000000052
15657 1.354566270501159 313.1400000000052
15658 1.349091363030838 313.1600000000051
15659 1.343954277807941 313.1800000000051
15660 1.339541032898686 313.2000000000051
15661 1.335848045721453 313.2200000000051
15662 1.332621402450558 313.2400000000051
15663 1.330143129838567 313.260000000005
15664 1.328240392718138 313.280000000005
15665 1.327014469401361 313.300000000005
15666 1.32628238526821 313.320000000005
15667 1.326046123722873 313.340000000005
15668 1.326480956246237 313.360000000005
15669 1.327347768366458 313.3800000000049
15670 1.328835977937412 313.4000000000049
15671 1.331035404033822 313.4200000000049
15672 1.333858699755202 313.4400000000049
15673 1.337465200645962 313.4600000000049
15674 1.341406725186762 313.4800000000048
15675 1.345836105851063 313.5000000000048
15676 1.351053369765056 313.5200000000048
15677 1.357216105576873 313.5400000000048
15678 1.363500911976243 313.5600000000048
15679 1.370696752153072 313.5800000000048
15680 1.378360000595622 313.6000000000047
15681 1.386835395620539 313.6200000000047
15682 1.395161885698654 313.6400000000047
15683 1.404328958481077 313.6600000000047
15684 1.413878877834825 313.6800000000047
15685 1.424145629108275 313.7000000000046
15686 1.434938139131345 313.7200000000046
15687 1.446297738697004 313.7400000000046
15688 1.458410400539443 313.7600000000046
15689 1.470801068040585 313.7800000000046
15690 1.483182040433567 313.8000000000046
15691 1.495695574489584 313.8200000000045
15692 1.508704857628951 313.8400000000045
15693 1.522562792779523 313.8600000000045
15694 1.536598136282901 313.8800000000045
15695 1.55064644851428 313.9000000000045
15696 1.564927982239086 313.9200000000044
15697 1.579502960589512 313.9400000000044
15698 1.594384192823322 313.9600000000044
15699 1.609251877552075 313.9800000000044
15700 1.624507208404397 314.0000000000044
15701 1.639775948883816 314.0200000000044
15702 1.654969147133036 314.0400000000043
15703 1.670158482379783 314.0600000000043
15704 1.6856382635103 314.0800000000043
15705 1.701081521452138 314.1000000000043
15706 1.716503890773063 314.1200000000043
15707 1.731695413730857 314.1400000000042
15708 1.746735531423019 314.1600000000042
15709 1.761814812955789 314.1800000000042
15710 1.776451373424341 314.2000000000042
15711 1.79087245848951 314.2200000000042
15712 1.805082548265214 314.2400000000042
15713 1.819036400935622 314.2600000000041
15714 1.832714510239432 314.2800000000041
15715 1.84603097068414 314.3000000000041
15716 1.859037559691848 314.3200000000041
15717 1.871644847005796 314.3400000000041
15718 1.883829728097844 314.360000000004
15719 1.895402855353491 314.380000000004
15720 1.906619453100737 314.400000000004
15721 1.9174052711626 314.420000000004
15722 1.927644339431768 314.440000000004
15723 1.937345444819771 314.460000000004
15724 1.946523735355695 314.4800000000039
15725 1.955073662383331 314.5000000000039
15726 1.962923579941774 314.5200000000039
15727 1.970177445091646 314.5400000000039
15728 1.977079092508539 314.5600000000039
15729 1.983337736711897 314.5800000000038
15730 1.989002572677653 314.6000000000038
15731 1.994151276704435 314.6200000000038
15732 1.998253675607881 314.6400000000038
15733 2.001783899728372 314.6600000000038
15734 2.004637386962143 314.6800000000038
15735 2.006998007842404 314.7000000000037
15736 2.008622291174982 314.7200000000037
15737 2.009412525767137 314.7400000000037
15738 2.009685738592002 314.7600000000037
15739 2.009326520815684 314.7800000000037
15740 2.008304929237553 314.8000000000036
15741 2.006689910594019 314.8200000000036
15742 2.004436212393109 314.8400000000036
15743 2.001460048265469 314.8600000000036
15744 1.997767822545917 314.8800000000036
15745 1.993564183484732 314.9000000000036
15746 1.98872378904885 314.9200000000035
15747 1.983242213782847 314.9400000000035
15748 1.977192207057047 314.9600000000035
15749 1.970718868589895 314.9800000000035
15750 1.963639593259247 315.0000000000035
15751 1.955964390305225 315.0200000000034
15752 1.94775471110167 315.0400000000034
15753 1.939076705994221 315.0600000000034
15754 1.929937755248598 315.0800000000034
15755 1.920267117818074 315.1000000000034
15756 1.910159406639931 315.1200000000034
15757 1.8995680831591 315.1400000000033
15758 1.888540723062377 315.1600000000033
15759 1.877149793462089 315.1800000000033
15760 1.865276548161497 315.2000000000033
15761 1.853061878504556 315.2200000000033
15762 1.840652803748785 315.2400000000032
15763 1.828028822754616 315.2600000000032
15764 1.815119613693008 315.2800000000032
15765 1.801946065672553 315.3000000000032
15766 1.788522031244851 315.3200000000032
15767 1.775061284936495 315.3400000000032
15768 1.761341419233375 315.3600000000031
15769 1.747398420893479 315.3800000000031
15770 1.733290320539176 315.4000000000031
15771 1.719158487253966 315.4200000000031
15772 1.705023951405838 315.4400000000031
15773 1.690934546632639 315.460000000003
15774 1.676748054226649 315.480000000003
15775 1.662491473619727 315.500000000003
15776 1.648287537440741 315.520000000003
15777 1.634207132814434 315.540000000003
15778 1.620136089807973 315.560000000003
15779 1.606170686495697 315.5800000000029
15780 1.592283283862945 315.6000000000029
15781 1.578587596432385 315.6200000000029
15782 1.565052169326173 315.6400000000029
15783 1.551675400166487 315.6600000000029
15784 1.538605253572388 315.6800000000028
15785 1.525781517728145 315.7000000000028
15786 1.51330446929692 315.7200000000028
15787 1.50118249320052 315.7400000000028
15788 1.489288462769168 315.7600000000028
15789 1.477744576397464 315.7800000000028
15790 1.466593939636779 315.8000000000027
15791 1.455667839386916 315.8200000000027
15792 1.445075024696998 315.8400000000027
15793 1.434788245732849 315.8600000000027
15794 1.424842070244992 315.8800000000027
15795 1.415381918245147 315.9000000000026
15796 1.406450674480587 315.9200000000026
15797 1.397866228889304 315.9400000000026
15798 1.389832826250338 315.9600000000026
15799 1.382462980616882 315.9800000000026
15800 1.375518505472342 316.0000000000026
15801 1.369092619535667 316.0200000000025
15802 1.363182480706441 316.0400000000025
15803 1.357769094603633 316.0600000000025
15804 1.352832327646766 316.0800000000025
15805 1.348440064740822 316.1000000000025
15806 1.344684630931473 316.1200000000024
15807 1.341327958199742 316.1400000000024
15808 1.338505404155272 316.1600000000024
15809 1.336629914240246 316.1800000000024
15810 1.335289657083536 316.2000000000024
15811 1.33428435995765 316.2200000000024
15812 1.334092629497457 316.2400000000023
15813 1.334746931782341 316.2600000000023
15814 1.335941201369003 316.2800000000023
15815 1.337646016457183 316.3000000000023
15816 1.339812353884867 316.3200000000023
15817 1.342670375900802 316.3400000000022
15818 1.346146512783244 316.3600000000022
15819 1.350185122071963 316.3800000000022
15820 1.354833954676465 316.4000000000022
15821 1.360029275214361 316.4200000000022
15822 1.366263316080757 316.4400000000022
15823 1.372901286105597 316.4600000000021
15824 1.380028121572155 316.4800000000021
15825 1.387911689400938 316.5000000000021
15826 1.39633516750633 316.5200000000021
15827 1.405283752601034 316.5400000000021
15828 1.415405751264826 316.560000000002
15829 1.425406500691766 316.580000000002
15830 1.436104601530547 316.600000000002
15831 1.446731382449014 316.620000000002
15832 1.457912577073722 316.640000000002
15833 1.469639010860365 316.660000000002
15834 1.481745154882268 316.6800000000019
15835 1.494246393592713 316.7000000000019
15836 1.507601201327482 316.7200000000019
15837 1.521077719452667 316.7400000000019
15838 1.535002260097592 316.7600000000019
15839 1.54899636278813 316.7800000000018
15840 1.563154561489759 316.8000000000018
15841 1.577694807176618 316.8200000000018
15842 1.592668058340591 316.8400000000018
15843 1.607537436954617 316.8600000000018
15844 1.62252451940909 316.8800000000018
15845 1.637528277459662 316.9000000000017
15846 1.652640065413343 316.9200000000017
15847 1.668137191879809 316.9400000000017
15848 1.683672059800136 316.9600000000017
15849 1.699002350489907 316.9800000000017
15850 1.714055759329754 317.0000000000016
15851 1.72901351809921 317.0200000000016
15852 1.743985173188482 317.0400000000016
15853 1.758972688732964 317.0600000000016
15854 1.773784464826769 317.0800000000016
15855 1.788082261649627 317.1000000000016
15856 1.80200892182312 317.1200000000015
15857 1.815851056056444 317.1400000000015
15858 1.829467265676504 317.1600000000015
15859 1.842659382989626 317.1800000000015
15860 1.855581817756636 317.2000000000015
15861 1.868125835088278 317.2200000000014
15862 1.88026369913661 317.2400000000014
15863 1.891897520114072 317.2600000000014
15864 1.903132267914987 317.2800000000014
15865 1.913938594135818 317.3000000000014
15866 1.924328688979599 317.3200000000014
15867 1.93415794544395 317.3400000000013
15868 1.943437802805436 317.3600000000013
15869 1.952120842688849 317.3800000000013
15870 1.960129539294866 317.4000000000013
15871 1.96750742624218 317.4200000000013
15872 1.974412353976954 317.4400000000012
15873 1.980559781724683 317.4600000000012
15874 1.98619152021855 317.4800000000012
15875 1.991248140152797 317.5000000000012
15876 1.995589781356848 317.5200000000012
15877 1.999312487696348 317.5400000000012
15878 2.002335814482564 317.5600000000011
15879 2.00461313103192 317.5800000000011
15880 2.006216876418367 317.6000000000011
15881 2.007197303282322 317.6200000000011
15882 2.007535369382572 317.6400000000011
15883 2.007233388299204 317.660000000001
15884 2.006204558835631 317.680000000001
15885 2.004593216157946 317.700000000001
15886 2.002257799230505 317.720000000001
15887 1.999242686325413 317.740000000001
15888 1.995579212463576 317.760000000001
15889 1.991374489125662 317.7800000000009
15890 1.9865853965464 317.8000000000009
15891 1.981143434498726 317.8200000000009
15892 1.975147448022889 317.8400000000009
15893 1.968569535233811 317.8600000000009
15894 1.961506627344313 317.8800000000008
15895 1.953920482637063 317.9000000000008
15896 1.945735564870082 317.9200000000008
15897 1.937056618426717 317.9400000000008
15898 1.927908068965703 317.9600000000008
15899 1.918305062531692 317.9800000000008
15900 1.908227050871055 318.0000000000007
15901 1.897866409166783 318.0200000000007
15902 1.887038339932508 318.0400000000007
15903 1.875764377227 318.0600000000007
15904 1.864074208242519 318.0800000000007
15905 1.852084633513763 318.1000000000006
15906 1.83987192778838 318.1200000000006
15907 1.827316278000922 318.1400000000006
15908 1.814454915939406 318.1600000000006
15909 1.801446353423292 318.1800000000006
15910 1.788173770867168 318.2000000000006
15911 1.774665601379762 318.2200000000005
15912 1.761077997957033 318.2400000000005
15913 1.747247963213471 318.2600000000005
15914 1.733326027616626 318.2800000000005
15915 1.719339163077387 318.3000000000005
15916 1.705259030467427 318.3200000000004
15917 1.691128488903201 318.3400000000004
15918 1.677042308518257 318.3600000000004
15919 1.662883354643209 318.3800000000004
15920 1.648637549573896 318.4000000000004
15921 1.634559989499405 318.4200000000004
15922 1.620443685120596 318.4400000000003
15923 1.606496350237458 318.4600000000003
15924 1.59264572343314 318.4800000000003
15925 1.578933414784295 318.5000000000003
15926 1.565434348218992 318.5200000000003
15927 1.552203478537448 318.5400000000002
15928 1.539167755970582 318.5600000000002
15929 1.52635764694846 318.5800000000002
15930 1.513756240715988 318.6000000000002
15931 1.501340613983543 318.6200000000002
15932 1.489119897705477 318.6400000000002
15933 1.477151712165355 318.6600000000001
15934 1.465446964727832 318.6800000000001
15935 1.454113172545743 318.7000000000001
15936 1.443178550963584 318.7200000000001
15937 1.432545621090566 318.7400000000001
15938 1.422383936837804 318.76
15939 1.412818800949995 318.78
15940 1.403796683710357 318.8
15941 1.395262174570126 318.82
15942 1.387067060842356 318.84
15943 1.379335309140925 318.86
15944 1.372007206095552 318.8799999999999
15945 1.365058132248067 318.8999999999999
15946 1.358645939655422 318.9199999999999
15947 1.352742014588578 318.9399999999999
15948 1.347373469719968 318.9599999999999
15949 1.342411517464599 318.9799999999998
15950 1.338295271997775 318.9999999999998
15951 1.334760429064251 319.0199999999998
15952 1.331741222138141 319.0399999999998
15953 1.329446749877482 319.0599999999998
15954 1.327780236893629 319.0799999999998
15955 1.326721440864921 319.0999999999997
15956 1.326176413157755 319.1199999999997
15957 1.326125764281661 319.1399999999997
15958 1.326715336803713 319.1599999999997
15959 1.327777108683767 319.1799999999997
15960 1.329469834798253 319.1999999999996
15961 1.331900215033627 319.2199999999996
15962 1.334960209471002 319.2399999999996
15963 1.33874752586454 319.2599999999996
15964 1.342793540439536 319.2799999999996
15965 1.347424600536236 319.2999999999996
15966 1.352955671345148 319.3199999999995
15967 1.359276587251458 319.3399999999995
15968 1.365743028335622 319.3599999999995
15969 1.373163654190076 319.3799999999995
15970 1.381009912916351 319.3999999999995
15971 1.389677688540897 319.4199999999994
15972 1.397996131297847 319.4399999999994
15973 1.40746679835593 319.4599999999994
15974 1.417126982519666 319.4799999999994
15975 1.427639859668504 319.4999999999994
15976 1.438599890119827 319.5199999999994
15977 1.450171742395591 319.5399999999993
15978 1.462475307402073 319.5599999999993
15979 1.474789460942866 319.5799999999993
15980 1.487263315214677 319.5999999999993
15981 1.499877213218183 319.6199999999993
15982 1.513118450460283 319.6399999999992
15983 1.52715781213348 319.6599999999992
15984 1.541181358773022 319.6799999999992
15985 1.555283951922963 319.6999999999992
15986 1.569649022459631 319.7199999999992
15987 1.584343620545973 319.7399999999992
15988 1.599235785276101 319.7599999999991
15989 1.614159186384085 319.7799999999991
15990 1.629540780735154 319.7999999999991
15991 1.644746610176764 319.8199999999991
15992 1.659955602197389 319.8399999999991
15993 1.675187452402661 319.859999999999
15994 1.690689410039778 319.879999999999
15995 1.706136629284703 319.899999999999
15996 1.721523432519468 319.919999999999
15997 1.736640056066374 319.939999999999
15998 1.75167827815113 319.959999999999
15999 1.766674625222902 319.9799999999989
16000 1.781211169041131 319.9999999999989
16001 1.795541689366263 320.0199999999989
16002 1.809721123215095 320.0399999999989
16003 1.823560526380807 320.0599999999989
16004 1.837125942548017 320.0799999999988
16005 1.850331145994799 320.0999999999988
16006 1.863226849154298 320.1199999999988
16007 1.875721188526884 320.1399999999988
16008 1.887677853103828 320.1599999999988
16009 1.899143621092925 320.1799999999988
16010 1.910243092748285 320.1999999999987
16011 1.920841505628906 320.2199999999987
16012 1.930904634726162 320.2399999999987
16013 1.940436208798905 320.2599999999987
16014 1.949426308169106 320.2799999999987
16015 1.957781653861245 320.2999999999986
16016 1.965377142121478 320.3199999999986
16017 1.9725175486395 320.3399999999986
16018 1.979229463209935 320.3599999999986
16019 1.985292794437458 320.3799999999986
16020 1.990811176446923 320.3999999999986
16021 1.995643489147377 320.4199999999985
16022 1.999523764879524 320.4399999999985
16023 2.0028011883289 320.4599999999985
16024 2.005510528993014 320.4799999999985
16025 2.007691473521728 320.4999999999985
16026 2.008975086932223 320.5199999999984
16027 2.009626305521678 320.5399999999984
16028 2.009678397551197 320.5599999999984
16029 2.00911630942378 320.5799999999984
16030 2.00789716017553 320.5999999999984
16031 2.006086853706056 320.6199999999984
16032 2.003607613784868 320.6399999999983
16033 2.000377228874828 320.6599999999983
16034 1.996511391846033 320.6799999999983
16035 1.992102265383585 320.6999999999983
16036 1.987070852146402 320.7199999999983
16037 1.981376266005611 320.7399999999982
16038 1.975183955384066 320.7599999999982
16039 1.968551663931526 320.7799999999982
16040 1.96124840278432 320.7999999999982
16041 1.953408776446699 320.8199999999982
16042 1.945018044380046 320.8399999999982
16043 1.936204044763789 320.8599999999981
16044 1.926889625574497 320.8799999999981
16045 1.917074065762167 320.8999999999981
16046 1.906813763992089 320.9199999999981
16047 1.896070457330974 320.9399999999981
16048 1.884921290350991 320.959999999998
16049 1.87338316824857 320.979999999998
16050 1.86136070891452 320.999999999998
16051 1.849099542227614 321.019999999998
16052 1.836607079999035 321.039999999998
16053 1.823898460191838 321.059999999998
16054 1.810911536777394 321.0799999999979
16055 1.797638511825492 321.0999999999979
16056 1.784181034877869 321.1199999999979
16057 1.770677777741506 321.1399999999979
16058 1.756862690367114 321.1599999999979
16059 1.742844007537853 321.1799999999978
16060 1.728729840223183 321.1999999999978
16061 1.714578489011662 321.2199999999978
16062 1.700470805191909 321.2399999999978
16063 1.686371310389784 321.2599999999978
16064 1.672120228481537 321.2799999999978
16065 1.657876866363259 321.2999999999977
16066 1.643721707508428 321.3199999999977
16067 1.629651108868178 321.3399999999977
16068 1.615614200641681 321.3599999999977
16069 1.601658398922005 321.3799999999977
16070 1.587834912186104 321.3999999999976
16071 1.574174440519365 321.4199999999976
16072 1.56070536216644 321.4399999999976
16073 1.547423506900858 321.4599999999976
16074 1.534422171197289 321.4799999999976
16075 1.521692215613453 321.4999999999976
16076 1.509344795283089 321.5199999999975
16077 1.497316881229176 321.5399999999975
16078 1.485545531023476 321.5599999999975
16079 1.474103924906567 321.5799999999975
16080 1.463009775956117 321.5999999999975
16081 1.45220872505312 321.6199999999974
16082 1.44169326157778 321.6399999999974
16083 1.431473929543525 321.6599999999974
16084 1.421722400146883 321.6799999999974
16085 1.412425021940607 321.6999999999974
16086 1.403612408412165 321.7199999999974
16087 1.395210534002876 321.7399999999973
16088 1.387382735085604 321.7599999999973
16089 1.380144025566281 321.7799999999973
16090 1.373377033910255 321.7999999999973
16091 1.367125067481986 321.8199999999973
16092 1.361375211013882 321.8399999999972
16093 1.356103391874922 321.8599999999972
16094 1.351330156777022 321.8799999999972
16095 1.347167610021061 321.8999999999972
16096 1.343584605666353 321.9199999999972
16097 1.340311599682233 321.9399999999972
16098 1.33780095512506 321.9599999999971
16099 1.336159177802233 321.9799999999971
16100 1.33488005592036 321.9999999999971
16101 1.334153185310085 322.0199999999971
16102 1.33420932377211 322.0399999999971
16103 1.335078756867653 322.059999999997
16104 1.336442703002167 322.079999999997
16105 1.338290724727485 322.099999999997
16106 1.340630901892534 322.119999999997
16107 1.343803031719196 322.139999999997
16108 1.347369954644658 322.159999999997
16109 1.351678212839229 322.1799999999969
16110 1.356391666375095 322.1999999999969
16111 1.361996079689064 322.2199999999969
16112 1.368420667701585 322.2399999999969
16113 1.375113966500153 322.2599999999969
16114 1.382507587294358 322.2799999999968
16115 1.390620656493684 322.2999999999968
16116 1.399165165256303 322.3199999999968
16117 1.408509869100593 322.3399999999968
16118 1.418687630961779 322.3599999999968
16119 1.428888675179993 322.3799999999968
16120 1.439495379211269 322.3999999999967
16121 1.450332050175397 322.4199999999967
16122 1.461675820522026 322.4399999999967
16123 1.47354853018085 322.4599999999967
16124 1.485741777431656 322.4799999999967
16125 1.498535240399495 322.4999999999966
16126 1.512031303351788 322.5199999999966
16127 1.525549116458334 322.5399999999966
16128 1.53956740315353 322.5599999999966
16129 1.553595080798543 322.5799999999966
16130 1.567872052221661 322.5999999999966
16131 1.58256385218074 322.6199999999965
16132 1.597521064620204 322.6399999999965
16133 1.612459329828056 322.6599999999965
16134 1.627458148643011 322.6799999999965
16135 1.642472257314638 322.6999999999965
16136 1.657658049163687 322.7199999999964
16137 1.673254459359023 322.7399999999964
16138 1.688712512860462 322.7599999999964
16139 1.703961441455403 322.7799999999964
16140 1.718985015490768 322.7999999999964
16141 1.733891637905571 322.8199999999964
16142 1.748916639605924 322.8399999999963
16143 1.763871236718779 322.8599999999963
16144 1.778539539975658 322.8799999999963
16145 1.79268199697695 322.8999999999963
16146 1.80655648073234 322.9199999999963
16147 1.820383079071778 322.9399999999962
16148 1.8338653909969 322.9599999999962
16149 1.846899619436641 322.9799999999962
16150 1.85977253019011 322.9999999999962
16151 1.872194877325286 323.0199999999962
16152 1.884162824718981 323.0399999999962
16153 1.895652992349839 323.0599999999961
16154 1.906775139125317 323.0799999999961
16155 1.91740201680097 323.0999999999961
16156 1.927665605738086 323.1199999999961
16157 1.937284616579966 323.1399999999961
16158 1.946401605884592 323.159999999996
16159 1.954852053720854 323.179999999996
16160 1.962644090582404 323.199999999996
16161 1.969895823616499 323.219999999996
16162 1.976547185301068 323.239999999996
16163 1.98250318509744 323.259999999996
16164 1.988044088765896 323.2799999999959
16165 1.992816205535153 323.2999999999959
16166 1.99690372903183 323.3199999999959
16167 2.000456720635829 323.3399999999959
16168 2.003218197913904 323.3599999999959
16169 2.005264746425838 323.3799999999958
16170 2.006671505782555 323.3999999999958
16171 2.007439049380565 323.4199999999958
16172 2.007574863602393 323.4399999999958
16173 2.007033799597835 323.4599999999958
16174 2.005798796552362 323.4799999999958
16175 2.003973759810386 323.4999999999957
16176 2.001412450113897 323.5199999999957
16177 1.998164955795454 323.5399999999957
16178 1.994312002318918 323.5599999999957
16179 1.989938901093964 323.5799999999957
16180 1.984943589127031 323.5999999999956
16181 1.979319347450559 323.6199999999956
16182 1.973108268388301 323.6399999999956
16183 1.96637157814065 323.6599999999956
16184 1.959163155759187 323.6799999999956
16185 1.951363853064484 323.6999999999956
16186 1.943011012245476 323.7199999999955
16187 1.934181457691413 323.7399999999955
16188 1.924878948241243 323.7599999999955
16189 1.915122184317872 323.7799999999955
16190 1.904940443214543 323.7999999999955
16191 1.894427915484021 323.8199999999954
16192 1.883459379885615 323.8399999999954
16193 1.872042787506838 323.8599999999954
16194 1.860241580675524 323.8799999999954
16195 1.848165525794704 323.8999999999954
16196 1.835873276588237 323.9199999999954
16197 1.823182285863027 323.9399999999953
16198 1.810257279916285 323.9599999999953
16199 1.797203837261954 323.9799999999953
16200 1.783815542404626 323.9999999999953
16201 1.770276308291363 324.0199999999953
16202 1.756641642464415 324.0399999999952
16203 1.742735191143476 324.0599999999952
16204 1.728802732177903 324.0799999999952
16205 1.714788743284099 324.0999999999952
16206 1.700648250434302 324.1199999999952
16207 1.686552162247078 324.1399999999952
16208 1.672452018482621 324.1599999999951
16209 1.658220304020168 324.1799999999951
16210 1.644050605418329 324.1999999999951
16211 1.62997864770799 324.2199999999951
16212 1.615889403860999 324.2399999999951
16213 1.602016870783498 324.259999999995
16214 1.588164115101145 324.279999999995
16215 1.574524733534483 324.299999999995
16216 1.561108373955609 324.319999999995
16217 1.547944952028632 324.339999999995
16218 1.534985091721167 324.359999999995
16219 1.522243112148714 324.3799999999949
16220 1.509697281688996 324.3999999999949
16221 1.497342185587862 324.4199999999949
16222 1.485188646438516 324.4399999999949
16223 1.473324141347543 324.4599999999949
16224 1.461707337917092 324.4799999999948
16225 1.450532144329046 324.4999999999948
16226 1.439686150782364 324.5199999999948
16227 1.429156637138639 324.5399999999948
16228 1.419218063064922 324.5599999999948
16229 1.409835731976247 324.5799999999948
16230 1.400963923959007 324.5999999999947
16231 1.392569323197678 324.6199999999947
16232 1.384517442193178 324.6399999999947
16233 1.376883412118676 324.6599999999947
16234 1.369675858578791 324.6799999999947
16235 1.362898532410548 324.6999999999946
16236 1.356639565671056 324.7199999999946
16237 1.350961941832904 324.7399999999946
16238 1.345689744642994 324.7599999999946
16239 1.340977444752917 324.7799999999946
16240 1.337094910195076 324.7999999999946
16241 1.333719972196959 324.8199999999945
16242 1.330920260866892 324.8399999999945
16243 1.328847586876687 324.8599999999945
16244 1.327388327882946 324.8799999999945
16245 1.326460239891077 324.8999999999945
16246 1.326105146409614 324.9199999999944
16247 1.326283130278417 324.9399999999944
16248 1.327002939500769 324.9599999999944
16249 1.328274936960885 324.9799999999944
16250 1.33019961911729 324.9999999999944
16251 1.332822293324355 325.0199999999944
16252 1.336174471433514 325.0399999999943
16253 1.340033821002129 325.0599999999943
16254 1.344246572789839 325.0799999999943
16255 1.349162539300372 325.0999999999943
16256 1.354988936363371 325.1199999999943
16257 1.361300774123901 325.1399999999942
16258 1.368124008567752 325.1599999999942
16259 1.37565776316086 325.1799999999942
16260 1.383850664704647 325.1999999999942
16261 1.392363083065083 325.2199999999942
16262 1.401022009250219 325.2399999999942
16263 1.410627623420318 325.2599999999941
16264 1.420487673317874 325.2799999999941
16265 1.431157784549145 325.2999999999941
16266 1.442360802233737 325.3199999999941
16267 1.454149889237874 325.3399999999941
16268 1.466547308348166 325.359999999994
16269 1.478878633439696 325.379999999994
16270 1.491384748494753 325.399999999994
16271 1.504154777633354 325.419999999994
16272 1.517681653338397 325.439999999994
16273 1.531786931100023 325.459999999994
16274 1.545790034670991 325.4799999999939
16275 1.560011632572219 325.4999999999939
16276 1.574454086894755 325.5199999999939
16277 1.589250540986556 325.5399999999939
16278 1.6041334977705 325.5599999999939
16279 1.61921952404611 325.5799999999938
16280 1.634558890952714 325.5999999999938
16281 1.649749926804833 325.6199999999938
16282 1.664961948696928 325.6399999999938
16283 1.680328559337602 325.6599999999938
16284 1.695770426472146 325.6799999999938
16285 1.711232646899106 325.6999999999937
16286 1.726537043862856 325.7199999999937
16287 1.741602938910874 325.7399999999937
16288 1.756681579639975 325.7599999999937
16289 1.771504382822827 325.7799999999937
16290 1.786002105202598 325.7999999999936
16291 1.800254231777748 325.8199999999936
16292 1.814364773481086 325.8399999999936
16293 1.8280942503925 325.8599999999936
16294 1.841566189574396 325.8799999999936
16295 1.854656439582191 325.8999999999936
16296 1.867417274011832 325.9199999999935
16297 1.87978626806682 325.9399999999935
16298 1.891554909538939 325.9599999999935
16299 1.902872042181495 325.9799999999935
16300 1.913863755107233 325.9999999999935
16301 1.924263101392739 326.0199999999934
16302 1.934163528697857 326.0399999999934
16303 1.943524571911126 326.0599999999934
16304 1.952301657628735 326.0799999999934
16305 1.96042616840837 326.0999999999934
16306 1.967815702826492 326.1199999999934
16307 1.974878987563883 326.1399999999933
16308 1.981380628444628 326.1599999999933
16309 1.987234601935789 326.1799999999933
16310 1.992539657991105 326.1999999999933
16311 1.997059152018376 326.2199999999933
16312 2.000778603677947 326.2399999999932
16313 2.003813273704766 326.2599999999932
16314 2.006359618400492 326.2799999999932
16315 2.00831046029136 326.2999999999932
16316 2.009299751237643 326.3199999999932
16317 2.00979215016282 326.3399999999932
16318 2.009633513093301 326.3599999999931
16319 2.00884030225118 326.3799999999931
16320 2.007447940575282 326.3999999999931
16321 2.005419644022762 326.4199999999931
16322 2.002707161383578 326.4399999999931
16323 1.999242450287579 326.459999999993
16324 1.995204049112337 326.479999999993
16325 1.990587410132611 326.499999999993
16326 1.985336079633029 326.519999999993
16327 1.979459222792161 326.539999999993
16328 1.973118191022671 326.559999999993
16329 1.966287927191897 326.5799999999929
16330 1.958794582821288 326.5999999999929
16331 1.950776473329212 326.6199999999929
16332 1.942232279269712 326.6399999999929
16333 1.933272983408675 326.6599999999929
16334 1.92377807925921 326.6799999999928
16335 1.913813202778436 326.6999999999928
16336 1.903405367737617 326.7199999999928
16337 1.892512065501975 326.7399999999928
16338 1.881246064964585 326.7599999999928
16339 1.869540927032617 326.7799999999928
16340 1.857403873773457 326.7999999999927
16341 1.845077091758123 326.8199999999927
16342 1.832522278762347 326.8399999999927
16343 1.819711188530577 326.8599999999927
16344 1.806637117563145 326.8799999999927
16345 1.793270489909562 326.8999999999926
16346 1.779814432343887 326.9199999999926
16347 1.766212578236956 326.9399999999926
16348 1.752335819204951 326.9599999999926
16349 1.738254947345937 326.9799999999926
16350 1.724132332805472 326.9999999999926
16351 1.709975381273044 327.0199999999925
16352 1.695942904565438 327.0399999999925
16353 1.681749049868704 327.0599999999925
16354 1.667503308893962 327.0799999999925
16355 1.653250593723854 327.0999999999925
16356 1.639143627014888 327.1199999999924
16357 1.625057375796271 327.1399999999924
16358 1.611050277630375 327.1599999999924
16359 1.597119322546142 327.1799999999924
16360 1.583370752732386 327.1999999999924
16361 1.569758717192672 327.2199999999924
16362 1.556320836374388 327.2399999999923
16363 1.543161320988043 327.2599999999923
16364 1.530223674234938 327.2799999999923
16365 1.517617944818747 327.2999999999923
16366 1.505394783041098 327.3199999999923
16367 1.49341322460048 327.3399999999922
16368 1.481778073278918 327.3599999999922
16369 1.470460479333489 327.3799999999922
16370 1.459432129968658 327.3999999999922
16371 1.448756613720664 327.4199999999922
16372 1.438360805326359 327.4399999999922
16373 1.428239722498965 327.4599999999921
16374 1.41862194628075 327.4799999999921
16375 1.409568233719578 327.4999999999921
16376 1.400806760935409 327.5199999999921
16377 1.392545155446066 327.5399999999921
16378 1.384951307936723 327.559999999992
16379 1.377876218554825 327.579999999992
16380 1.371268853789426 327.599999999992
16381 1.365184704843599 327.619999999992
16382 1.359613561125238 327.639999999992
16383 1.354509323030694 327.659999999992
16384 1.349910042578715 327.6799999999919
16385 1.345945688944528 327.6999999999919
16386 1.342496790974337 327.7199999999919
16387 1.339364868186882 327.7399999999919
16388 1.337210052975362 327.7599999999919
16389 1.335745316474065 327.7799999999918
16390 1.334530805148745 327.7999999999918
16391 1.334120550488014 327.8199999999918
16392 1.334429685173423 327.8399999999918
16393 1.335489735973311 327.8599999999918
16394 1.337015021704089 327.8799999999918
16395 1.339019604666527 327.8999999999917
16396 1.341554865902328 327.9199999999917
16397 1.344926190777523 327.9399999999917
16398 1.348724515437957 327.9599999999917
16399 1.353225362506716 327.9799999999917
16400 1.358107031735697 327.9999999999916
16401 1.364058269127813 328.0199999999916
16402 1.370667717378846 328.0399999999916
16403 1.377472577579244 328.0599999999916
16404 1.385114784391061 328.0799999999916
16405 1.393433385009205 328.0999999999916
16406 1.402106914580682 328.1199999999915
16407 1.411869414211223 328.1399999999915
16408 1.4219133790326 328.1599999999915
16409 1.432493255564083 328.1799999999915
16410 1.443007554276305 328.1999999999915
16411 1.454027819041831 328.2199999999914
16412 1.465563962065032 328.2399999999914
16413 1.477558212300114 328.2599999999914
16414 1.489848652629191 328.2799999999914
16415 1.502983120879254 328.2999999999914
16416 1.516471097294907 328.3199999999914
16417 1.530174012125308 328.3399999999913
16418 1.544188236668455 328.3599999999913
16419 1.558288759568556 328.3799999999913
16420 1.57268493244826 328.3999999999913
16421 1.587544879520766 328.4199999999913
16422 1.602442034031448 328.4399999999912
16423 1.617402074553557 328.4599999999912
16424 1.632412028185967 328.4799999999912
16425 1.647476948096745 328.4999999999912
16426 1.66279324098564 328.5199999999912
16427 1.678394243853184 328.5399999999912
16428 1.693795640366176 328.5599999999911
16429 1.708958997722529 328.5799999999911
16430 1.723940699092468 328.5999999999911
16431 1.738867780354368 328.6199999999911
16432 1.753881254713653 328.6399999999911
16433 1.768790260035237 328.659999999991
16434 1.783251079765717 328.679999999991
16435 1.797300885217642 328.699999999991
16436 1.811162789302388 328.719999999991
16437 1.824919178362514 328.739999999991
16438 1.838238022606225 328.759999999991
16439 1.851194046240741 328.7799999999909
16440 1.863930684019653 328.7999999999909
16441 1.876244052558687 328.8199999999909
16442 1.888023581049968 328.8399999999909
16443 1.899390113521824 328.8599999999909
16444 1.910371180501849 328.8799999999908
16445 1.920854843137505 328.8999999999908
16446 1.930949578769803 328.9199999999908
16447 1.940385879929255 328.9399999999908
16448 1.949299813293662 328.9599999999908
16449 1.957541552915102 328.9799999999908
16450 1.965101000617968 328.9999999999907
16451 1.972217893716804 329.0199999999907
16452 1.978596034150859 329.0399999999907
16453 1.984374561839525 329.0599999999907
16454 1.989712323498576 329.0799999999907
16455 1.994277569663384 329.0999999999906
16456 1.998154672011833 329.1199999999906
16457 2.001484056504652 329.1399999999906
16458 2.003996650536478 329.1599999999906
16459 2.005827971163546 329.1799999999906
16460 2.007022371547531 329.1999999999906
16461 2.007566953478516 329.2199999999905
16462 2.007506787490918 329.2399999999905
16463 2.006736098460549 329.2599999999905
16464 2.005316624535043 329.2799999999905
16465 2.003225572743871 329.2999999999905
16466 2.000448473916154 329.3199999999904
16467 1.99698290227499 329.3399999999904
16468 1.992967592377173 329.3599999999904
16469 1.988391230705683 329.3799999999904
16470 1.983165454609672 329.3999999999904
16471 1.977365581102495 329.4199999999904
16472 1.970957939997342 329.4399999999903
16473 1.964059103993887 329.4599999999903
16474 1.956692151660434 329.4799999999903
16475 1.948698773590142 329.4999999999903
16476 1.940171144614996 329.5199999999903
16477 1.931186333117136 329.5399999999902
16478 1.921730990836865 329.5599999999902
16479 1.911814333923631 329.5799999999902
16480 1.901549476500703 329.5999999999902
16481 1.890882414764909 329.6199999999902
16482 1.879762739114151 329.6399999999902
16483 1.868207097779411 329.6599999999901
16484 1.856303660920243 329.6799999999901
16485 1.844167927731606 329.6999999999901
16486 1.831745865585513 329.7199999999901
16487 1.818962996901088 329.7399999999901
16488 1.805977450205293 329.75999999999
16489 1.792847484231178 329.77999999999
16490 1.779373282712633 329.79999999999
16491 1.765810773297518 329.81999999999
16492 1.752095404113691 329.83999999999
16493 1.738166133154269 329.85999999999
16494 1.724184483095681 329.8799999999899
16495 1.710157520597459 329.8999999999899
16496 1.696025089750019 329.9199999999899
16497 1.681954275442075 329.9399999999899
16498 1.667792547539598 329.9599999999899
16499 1.653556538477201 329.9799999999898
16500 1.639459170788838 329.9999999999898
16501 1.625330335447978 330.0199999999898
16502 1.611286310203136 330.0399999999898
16503 1.597465411447675 330.0599999999898
16504 1.583651070157627 330.0799999999898
16505 1.570080533639826 330.0999999999897
16506 1.556767813891071 330.1199999999897
16507 1.54364974023192 330.1399999999897
16508 1.530770631531294 330.1599999999897
16509 1.518090585563831 330.1799999999897
16510 1.505609741725594 330.1999999999896
16511 1.493322871100017 330.2199999999896
16512 1.48125215765622 330.2399999999896
16513 1.469460800190953 330.2599999999896
16514 1.457971855583091 330.2799999999896
16515 1.446922852876757 330.2999999999896
16516 1.436182368763411 330.3199999999895
16517 1.42581617099152 330.3399999999895
16518 1.416055274146317 330.3599999999895
16519 1.406871567842725 330.3799999999895
16520 1.398150806823844 330.3999999999895
16521 1.389868132621767 330.4199999999894
16522 1.381975662165575 330.4399999999894
16523 1.374454151041038 330.4599999999894
16524 1.367415973115157 330.4799999999894
16525 1.360822584034096 330.4999999999894
16526 1.354688173204793 330.5199999999894
16527 1.349206655343515 330.5399999999893
16528 1.34406515609308 330.5599999999893
16529 1.339633969829439 330.5799999999893
16530 1.335932484010691 330.5999999999893
16531 1.332718155655617 330.6199999999893
16532 1.330185614586556 330.6399999999892
16533 1.328302348981863 330.6599999999892
16534 1.327056672704245 330.6799999999892
16535 1.326298692331731 330.6999999999892
16536 1.326070339794394 330.7199999999892
16537 1.326483299544564 330.7399999999892
16538 1.327351676738255 330.7599999999891
16539 1.328828312559873 330.7799999999891
16540 1.331013529316927 330.7999999999891
16541 1.333829937503489 330.8199999999891
16542 1.337425194251581 330.8399999999891
16543 1.341364002851852 330.859999999989
16544 1.345783700986882 330.879999999989
16545 1.350985723062541 330.899999999989
16546 1.357137647552303 330.919999999989
16547 1.363427611779608 330.939999999989
16548 1.3705959736024 330.959999999989
16549 1.37826246689942 330.9799999999889
16550 1.386734256424489 330.9999999999889
16551 1.395050416036267 331.0199999999889
16552 1.404206489662411 331.0399999999889
16553 1.413756590709709 331.0599999999889
16554 1.424004181553934 331.0799999999888
16555 1.434789450726587 331.0999999999888
16556 1.446148852086497 331.1199999999888
16557 1.458250814202708 331.1399999999888
16558 1.470637601677123 331.1599999999888
16559 1.483029233419226 331.1799999999888
16560 1.495538946808493 331.1999999999887
16561 1.508534380730904 331.2199999999887
16562 1.522380403989159 331.2399999999887
16563 1.536420376267261 331.2599999999887
16564 1.550470569671539 331.2799999999887
16565 1.56475430796766 331.2999999999886
16566 1.579323719056884 331.3199999999886
16567 1.594203683432915 331.3399999999886
16568 1.609078619798567 331.3599999999886
16569 1.624325414242359 331.3799999999886
16570 1.639601507430307 331.3999999999886
16571 1.654795141569567 331.4199999999885
16572 1.669988701011725 331.4399999999885
16573 1.685463901563308 331.4599999999885
16574 1.700909188798313 331.4799999999885
16575 1.716337607117318 331.4999999999885
16576 1.731545091831279 331.5199999999884
16577 1.746583883983099 331.5399999999884
16578 1.761666618540253 331.5599999999884
16579 1.776315458551093 331.5799999999884
16580 1.790745996707634 331.5999999999884
16581 1.804960516906063 331.6199999999884
16582 1.818919907026729 331.6399999999883
16583 1.832604136459663 331.6599999999883
16584 1.845939062344701 331.6799999999883
16585 1.858948802170391 331.6999999999883
16586 1.871559708418239 331.7199999999883
16587 1.883762465211599 331.7399999999882
16588 1.895350738035412 331.7599999999882
16589 1.906554556855979 331.7799999999882
16590 1.917372072357881 331.7999999999882
16591 1.927607098523162 331.8199999999882
16592 1.937329286203751 331.8399999999882
16593 1.946507883995654 331.8599999999881
16594 1.955078145442773 331.8799999999881
16595 1.962943923126749 331.8999999999881
16596 1.970200649814696 331.9199999999881
16597 1.977110094063503 331.9399999999881
16598 1.983375518699394 331.959999999988
16599 1.989047863790953 331.979999999988
16600 1.994217945533538 331.999999999988
16601 1.998334357301799 332.019999999988
16602 2.001881999568019 332.039999999988
16603 2.004739966252745 332.059999999988
16604 2.007105844906009 332.0799999999879
16605 2.008749604853945 332.0999999999879
16606 2.009546146697288 332.1199999999879
16607 2.00983110302335 332.1399999999879
16608 2.009474927727002 332.1599999999879
16609 2.008465808688261 332.1799999999878
16610 2.006865216044956 332.1999999999878
16611 2.004619397643235 332.2199999999878
16612 2.001659122341514 332.2399999999878
16613 1.99797432002533 332.2599999999878
16614 1.993781115004066 332.2799999999878
16615 1.988948359653061 332.2999999999877
16616 1.983477290909605 332.3199999999877
16617 1.977436051951269 332.3399999999877
16618 1.970960566680791 332.3599999999877
16619 1.963894816194718 332.3799999999877
16620 1.956227526938828 332.3999999999876
16621 1.948023145411056 332.4199999999876
16622 1.939351603807211 332.4399999999876
16623 1.930219658293659 332.4599999999876
16624 1.920554784638239 332.4799999999876
16625 1.910454333987574 332.4999999999876
16626 1.899870776994281 332.5199999999875
16627 1.888846490088348 332.5399999999875
16628 1.877461998512987 332.5599999999875
16629 1.865593595884533 332.5799999999875
16630 1.853375669476909 332.5999999999875
16631 1.840972358662128 332.6199999999874
16632 1.828344953126785 332.6399999999874
16633 1.81544413931076 332.6599999999874
16634 1.802275302863153 332.6799999999874
16635 1.788843721496837 332.6999999999874
16636 1.775374901610918 332.7199999999874
16637 1.761664132128126 332.7399999999873
16638 1.747725785319034 332.7599999999873
16639 1.733613358844944 332.7799999999873
16640 1.719479539369102 332.7999999999873
16641 1.705337924480681 332.8199999999873
16642 1.69124902874806 332.8399999999872
16643 1.677064056715694 332.8599999999872
16644 1.662804307603936 332.8799999999872
16645 1.648594750794777 332.8999999999872
16646 1.634511016003335 332.9199999999872
16647 1.620434946969221 332.9399999999872
16648 1.606466929535041 332.9599999999871
16649 1.592574711329295 332.9799999999871
16650 1.578875129275656 332.9999999999871
16651 1.565334068960691 333.0199999999871
16652 1.551943472281886 333.0399999999871
16653 1.538871816669253 333.059999999987
16654 1.526049125823266 333.079999999987
16655 1.513555233547382 333.099999999987
16656 1.501429395396539 333.119999999987
16657 1.489519896387842 333.139999999987
16658 1.477973634188333 333.159999999987
16659 1.466819772773553 333.1799999999869
16660 1.455874906181361 333.1999999999869
16661 1.445295016155861 333.2199999999869
16662 1.434920590860485 333.2399999999869
16663 1.425039507973738 333.2599999999869
16664 1.415560636114287 333.2799999999868
16665 1.406620322318186 333.2999999999868
16666 1.398029332662415 333.3199999999868
16667 1.389989198764912 333.3399999999868
16668 1.382612524685254 333.3599999999868
16669 1.375642495367126 333.3799999999868
16670 1.369208645024454 333.3999999999867
16671 1.36328461617545 333.4199999999867
16672 1.357879078335639 333.4399999999867
16673 1.352928233722196 333.4599999999867
16674 1.348524764301281 333.4799999999867
16675 1.344774693355039 333.4999999999866
16676 1.34138795125938 333.5199999999866
16677 1.338564120871913 333.5399999999866
16678 1.336671914468949 333.5599999999866
16679 1.335321290411536 333.5799999999866
16680 1.334305041016429 333.5999999999866
16681 1.334102740794557 333.6199999999865
16682 1.334754879724936 333.6399999999865
16683 1.335937844952529 333.6599999999865
16684 1.337639562534971 333.6799999999865
16685 1.339790200810784 333.6999999999865
16686 1.342637201825128 333.7199999999864
16687 1.346108576111031 333.7399999999864
16688 1.350138228648902 333.7599999999864
16689 1.35478374365429 333.7799999999864
16690 1.359963445771984 333.7999999999864
16691 1.366188733457014 333.8199999999864
16692 1.372823732607612 333.8399999999863
16693 1.379936220920879 333.8599999999863
16694 1.387814971888415 333.8799999999863
16695 1.396236693674201 333.8999999999863
16696 1.405177704380599 333.9199999999863
16697 1.415289429567646 333.9399999999862
16698 1.425289358565032 333.9599999999862
16699 1.435983756323104 333.9799999999862
16700 1.446605152521254 333.9999999999862
16701 1.457781813579376 334.0199999999862
16702 1.469509238717139 334.0399999999862
16703 1.481602684749015 334.0599999999861
16704 1.494105847332239 334.0799999999861
16705 1.507451375133211 334.0999999999861
16706 1.520929508835315 334.1199999999861
16707 1.534853576860579 334.1399999999861
16708 1.548850494650026 334.159999999986
16709 1.563006011820849 334.179999999986
16710 1.577537910666237 334.199999999986
16711 1.592510224477414 334.219999999986
16712 1.607384714067692 334.239999999986
16713 1.622379225344797 334.259999999986
16714 1.637390053542225 334.2799999999859
16715 1.652498250003657 334.2999999999859
16716 1.667990092193839 334.3199999999859
16717 1.683532915530289 334.3399999999859
16718 1.698870883050502 334.3599999999859
16719 1.713933189704899 334.3799999999858
16720 1.72889956219288 334.3999999999858
16721 1.743864670334086 334.4199999999858
16722 1.758852939599166 334.4399999999858
16723 1.773673890048475 334.4599999999858
16724 1.787988069550978 334.4799999999858
16725 1.801915733708387 334.4999999999857
16726 1.815757264611391 334.5199999999857
16727 1.829383496683353 334.5399999999857
16728 1.842586930918672 334.5599999999857
16729 1.85550867692633 334.5799999999857
16730 1.868067663926767 334.5999999999856
16731 1.880211572263004 334.6199999999856
16732 1.891855040891024 334.6399999999856
16733 1.903095814395043 334.6599999999856
16734 1.91391312329658 334.6799999999856
16735 1.924306095645174 334.6999999999856
16736 1.93414901712874 334.7199999999855
16737 1.943436177074217 334.7399999999855
16738 1.952132962671655 334.7599999999855
16739 1.960149406857326 334.7799999999855
16740 1.967535822318986 334.7999999999855
16741 1.974452753567274 334.8199999999854
16742 1.98060860115902 334.8399999999854
16743 1.986245150924971 334.8599999999854
16744 1.991318317606989 334.8799999999854
16745 1.995668478524778 334.8999999999854
16746 1.999396269080743 334.9199999999854
16747 2.002434031281791 334.9399999999853
16748 2.004721144806112 334.9599999999853
16749 2.006331573125344 334.9799999999853
16750 2.007320377026192 334.9999999999853
16751 2.007671329546135 335.0199999999853
16752 2.007374095512066 335.0399999999852
16753 2.006353539730603 335.0599999999852
16754 2.004754364038103 335.0799999999852
16755 2.002419741728049 335.0999999999852
16756 1.999418079485251 335.1199999999852
16757 1.995760260153777 335.1399999999852
16758 1.991562170043837 335.1599999999851
16759 1.986782163345361 335.1799999999851
16760 1.981344785069232 335.1999999999851
16761 1.975354403787449 335.2199999999851
16762 1.968781869215126 335.2399999999851
16763 1.961716843065002 335.259999999985
16764 1.9541411254644 335.279999999985
16765 1.945961350491834 335.299999999985
16766 1.937290664182565 335.319999999985
16767 1.928145834174407 335.339999999985
16768 1.91854620953707 335.359999999985
16769 1.908473179235966 335.3799999999849
16770 1.898113573699323 335.3999999999849
16771 1.887292622764993 335.4199999999849
16772 1.876021304751102 335.4399999999849
16773 1.864332046677816 335.4599999999849
16774 1.852342303741243 335.4799999999848
16775 1.84013847743136 335.4999999999848
16776 1.827578728145595 335.5199999999848
16777 1.814719524881462 335.5399999999848
16778 1.801705513704422 335.5599999999848
16779 1.788441221711664 335.5799999999848
16780 1.774926518266627 335.5999999999847
16781 1.761339451882241 335.6199999999847
16782 1.74751325197792 335.6399999999847
16783 1.733587536397965 335.6599999999847
16784 1.719600523627053 335.6799999999847
16785 1.70551676472553 335.6999999999846
16786 1.691384714881162 335.7199999999846
16787 1.677297494253519 335.7399999999846
16788 1.663137108964433 335.7599999999846
16789 1.64888705761877 335.7799999999846
16790 1.6348071066824 335.7999999999845
16791 1.620686822845041 335.8199999999845
16792 1.60673263864607 335.8399999999845
16793 1.592899655842628 335.8599999999845
16794 1.579157233028796 335.8799999999845
16795 1.565660405244052 335.8999999999845
16796 1.552426914029498 335.9199999999844
16797 1.539382815371434 335.9399999999844
16798 1.526568000166999 335.9599999999844
16799 1.513957425647146 335.9799999999844
16800 1.50153389069874 335.9999999999844
16801 1.48930458292309 336.0199999999843
16802 1.477330784399958 336.0399999999843
16803 1.465621806485407 336.0599999999843
16804 1.454283312420345 336.0799999999843
16805 1.443342352474893 336.0999999999843
16806 1.432705895667911 336.1199999999843
16807 1.422533930351188 336.1399999999842
16808 1.412961862859445 336.1599999999842
16809 1.403938752500203 336.1799999999842
16810 1.395398131797655 336.1999999999842
16811 1.387192570353551 336.2199999999842
16812 1.379455945286005 336.2399999999841
16813 1.372118010609706 336.2599999999841
16814 1.365158307747178 336.2799999999841
16815 1.358734433730648 336.2999999999841
16816 1.352824137745326 336.3199999999841
16817 1.347454382037661 336.3399999999841
16818 1.342487781248352 336.359999999984
16819 1.338360721608554 336.379999999984
16820 1.334818948846841 336.399999999984
16821 1.331795650702399 336.419999999984
16822 1.329498082101592 336.439999999984
16823 1.327821604333425 336.4599999999839
16824 1.326763816578631 336.4799999999839
16825 1.326187058295389 336.4999999999839
16826 1.326163101275908 336.5199999999839
16827 1.326717065159245 336.5399999999839
16828 1.327782999391627 336.5599999999839
16829 1.32946541153787 336.5799999999838
16830 1.331895084939006 336.5999999999838
16831 1.334946463084027 336.6199999999838
16832 1.338731421752906 336.6399999999838
16833 1.342775370435322 336.6599999999838
16834 1.34739864350912 336.6799999999837
16835 1.352921416355089 336.6999999999837
16836 1.359238323036601 336.7199999999837
16837 1.365694977372907 336.7399999999837
16838 1.373115128192642 336.7599999999837
16839 1.380959379273831 336.7799999999837
16840 1.389621971095275 336.7999999999836
16841 1.397938121926133 336.8199999999836
16842 1.407400521165569 336.8399999999836
16843 1.417062871106393 336.8599999999836
16844 1.427567590774901 336.8799999999836
16845 1.438513754244243 336.8999999999835
16846 1.450090894429078 336.9199999999835
16847 1.462391234862185 336.9399999999835
16848 1.474706386857576 336.9599999999835
16849 1.487184520264274 336.9799999999835
16850 1.499790963373668 336.9999999999835
16851 1.513028337591422 337.0199999999834
16852 1.527063590953918 337.0399999999834
16853 1.541089387662962 337.0599999999834
16854 1.555195707291572 337.0799999999834
16855 1.569565041994493 337.0999999999834
16856 1.584254564911536 337.1199999999833
16857 1.599149510222057 337.1399999999833
16858 1.614071400884111 337.1599999999833
16859 1.629456688593875 337.1799999999833
16860 1.64466656919198 337.1999999999833
16861 1.659877266944841 337.2199999999833
16862 1.675105713327712 337.2399999999832
16863 1.690609387421136 337.2599999999832
16864 1.706064878951692 337.2799999999832
16865 1.721457156226327 337.2999999999832
16866 1.736577949230859 337.3199999999832
16867 1.751619819707531 337.3399999999831
16868 1.76662266743448 337.3599999999831
16869 1.781163391095509 337.3799999999831
16870 1.795501596337683 337.3999999999831
16871 1.809686582566642 337.4199999999831
16872 1.823527823964827 337.4399999999831
16873 1.837099671073208 337.459999999983
16874 1.850319043774256 337.479999999983
16875 1.863216564335278 337.499999999983
16876 1.875713794869757 337.519999999983
16877 1.887684534735286 337.539999999983
16878 1.899156990727204 337.5599999999829
16879 1.910253800959127 337.5799999999829
16880 1.92086518625646 337.5999999999829
16881 1.930934582691167 337.6199999999829
16882 1.940474607177019 337.6399999999829
16883 1.949470412366541 337.6599999999829
16884 1.957829001647482 337.6799999999828
16885 1.965445401275282 337.6999999999828
16886 1.972580769125393 337.7199999999828
16887 1.979302384625266 337.7399999999828
16888 1.985369191759218 337.7599999999828
16889 1.990893151720693 337.7799999999827
16890 1.995742210221137 337.7999999999827
16891 1.999628183639217 337.8199999999827
16892 2.002918614083008 337.8399999999827
16893 2.005628882718598 337.8599999999827
16894 2.007812390934518 337.8799999999827
16895 2.009110499345188 337.8999999999826
16896 2.009761502040005 337.9199999999826
16897 2.009820714195348 337.9399999999826
16898 2.009262313892386 337.9599999999826
16899 2.008043341468968 337.9799999999826
16900 2.006244219004541 337.9999999999825
16901 2.00377525316828 338.0199999999825
16902 2.00055562388263 338.0399999999825
16903 1.996689579325412 338.0599999999825
16904 1.992291602378253 338.0799999999825
16905 1.987262369529948 338.0999999999825
16906 1.981575236271918 338.1199999999824
16907 1.97538129693027 338.1399999999824
16908 1.968751860026891 338.1599999999824
16909 1.961457762446452 338.1799999999824
16910 1.953620905153626 338.1999999999824
16911 1.945232196074025 338.2199999999823
16912 1.936421030360684 338.2399999999823
16913 1.92711149421153 338.2599999999823
16914 1.917299362161187 338.2799999999823
16915 1.907043153654897 338.2999999999823
16916 1.89630307770294 338.3199999999823
16917 1.885154518770774 338.3399999999822
16918 1.873622080031098 338.3599999999822
16919 1.861602630248911 338.3799999999822
16920 1.849336284606464 338.3999999999822
16921 1.836848996336608 338.4199999999822
16922 1.82413638996498 338.4399999999821
16923 1.811153415978814 338.4599999999821
16924 1.797880319784083 338.4799999999821
16925 1.784416761200798 338.4999999999821
16926 1.770908498470433 338.5199999999821
16927 1.757097408648491 338.5399999999821
16928 1.743081510169458 338.559999999982
16929 1.728960123432514 338.579999999982
16930 1.714814070829698 338.599999999982
16931 1.700693395970352 338.619999999982
16932 1.686595729202352 338.639999999982
16933 1.672347045989613 338.6599999999819
16934 1.658097110319062 338.6799999999819
16935 1.643938480806479 338.6999999999819
16936 1.629864734169682 338.7199999999819
16937 1.615819780034286 338.7399999999819
16938 1.601872951577578 338.7599999999819
16939 1.588035508601403 338.7799999999818
16940 1.574375853568438 338.7999999999818
16941 1.560893201420702 338.8199999999818
16942 1.547613528816754 338.8399999999818
16943 1.534602257074806 338.8599999999818
16944 1.521872535478519 338.8799999999817
16945 1.509514532825599 338.8999999999817
16946 1.497476286738725 338.9199999999817
16947 1.485655438308525 338.9399999999817
16948 1.474264541505902 338.9599999999817
16949 1.463163088069671 338.9799999999817
16950 1.452360108227137 338.9999999999816
16951 1.441833468290608 339.0199999999816
16952 1.431610282435457 339.0399999999816
16953 1.421849326349708 339.0599999999816
16954 1.412544358437312 339.0799999999816
16955 1.403725205575763 339.0999999999815
16956 1.395326461435708 339.1199999999815
16957 1.387480363924547 339.1399999999815
16958 1.380232398890195 339.1599999999815
16959 1.373458495970255 339.1799999999815
16960 1.367201580732023 339.1999999999815
16961 1.361444721195382 339.2199999999814
16962 1.35617309012166 339.2399999999814
16963 1.351398174155583 339.2599999999814
16964 1.347224094550243 339.2799999999814
16965 1.343635567999353 339.2999999999814
16966 1.340356018682126 339.3199999999813
16967 1.337843364024236 339.3399999999813
16968 1.336187429047702 339.3599999999813
16969 1.334903021508926 339.3799999999813
16970 1.334168982996487 339.3999999999813
16971 1.334222988710186 339.4199999999813
16972 1.335087408945941 339.4399999999812
16973 1.336455884863703 339.4599999999812
16974 1.33829104972939 339.4799999999812
16975 1.340626291941824 339.4999999999812
16976 1.343787490651164 339.5199999999812
16977 1.3473555290445 339.5399999999811
16978 1.351660658244106 339.5599999999811
16979 1.356370610113923 339.5799999999811
16980 1.361969024992045 339.5999999999811
16981 1.368387152404395 339.6199999999811
16982 1.375071878898899 339.6399999999811
16983 1.382466080223449 339.659999999981
16984 1.390575535928076 339.679999999981
16985 1.399119949988386 339.699999999981
16986 1.408465430594615 339.719999999981
16987 1.418634345648711 339.739999999981
16988 1.428831556978788 339.7599999999809
16989 1.439440473954417 339.7799999999809
16990 1.450272700849557 339.7999999999809
16991 1.46161979927091 339.8199999999809
16992 1.473485569069326 339.8399999999809
16993 1.485689072395417 339.8599999999809
16994 1.498472738916846 339.8799999999808
16995 1.511969020703575 339.8999999999808
16996 1.525485559230429 339.9199999999808
16997 1.539510548814046 339.9399999999808
16998 1.553541875868695 339.9599999999808
16999 1.567812029799531 339.9799999999807
17000 1.582500565702082 339.9999999999807
17001 1.597458324275323 340.0199999999807
17002 1.612406403918036 340.0399999999807
17003 1.627411501785619 340.0599999999807
17004 1.642424836428632 340.0799999999807
17005 1.657610481941804 340.0999999999806
17006 1.673208827696508 340.1199999999806
17007 1.688674665914641 340.1399999999806
17008 1.703931208478896 340.1599999999806
17009 1.718958842269819 340.1799999999806
17010 1.733864862049119 340.1999999999805
17011 1.748890332554879 340.2199999999805
17012 1.763848980800677 340.2399999999805
17013 1.778525875042766 340.2599999999805
17014 1.79267525835461 340.2799999999805
17015 1.806548460966599 340.2999999999805
17016 1.8203799054932 340.3199999999804
17017 1.833870135247117 340.3399999999804
17018 1.846909305479527 340.3599999999804
17019 1.859786776092117 340.3799999999804
17020 1.87221612842372 340.3999999999804
17021 1.884188388075143 340.4199999999803
17022 1.895683829116415 340.4399999999803
17023 1.906812339927711 340.4599999999803
17024 1.917443677160353 340.4799999999803
17025 1.927711745883761 340.4999999999803
17026 1.93733738018545 340.5199999999803
17027 1.946458071901541 340.5399999999802
17028 1.954916868698415 340.5599999999802
17029 1.9627152441273 340.5799999999802
17030 1.969970303087478 340.5999999999802
17031 1.976629812201863 340.6199999999802
17032 1.982590722902707 340.6399999999801
17033 1.988139271979816 340.6599999999801
17034 1.992914005439819 340.6799999999801
17035 1.99700938806073 340.6999999999801
17036 2.000565713827655 340.7199999999801
17037 2.003335802274797 340.7399999999801
17038 2.005384893322974 340.75999999998
17039 2.006795477367388 340.77999999998
17040 2.007568190819178 340.79999999998
17041 2.007708144279838 340.81999999998
17042 2.00716999007544 340.83999999998
17043 2.005938406762416 340.8599999999799
17044 2.004120338077987 340.8799999999799
17045 2.001562353830755 340.8999999999799
17046 1.998320740471771 340.9199999999799
17047 1.994466832194372 340.9399999999799
17048 1.990098067869277 340.9599999999799
17049 1.985109027335099 340.9799999999798
17050 1.979483392496921 340.9999999999798
17051 1.973278569807314 341.0199999999798
17052 1.966541695533633 341.0399999999798
17053 1.959327429611787 341.0599999999798
17054 1.951534328566308 341.0799999999797
17055 1.943183854851819 341.0999999999797
17056 1.934358466165153 341.1199999999797
17057 1.925057502821907 341.1399999999797
17058 1.915301446520387 341.1599999999797
17059 1.9051186553137 341.1799999999797
17060 1.894609557472408 341.1999999999796
17061 1.883642396705511 341.2199999999796
17062 1.872228415672317 341.2399999999796
17063 1.860426362422667 341.2599999999796
17064 1.84834682675357 341.2799999999796
17065 1.836056734933218 341.2999999999795
17066 1.823366042120523 341.3199999999795
17067 1.810438134850573 341.3399999999795
17068 1.797382685097206 341.3599999999795
17069 1.783998528731723 341.3799999999795
17070 1.770444907029628 341.3999999999795
17071 1.756819152443248 341.4199999999794
17072 1.742909753409853 341.4399999999794
17073 1.728974713349676 341.4599999999794
17074 1.714959024998347 341.4799999999794
17075 1.700814755090842 341.4999999999794
17076 1.686719598759555 341.5199999999793
17077 1.672621688317907 341.5399999999793
17078 1.658382572260735 341.5599999999793
17079 1.644210977883043 341.5799999999793
17080 1.630135612452913 341.5999999999793
17081 1.616042339210468 341.6199999999793
17082 1.602166500731947 341.6399999999792
17083 1.588329016122902 341.6599999999792
17084 1.574660998120003 341.6799999999792
17085 1.561248724390607 341.6999999999792
17086 1.548082147161153 341.7199999999792
17087 1.535117385728453 341.7399999999791
17088 1.522371106143483 341.7599999999791
17089 1.509815889911123 341.7799999999791
17090 1.497453001722051 341.7999999999791
17091 1.485297205060381 341.8199999999791
17092 1.473427598119979 341.8399999999791
17093 1.461809098385823 341.859999999979
17094 1.450628837904294 341.879999999979
17095 1.439781148866637 341.899999999979
17096 1.429248891609453 341.919999999979
17097 1.419304993475536 341.939999999979
17098 1.409920990919756 341.9599999999789
17099 1.40105049531498 341.9799999999789
17100 1.392650740925244 341.9999999999789
17101 1.384596857173917 342.0199999999789
17102 1.376956480212055 342.0399999999789
17103 1.369790410917024 342.0599999999789
17104 1.362947781621519 342.0799999999788
17105 1.356688871308638 342.0999999999788
17106 1.351009104857085 342.1199999999788
17107 1.345737867539556 342.1399999999788
17108 1.34101987975702 342.1599999999788
17109 1.337137354032208 342.1799999999787
17110 1.333758798068761 342.1999999999787
17111 1.330958994734466 342.2199999999787
17112 1.328884482303754 342.2399999999787
17113 1.327421867881189 342.2599999999787
17114 1.326485149517062 342.2799999999787
17115 1.326124670995751 342.2999999999786
17116 1.326298723230286 342.3199999999786
17117 1.327016676138365 342.3399999999786
17118 1.328288423375766 342.3599999999786
17119 1.330209945469233 342.3799999999786
17120 1.332831623659272 342.3999999999785
17121 1.336185761569122 342.4199999999785
17122 1.34002273565645 342.4399999999785
17123 1.344257615271422 342.4599999999785
17124 1.349169961393385 342.4799999999785
17125 1.354991435369642 342.4999999999785
17126 1.361301473165691 342.5199999999784
17127 1.368122390731461 342.5399999999784
17128 1.375655829464607 342.5599999999784
17129 1.383857201293025 342.5799999999784
17130 1.392359333569166 342.5999999999784
17131 1.40101987571677 342.6199999999783
17132 1.410628383254429 342.6399999999783
17133 1.420482285291715 342.6599999999783
17134 1.431149801520228 342.6799999999783
17135 1.442354108426609 342.6999999999783
17136 1.454144290168691 342.7199999999783
17137 1.466541910125212 342.7399999999782
17138 1.478874583837805 342.7599999999782
17139 1.49138673131031 342.7799999999782
17140 1.504149692117304 342.7999999999782
17141 1.51767721515418 342.8199999999782
17142 1.531779154033868 342.8399999999781
17143 1.545799044353571 342.8599999999781
17144 1.560009526903509 342.8799999999781
17145 1.574459085033481 342.8999999999781
17146 1.589253596232697 342.9199999999781
17147 1.604145134425038 342.9399999999781
17148 1.619225904563709 342.959999999978
17149 1.634571943983224 342.979999999978
17150 1.64976393273114 342.999999999978
17151 1.664980216260893 343.019999999978
17152 1.680344849233224 343.039999999978
17153 1.695788082378109 343.0599999999779
17154 1.711257672046433 343.0799999999779
17155 1.726568532672913 343.0999999999779
17156 1.741638770588001 343.1199999999779
17157 1.75671692099584 343.1399999999779
17158 1.771549416028446 343.1599999999779
17159 1.78604631850651 343.1799999999778
17160 1.800305443173833 343.1999999999778
17161 1.814419287090504 343.2199999999778
17162 1.828147929149047 343.2399999999778
17163 1.841630478520703 343.2599999999778
17164 1.854718618943608 343.2799999999777
17165 1.867486582236828 343.2999999999777
17166 1.879859783160784 343.3199999999777
17167 1.89163515780788 343.3399999999777
17168 1.902953645231488 343.3599999999777
17169 1.913946349744612 343.3799999999777
17170 1.924350823579373 343.3999999999776
17171 1.934255635598101 343.4199999999776
17172 1.943620314890566 343.4399999999776
17173 1.952401600271303 343.4599999999776
17174 1.960533931108434 343.4799999999776
17175 1.967923139006356 343.4999999999775
17176 1.974986479446707 343.5199999999775
17177 1.981433471207362 343.5399999999775
17178 1.987365157055743 343.5599999999775
17179 1.992653575586 343.5799999999775
17180 1.997186076465308 343.5999999999775
17181 2.000904675763731 343.6199999999774
17182 2.003942140508522 343.6399999999774
17183 2.006489915170111 343.6599999999774
17184 2.008439474062059 343.6799999999774
17185 2.009439552287325 343.6999999999774
17186 2.00992962667032 343.7199999999773
17187 2.009773601022318 343.7399999999773
17188 2.008981307307861 343.7599999999773
17189 2.007594491796513 343.7799999999773
17190 2.005566213675734 343.7999999999773
17191 2.002858542222013 343.8199999999773
17192 1.999396812949899 343.8399999999772
17193 1.995359472912564 343.8599999999772
17194 1.990744978114251 343.8799999999772
17195 1.985495782627999 343.8999999999772
17196 1.97961921061185 343.9199999999772
17197 1.973276440929344 343.9399999999771
17198 1.966446061764741 343.9599999999771
17199 1.958956005756187 343.9799999999771
17200 1.950936646596305 343.9999999999771
17201 1.942391164226458 344.0199999999771
17202 1.933433579056474 344.0399999999771
17203 1.923939483073284 344.059999999977
17204 1.913975457316612 344.079999999977
17205 1.903568472488285 344.099999999977
17206 1.8926758111266 344.119999999977
17207 1.881408252921186 344.139999999977
17208 1.869706111062801 344.1599999999769
17209 1.857565225645607 344.1799999999769
17210 1.845238020328647 344.1999999999769
17211 1.832681129001168 344.2199999999769
17212 1.819867406487733 344.2399999999769
17213 1.806796852934422 344.2599999999769
17214 1.793430224455001 344.2799999999768
17215 1.779962689117273 344.2999999999768
17216 1.766360218197811 344.3199999999768
17217 1.752482997691795 344.3399999999768
17218 1.738402252277462 344.3599999999768
17219 1.724278240047265 344.3799999999767
17220 1.710106086647405 344.3999999999767
17221 1.696086748508427 344.4199999999767
17222 1.681883239235138 344.4399999999767
17223 1.667638960098083 344.4599999999767
17224 1.653381028408975 344.4799999999767
17225 1.639270448072907 344.4999999999766
17226 1.625186902420275 344.5199999999766
17227 1.611171682755437 344.5399999999766
17228 1.597239070862155 344.5599999999766
17229 1.583486814766364 344.5799999999766
17230 1.569874416888866 344.5999999999765
17231 1.556423611260283 344.6199999999765
17232 1.543269017268549 344.6399999999765
17233 1.530321047370736 344.6599999999765
17234 1.517717228140758 344.6799999999765
17235 1.505490634369443 344.6999999999765
17236 1.4934990061383 344.7199999999764
17237 1.48186730990397 344.7399999999764
17238 1.470546683925422 344.7599999999764
17239 1.459507525516352 344.7799999999764
17240 1.448841581055247 344.7999999999764
17241 1.438367731712447 344.8199999999763
17242 1.428317270150564 344.8399999999763
17243 1.418679222180791 344.8599999999763
17244 1.409629382608079 344.8799999999763
17245 1.400865641320562 344.8999999999763
17246 1.392596670722221 344.9199999999763
17247 1.385005961717398 344.9399999999762
17248 1.377918303708259 344.9599999999762
17249 1.371308493814797 344.9799999999762
17250 1.365220906920768 344.9999999999762
17251 1.359647451004429 345.0199999999762
17252 1.354549178664992 345.0399999999761
17253 1.349943214458762 345.0599999999761
17254 1.345979012006786 345.0799999999761
17255 1.342522120242315 345.0999999999761
17256 1.339390370007622 345.1199999999761
17257 1.337236814656088 345.1399999999761
17258 1.33576194798183 345.159999999976
17259 1.33454331172595 345.179999999976
17260 1.334132893823532 345.199999999976
17261 1.334444336180172 345.219999999976
17262 1.33550535494718 345.239999999976
17263 1.337031034130296 345.2599999999759
17264 1.339026581469045 345.2799999999759
17265 1.34156351716649 345.2999999999759
17266 1.344931499590244 345.3199999999759
17267 1.348734440275251 345.3399999999759
17268 1.353233037962909 345.3599999999759
17269 1.358117131630162 345.3799999999758
17270 1.364067240807207 345.3999999999758
17271 1.370671030096204 345.4199999999758
17272 1.377475249632149 345.4399999999758
17273 1.385119889830224 345.4599999999758
17274 1.393439166328108 345.4799999999757
17275 1.402120875430225 345.4999999999757
17276 1.411884109680637 345.5199999999757
17277 1.42192348106307 345.5399999999757
17278 1.43250412847887 345.5599999999757
17279 1.443015769125246 345.5799999999757
17280 1.454036928283374 345.5999999999756
17281 1.465581675663982 345.6199999999756
17282 1.477568107709093 345.6399999999756
17283 1.489871553901644 345.6599999999756
17284 1.503000676917864 345.6799999999756
17285 1.516490578614238 345.6999999999755
17286 1.530197144307255 345.7199999999755
17287 1.544219651709158 345.7399999999755
17288 1.558320998560363 345.7599999999755
17289 1.57271436780577 345.7799999999755
17290 1.587575054264199 345.7999999999755
17291 1.602477085395854 345.8199999999754
17292 1.617443991652012 345.8399999999754
17293 1.632460020355219 345.8599999999754
17294 1.64752611785329 345.8799999999754
17295 1.662841669179323 345.8999999999754
17296 1.678447881478737 345.9199999999753
17297 1.693856463811323 345.9399999999753
17298 1.709024560938958 345.9599999999753
17299 1.724006447162973 345.9799999999753
17300 1.738933720466078 345.9999999999753
17301 1.75395094349042 346.0199999999753
17302 1.768863386576842 346.0399999999752
17303 1.783330141499762 346.0599999999752
17304 1.797382773057966 346.0799999999752
17305 1.811249368762418 346.0999999999752
17306 1.82500085579452 346.1199999999752
17307 1.838329785996033 346.1399999999751
17308 1.851284295997749 346.1599999999751
17309 1.864028164236514 346.1799999999751
17310 1.87634333029595 346.1999999999751
17311 1.888125516913476 346.2199999999751
17312 1.899494317035035 346.2399999999751
17313 1.910479579951204 346.259999999975
17314 1.920963766037195 346.279999999975
17315 1.931062926376227 346.299999999975
17316 1.940500392254024 346.319999999975
17317 1.949415785348815 346.339999999975
17318 1.957659684289467 346.3599999999749
17319 1.965222649554746 346.3799999999749
17320 1.972341291038194 346.3999999999749
17321 1.978723715371843 346.4199999999749
17322 1.98449995326211 346.4399999999749
17323 1.989842571864531 346.4599999999749
17324 1.994406933514919 346.4799999999748
17325 1.998286100297441 346.4999999999748
17326 2.001617482384666 346.5199999999748
17327 2.004132300963719 346.5399999999748
17328 2.005962811880052 346.5599999999748
17329 2.007157616384535 346.5799999999747
17330 2.007703510377106 346.5999999999747
17331 2.007643055245918 346.6199999999747
17332 2.006872833671221 346.6399999999747
17333 2.005451946238342 346.6599999999747
17334 2.003362461044794 346.6799999999747
17335 2.000585084832772 346.6999999999746
17336 1.997119462673246 346.7199999999746
17337 1.993100499308895 346.7399999999746
17338 1.988528402248299 346.7599999999746
17339 1.983301653413197 346.7799999999746
17340 1.977497644594671 346.7999999999745
17341 1.971089287855241 346.8199999999745
17342 1.964184666096276 346.8399999999745
17343 1.956821222993256 346.8599999999745
17344 1.948822191723229 346.8799999999745
17345 1.940294107219306 346.8999999999745
17346 1.931312832234034 346.9199999999744
17347 1.921852853739078 346.9399999999744
17348 1.911935490950018 346.9599999999744
17349 1.901666309279852 346.9799999999744
17350 1.890998666847043 346.9999999999744
17351 1.87987977869848 347.0199999999743
17352 1.868320570209334 347.0399999999743
17353 1.856415804188478 347.0599999999743
17354 1.844275905884514 347.0799999999743
17355 1.831852751446581 347.0999999999743
17356 1.819067632866677 347.1199999999743
17357 1.806078763051912 347.1399999999742
17358 1.792947031657544 347.1599999999742
17359 1.77947106907051 347.1799999999742
17360 1.765902107743742 347.1999999999742
17361 1.752189997241181 347.2199999999742
17362 1.73825393881666 347.2399999999741
17363 1.724273551773545 347.2599999999741
17364 1.710242271765652 347.2799999999741
17365 1.696105088278606 347.2999999999741
17366 1.682035287360502 347.3199999999741
17367 1.667871423986829 347.3399999999741
17368 1.653630814963748 347.359999999974
17369 1.639467049592894 347.379999999974
17370 1.625406455380702 347.399999999974
17371 1.611351212556688 347.419999999974
17372 1.597531633982617 347.439999999974
17373 1.583731595462633 347.4599999999739
17374 1.570134484544741 347.4799999999739
17375 1.5568260862261 347.4999999999739
17376 1.543705773377858 347.5199999999739
17377 1.530824247873922 347.5399999999739
17378 1.518139542840601 347.5599999999739
17379 1.505651948268985 347.5799999999738
17380 1.493357151300169 347.5999999999738
17381 1.481284999658057 347.6199999999738
17382 1.469491702865287 347.6399999999738
17383 1.458003292675686 347.6599999999738
17384 1.44695283874641 347.6799999999737
17385 1.436213376755594 347.6999999999737
17386 1.425846157088813 347.7199999999737
17387 1.416085306017042 347.7399999999737
17388 1.40690291868419 347.7599999999737
17389 1.398184131312962 347.7799999999737
17390 1.389898228574229 347.7999999999736
17391 1.382005349763648 347.8199999999736
17392 1.374477695492189 347.8399999999736
17393 1.367433077271044 347.8599999999736
17394 1.360786282710249 347.8799999999736
17395 1.354705990184024 347.8999999999735
17396 1.349219833137212 347.9199999999735
17397 1.344083216080569 347.9399999999735
17398 1.339652068171532 347.9599999999735
17399 1.335951327688163 347.9799999999735
17400 1.332741158493368 347.9999999999735
17401 1.330209791280299 348.0199999999734
17402 1.328328000020718 348.0399999999734
17403 1.327080801168234 348.0599999999734
17404 1.326318366499873 348.0799999999734
17405 1.326102660017399 348.0999999999734
17406 1.326500340812872 348.1199999999733
17407 1.327376120405161 348.1399999999733
17408 1.328852362870983 348.1599999999733
17409 1.331039844472648 348.1799999999733
17410 1.333859191131968 348.1999999999733
17411 1.337455402432558 348.2199999999733
17412 1.341397541879608 348.2399999999732
17413 1.345818331589627 348.2599999999732
17414 1.351024095185098 348.2799999999732
17415 1.357181118060788 348.2999999999732
17416 1.363468254368312 348.3199999999732
17417 1.370640984731434 348.3399999999731
17418 1.378311597640112 348.3599999999731
17419 1.386796163889872 348.3799999999731
17420 1.395097257879718 348.3999999999731
17421 1.40426214752488 348.4199999999731
17422 1.413814881836579 348.4399999999731
17423 1.424063918030772 348.459999999973
17424 1.434848174549318 348.479999999973
17425 1.446216192831083 348.499999999973
17426 1.458320559919433 348.519999999973
17427 1.470711088775703 348.539999999973
17428 1.483106232307341 348.5599999999729
17429 1.495618278456778 348.5799999999729
17430 1.508613233324794 348.5999999999729
17431 1.522463085662093 348.6199999999729
17432 1.536503744229964 348.6399999999729
17433 1.550559404351186 348.6599999999729
17434 1.564849574965566 348.6799999999728
17435 1.57941953737497 348.6999999999728
17436 1.594299842151349 348.7199999999728
17437 1.60918475905854 348.7399999999728
17438 1.624429110757829 348.7599999999728
17439 1.639709375731746 348.7799999999727
17440 1.654907321674885 348.7999999999727
17441 1.670101874545249 348.8199999999727
17442 1.68557750942711 348.8399999999727
17443 1.701026632736616 348.8599999999727
17444 1.716460472202172 348.8799999999727
17445 1.73167597977021 348.8999999999726
17446 1.746710933274939 348.9199999999726
17447 1.761798521418211 348.9399999999726
17448 1.776451448477391 348.9599999999726
17449 1.790884432105143 348.9799999999726
17450 1.805102234720344 348.9999999999725
17451 1.81906103356919 349.0199999999725
17452 1.832744321268562 349.0399999999725
17453 1.846091456806228 349.0599999999725
17454 1.859097441793232 349.0799999999725
17455 1.871707794636978 349.0999999999725
17456 1.883914748316809 349.1199999999724
17457 1.895507951430529 349.1399999999724
17458 1.906706571549821 349.1599999999724
17459 1.917526018396769 349.1799999999724
17460 1.927761042012037 349.1999999999724
17461 1.937485450295195 349.2199999999723
17462 1.946662164002299 349.2399999999723
17463 1.955234965973081 349.2599999999723
17464 1.963104940467995 349.2799999999723
17465 1.970356031705351 349.2999999999723
17466 1.9772630446837 349.3199999999723
17467 1.983527250592467 349.3399999999722
17468 1.989196051474609 349.3599999999722
17469 1.994369637883376 349.3799999999722
17470 1.998489725451552 349.3999999999722
17471 2.002037067537056 349.4199999999722
17472 2.004890199526109 349.4399999999721
17473 2.00725227101803 349.4599999999721
17474 2.008894429599981 349.4799999999721
17475 2.009688751887572 349.4999999999721
17476 2.009973064562859 349.5199999999721
17477 2.009612853291081 349.5399999999721
17478 2.008603191700658 349.559999999972
17479 2.007006851598971 349.579999999972
17480 2.004746652802376 349.599999999972
17481 2.001792585754052 349.619999999972
17482 1.998108076230463 349.639999999972
17483 1.993911078804117 349.6599999999719
17484 1.989076339898957 349.6799999999719
17485 1.98360698166649 349.6999999999719
17486 1.977558202197137 349.7199999999719
17487 1.971078518758864 349.7399999999719
17488 1.964011269814936 349.7599999999719
17489 1.956342286950655 349.7799999999718
17490 1.948133027361793 349.7999999999718
17491 1.939459500142801 349.8199999999718
17492 1.930325456592155 349.8399999999718
17493 1.920657681534207 349.8599999999718
17494 1.910556472950185 349.8799999999717
17495 1.899969778716328 349.8999999999717
17496 1.888943318522549 349.9199999999717
17497 1.877558380757535 349.9399999999717
17498 1.865683545779613 349.9599999999717
17499 1.853462067618846 349.9799999999717
17500 1.841054730665336 349.9999999999716
17501 1.828425920944583 350.0199999999716
17502 1.815527975848913 350.0399999999716
17503 1.802348075864072 350.0599999999716
17504 1.788921792631782 350.0799999999716
17505 1.775441419905025 350.0999999999715
17506 1.761728751166352 350.1199999999715
17507 1.747789767264647 350.1399999999715
17508 1.733673245171967 350.1599999999715
17509 1.719535945409453 350.1799999999715
17510 1.705387919654005 350.1999999999715
17511 1.691300168504922 350.2199999999714
17512 1.677112701879324 350.2399999999714
17513 1.662850510687714 350.2599999999714
17514 1.648638109396283 350.2799999999714
17515 1.634551493672754 350.2999999999714
17516 1.620472545426729 350.3199999999713
17517 1.60650218287241 350.3399999999713
17518 1.592608925980546 350.3599999999713
17519 1.578909642176488 350.3799999999713
17520 1.565360478325251 350.3999999999713
17521 1.551969647088392 350.4199999999713
17522 1.538895342037847 350.4399999999712
17523 1.526073258831733 350.4599999999712
17524 1.513576857475571 350.4799999999712
17525 1.50145213825981 350.4999999999712
17526 1.489532097147877 350.5199999999712
17527 1.477993442988846 350.5399999999711
17528 1.466837752500689 350.5599999999711
17529 1.455893072626805 350.5799999999711
17530 1.445308139158754 350.5999999999711
17531 1.434931338452027 350.6199999999711
17532 1.425050001634984 350.6399999999711
17533 1.415568028696766 350.659999999971
17534 1.406623774337808 350.679999999971
17535 1.398043029239655 350.699999999971
17536 1.38999345425583 350.719999999971
17537 1.382615443797661 350.739999999971
17538 1.375643548353461 350.7599999999709
17539 1.36921058436046 350.7799999999709
17540 1.363285009089526 350.7999999999709
17541 1.357881169505646 350.8199999999709
17542 1.352937695404597 350.8399999999709
17543 1.348531526024397 350.8599999999709
17544 1.344782829171168 350.8799999999708
17545 1.341394671580937 350.8999999999708
17546 1.338577961617163 350.9199999999708
17547 1.33668479542084 350.9399999999708
17548 1.335326935523372 350.9599999999708
17549 1.334315353337436 350.9799999999707
17550 1.334118695868936 350.9999999999707
17551 1.334775277550779 351.0199999999707
17552 1.33596394965456 351.0399999999707
17553 1.337669895883667 351.0599999999707
17554 1.339810428307677 351.0799999999707
17555 1.342670127190313 351.0999999999706
17556 1.346139060406947 351.1199999999706
17557 1.350175641414824 351.1399999999706
17558 1.354820533950294 351.1599999999706
17559 1.360009452846259 351.1799999999706
17560 1.366236491849534 351.1999999999705
17561 1.372869229424846 351.2199999999705
17562 1.379986003524778 351.2399999999705
17563 1.38787265093754 351.2599999999705
17564 1.396296670659126 351.2799999999705
17565 1.405250505845353 351.2999999999705
17566 1.415370320092856 351.3199999999704
17567 1.425364097394237 351.3399999999704
17568 1.436060987391139 351.3599999999704
17569 1.446681081319695 351.3799999999704
17570 1.457863718251639 351.3999999999704
17571 1.469592889312343 351.4199999999703
17572 1.481707676402398 351.4399999999703
17573 1.494205184538391 351.4599999999703
17574 1.507553437021773 351.4799999999703
17575 1.521034499561783 351.4999999999703
17576 1.534968703183053 351.5199999999703
17577 1.548968791600913 351.5399999999702
17578 1.563126412378714 351.5599999999702
17579 1.577659367729937 351.5799999999702
17580 1.592631757750097 351.5999999999702
17581 1.607514516787279 351.6199999999702
17582 1.622515144880648 351.6399999999701
17583 1.637532701680398 351.6599999999701
17584 1.652642770323808 351.6799999999701
17585 1.668136885769788 351.6999999999701
17586 1.683683146989323 351.7199999999701
17587 1.699027114195735 351.7399999999701
17588 1.714092922134987 351.75999999997
17589 1.729051123727574 351.77999999997
17590 1.744020478063767 351.79999999997
17591 1.75901526993768 351.81999999997
17592 1.773839265026321 351.83999999997
17593 1.788156823956778 351.8599999999699
17594 1.802083116165793 351.8799999999699
17595 1.815923211388146 351.8999999999699
17596 1.829554516191276 351.9199999999699
17597 1.842756941465509 351.9399999999699
17598 1.85567885248137 351.9599999999699
17599 1.868242974386361 351.9799999999698
17600 1.880383781443107 351.9999999999698
17601 1.892029121426535 352.0199999999698
17602 1.903269154333017 352.0399999999698
17603 1.914086625459544 352.0599999999698
17604 1.924477859711121 352.0799999999697
17605 1.934320293723396 352.0999999999697
17606 1.943605581707081 352.1199999999697
17607 1.952302957871202 352.1399999999697
17608 1.960317050010896 352.1599999999697
17609 1.967700808319465 352.1799999999697
17610 1.974617275617658 352.1999999999696
17611 1.980770244201463 352.2199999999696
17612 1.98640605383402 352.2399999999696
17613 1.991479812697725 352.2599999999696
17614 1.995823019003332 352.2799999999696
17615 1.99954794667024 352.2999999999695
17616 2.002583331031098 352.3199999999695
17617 2.004868219381128 352.3399999999695
17618 2.006473174099888 352.3599999999695
17619 2.007458927103309 352.3799999999695
17620 2.007804341025478 352.3999999999695
17621 2.007504099533173 352.4199999999694
17622 2.006480005366542 352.4399999999694
17623 2.004877282847697 352.4599999999694
17624 2.002539917841609 352.4799999999694
17625 1.999532353680621 352.4999999999694
17626 1.995869243267058 352.5199999999693
17627 1.991667761345008 352.5399999999693
17628 1.986886663837545 352.5599999999693
17629 1.981443051495373 352.5799999999693
17630 1.975446083816701 352.5999999999693
17631 1.968867959933683 352.6199999999693
17632 1.961795087652272 352.6399999999692
17633 1.954213219721466 352.6599999999692
17634 1.94603278914253 352.6799999999692
17635 1.937358246407251 352.6999999999692
17636 1.928211828995614 352.7199999999692
17637 1.918604323823923 352.7399999999691
17638 1.908528238034906 352.7599999999691
17639 1.898165363541513 352.7799999999691
17640 1.88734079823987 352.7999999999691
17641 1.876065215754148 352.8199999999691
17642 1.864370925249839 352.8399999999691
17643 1.852374276454567 352.859999999969
17644 1.84017022116062 352.879999999969
17645 1.827603249649926 352.899999999969
17646 1.814742050505278 352.919999999969
17647 1.801722681694263 352.939999999969
17648 1.78845784029957 352.9599999999689
17649 1.774937372952245 352.9799999999689
17650 1.761345089998521 352.9999999999689
17651 1.747518233214541 353.0199999999689
17652 1.733589573021467 353.0399999999689
17653 1.719599982308206 353.0599999999689
17654 1.705515870724555 353.0799999999688
17655 1.691379261878077 353.0999999999688
17656 1.677288874104349 353.1199999999688
17657 1.663125177712174 353.1399999999688
17658 1.648872405006957 353.1599999999688
17659 1.634790847859855 353.1799999999687
17660 1.620667080441605 353.1999999999687
17661 1.606711912376543 353.2199999999687
17662 1.592878397275643 353.2399999999687
17663 1.579142038416106 353.2599999999687
17664 1.565631762115658 353.2799999999687
17665 1.552402703177816 353.2999999999686
17666 1.539357108119656 353.3199999999686
17667 1.526540285367968 353.3399999999686
17668 1.513924740799838 353.3599999999686
17669 1.501495408185702 353.3799999999686
17670 1.489262777867839 353.3999999999685
17671 1.477289329012173 353.4199999999685
17672 1.465580850638475 353.4399999999685
17673 1.454244049545667 353.4599999999685
17674 1.443304685692846 353.4799999999685
17675 1.432670474981004 353.4999999999685
17676 1.422500170820693 353.5199999999684
17677 1.41293146933901 353.5399999999684
17678 1.403917079014982 353.5599999999684
17679 1.395379048186571 353.5799999999684
17680 1.387173860770798 353.5999999999684
17681 1.37943527767596 353.6199999999683
17682 1.372098318989734 353.6399999999683
17683 1.365130826571316 353.6599999999683
17684 1.358706829028254 353.6799999999683
17685 1.352802782583977 353.6999999999683
17686 1.347437305190162 353.7199999999683
17687 1.342479180053193 353.7399999999682
17688 1.338356492886738 353.7599999999682
17689 1.334818364543494 353.7799999999682
17690 1.331802623423946 353.7999999999682
17691 1.329512088585392 353.8199999999682
17692 1.327838430965099 353.8399999999681
17693 1.326775415293443 353.8599999999681
17694 1.326202094237706 353.8799999999681
17695 1.326198653212844 353.8999999999681
17696 1.326743262566313 353.9199999999681
17697 1.32781032224032 353.9399999999681
17698 1.329503279032031 353.959999999968
17699 1.331940960506683 353.979999999968
17700 1.334999441418031 353.999999999968
17701 1.338785566402343 354.019999999968
17702 1.342837954076681 354.039999999968
17703 1.347467864917157 354.0599999999679
17704 1.353005706376115 354.0799999999679
17705 1.359302300847323 354.0999999999679
17706 1.365784654040524 354.1199999999679
17707 1.373209551169167 354.1399999999679
17708 1.381065558841158 354.1599999999679
17709 1.389724156758516 354.1799999999678
17710 1.398045421509543 354.1999999999678
17711 1.407517921777449 354.2199999999678
17712 1.417187420450244 354.2399999999678
17713 1.427691590442496 354.2599999999678
17714 1.438648768637666 354.2799999999677
17715 1.450232502092576 354.2999999999677
17716 1.462539153193947 354.3199999999677
17717 1.474856355853139 354.3399999999677
17718 1.487340333480612 354.3599999999677
17719 1.499946644423991 354.3799999999677
17720 1.513194802180141 354.3999999999676
17721 1.527234644883787 354.4199999999676
17722 1.541259674110555 354.4399999999676
17723 1.555376061239661 354.4599999999676
17724 1.569753976720701 354.4799999999676
17725 1.584442908179895 354.4999999999675
17726 1.599338304302099 354.5199999999675
17727 1.614269256544512 354.5399999999675
17728 1.629659642891205 354.5599999999675
17729 1.644869965744183 354.5799999999675
17730 1.660084551267669 354.5999999999675
17731 1.675315832131401 354.6199999999674
17732 1.690820098880101 354.6399999999674
17733 1.706282285570671 354.6599999999674
17734 1.721680744644681 354.6799999999674
17735 1.736802371899136 354.6999999999674
17736 1.751842523444533 354.7199999999673
17737 1.766848727339307 354.7399999999673
17738 1.781390651764465 354.7599999999673
17739 1.795732245388572 354.7799999999673
17740 1.80991709867527 354.7999999999673
17741 1.823754689843857 354.8199999999673
17742 1.837326154691382 354.8399999999672
17743 1.850554676602715 354.8599999999672
17744 1.86344586228789 354.8799999999672
17745 1.875940019215705 354.8999999999672
17746 1.887913085884678 354.9199999999672
17747 1.899382490452437 354.9399999999671
17748 1.910475963587201 354.9599999999671
17749 1.92108421220194 354.9799999999671
17750 1.931151739696007 354.9999999999671
17751 1.940687992528834 355.0199999999671
17752 1.9496789521861 355.0399999999671
17753 1.958034940897867 355.059999999967
17754 1.965650298835619 355.079999999967
17755 1.972775257002566 355.099999999967
17756 1.979493731005237 355.119999999967
17757 1.985555825135734 355.139999999967
17758 1.991076219323703 355.1599999999669
17759 1.99592384033966 355.1799999999669
17760 1.999803433994143 355.1999999999669
17761 2.003089437150333 355.2199999999669
17762 2.005792651065732 355.2399999999669
17763 2.007970204038756 355.2599999999669
17764 2.009264909774093 355.2799999999668
17765 2.009906337409277 355.2999999999668
17766 2.0099604279032 355.3199999999668
17767 2.009393048512064 355.3399999999668
17768 2.008172953664546 355.3599999999668
17769 2.006367393566395 355.3799999999667
17770 2.003890504009838 355.3999999999667
17771 2.000668101181848 355.4199999999667
17772 1.996796587233147 355.4399999999667
17773 1.992393850921052 355.4599999999667
17774 1.987355635581809 355.4799999999667
17775 1.981663937549657 355.4999999999666
17776 1.975461930229548 355.5199999999666
17777 1.968823788315176 355.5399999999666
17778 1.961528253484754 355.5599999999666
17779 1.95368327772198 355.5799999999666
17780 1.945286662756437 355.5999999999665
17781 1.936471338644402 355.6199999999665
17782 1.927155442026182 355.6399999999665
17783 1.917339517058125 355.6599999999665
17784 1.907077648416895 355.6799999999665
17785 1.896333422820498 355.6999999999665
17786 1.885178728019736 355.7199999999664
17787 1.873643431013198 355.7399999999664
17788 1.861617817685094 355.7599999999664
17789 1.849342226437716 355.7799999999664
17790 1.836854181416003 355.7999999999664
17791 1.824135025682306 355.8199999999663
17792 1.811150848200142 355.8399999999663
17793 1.797875516227436 355.8599999999663
17794 1.784398287474745 355.8799999999663
17795 1.770883408821432 355.8999999999663
17796 1.757072356500009 355.9199999999663
17797 1.743055867825494 355.9399999999662
17798 1.728933060350889 355.9599999999662
17799 1.714775009901605 355.9799999999662
17800 1.700656549823171 355.9999999999662
17801 1.686556402329689 356.0199999999662
17802 1.672305602191365 356.0399999999661
17803 1.658052532437586 356.0599999999661
17804 1.6438921044952 356.0799999999661
17805 1.629815952969636 356.0999999999661
17806 1.615768780020559 356.1199999999661
17807 1.601820378627 356.1399999999661
17808 1.58798743340808 356.159999999966
17809 1.574321222794439 356.179999999966
17810 1.560831906902883 356.199999999966
17811 1.547559864337383 356.219999999966
17812 1.534541702142006 356.239999999966
17813 1.521818956028491 356.2599999999659
17814 1.509456143402304 356.2799999999659
17815 1.497424596540894 356.2999999999659
17816 1.485656988760707 356.3199999999659
17817 1.474203502132944 356.3399999999659
17818 1.463112318031282 356.3599999999659
17819 1.45231141254676 356.3799999999658
17820 1.441778623568204 356.3999999999658
17821 1.431558747794256 356.4199999999658
17822 1.421797109097294 356.4399999999658
17823 1.412494114483063 356.4599999999658
17824 1.403675101557171 356.4799999999657
17825 1.395281910386672 356.4999999999657
17826 1.387437133339243 356.5199999999657
17827 1.380188626993567 356.5399999999657
17828 1.373418778344021 356.5599999999657
17829 1.367154955702224 356.5799999999657
17830 1.361409991001862 356.5999999999656
17831 1.356143947199553 356.6199999999656
17832 1.351377933168259 356.6399999999656
17833 1.347209420681401 356.6599999999656
17834 1.343626982575045 356.6799999999656
17835 1.340343029441818 356.6999999999655
17836 1.337847889074245 356.7199999999655
17837 1.336190792406054 356.7399999999655
17838 1.334903410587841 356.7599999999655
17839 1.334179307708787 356.7799999999655
17840 1.334243369182033 356.7999999999655
17841 1.335117757059817 356.8199999999654
17842 1.33649408439077 356.8399999999654
17843 1.338329454545707 356.8599999999654
17844 1.34066773022999 356.8799999999654
17845 1.343833051995459 356.8999999999654
17846 1.347417247297663 356.9199999999653
17847 1.351731624324168 356.9399999999653
17848 1.356442124111315 356.9599999999653
17849 1.36205627538725 356.9799999999653
17850 1.368482147287957 356.9999999999653
17851 1.37516279272637 357.0199999999653
17852 1.382568490125305 357.0399999999652
17853 1.390690452842511 357.0599999999652
17854 1.399240240687065 357.0799999999652
17855 1.408613979205449 357.0999999999652
17856 1.418764584105752 357.1199999999652
17857 1.428989393358412 357.1399999999651
17858 1.439582575528821 357.1599999999651
17859 1.450423912381592 357.1799999999651
17860 1.461783977662549 357.1999999999651
17861 1.473651630884306 357.2199999999651
17862 1.485869008912091 357.2399999999651
17863 1.498662644463682 357.259999999965
17864 1.512158546751763 357.279999999965
17865 1.525683465841182 357.299999999965
17866 1.539718410426644 357.319999999965
17867 1.553750991620951 357.339999999965
17868 1.568027836345162 357.3599999999649
17869 1.582720511631149 357.3799999999649
17870 1.597677299506126 357.3999999999649
17871 1.612636843580328 357.4199999999649
17872 1.6276479888506 357.4399999999649
17873 1.642664332303012 357.4599999999649
17874 1.657856111451775 357.4799999999648
17875 1.6734593242716 357.4999999999648
17876 1.688927997144452 357.5199999999648
17877 1.704185811079943 357.5399999999648
17878 1.719215954699657 357.5599999999648
17879 1.734121002977138 357.5799999999647
17880 1.749148841009515 357.5999999999647
17881 1.764108234246736 357.6199999999647
17882 1.7787852326044 357.6399999999647
17883 1.792933339249105 357.6599999999647
17884 1.806803598795843 357.6799999999647
17885 1.820638942660766 357.6999999999646
17886 1.834125677986985 357.7199999999646
17887 1.847163513103807 357.7399999999646
17888 1.860040792994152 357.7599999999646
17889 1.872470039524685 357.7799999999646
17890 1.884436544127399 357.7999999999645
17891 1.895931437771779 357.8199999999645
17892 1.907056144788768 357.8399999999645
17893 1.917684985177138 357.8599999999645
17894 1.927947025267302 357.8799999999645
17895 1.937568450957089 357.8999999999645
17896 1.946683447913848 357.9199999999644
17897 1.955137408714512 357.9399999999644
17898 1.962929690826821 357.9599999999644
17899 1.970180673436758 357.9799999999644
17900 1.976833328672022 357.9999999999644
17901 1.982787806717667 358.0199999999643
17902 1.988336851707994 358.0399999999643
17903 1.993058932148886 358.0599999999643
17904 1.997191509612872 358.0799999999643
17905 2.000735892102111 358.0999999999643
17906 2.003501269014935 358.1199999999643
17907 2.005540178741533 358.1399999999642
17908 2.006943385418639 358.1599999999642
17909 2.007707544736185 358.1799999999642
17910 2.007842580188356 358.1999999999642
17911 2.007293571428312 358.2199999999642
17912 2.006052963220431 358.2399999999641
17913 2.004227939766098 358.2599999999641
17914 2.001660801174569 358.2799999999641
17915 1.998412169425123 358.2999999999641
17916 1.994547065095459 358.3199999999641
17917 1.990171846187686 358.339999999964
17918 1.985176782524541 358.359999999964
17919 1.979541031915838 358.379999999964
17920 1.97332751385062 358.399999999964
17921 1.966580808706089 358.419999999964
17922 1.959358096970715 358.439999999964
17923 1.951555954221768 358.4599999999639
17924 1.943199054081128 358.4799999999639
17925 1.934367516319573 358.4999999999639
17926 1.925059660372951 358.5199999999639
17927 1.91529520395217 358.5399999999639
17928 1.905104812593103 358.5599999999638
17929 1.894590393801358 358.5799999999638
17930 1.883617646482294 358.5999999999638
17931 1.872194819187991 358.6199999999638
17932 1.860387804545852 358.6399999999638
17933 1.848299383820519 358.6599999999638
17934 1.836009760845735 358.6799999999637
17935 1.823306783971312 358.6999999999637
17936 1.81037306523475 358.7199999999637
17937 1.797315104060719 358.7399999999637
17938 1.783924768486407 358.7599999999637
17939 1.7703714838953 358.7799999999636
17940 1.756736064371912 358.7999999999636
17941 1.742823435335305 358.8199999999636
17942 1.728885781241474 358.8399999999636
17943 1.714867607917717 358.8599999999636
17944 1.700717364944131 358.8799999999636
17945 1.686621093482652 358.8999999999635
17946 1.672522123255154 358.9199999999635
17947 1.658278632457839 358.9399999999635
17948 1.644104378288551 358.9599999999635
17949 1.630028043057804 358.9799999999635
17950 1.615931991761006 358.9999999999634
17951 1.602055998242486 359.0199999999634
17952 1.588219005772041 359.0399999999634
17953 1.574561642232718 359.0599999999634
17954 1.56113432446037 359.0799999999634
17955 1.547974476211553 359.0999999999634
17956 1.535007892532223 359.1199999999633
17957 1.522261204402476 359.1399999999633
17958 1.50970058134804 359.1599999999633
17959 1.497333108986373 359.1799999999633
17960 1.485179642790989 359.1999999999633
17961 1.473309812923239 359.2199999999632
17962 1.461696181876774 359.2399999999632
17963 1.450519480147461 359.2599999999632
17964 1.43967515370026 359.2799999999632
17965 1.429149479556066 359.2999999999632
17966 1.419209735803137 359.3199999999632
17967 1.409836266978645 359.3399999999631
17968 1.400974364022806 359.3599999999631
17969 1.392576547052487 359.3799999999631
17970 1.384529186692226 359.3999999999631
17971 1.376887447723458 359.4199999999631
17972 1.369725062220351 359.439999999963
17973 1.362882599115311 359.459999999963
17974 1.35662169853608 359.479999999963
17975 1.350955978152752 359.499999999963
17976 1.345691818937088 359.519999999963
17977 1.340982043336367 359.539999999963
17978 1.337113829024227 359.5599999999629
17979 1.333739102847368 359.5799999999629
17980 1.330952506052454 359.5999999999629
17981 1.328891044400291 359.6199999999629
17982 1.327434274369157 359.6399999999629
17983 1.326502876949925 359.6599999999628
17984 1.326124512412943 359.6799999999628
17985 1.32633419046828 359.6999999999628
17986 1.327054976814504 359.7199999999628
17987 1.328326038154952 359.7399999999628
17988 1.330267081287472 359.7599999999628
17989 1.332896633478269 359.7799999999627
17990 1.336267858057577 359.7999999999627
17991 1.340122450388058 359.8199999999627
17992 1.344344389247644 359.8399999999627
17993 1.349278814760018 359.8599999999627
17994 1.355116402482996 359.8799999999626
17995 1.361420198963515 359.8999999999626
17996 1.368261658054611 359.9199999999626
17997 1.375800015493185 359.9399999999626
17998 1.384025190894862 359.9599999999626
17999 1.392515278606437 359.9799999999626
18000 1.401184719059966 359.9999999999625
18001 1.41080955380089 360.0199999999625
18002 1.420678705620389 360.0399999999625
18003 1.431346752750653 360.0599999999625
18004 1.442562511302028 360.0799999999625
18005 1.454371685879002 360.0999999999624
18006 1.466771632400117 360.1199999999624
18007 1.479105081000852 360.1399999999624
18008 1.491626685219444 360.1599999999624
18009 1.504392695805959 360.1799999999624
18010 1.517939718976019 360.1999999999624
18011 1.532042985167511 360.2199999999623
18012 1.546059761865696 360.2399999999623
18013 1.560287801536819 360.2599999999623
18014 1.574738695322783 360.2799999999623
18015 1.589538700049533 360.2999999999623
18016 1.604438141663211 360.3199999999622
18017 1.619523923931591 360.3399999999622
18018 1.634873782157785 360.3599999999622
18019 1.650065936779038 360.3799999999622
18020 1.665285838560842 360.3999999999622
18021 1.680654302012524 360.4199999999622
18022 1.696099532185899 360.4399999999621
18023 1.711574364459482 360.4599999999621
18024 1.726887392484129 360.4799999999621
18025 1.741957119188367 360.4999999999621
18026 1.757038354345974 360.5199999999621
18027 1.77187090148729 360.539999999962
18028 1.786363836080855 360.559999999962
18029 1.800624290830909 360.579999999962
18030 1.814738536964967 360.599999999962
18031 1.828459509014458 360.619999999962
18032 1.841946937066164 360.639999999962
18033 1.855030727664623 360.6599999999619
18034 1.867807023574513 360.6799999999619
18035 1.880159549731366 360.6999999999619
18036 1.891936375087678 360.7199999999619
18037 1.903247183129265 360.7399999999619
18038 1.91423155241719 360.7599999999618
18039 1.924632329724808 360.7799999999618
18040 1.934531068479572 360.7999999999618
18041 1.943888561877539 360.8199999999618
18042 1.952662598773359 360.8399999999618
18043 1.960786539132918 360.8599999999618
18044 1.968169245153817 360.8799999999617
18045 1.975223567825264 360.8999999999617
18046 1.981661800012589 360.9199999999617
18047 1.987584250324791 360.9399999999617
18048 1.992866373855998 360.9599999999617
18049 1.997391700729893 360.9799999999616
18050 2.001098000959468 360.9999999999616
18051 2.004127321715978 361.0199999999616
18052 2.006663289762767 361.0399999999616
18053 2.00860143643408 361.0599999999616
18054 2.009593254567072 361.0799999999616
18055 2.010070202681447 361.0999999999615
18056 2.009905211166475 361.1199999999615
18057 2.009100687189945 361.1399999999615
18058 2.007710607231978 361.1599999999615
18059 2.005667948137714 361.1799999999615
18060 2.002951098367807 361.1999999999614
18061 1.999478031667583 361.2199999999614
18062 1.995432652619024 361.2399999999614
18063 1.990810580912328 361.2599999999614
18064 1.985548731069526 361.2799999999614
18065 1.979663126367657 361.2999999999614
18066 1.973310997589959 361.3199999999613
18067 1.966467996665746 361.3399999999613
18068 1.958970907415516 361.3599999999613
18069 1.950940712096251 361.3799999999613
18070 1.94238575011684 361.3999999999613
18071 1.933419938446571 361.4199999999612
18072 1.923916235094526 361.4399999999612
18073 1.913946806244986 361.4599999999612
18074 1.903530227245815 361.4799999999612
18075 1.892629826695736 361.4999999999612
18076 1.881353578141731 361.5199999999612
18077 1.869645829884163 361.5399999999611
18078 1.857494316424411 361.5599999999611
18079 1.845162965705966 361.5799999999611
18080 1.832599499611771 361.5999999999611
18081 1.819781026351915 361.6199999999611
18082 1.806705255093286 361.639999999961
18083 1.793334222855286 361.659999999961
18084 1.779854185795461 361.679999999961
18085 1.766247298066311 361.699999999961
18086 1.752366135626986 361.719999999961
18087 1.738283592316836 361.739999999961
18088 1.72415433562753 361.7599999999609
18089 1.709977662344372 361.7799999999609
18090 1.695957654846894 361.7999999999609
18091 1.681750011626565 361.8199999999609
18092 1.667503738145788 361.8399999999609
18093 1.653244007379868 361.8599999999608
18094 1.639131916240498 361.8799999999608
18095 1.62504477817191 361.8999999999608
18096 1.611029709384843 361.9199999999608
18097 1.597096602871318 361.9399999999608
18098 1.58334967320691 361.9599999999608
18099 1.569732284571828 361.9799999999607
18100 1.556274912097037 361.9999999999607
18101 1.543127152998316 362.0199999999607
18102 1.530183007932031 362.0399999999607
18103 1.517582244811822 362.0599999999607
18104 1.505358171269774 362.0799999999606
18105 1.493365575097485 362.0999999999606
18106 1.481739932686338 362.1199999999606
18107 1.470420386245912 362.1399999999606
18108 1.459385341255893 362.1599999999606
18109 1.448724882468464 362.1799999999606
18110 1.438310325362715 362.1999999999605
18111 1.42819738537089 362.2199999999605
18112 1.418568098337794 362.2399999999605
18113 1.409520788518369 362.2599999999605
18114 1.400770299051044 362.2799999999605
18115 1.392498111947327 362.2999999999604
18116 1.384915949250763 362.3199999999604
18117 1.377831335018335 362.3399999999604
18118 1.371227022426329 362.3599999999604
18119 1.365151847311576 362.3799999999604
18120 1.359577834958364 362.3999999999604
18121 1.354495983075746 362.4199999999603
18122 1.349895570647921 362.4399999999603
18123 1.345943657951301 362.4599999999603
18124 1.342486156997115 362.4799999999603
18125 1.339367163038387 362.4999999999603
18126 1.337229150925751 362.5199999999602
18127 1.335753130839205 362.5399999999602
18128 1.334541498252736 362.5599999999602
18129 1.334144254269094 362.5799999999602
18130 1.334474513070308 362.5999999999602
18131 1.335545383907991 362.6199999999602
18132 1.337083341776071 362.6399999999601
18133 1.339075704202059 362.6599999999601
18134 1.341633818026521 362.6799999999601
18135 1.345003593373761 362.6999999999601
18136 1.348822824393575 362.7199999999601
18137 1.353330065467415 362.73999999996
18138 1.358229509559365 362.75999999996
18139 1.364197754127339 362.77999999996
18140 1.370797445647038 362.79999999996
18141 1.377616070576064 362.81999999996
18142 1.385277025409767 362.83999999996
18143 1.393607514889714 362.8599999999599
18144 1.402308924377461 362.8799999999599
18145 1.412094663920552 362.8999999999599
18146 1.422125731232885 362.9199999999599
18147 1.432714962424085 362.9399999999599
18148 1.443230485245026 362.9599999999598
18149 1.454261202624168 362.9799999999598
18150 1.465816456363691 362.9999999999598
18151 1.477825968534047 363.0199999999598
18152 1.490131820301495 363.0399999999598
18153 1.503274847703546 363.0599999999598
18154 1.516765506318616 363.0799999999597
18155 1.530489435573905 363.0999999999597
18156 1.544517776685352 363.1199999999597
18157 1.558625345963337 363.1399999999597
18158 1.573022873211199 363.1599999999597
18159 1.587891820635754 363.1799999999596
18160 1.602794292418095 363.1999999999596
18161 1.617769260681376 363.2199999999596
18162 1.632793391945985 363.2399999999596
18163 1.647863301073569 363.2599999999596
18164 1.663191308450451 363.2799999999596
18165 1.678797035721524 363.2999999999595
18166 1.694209150368052 363.3199999999595
18167 1.709376461592248 363.3399999999595
18168 1.724354871191377 363.3599999999595
18169 1.739286933194801 363.3799999999595
18170 1.754304737817387 363.3999999999594
18171 1.769218932025276 363.4199999999594
18172 1.783679251994561 363.4399999999594
18173 1.797728241484735 363.4599999999594
18174 1.811589542879565 363.4799999999594
18175 1.825345190863472 363.4999999999594
18176 1.838670021063912 363.5199999999593
18177 1.851622057162128 363.5399999999593
18178 1.864363375535018 363.5599999999593
18179 1.876669512976967 363.5799999999593
18180 1.888447992425212 363.5999999999593
18181 1.899811434144149 363.6199999999592
18182 1.910792564195716 363.6399999999592
18183 1.921269573623593 363.6599999999592
18184 1.931360748023492 363.6799999999592
18185 1.940789589000453 363.6999999999592
18186 1.949695602724438 363.7199999999592
18187 1.957927654621614 363.7399999999591
18188 1.965483091621451 363.7599999999591
18189 1.972594478806717 363.7799999999591
18190 1.978964173957318 363.7999999999591
18191 1.984732462976242 363.8199999999591
18192 1.99007062286382 363.839999999959
18193 1.994615103092388 363.859999999959
18194 1.998487263083872 363.879999999959
18195 2.001808286074183 363.899999999959
18196 2.004308518247105 363.919999999959
18197 2.006127191952797 363.939999999959
18198 2.007308835997702 363.9599999999589
18199 2.007844660070997 363.9799999999589
18200 2.007770537760674 363.9999999999589
18201 2.006987078289452 364.0199999999589
18202 2.005554742580971 364.0399999999589
18203 2.003452208314446 364.0599999999588
18204 2.00066090852425 364.0799999999588
18205 1.997184051067792 364.0999999999588
18206 1.993152478051598 364.1199999999588
18207 1.988568841219444 364.1399999999588
18208 1.983332576732772 364.1599999999588
18209 1.977511538070407 364.1799999999587
18210 1.971093807719448 364.1999999999587
18211 1.964173992579629 364.2199999999587
18212 1.956798451802077 364.2399999999587
18213 1.948788507499496 364.2599999999587
18214 1.940250250859852 364.2799999999586
18215 1.931261004373376 364.2999999999586
18216 1.921787905210222 364.3199999999586
18217 1.911862570500182 364.3399999999586
18218 1.901585110457838 364.3599999999586
18219 1.890907198570975 364.3799999999586
18220 1.879779461843419 364.3999999999585
18221 1.868209946547951 364.4199999999585
18222 1.856297863697475 364.4399999999585
18223 1.844151181932082 364.4599999999585
18224 1.831716870502148 364.4799999999585
18225 1.818926318193179 364.4999999999584
18226 1.805930189510152 364.5199999999584
18227 1.792792399400151 364.5399999999584
18228 1.779310872377033 364.5599999999584
18229 1.765733928864339 364.5799999999584
18230 1.752016665613305 364.5999999999584
18231 1.738077770970851 364.6199999999583
18232 1.724093231085721 364.6399999999583
18233 1.710057356350597 364.6599999999583
18234 1.695917497376914 364.6799999999583
18235 1.681846002811723 364.6999999999583
18236 1.667678520835273 364.7199999999582
18237 1.653435234551786 364.7399999999582
18238 1.639332656978973 364.7599999999582
18239 1.62520057448622 364.7799999999582
18240 1.611152267071597 364.7999999999582
18241 1.597330396898444 364.8199999999582
18242 1.583532113778545 364.8399999999581
18243 1.569935141683042 364.8599999999581
18244 1.556629323791246 364.8799999999581
18245 1.543512157019765 364.8999999999581
18246 1.530633139929702 364.9199999999581
18247 1.517946787749155 364.939999999958
18248 1.505452733873899 364.959999999958
18249 1.493156345719291 364.979999999958
18250 1.481090154108016 364.999999999958
18251 1.469299178859992 365.019999999958
18252 1.457818572577827 365.039999999958
18253 1.446773907217585 365.0599999999579
18254 1.436041005698895 365.0799999999579
18255 1.425684077453884 365.0999999999579
18256 1.415924880348983 365.1199999999579
18257 1.406766539338688 365.1399999999579
18258 1.39805526605216 365.1599999999578
18259 1.38977254656953 365.1799999999578
18260 1.381888378707122 365.1999999999578
18261 1.37441371188971 365.2199999999578
18262 1.367305497869386 365.2399999999578
18263 1.360727023314177 365.2599999999578
18264 1.354601902475868 365.2799999999577
18265 1.349133730447656 365.2999999999577
18266 1.344008866703766 365.3199999999577
18267 1.339594853349614 365.3399999999577
18268 1.335904655218784 365.3599999999577
18269 1.33270736075841 365.3799999999576
18270 1.330194238943794 365.3999999999576
18271 1.328322002284343 365.4199999999576
18272 1.327091436262641 365.4399999999576
18273 1.326331188717946 365.4599999999576
18274 1.326127263084908 365.4799999999576
18275 1.326531057539788 365.4999999999575
18276 1.327438286572836 365.5199999999575
18277 1.328890765047779 365.5399999999575
18278 1.331122868819262 365.5599999999575
18279 1.33395160642286 365.5799999999575
18280 1.337561510049778 365.5999999999574
18281 1.341512351017225 365.6199999999574
18282 1.34594614561913 365.6399999999574
18283 1.351174191892763 365.6599999999574
18284 1.357352153777731 365.6799999999574
18285 1.363630049625981 365.6999999999574
18286 1.370831613975357 365.7199999999573
18287 1.378516711320413 365.7399999999573
18288 1.387027922664076 365.7599999999573
18289 1.395310083077499 365.7799999999573
18290 1.404503124661726 365.7999999999573
18291 1.414060964460741 365.8199999999572
18292 1.424341521236944 365.8399999999572
18293 1.435121263496604 365.8599999999572
18294 1.446509717395731 365.8799999999572
18295 1.458632223455638 365.8999999999572
18296 1.471019552615596 365.9199999999572
18297 1.483424606221929 365.9399999999571
18298 1.495943958836093 365.9599999999571
18299 1.508950620710917 365.9799999999571
18300 1.522820925093329 365.9999999999571
18301 1.536856180548085 366.0199999999571
18302 1.550925107658974 366.039999999957
18303 1.565224799379724 366.059999999957
18304 1.579801863572511 366.079999999957
18305 1.594684916270339 366.099999999957
18306 1.609578919814785 366.119999999957
18307 1.624830952504233 366.139999999957
18308 1.640114437492427 366.1599999999569
18309 1.655312248036922 366.1799999999569
18310 1.670511153341337 366.1999999999569
18311 1.685990238682916 366.2199999999569
18312 1.701444691929514 366.2399999999569
18313 1.716885880446555 366.2599999999568
18314 1.732096448040208 366.2799999999568
18315 1.747131533572627 366.2999999999568
18316 1.762220445370882 366.3199999999568
18317 1.7768680038201 366.3399999999568
18318 1.791299562433681 366.3599999999568
18319 1.805516284693111 366.3799999999567
18320 1.81946978415852 366.3999999999567
18321 1.83314698164235 366.4199999999567
18322 1.84649748029414 366.4399999999567
18323 1.859494004356482 366.4599999999567
18324 1.872097514711099 366.4799999999566
18325 1.884290880198624 366.4999999999566
18326 1.895893026894796 366.5199999999566
18327 1.907079216259114 366.5399999999566
18328 1.917876544712225 366.5599999999566
18329 1.928108986582008 366.5799999999566
18330 1.937817442307001 366.5999999999565
18331 1.946990855330081 366.6199999999565
18332 1.955548875605434 366.6399999999565
18333 1.963407476814447 366.6599999999565
18334 1.970645992795133 366.6799999999565
18335 1.977528594160055 366.6999999999564
18336 1.983806197734054 366.7199999999564
18337 1.989446681931826 366.7399999999564
18338 1.994611510253683 366.7599999999564
18339 1.99871151873701 366.7799999999564
18340 2.002251028025824 366.7999999999564
18341 2.005090086646697 366.8199999999563
18342 2.007438366064327 366.8399999999563
18343 2.009061832936581 366.8599999999563
18344 2.009842632945702 366.8799999999563
18345 2.010111784058883 366.8999999999563
18346 2.009733228709684 366.9199999999562
18347 2.008703528217623 366.9399999999562
18348 2.007102673229388 366.9599999999562
18349 2.004830805254886 366.9799999999562
18350 2.001861357610903 366.9999999999562
18351 1.998160519450983 367.0199999999562
18352 1.993954486047392 367.0399999999561
18353 1.989105252310413 367.0599999999561
18354 1.983617416191114 367.0799999999561
18355 1.977557502606464 367.0999999999561
18356 1.971065990268289 367.1199999999561
18357 1.963982924134498 367.139999999956
18358 1.956302170690773 367.159999999956
18359 1.948077850436368 367.179999999956
18360 1.939393385931395 367.199999999956
18361 1.930248207455362 367.219999999956
18362 1.920568503477648 367.239999999956
18363 1.910456697680848 367.2599999999559
18364 1.899856661700369 367.2799999999559
18365 1.888820394519362 367.2999999999559
18366 1.877425125192824 367.3199999999559
18367 1.865541407104627 367.3399999999559
18368 1.853309499284158 367.3599999999558
18369 1.840897470173412 367.3799999999558
18370 1.828257106159115 367.3999999999558
18371 1.815353278805007 367.4199999999558
18372 1.802169574896812 367.4399999999558
18373 1.788732552791714 367.4599999999558
18374 1.775242342013327 367.4799999999557
18375 1.761522902133003 367.4999999999557
18376 1.747573906436304 367.5199999999557
18377 1.733459551680065 367.5399999999557
18378 1.719316991618191 367.5599999999557
18379 1.705165442955568 367.5799999999556
18380 1.691076807346054 367.5999999999556
18381 1.676884564640124 367.6199999999556
18382 1.662619250083208 367.6399999999556
18383 1.648407455351907 367.6599999999556
18384 1.634318316063094 367.6799999999556
18385 1.620238461859176 367.6999999999555
18386 1.606266456837365 367.7199999999555
18387 1.592380768418477 367.7399999999555
18388 1.578676134256189 367.7599999999555
18389 1.565122714213668 367.7799999999555
18390 1.551742873477991 367.7999999999554
18391 1.538665724996778 367.8199999999554
18392 1.525847559303736 367.8399999999554
18393 1.513360158159325 367.8599999999554
18394 1.501240132122607 367.8799999999554
18395 1.489323089137794 367.8999999999554
18396 1.477791702332369 367.9199999999553
18397 1.466638982604983 367.9399999999553
18398 1.455701934151421 367.9599999999553
18399 1.445116423144464 367.9799999999553
18400 1.434746845146916 367.9999999999553
18401 1.424871339746062 368.0199999999552
18402 1.4153956164719 368.0399999999552
18403 1.406463942849163 368.0599999999552
18404 1.397889565052135 368.0799999999552
18405 1.389848162937843 368.0999999999552
18406 1.382469178252635 368.1199999999552
18407 1.375517757035335 368.1399999999551
18408 1.369092990899415 368.1599999999551
18409 1.363176040428586 368.1799999999551
18410 1.35778186718594 368.1999999999551
18411 1.352855163282229 368.2199999999551
18412 1.348462422325465 368.239999999955
18413 1.344724525588813 368.259999999955
18414 1.341340384551558 368.279999999955
18415 1.338548472264379 368.299999999955
18416 1.336668471614642 368.319999999955
18417 1.335305989153958 368.339999999955
18418 1.334317373381006 368.3599999999549
18419 1.33414348801804 368.3799999999549
18420 1.334808907336163 368.3999999999549
18421 1.336019446532332 368.4199999999549
18422 1.337739855116718 368.4399999999549
18423 1.339877886860736 368.4599999999548
18424 1.342768749689915 368.4799999999548
18425 1.346240759933672 368.4999999999548
18426 1.350301895614781 368.5199999999548
18427 1.354948079889826 368.5399999999548
18428 1.360174765086599 368.5599999999548
18429 1.366403171909872 368.5799999999547
18430 1.373058959718355 368.5999999999547
18431 1.380179599386558 368.6199999999547
18432 1.388094016574238 368.6399999999547
18433 1.396522103460369 368.6599999999547
18434 1.405511413226214 368.6799999999546
18435 1.415657372650229 368.6999999999546
18436 1.425641179661121 368.7199999999546
18437 1.436339329976068 368.7399999999546
18438 1.446970447373718 368.7599999999546
18439 1.458160540119248 368.7799999999546
18440 1.469928877185819 368.7999999999545
18441 1.48203737050564 368.8199999999545
18442 1.494560141551091 368.8399999999545
18443 1.50792006314206 368.8599999999545
18444 1.521403560759851 368.8799999999545
18445 1.535359333788019 368.8999999999544
18446 1.549361718614531 368.9199999999544
18447 1.56352666309713 368.9399999999544
18448 1.578070710457575 368.9599999999544
18449 1.593043426457081 368.9799999999544
18450 1.607939012856339 368.9999999999544
18451 1.62294542684026 369.0199999999543
18452 1.637967558814666 369.0399999999543
18453 1.653083781287846 369.0599999999543
18454 1.668589712617766 369.0799999999543
18455 1.684135797676055 369.0999999999543
18456 1.69948173894323 369.1199999999542
18457 1.71454326777961 369.1399999999542
18458 1.729498775379243 369.1599999999542
18459 1.744473581920328 369.1799999999542
18460 1.759470251214356 369.1999999999542
18461 1.774286408784011 369.2199999999542
18462 1.788599467933308 369.2399999999541
18463 1.802521197204252 369.2599999999541
18464 1.816360432369819 369.2799999999541
18465 1.829986976181137 369.2999999999541
18466 1.843179192878617 369.3199999999541
18467 1.856103462851064 369.339999999954
18468 1.868658589900919 369.359999999954
18469 1.880786897171944 369.379999999954
18470 1.892426815481016 369.399999999954
18471 1.903658493446851 369.419999999954
18472 1.914465543077778 369.439999999954
18473 1.924849870958619 369.4599999999539
18474 1.93467670607094 369.4799999999539
18475 1.94395122894016 369.4999999999539
18476 1.952633848185771 369.5199999999539
18477 1.960632738022064 369.5399999999539
18478 1.968005537579562 369.5599999999538
18479 1.974907375952539 369.5799999999538
18480 1.981046430183801 369.5999999999538
18481 1.986713421701725 369.6199999999538
18482 1.991718768964157 369.6399999999538
18483 1.99605522620433 369.6599999999538
18484 1.999766164110575 369.6799999999537
18485 2.002782642146946 369.6999999999537
18486 2.005050435277099 369.7199999999537
18487 2.006638584357517 369.7399999999537
18488 2.007609620127036 369.7599999999537
18489 2.007939025431642 369.7799999999536
18490 2.007619652359192 369.7999999999536
18491 2.006578466268199 369.8199999999536
18492 2.004959609679793 369.8399999999536
18493 2.002601853659606 369.8599999999536
18494 1.999580370032506 369.8799999999536
18495 1.995899685404907 369.8999999999535
18496 1.991685775384722 369.9199999999535
18497 1.986889265414413 369.9399999999535
18498 1.981428956377581 369.9599999999535
18499 1.975413372521988 369.9799999999535
18500 1.968818914533614 369.9999999999534
18501 1.961730762098808 370.0199999999534
18502 1.954131213997245 370.0399999999534
18503 1.945934670429342 370.0599999999534
18504 1.937251805294051 370.0799999999534
18505 1.928093079402656 370.0999999999534
18506 1.91847011425617 370.1199999999533
18507 1.908381107167965 370.1399999999533
18508 1.898008744994561 370.1599999999533
18509 1.88717179249514 370.1799999999533
18510 1.875881609167808 370.1999999999533
18511 1.864177113243557 370.2199999999532
18512 1.852168521679532 370.2399999999532
18513 1.839959413669557 370.2599999999532
18514 1.827379846253149 370.2799999999532
18515 1.814509132091731 370.2999999999532
18516 1.801484796978629 370.3199999999532
18517 1.788209960503142 370.3399999999531
18518 1.774682724048555 370.3599999999531
18519 1.76108296666477 370.3799999999531
18520 1.747249631089938 370.3999999999531
18521 1.733323577306204 370.4199999999531
18522 1.719324820120747 370.439999999953
18523 1.70523136285776 370.459999999953
18524 1.69109629919995 370.479999999953
18525 1.677004515757547 370.499999999953
18526 1.662835480185344 370.519999999953
18527 1.648580033237387 370.539999999953
18528 1.634497456951636 370.5599999999529
18529 1.620372807653606 370.5799999999529
18530 1.606420327159336 370.5999999999529
18531 1.592586553338211 370.6199999999529
18532 1.578852664210209 370.6399999999529
18533 1.565343524517476 370.6599999999528
18534 1.552120317080566 370.6799999999528
18535 1.5390789238069 370.6999999999528
18536 1.526263750588376 370.7199999999528
18537 1.513645657177556 370.7399999999528
18538 1.501213907975695 370.7599999999528
18539 1.488984069660458 370.7799999999527
18540 1.477016071113899 370.7999999999527
18541 1.465315338898911 370.8199999999527
18542 1.453991279428742 370.8399999999527
18543 1.443056111834245 370.8599999999527
18544 1.43243069454929 370.8799999999526
18545 1.422275127328276 370.8999999999526
18546 1.41272371806 370.9199999999526
18547 1.40372311215476 370.9399999999526
18548 1.395198596205918 370.9599999999526
18549 1.387006464046391 370.9799999999526
18550 1.379266780956953 370.9999999999525
18551 1.371941672834019 371.0199999999525
18552 1.364965435455476 371.0399999999525
18553 1.35855669710942 371.0599999999525
18554 1.352674282267325 371.0799999999525
18555 1.347317807079703 371.0999999999524
18556 1.342378988106431 371.1199999999524
18557 1.338279547359652 371.1399999999524
18558 1.334757068954455 371.1599999999524
18559 1.331760856227447 371.1799999999524
18560 1.329485756913682 371.1999999999524
18561 1.327827354940081 371.2199999999523
18562 1.326766433845357 371.2399999999523
18563 1.326211076117253 371.2599999999523
18564 1.326230634574532 371.2799999999523
18565 1.326778301357429 371.2999999999523
18566 1.327892438601776 371.3199999999522
18567 1.329563752123534 371.3399999999522
18568 1.33204096490171 371.3599999999522
18569 1.335123444338869 371.3799999999522
18570 1.338912039853899 371.3999999999522
18571 1.342985454200032 371.4199999999522
18572 1.347635742124413 371.4399999999521
18573 1.353199229235319 371.4599999999521
18574 1.359497799392632 371.4799999999521
18575 1.366009307890901 371.4999999999521
18576 1.373453280177658 371.5199999999521
18577 1.381334627809554 371.539999999952
18578 1.38999001978545 371.559999999952
18579 1.398327830331828 371.579999999952
18580 1.407824050809127 371.599999999952
18581 1.41750872957193 371.619999999952
18582 1.428021515846577 371.639999999952
18583 1.439003456990128 371.6599999999519
18584 1.450611433910394 371.6799999999519
18585 1.462927097448309 371.6999999999519
18586 1.475248587985815 371.7199999999519
18587 1.487739815149615 371.7399999999519
18588 1.500354420043921 371.7599999999518
18589 1.51362818977855 371.7799999999518
18590 1.527680242018682 371.7999999999518
18591 1.541705323851876 371.8199999999518
18592 1.555835603791683 371.8399999999518
18593 1.570224261430532 371.8599999999518
18594 1.58492102258019 371.8799999999517
18595 1.599821031698197 371.8999999999517
18596 1.614762739362166 371.9199999999517
18597 1.630158295443433 371.9399999999517
18598 1.645367223963791 371.9599999999517
18599 1.660590188747678 371.9799999999516
18600 1.675829097890506 371.9999999999516
18601 1.691328443688632 372.0199999999516
18602 1.706802063567517 372.0399999999516
18603 1.72220283767824 372.0599999999516
18604 1.737322465353193 372.0799999999516
18605 1.752360210968243 372.0999999999515
18606 1.767362734746834 372.1199999999515
18607 1.781903038253313 372.1399999999515
18608 1.796240413561238 372.1599999999515
18609 1.810422369969031 372.1799999999515
18610 1.824249006056179 372.1999999999514
18611 1.837812544847536 372.2199999999514
18612 1.851045601032389 372.2399999999514
18613 1.863922519905665 372.2599999999514
18614 1.876407313709145 372.2799999999514
18615 1.888367967661438 372.2999999999514
18616 1.899827028545005 372.3199999999513
18617 1.910911760182966 372.3399999999513
18618 1.921503159280672 372.3599999999513
18619 1.931559870099575 372.3799999999513
18620 1.941082558737956 372.3999999999513
18621 1.95005576887222 372.4199999999512
18622 1.958404089185082 372.4399999999512
18623 1.965994963607118 372.4599999999512
18624 1.973109872741781 372.4799999999512
18625 1.979809903620811 372.4999999999512
18626 1.985855699210634 372.5199999999512
18627 1.991360681326755 372.5399999999511
18628 1.996189028845354 372.5599999999511
18629 2.000049174636586 372.5799999999511
18630 2.003318370495009 372.5999999999511
18631 2.00600412826526 372.6199999999511
18632 2.008162544434691 372.639999999951
18633 2.009429942071846 372.659999999951
18634 2.01005347186213 372.679999999951
18635 2.01009271112439 372.699999999951
18636 2.00950568567083 372.719999999951
18637 2.008272994138056 372.739999999951
18638 2.006447659804901 372.7599999999509
18639 2.003952224583081 372.7799999999509
18640 2.000709229077214 372.7999999999509
18641 1.996820835959422 372.8199999999509
18642 1.992402539901337 372.8399999999509
18643 1.987344937081495 372.8599999999508
18644 1.981634623350272 372.8799999999508
18645 1.975416808901077 372.8999999999508
18646 1.968759517652164 372.9199999999508
18647 1.961449982580687 372.9399999999508
18648 1.953588195938167 372.9599999999508
18649 1.94517260418404 372.9799999999507
18650 1.936344849348109 372.9999999999507
18651 1.927012139990766 373.0199999999507
18652 1.917182817938053 373.0399999999507
18653 1.906906703674809 373.0599999999507
18654 1.896149527141022 373.0799999999506
18655 1.884980933260607 373.0999999999506
18656 1.873432037872182 373.1199999999506
18657 1.861393872731952 373.1399999999506
18658 1.849108002336218 373.1599999999506
18659 1.836610623747253 373.1799999999506
18660 1.823882420234378 373.1999999999505
18661 1.810893378576341 373.2199999999505
18662 1.797605805145603 373.2399999999505
18663 1.784117399407832 373.2599999999505
18664 1.770593548135342 373.2799999999505
18665 1.756778941407888 373.2999999999504
18666 1.742753765003964 373.3199999999504
18667 1.728626775406723 373.3399999999504
18668 1.71446346794281 373.3599999999504
18669 1.700343198919314 373.3799999999504
18670 1.686241212886227 373.3999999999504
18671 1.671984188304499 373.4199999999503
18672 1.657730438692695 373.4399999999503
18673 1.643570333168903 373.4599999999503
18674 1.629491312683678 373.4799999999503
18675 1.615445014878845 373.4999999999503
18676 1.601501747872016 373.5199999999502
18677 1.587666232916141 373.5399999999502
18678 1.574001879691782 373.5599999999502
18679 1.560507598972972 373.5799999999502
18680 1.54725026888303 373.5999999999502
18681 1.53422977392588 373.6199999999502
18682 1.521520372431826 373.6399999999501
18683 1.509159112617995 373.6599999999501
18684 1.497135362540988 373.6799999999501
18685 1.485376429030108 373.6999999999501
18686 1.473929561108387 373.7199999999501
18687 1.462838126273527 373.73999999995
18688 1.45205860622634 373.75999999995
18689 1.441520666347464 373.77999999995
18690 1.431313877404796 373.79999999995
18691 1.421558602537309 373.81999999995
18692 1.412268279479206 373.83999999995
18693 1.403463972074649 373.8599999999499
18694 1.39508011566973 373.8799999999499
18695 1.387247094189155 373.8999999999499
18696 1.380008297887295 373.9199999999499
18697 1.37325308548027 373.9399999999499
18698 1.367002322354729 373.9599999999498
18699 1.361270868827452 373.9799999999498
18700 1.356018354722123 373.9999999999498
18701 1.351273023831 374.0199999999498
18702 1.347122765705307 374.0399999999498
18703 1.343553165386937 374.0599999999498
18704 1.340271216167551 374.0799999999497
18705 1.337812091049527 374.0999999999497
18706 1.336168437194036 374.1199999999497
18707 1.334880949413674 374.1399999999497
18708 1.334183886279134 374.1599999999497
18709 1.334274974574346 374.1799999999496
18710 1.335170628451617 374.1999999999496
18711 1.336564997340404 374.2199999999496
18712 1.338406792579613 374.2399999999496
18713 1.340758113124474 374.2599999999496
18714 1.343943465609552 374.2799999999496
18715 1.347557707903702 374.2999999999495
18716 1.351890183576841 374.3199999999495
18717 1.356612160642074 374.3399999999495
18718 1.362261055393785 374.3599999999495
18719 1.368708344042919 374.3799999999495
18720 1.375390469308289 374.3999999999494
18721 1.382821231547661 374.4199999999494
18722 1.390969208465571 374.4399999999494
18723 1.399531367734731 374.4599999999494
18724 1.408956788196238 374.4799999999494
18725 1.419083364061387 374.4999999999494
18726 1.429362233462486 374.5199999999493
18727 1.439929631586359 374.5399999999493
18728 1.450789392400804 374.5599999999493
18729 1.46216764519517 374.5799999999493
18730 1.474067320824278 374.5999999999493
18731 1.48627940448181 374.6199999999492
18732 1.499112820182706 374.6399999999492
18733 1.512614973130108 374.6599999999492
18734 1.526149666741839 374.6799999999492
18735 1.54019713898801 374.6999999999492
18736 1.554233797991648 374.7199999999492
18737 1.568526599625331 374.7399999999491
18738 1.583234932796252 374.7599999999491
18739 1.598185958791993 374.7799999999491
18740 1.613159393214251 374.7999999999491
18741 1.628177418697594 374.8199999999491
18742 1.643198969591729 374.839999999949
18743 1.65840326529234 374.859999999949
18744 1.674011408747246 374.879999999949
18745 1.689481373025001 374.899999999949
18746 1.704732353970235 374.919999999949
18747 1.719760846328882 374.939999999949
18748 1.73466773934505 374.9599999999489
18749 1.74969998165034 374.9799999999489
18750 1.764657135005467 374.9999999999489
18751 1.779324914647862 375.0199999999489
18752 1.793462889387858 375.0399999999489
18753 1.807330075543418 375.0599999999488
18754 1.821164538387326 375.0799999999488
18755 1.834642858341013 375.0999999999488
18756 1.84766985828797 375.1199999999488
18757 1.860542021415469 375.1399999999488
18758 1.872962414716357 375.1599999999488
18759 1.88491279004618 375.1799999999487
18760 1.896396411490834 375.1999999999487
18761 1.907513492948832 375.2199999999487
18762 1.918129011313009 375.2399999999487
18763 1.928380355959121 375.2599999999487
18764 1.937982139203058 375.2799999999486
18765 1.947080208941531 375.2999999999486
18766 1.955523634494582 375.3199999999486
18767 1.963288880295539 375.3399999999486
18768 1.970528913408238 375.3599999999486
18769 1.9771591741914 375.3799999999486
18770 1.983093953635916 375.3999999999485
18771 1.988640959538094 375.4199999999485
18772 1.993377037673326 375.4399999999485
18773 1.997433565513472 375.4599999999485
18774 2.00096991131811 375.4799999999485
18775 2.003709906969563 375.4999999999484
18776 2.005726226547275 375.5199999999484
18777 2.007109904447687 375.5399999999484
18778 2.007851717523551 375.5599999999484
18779 2.007971937941038 375.5799999999484
18780 2.007397326056543 375.5999999999484
18781 2.006136313108007 375.6199999999483
18782 2.004290060487845 375.6399999999483
18783 2.001700507615333 375.6599999999483
18784 1.998430786903751 375.6799999999483
18785 1.994547897461915 375.6999999999483
18786 1.990152934251159 375.7199999999482
18787 1.985137933182287 375.7399999999482
18788 1.97948026692591 375.7599999999482
18789 1.973248206949706 375.7799999999482
18790 1.966481122779243 375.7999999999482
18791 1.959239568493591 375.8199999999482
18792 1.951418458411604 375.8399999999481
18793 1.943044597461379 375.8599999999481
18794 1.934198546437876 375.8799999999481
18795 1.924873509648676 375.8999999999481
18796 1.915090571789364 375.9199999999481
18797 1.904889496831827 375.939999999948
18798 1.894358920543 375.959999999948
18799 1.883373037325412 375.979999999948
18800 1.87193384962484 375.999999999948
18801 1.860112468865486 376.019999999948
18802 1.848013707545124 376.039999999948
18803 1.835712894306812 376.0599999999479
18804 1.822998801290173 376.0799999999479
18805 1.810054356661853 376.0999999999479
18806 1.796987741566004 376.1199999999479
18807 1.783588743665231 376.1399999999479
18808 1.770024239969837 376.1599999999478
18809 1.756384760940568 376.1799999999478
18810 1.742462626218967 376.1999999999478
18811 1.728528010048301 376.2199999999478
18812 1.714500090651053 376.2399999999478
18813 1.700345558314145 376.2599999999478
18814 1.686247255712352 376.2799999999477
18815 1.672143239910223 376.2999999999477
18816 1.657897324686803 376.3199999999477
18817 1.643720128004094 376.3399999999477
18818 1.629641651136525 376.3599999999477
18819 1.615547452820985 376.3799999999476
18820 1.601674469228084 376.3999999999476
18821 1.587841012109983 376.4199999999476
18822 1.574185334634562 376.4399999999476
18823 1.56076291539717 376.4599999999476
18824 1.547610067796561 376.4799999999476
18825 1.534646418232342 376.4999999999475
18826 1.521903570340524 376.5199999999475
18827 1.509341850223188 376.5399999999475
18828 1.496973942131012 376.5599999999475
18829 1.484827358663971 376.5799999999475
18830 1.472963154126723 376.5999999999474
18831 1.461361354850745 376.6199999999474
18832 1.4501960281459 376.6399999999474
18833 1.439361526609376 376.6599999999474
18834 1.428850090707171 376.6799999999474
18835 1.418926136523996 376.6999999999474
18836 1.409575895204414 376.7199999999473
18837 1.400730761071478 376.7399999999473
18838 1.392340500362656 376.7599999999473
18839 1.38430893589782 376.7799999999473
18840 1.376673040301691 376.7999999999473
18841 1.369527816003443 376.8199999999472
18842 1.362683280698904 376.8399999999472
18843 1.356443083564876 376.8599999999472
18844 1.350797348301346 376.8799999999472
18845 1.345549131968304 376.8999999999472
18846 1.340862181631685 376.9199999999472
18847 1.337018449281909 376.9399999999471
18848 1.333660337330047 376.9599999999471
18849 1.330898668401333 376.9799999999471
18850 1.328865510283749 376.9999999999471
18851 1.327423287199038 377.0199999999471
18852 1.326504107068961 377.039999999947
18853 1.326158574460083 377.059999999947
18854 1.326357406328003 377.079999999947
18855 1.327108232039633 377.099999999947
18856 1.328423027324871 377.119999999947
18857 1.330357289418016 377.139999999947
18858 1.333033130261075 377.1599999999469
18859 1.336414699432471 377.1799999999469
18860 1.340283721746935 377.1999999999469
18861 1.344522213763001 377.2199999999469
18862 1.349495227918482 377.2399999999469
18863 1.355354358453674 377.2599999999468
18864 1.361665555334032 377.2799999999468
18865 1.368544904571386 377.2999999999468
18866 1.376094758080931 377.3199999999468
18867 1.384362417804233 377.3399999999468
18868 1.392821165492609 377.3599999999468
18869 1.401548229837092 377.3799999999467
18870 1.411173958936475 377.3999999999467
18871 1.421075058889172 377.4199999999467
18872 1.431762919850825 377.4399999999467
18873 1.442986405281573 377.4599999999467
18874 1.4548446272803 377.4799999999466
18875 1.467237093562269 377.4999999999466
18876 1.479582492416727 377.5199999999466
18877 1.492108895609978 377.5399999999466
18878 1.504889699855107 377.5599999999466
18879 1.518472725296178 377.5799999999466
18880 1.53257910677282 377.5999999999465
18881 1.546600192101947 377.6199999999465
18882 1.560840071395362 377.6399999999465
18883 1.575305801113877 377.6599999999465
18884 1.590114604882277 377.6799999999465
18885 1.605020974724667 377.6999999999464
18886 1.620121891699843 377.7199999999464
18887 1.635470131312716 377.7399999999464
18888 1.650661344745439 377.7599999999464
18889 1.66588240474732 377.7799999999464
18890 1.68126490698242 377.7999999999464
18891 1.696712690480157 377.8199999999463
18892 1.712194408999437 377.8399999999463
18893 1.727497084742423 377.8599999999463
18894 1.742564505497068 377.8799999999463
18895 1.757650411444555 377.8999999999463
18896 1.772472117619888 377.9199999999462
18897 1.786958611029254 377.9399999999462
18898 1.801218366160933 377.9599999999462
18899 1.815319430760522 377.9799999999462
18900 1.829034857146192 377.9999999999462
18901 1.842519483620191 378.0199999999462
18902 1.855598285788987 378.0399999999461
18903 1.868345904623518 378.0599999999461
18904 1.880697980903721 378.0799999999461
18905 1.892473681008326 378.0999999999461
18906 1.903737535710944 378.1199999999461
18907 1.914724519437196 378.139999999946
18908 1.925108803661396 378.159999999946
18909 1.934990543518083 378.179999999946
18910 1.944328080180269 378.199999999946
18911 1.953083656837231 378.219999999946
18912 1.961183293765068 378.239999999946
18913 1.968552640396021 378.2599999999459
18914 1.97558670879191 378.2799999999459
18915 1.982052685986395 378.2999999999459
18916 1.987847295133429 378.3199999999459
18917 1.993195065353907 378.3399999999459
18918 1.997660672816984 378.3599999999458
18919 2.001353835068026 378.3799999999458
18920 2.004361624575447 378.3999999999458
18921 2.00687602075037 378.4199999999458
18922 2.008788473361238 378.4399999999458
18923 2.009753863131089 378.4599999999458
18924 2.010209668326934 378.4799999999457
18925 2.010022483623648 378.4999999999457
18926 2.009192917895691 378.5199999999457
18927 2.007785895418997 378.5399999999457
18928 2.005718713488398 378.5599999999457
18929 2.002978977252479 378.5799999999456
18930 1.999481518838909 378.5999999999456
18931 1.995417539847753 378.6199999999456
18932 1.990775641104016 378.6399999999456
18933 1.985488743875463 378.6599999999456
18934 1.979583199106397 378.6799999999456
18935 1.973214001095586 378.6999999999455
18936 1.96634586575283 378.7199999999455
18937 1.958831421339085 378.7399999999455
18938 1.950778912637992 378.7599999999455
18939 1.942206866719728 378.7799999999455
18940 1.933222911169375 378.7999999999454
18941 1.923700152336199 378.8199999999454
18942 1.913715350303884 378.8399999999454
18943 1.903280948501517 378.8599999999454
18944 1.892364803168259 378.8799999999454
18945 1.881073555689109 378.8999999999454
18946 1.869349108915038 378.9199999999453
18947 1.857182084837817 378.9399999999453
18948 1.844844871000905 378.9599999999453
18949 1.83226555446786 378.9799999999453
18950 1.819441136360887 378.9999999999453
18951 1.806356321840172 379.0199999999452
18952 1.792972917229573 379.0399999999452
18953 1.779481204493861 379.0599999999452
18954 1.76586298317588 379.0799999999452
18955 1.751974892319285 379.0999999999452
18956 1.737886192176602 379.1199999999452
18957 1.72375335891949 379.1399999999451
18958 1.709576039477336 379.1599999999451
18959 1.695547851626079 379.1799999999451
18960 1.681340355306431 379.1999999999451
18961 1.667088551225878 379.2199999999451
18962 1.652829904533729 379.239999999945
18963 1.638719019048101 379.259999999945
18964 1.624627295393661 379.279999999945
18965 1.61061509931379 379.299999999945
18966 1.596690080058631 379.319999999945
18967 1.582938489628609 379.339999999945
18968 1.569328609017285 379.3599999999449
18969 1.555865486499999 379.3799999999449
18970 1.542719746305983 379.3999999999449
18971 1.529803723388894 379.4199999999449
18972 1.517203135888304 379.4399999999449
18973 1.504999063219785 379.4599999999448
18974 1.492994976451214 379.4799999999448
18975 1.481390039388457 379.4999999999448
18976 1.470078218461836 379.5199999999448
18977 1.459050699747787 379.5399999999448
18978 1.448404079109138 379.5599999999448
18979 1.43798653137822 379.5799999999447
18980 1.427893322136863 379.5999999999447
18981 1.41827397516769 379.6199999999447
18982 1.409243242424928 379.6399999999447
18983 1.400502950880763 379.6599999999447
18984 1.392247174843741 379.6799999999446
18985 1.384683556965202 379.6999999999446
18986 1.377609417398867 379.7199999999446
18987 1.371022368487424 379.7399999999446
18988 1.364967136991583 379.7599999999446
18989 1.359405454724809 379.7799999999446
18990 1.354348109177851 379.7999999999445
18991 1.349766131603818 379.8199999999445
18992 1.345838615437551 379.8399999999445
18993 1.342382325520278 379.8599999999445
18994 1.33929268727293 379.8799999999445
18995 1.337187835402396 379.8999999999444
18996 1.335717423140358 379.9199999999444
18997 1.33452288977596 379.9399999999444
18998 1.334149095164158 379.9599999999444
18999 1.334525294354399 379.9799999999444
19000 1.335609793741244 379.9999999999444
19001 1.337168379154531 380.0199999999443
19002 1.339167908273823 380.0399999999443
19003 1.341765205807484 380.0599999999443
19004 1.345144148310544 380.0799999999443
19005 1.348990550542667 380.0999999999443
19006 1.353516998893779 380.1199999999442
19007 1.358448091957442 380.1399999999442
19008 1.3644497749831 380.1599999999442
19009 1.371045157265135 380.1799999999442
19010 1.377899519890697 380.1999999999442
19011 1.385587685907107 380.2199999999442
19012 1.393942775857534 380.2399999999441
19013 1.402673569929088 380.2599999999441
19014 1.412502249796884 380.2799999999441
19015 1.422524001377341 380.2999999999441
19016 1.433120290823568 380.3199999999441
19017 1.443651631980271 380.339999999944
19018 1.454694805603205 380.359999999944
19019 1.466300067924341 380.379999999944
19020 1.478304155012961 380.399999999944
19021 1.49063958952302 380.419999999944
19022 1.503805905049411 380.439999999944
19023 1.517297443654893 380.4599999999439
19024 1.531054009196058 380.4799999999439
19025 1.545084466894007 380.4999999999439
19026 1.559204542820982 380.5199999999439
19027 1.573607267398361 380.5399999999439
19028 1.588499797324815 380.5599999999438
19029 1.603395512625288 380.5799999999438
19030 1.618379607971417 380.5999999999438
19031 1.633415242984978 380.6199999999438
19032 1.648490260675055 380.6399999999438
19033 1.663837829174011 380.6599999999438
19034 1.67944413520661 380.6799999999437
19035 1.694855706479653 380.6999999999437
19036 1.710014355302013 380.7199999999437
19037 1.724993688372934 380.7399999999437
19038 1.739927223951416 380.7599999999437
19039 1.754942801803491 380.7799999999436
19040 1.769855360404424 380.7999999999436
19041 1.784302365223438 380.8199999999436
19042 1.798339228585538 380.8399999999436
19043 1.812197108763529 380.8599999999436
19044 1.82594902137268 380.8799999999435
19045 1.839258995831668 380.8999999999435
19046 1.8522089363946 380.9199999999435
19047 1.864937271960868 380.9399999999435
19048 1.877222944753607 380.9599999999435
19049 1.88898535138755 380.9799999999435
19050 1.900338937544112 380.9999999999434
19051 1.911308062006996 381.0199999999434
19052 1.921770930505553 381.0399999999434
19053 1.931839259103363 381.0599999999434
19054 1.941248818427689 381.0799999999434
19055 1.950134381997878 381.0999999999433
19056 1.958345323266954 381.1199999999433
19057 1.965879788266135 381.1399999999433
19058 1.972973790906061 381.1599999999433
19059 1.979316194610075 381.1799999999433
19060 1.985065084874892 381.1999999999433
19061 1.990430501318412 381.2199999999432
19062 1.994895709860528 381.2399999999432
19063 1.998754725562883 381.2599999999432
19064 2.002047203159898 381.2799999999432
19065 2.004522208159229 381.2999999999432
19066 2.006314738348824 381.3199999999431
19067 2.007469722390988 381.3399999999431
19068 2.007984862616104 381.3599999999431
19069 2.007886267132325 381.3799999999431
19070 2.007072029131284 381.3999999999431
19071 2.005620082672676 381.4199999999431
19072 2.003488496200395 381.439999999943
19073 2.000671213288873 381.459999999943
19074 1.997170728736041 381.479999999943
19075 1.993118166014599 381.499999999943
19076 1.988511653017677 381.519999999943
19077 1.983248569700497 381.5399999999429
19078 1.977406730192029 381.5599999999429
19079 1.970964356816773 381.5799999999429
19080 1.964020828044353 381.5999999999429
19081 1.956623656459192 381.6199999999429
19082 1.948589373095945 381.6399999999429
19083 1.940034107580991 381.6599999999428
19084 1.931027002524527 381.6799999999428
19085 1.921533860422564 381.6999999999428
19086 1.911587954528047 381.7199999999428
19087 1.901299207110538 381.7399999999428
19088 1.890603412471959 381.7599999999427
19089 1.879454736471776 381.7799999999427
19090 1.867870241862392 381.7999999999427
19091 1.85594362305281 381.8199999999427
19092 1.843787302857296 381.8399999999427
19093 1.831336975922571 381.8599999999427
19094 1.818534118305247 381.8799999999426
19095 1.805527755750809 381.8999999999426
19096 1.792378985836757 381.9199999999426
19097 1.778886964518719 381.9399999999426
19098 1.765301851191777 381.9599999999426
19099 1.751572566573238 381.9799999999425
19100 1.737631875913936 381.9999999999425
19101 1.723640393314936 382.0199999999425
19102 1.709597940458149 382.0399999999425
19103 1.695458508359276 382.0599999999425
19104 1.681381516480363 382.0799999999425
19105 1.667212186206774 382.0999999999424
19106 1.6529646311251 382.1199999999424
19107 1.638861155858893 382.1399999999424
19108 1.624727911051489 382.1599999999424
19109 1.610683770768154 382.1799999999424
19110 1.596861670500925 382.1999999999423
19111 1.583069154571543 382.2199999999423
19112 1.569489983927668 382.2399999999423
19113 1.556174975985668 382.2599999999423
19114 1.543070043355329 382.2799999999423
19115 1.530195694692182 382.2999999999423
19116 1.517510326948143 382.3199999999422
19117 1.505016025075417 382.3399999999422
19118 1.4927205047818 382.3599999999422
19119 1.480665125880072 382.3799999999422
19120 1.46888186898626 382.3999999999422
19121 1.457417077508642 382.4199999999421
19122 1.446385562348727 382.4399999999421
19123 1.435666538734632 382.4599999999421
19124 1.425326877104995 382.4799999999421
19125 1.415589709635064 382.4999999999421
19126 1.406458247058004 382.5199999999421
19127 1.397763759047606 382.539999999942
19128 1.389489816431071 382.559999999942
19129 1.381623027007298 382.579999999942
19130 1.374158553552249 382.599999999942
19131 1.36706173571786 382.619999999942
19132 1.360486137930758 382.6399999999419
19133 1.354395543954444 382.6599999999419
19134 1.348944664513819 382.6799999999419
19135 1.343843049869771 382.6999999999419
19136 1.339461740640227 382.7199999999419
19137 1.335791457973254 382.7399999999419
19138 1.33261944646874 382.7599999999418
19139 1.330138779434628 382.7799999999418
19140 1.328286826247315 382.7999999999418
19141 1.327078726305529 382.8199999999418
19142 1.326336759687086 382.8399999999418
19143 1.326152354391606 382.8599999999417
19144 1.326573184000571 382.8799999999417
19145 1.327504126627806 382.8999999999417
19146 1.328999372303474 382.9199999999417
19147 1.331249860512548 382.9399999999417
19148 1.334114013796058 382.9599999999417
19149 1.337735117943379 382.9799999999416
19150 1.341707677741482 382.9999999999416
19151 1.346162940195131 383.0199999999416
19152 1.351432861335548 383.0399999999416
19153 1.357646128129341 383.0599999999416
19154 1.363917766737224 383.0799999999415
19155 1.371170114833146 383.0999999999415
19156 1.378871887207885 383.1199999999415
19157 1.387423115609951 383.1399999999415
19158 1.395683390771893 383.1599999999415
19159 1.404923512289018 383.1799999999415
19160 1.414498468678143 383.1999999999414
19161 1.424817235351752 383.2199999999414
19162 1.435610942069182 383.2399999999414
19163 1.447022568295738 383.2599999999414
19164 1.459179746202102 383.2799999999414
19165 1.471547385416869 383.2999999999413
19166 1.483979156936701 383.3199999999413
19167 1.496511602848744 383.3399999999413
19168 1.509540447236627 383.3599999999413
19169 1.523445488608769 383.3799999999413
19170 1.53747610313296 383.3999999999413
19171 1.551551590521802 383.4199999999412
19172 1.565873718364415 383.4399999999412
19173 1.580463980128686 383.4599999999412
19174 1.595347089843151 383.4799999999412
19175 1.610250832017832 383.4999999999412
19176 1.62552530823983 383.5199999999411
19177 1.640806761925012 383.5399999999411
19178 1.656005879424229 383.5599999999411
19179 1.671212329104623 383.5799999999411
19180 1.686695026794516 383.5999999999411
19181 1.702145156548174 383.6199999999411
19182 1.717594566476636 383.639999999941
19183 1.732801900232234 383.659999999941
19184 1.747836738188955 383.679999999941
19185 1.762921544005471 383.699999999941
19186 1.777554929154672 383.719999999941
19187 1.791980414921177 383.7399999999409
19188 1.806198076891791 383.7599999999409
19189 1.82013359846917 383.7799999999409
19190 1.833813718161574 383.7999999999409
19191 1.847135929264043 383.8199999999409
19192 1.860132626752583 383.8399999999409
19193 1.872718262629529 383.8599999999408
19194 1.884892323239079 383.8799999999408
19195 1.896479298907722 383.8999999999408
19196 1.907650719704571 383.9199999999408
19197 1.918427429208494 383.9399999999408
19198 1.928640925261666 383.9599999999407
19199 1.938328787906386 383.9799999999407
19200 1.947481177118494 383.9999999999407
19201 1.956015935705802 384.0199999999407
19202 1.96384763351101 384.0399999999407
19203 1.971067572619137 384.0599999999407
19204 1.97793883847707 384.0799999999406
19205 1.984171809605669 384.0999999999406
19206 1.989802316498684 384.1199999999406
19207 1.994938112287663 384.1399999999406
19208 1.999003992273986 384.1599999999406
19209 2.002512793637889 384.1799999999405
19210 2.005336051782755 384.1999999999405
19211 2.007659144160718 384.2199999999405
19212 2.009245033237125 384.2399999999405
19213 2.01000354361453 384.2599999999405
19214 2.010243311391922 384.2799999999405
19215 2.009840024713741 384.2999999999404
19216 2.008785819781052 384.3199999999404
19217 2.007155211504536 384.3399999999404
19218 2.004869705658157 384.3599999999404
19219 2.001860333820681 384.3799999999404
19220 1.998138399069268 384.3999999999403
19221 1.99390548806538 384.4199999999403
19222 1.989031950871606 384.4399999999403
19223 1.983515498813728 384.4599999999403
19224 1.977434489330682 384.4799999999403
19225 1.970922071164555 384.4999999999403
19226 1.963810414200871 384.5199999999402
19227 1.956108492414736 384.5399999999402
19228 1.947857817149569 384.5599999999402
19229 1.939155115708476 384.5799999999402
19230 1.929988368971562 384.5999999999402
19231 1.920289070232341 384.6199999999401
19232 1.910158283358078 384.6399999999401
19233 1.899534580610933 384.6599999999401
19234 1.888483262525516 384.6799999999401
19235 1.877067539413831 384.6999999999401
19236 1.865167114228977 384.7199999999401
19237 1.85292038844583 384.73999999994
19238 1.840499570194629 384.75999999994
19239 1.827843333464133 384.77999999994
19240 1.814935700708319 384.79999999994
19241 1.801731612768082 384.81999999994
19242 1.788287461858172 384.8399999999399
19243 1.774783920084964 384.8599999999399
19244 1.761053215406774 384.8799999999399
19245 1.747097471687688 384.8999999999399
19246 1.732976367957509 384.9199999999399
19247 1.718828281602085 384.9399999999399
19248 1.704675061184525 384.9599999999398
19249 1.690584040835854 384.9799999999398
19250 1.676384539916558 384.9999999999398
19251 1.662115706785633 385.0199999999398
19252 1.6479075390562 385.0399999999398
19253 1.633817057099088 385.0599999999397
19254 1.619738495041679 385.0799999999397
19255 1.605771389247322 385.0999999999397
19256 1.591883947035739 385.1199999999397
19257 1.578184793694409 385.1399999999397
19258 1.564628755512041 385.1599999999397
19259 1.551267339073771 385.1799999999396
19260 1.538190042184117 385.1999999999396
19261 1.525387826366417 385.2199999999396
19262 1.512916608609178 385.2399999999396
19263 1.500798358676243 385.2599999999396
19264 1.488894246579067 385.2799999999395
19265 1.477375734630804 385.2999999999395
19266 1.466222373905339 385.3199999999395
19267 1.455311199018567 385.3399999999395
19268 1.444724094159247 385.3599999999395
19269 1.434371484570035 385.3799999999395
19270 1.424509142504344 385.3999999999394
19271 1.415049059353324 385.4199999999394
19272 1.406131113567928 385.4399999999394
19273 1.397579064867461 385.4599999999394
19274 1.389558820573364 385.4799999999394
19275 1.382190403323303 385.4999999999393
19276 1.375264038191591 385.5199999999393
19277 1.368849234882951 385.5399999999393
19278 1.362963657763888 385.5599999999393
19279 1.357574509746526 385.5799999999393
19280 1.352689371117356 385.5999999999393
19281 1.348322257634677 385.6199999999392
19282 1.344599890817162 385.6399999999392
19283 1.341222707259051 385.6599999999392
19284 1.338479319568172 385.6799999999392
19285 1.336621814453403 385.6999999999392
19286 1.335258990506603 385.7199999999391
19287 1.334310742022736 385.7399999999391
19288 1.334174274931437 385.7599999999391
19289 1.334862442019752 385.7799999999391
19290 1.336108558810566 385.7999999999391
19291 1.337843050314848 385.8199999999391
19292 1.339997858430475 385.839999999939
19293 1.342928106757641 385.859999999939
19294 1.34641027083083 385.879999999939
19295 1.350507889270008 385.899999999939
19296 1.355166402526698 385.919999999939
19297 1.360452000653319 385.9399999999389
19298 1.366699790438483 385.9599999999389
19299 1.373357343762384 385.9799999999389
19300 1.38051912262798 385.9999999999389
19301 1.388468155959668 386.0199999999389
19302 1.396908935885636 386.0399999999389
19303 1.405953055694293 386.0599999999388
19304 1.416142360096161 386.0799999999388
19305 1.426117077879272 386.0999999999388
19306 1.43680792918354 386.1199999999388
19307 1.447466943333833 386.1399999999388
19308 1.458671041266387 386.1599999999387
19309 1.470477290723931 386.1799999999387
19310 1.482602076760121 386.1999999999387
19311 1.495159485028638 386.2199999999387
19312 1.508544628818565 386.2399999999387
19313 1.522030652523871 386.2599999999387
19314 1.536017935197818 386.2799999999386
19315 1.550023050628389 386.2999999999386
19316 1.564187585291474 386.3199999999386
19317 1.578762012975571 386.3399999999386
19318 1.593732992003423 386.3599999999386
19319 1.608645849627373 386.3799999999385
19320 1.623657901906674 386.3999999999385
19321 1.638682935283178 386.4199999999385
19322 1.65380402612375 386.4399999999385
19323 1.669335383996561 386.4599999999385
19324 1.684878471598719 386.4799999999385
19325 1.700220968933154 386.4999999999384
19326 1.71527834161384 386.5199999999384
19327 1.730230700337727 386.5399999999384
19328 1.745208764137552 386.5599999999384
19329 1.760204152820111 386.5799999999384
19330 1.775004440075776 386.5999999999383
19331 1.789309629747152 386.6199999999383
19332 1.803213846857232 386.6399999999383
19333 1.817056578251129 386.6599999999383
19334 1.830668492617616 386.6799999999383
19335 1.843842235715586 386.6999999999383
19336 1.856768005368455 386.7199999999382
19337 1.869311498575933 386.7399999999382
19338 1.881409382503138 386.7599999999382
19339 1.893036844807933 386.7799999999382
19340 1.904256641786246 386.7999999999382
19341 1.915040830264111 386.8199999999381
19342 1.925413438331881 386.8399999999381
19343 1.935208758298566 386.8599999999381
19344 1.944462150281443 386.8799999999381
19345 1.953119105999344 386.8999999999381
19346 1.961090137636302 386.9199999999381
19347 1.968444329094172 386.939999999938
19348 1.975316718202242 386.959999999938
19349 1.981433878505523 386.979999999938
19350 1.987084156654764 386.999999999938
19351 1.992054181501323 387.019999999938
19352 1.996362145261477 387.0399999999379
19353 2.000043223171246 387.0599999999379
19354 2.003030075837803 387.0799999999379
19355 2.005266277380607 387.0999999999379
19356 2.006826809781268 387.1199999999379
19357 2.007770679938541 387.1399999999379
19358 2.008070722292687 387.1599999999378
19359 2.007720954582752 387.1799999999378
19360 2.006649142526433 387.1999999999378
19361 2.005002407563614 387.2199999999378
19362 2.002613985510579 387.2399999999378
19363 1.999563697061538 387.2599999999377
19364 1.995855881452114 387.2799999999377
19365 1.991615818346038 387.2999999999377
19366 1.98679523362964 387.3199999999377
19367 1.981304157922875 387.3399999999377
19368 1.975260035388557 387.3599999999377
19369 1.968639885084379 387.3799999999376
19370 1.961525506152512 387.3999999999376
19371 1.953900422723788 387.4199999999376
19372 1.945677885382228 387.4399999999376
19373 1.936976460786398 387.4599999999376
19374 1.927795434447463 387.4799999999375
19375 1.918150442257408 387.4999999999375
19376 1.908040931304418 387.5199999999375
19377 1.897651440495549 387.5399999999375
19378 1.886794252459853 387.5599999999375
19379 1.875482024977827 387.5799999999375
19380 1.863761814142314 387.5999999999374
19381 1.851735503703611 387.6199999999374
19382 1.839515465974047 387.6399999999374
19383 1.82691681389793 387.6599999999374
19384 1.814028795381013 387.6799999999374
19385 1.801000916322939 387.6999999999373
19386 1.787707526070293 387.7199999999373
19387 1.774173990259877 387.7399999999373
19388 1.76056366293884 387.7599999999373
19389 1.746719032782862 387.7799999999373
19390 1.73278677674983 387.7999999999373
19391 1.718784460932419 387.8199999999372
19392 1.704687147469414 387.8399999999372
19393 1.690549165010315 387.8599999999372
19394 1.676452993303343 387.8799999999372
19395 1.662279246542619 387.8999999999372
19396 1.648022454249089 387.9199999999371
19397 1.633939054072561 387.9399999999371
19398 1.619814749559424 387.9599999999371
19399 1.605869642804151 387.9799999999371
19400 1.592035659206892 387.9999999999371
19401 1.578309255423713 388.0199999999371
19402 1.564816494117802 388.039999999937
19403 1.551584003699776 388.059999999937
19404 1.538560697888448 388.079999999937
19405 1.525749100356017 388.099999999937
19406 1.513131094947534 388.119999999937
19407 1.50069951452372 388.1399999999369
19408 1.488478506197138 388.1599999999369
19409 1.476527595255525 388.1799999999369
19410 1.464832819049993 388.1999999999369
19411 1.453528648613354 388.2199999999369
19412 1.442606084685153 388.2399999999369
19413 1.431994774075723 388.2599999999368
19414 1.421866572345519 388.2799999999368
19415 1.412342234906846 388.2999999999368
19416 1.403366672831992 388.3199999999368
19417 1.394861519551093 388.3399999999368
19418 1.386690418131398 388.3599999999367
19419 1.378954931586686 388.3799999999367
19420 1.371648418256512 388.3999999999367
19421 1.364682845850018 388.4199999999367
19422 1.358290072543127 388.4399999999367
19423 1.352442684105496 388.4599999999367
19424 1.347101948308995 388.4799999999366
19425 1.342192876101754 388.4999999999366
19426 1.338134756287589 388.5199999999366
19427 1.33463306139524 388.5399999999366
19428 1.331672216744037 388.5599999999366
19429 1.329426657046553 388.5799999999365
19430 1.32779316251755 388.5999999999365
19431 1.326731170986017 388.6199999999365
19432 1.326241745863681 388.6399999999365
19433 1.326251945530249 388.6599999999365
19434 1.326832282854783 388.6799999999365
19435 1.327983828634421 388.6999999999364
19436 1.329684196221067 388.7199999999364
19437 1.332204321220259 388.7399999999364
19438 1.335321970822009 388.7599999999364
19439 1.339110296123241 388.7799999999364
19440 1.343219699971363 388.7999999999363
19441 1.347901479808377 388.8199999999363
19442 1.35350290553278 388.8399999999363
19443 1.359808736518432 388.8599999999363
19444 1.36637125682363 388.8799999999363
19445 1.373836507637448 388.8999999999363
19446 1.381769244746405 388.9199999999362
19447 1.390413789382066 388.9399999999362
19448 1.398774399559165 388.9599999999362
19449 1.408316750820092 388.9799999999362
19450 1.41802062550452 388.9999999999362
19451 1.428554540918376 389.0199999999361
19452 1.439572491066537 389.0399999999361
19453 1.451214005966395 389.0599999999361
19454 1.463548895709683 389.0799999999361
19455 1.475873086143404 389.0999999999361
19456 1.488378271525497 389.1199999999361
19457 1.501006632731715 389.139999999936
19458 1.514313117552836 389.159999999936
19459 1.528390731625757 389.179999999936
19460 1.542414738594539 389.199999999936
19461 1.556555301680647 389.219999999936
19462 1.570965625863528 389.2399999999359
19463 1.585678718490086 389.2599999999359
19464 1.600586425524444 389.2799999999359
19465 1.615545344308192 389.2999999999359
19466 1.630945398226189 389.3199999999359
19467 1.64615082217401 389.3399999999359
19468 1.661377067874138 389.3599999999358
19469 1.676631914666636 389.3799999999358
19470 1.692128870977325 389.3999999999358
19471 1.707612813402731 389.4199999999358
19472 1.723005179541143 389.4399999999358
19473 1.738120416125597 389.4599999999357
19474 1.753163297957276 389.4799999999357
19475 1.768151480382111 389.4999999999357
19476 1.782687982978157 389.5199999999357
19477 1.797015355563782 389.5399999999357
19478 1.811191283365798 389.5599999999357
19479 1.824997351093824 389.5799999999356
19480 1.838559859411044 389.5999999999356
19481 1.851778674382092 389.6199999999356
19482 1.864636175174149 389.6399999999356
19483 1.877101374383766 389.6599999999356
19484 1.889064749075264 389.6799999999355
19485 1.900464988280138 389.6999999999355
19486 1.911551049526719 389.7199999999355
19487 1.922113674577303 389.7399999999355
19488 1.932152609473442 389.7599999999355
19489 1.941651048454087 389.7799999999355
19490 1.950595756751928 389.7999999999354
19491 1.958918210351153 389.8199999999354
19492 1.966477915492533 389.8399999999354
19493 1.973557990815639 389.8599999999354
19494 1.980254526373672 389.8799999999354
19495 1.986260632503048 389.8999999999353
19496 1.991741528504437 389.9199999999353
19497 1.99653457660581 389.9399999999353
19498 2.000359829342988 389.9599999999353
19499 2.003601587109853 389.9799999999353
19500 2.006259370016622 389.9999999999353
19501 2.008389551985707 390.0199999999352
19502 2.009616280679027 390.0399999999352
19503 2.01021242440815 390.0599999999352
19504 2.010221681588927 390.0799999999352
19505 2.009599133034984 390.0999999999352
19506 2.008342593381925 390.1199999999351
19507 2.006492459372542 390.1399999999351
19508 2.003957238864202 390.1599999999351
19509 2.000683277892709 390.1799999999351
19510 1.996768524760657 390.1999999999351
19511 1.992319756995381 390.2199999999351
19512 1.987234216929023 390.239999999935
19513 1.981491603118903 390.259999999935
19514 1.975250863278403 390.279999999935
19515 1.968562992637557 390.299999999935
19516 1.96122828238748 390.319999999935
19517 1.953339046131227 390.3399999999349
19518 1.944895661969311 390.3599999999349
19519 1.936047889325288 390.3799999999349
19520 1.92668769164675 390.3999999999349
19521 1.916837353576716 390.4199999999349
19522 1.906538220623699 390.4399999999349
19523 1.895758609739241 390.4599999999348
19524 1.884569792811267 390.4799999999348
19525 1.872998805099534 390.4999999999348
19526 1.860941101963389 390.5199999999348
19527 1.848640577898742 390.5399999999348
19528 1.836133641745096 390.5599999999347
19529 1.823385632693245 390.5799999999347
19530 1.810387181711462 390.5999999999347
19531 1.797084963587102 390.6199999999347
19532 1.783587915595912 390.6399999999347
19533 1.770052080390169 390.6599999999347
19534 1.756220428508271 390.6799999999346
19535 1.742186350740063 390.6999999999346
19536 1.728055744661957 390.7199999999346
19537 1.713882082638999 390.7399999999346
19538 1.699830310024233 390.7599999999346
19539 1.685654345584962 390.7799999999345
19540 1.671452033929656 390.7999999999345
19541 1.657140797915126 390.8199999999345
19542 1.642982529195101 390.8399999999345
19543 1.628905211281951 390.8599999999345
19544 1.614856904746957 390.8799999999345
19545 1.600914691043948 390.8999999999344
19546 1.587088102451674 390.9199999999344
19547 1.573426392337796 390.9399999999344
19548 1.5599300159112 390.9599999999344
19549 1.546694134635294 390.9799999999344
19550 1.533676404682967 390.9999999999343
19551 1.520984279360868 391.0199999999343
19552 1.508653019745029 391.0399999999343
19553 1.496602058633619 391.0599999999343
19554 1.48488011218975 391.0799999999343
19555 1.473444918984364 391.0999999999343
19556 1.462365698154793 391.1199999999342
19557 1.451603040651998 391.1399999999342
19558 1.441067888765082 391.1599999999342
19559 1.430881377783307 391.1799999999342
19560 1.421142789973868 391.1999999999342
19561 1.411886801529139 391.2199999999341
19562 1.403083944284502 391.2399999999341
19563 1.394725563802868 391.2599999999341
19564 1.386915876957273 391.2799999999341
19565 1.379697320973775 391.2999999999341
19566 1.372967358112567 391.3199999999341
19567 1.366737610873402 391.339999999934
19568 1.361040162462444 391.359999999934
19569 1.355805366152683 391.379999999934
19570 1.351090738683758 391.399999999934
19571 1.346958728432588 391.419999999934
19572 1.34341743093225 391.4399999999339
19573 1.340142084352727 391.4599999999339
19574 1.337745638395895 391.4799999999339
19575 1.336123245695187 391.4999999999339
19576 1.334836451347139 391.5199999999339
19577 1.334186569428098 391.5399999999339
19578 1.334321853158655 391.5599999999338
19579 1.335244980388303 391.5799999999338
19580 1.336665446655423 391.5999999999338
19581 1.338522575908514 391.6199999999338
19582 1.34090467181253 391.6399999999338
19583 1.344119392773846 391.6599999999337
19584 1.347772660675199 391.6799999999337
19585 1.352131854616148 391.6999999999337
19586 1.356878062703181 391.7199999999337
19587 1.3625882065693 391.7399999999337
19588 1.369060572960683 391.7599999999337
19589 1.375753165642815 391.7799999999336
19590 1.383224539411365 391.7999999999336
19591 1.391408497385111 391.8199999999336
19592 1.399989056392141 391.8399999999336
19593 1.409490809646412 391.8599999999336
19594 1.419585521775851 391.8799999999335
19595 1.429935295267929 391.8999999999335
19596 1.440474026297169 391.9199999999335
19597 1.451364143415474 391.9399999999335
19598 1.462779569525598 391.9599999999335
19599 1.474702101774155 391.9799999999335
19600 1.486925054157847 391.9999999999334
19601 1.499813735007836 392.0199999999334
19602 1.513329335664974 392.0399999999334
19603 1.526878262256207 392.0599999999334
19604 1.540942228979853 392.0799999999334
19605 1.554982044429892 392.0999999999333
19606 1.569297541350051 392.1199999999333
19607 1.584035847210514 392.1399999999333
19608 1.598977994865349 392.1599999999333
19609 1.613968134366249 392.1799999999333
19610 1.62899023298767 392.1999999999333
19611 1.644018688148911 392.2199999999332
19612 1.659240406382328 392.2399999999332
19613 1.674855204005567 392.2599999999332
19614 1.690321861022106 392.2799999999332
19615 1.705563362336994 392.2999999999332
19616 1.720586850635106 392.3199999999331
19617 1.735496657655343 392.3399999999331
19618 1.750535555325163 392.3599999999331
19619 1.765482716787939 392.3799999999331
19620 1.780133699369088 392.3999999999331
19621 1.79425296389223 392.4199999999331
19622 1.808116738927158 392.439999999933
19623 1.82194645044224 392.459999999933
19624 1.835405584555946 392.479999999933
19625 1.848419786965843 392.499999999933
19626 1.861278186375526 392.519999999933
19627 1.873681305485813 392.5399999999329
19628 1.885605095294557 392.5599999999329
19629 1.897072322935873 392.5799999999329
19630 1.908171987159655 392.5999999999329
19631 1.918767086411167 392.6199999999329
19632 1.928992637690339 392.6399999999329
19633 1.938573419799424 392.6599999999328
19634 1.947639685056866 392.6799999999328
19635 1.956052641415167 392.6999999999328
19636 1.963785154930055 392.7199999999328
19637 1.971007260350648 392.7399999999328
19638 1.977598859116092 392.7599999999327
19639 1.983504258439135 392.7799999999327
19640 1.989034239687399 392.7999999999327
19641 1.99373309009978 392.8199999999327
19642 1.997757944209985 392.8399999999327
19643 2.001260120868164 392.8599999999327
19644 2.003955810953877 392.8799999999326
19645 2.005945057719284 392.8999999999326
19646 2.007292706126554 392.9199999999326
19647 2.008001134323172 392.9399999999326
19648 2.008091799667187 392.9599999999326
19649 2.007480861681533 392.9799999999325
19650 2.006189914654148 392.9999999999325
19651 2.00430649933489 393.0199999999325
19652 2.001681015850784 393.0399999999325
19653 1.99837880262091 393.0599999999325
19654 1.994468728061018 393.0799999999325
19655 1.990041481102937 393.0999999999324
19656 1.984992725826179 393.1199999999324
19657 1.979305863477429 393.1399999999324
19658 1.973041393077595 393.1599999999324
19659 1.966245786483447 393.1799999999324
19660 1.958976966324413 393.1999999999323
19661 1.951125027662406 393.2199999999323
19662 1.94272490511913 393.2399999999323
19663 1.933854999405265 393.2599999999323
19664 1.924505903576818 393.2799999999323
19665 1.914693429304918 393.2999999999323
19666 1.904477159403327 393.3199999999322
19667 1.893919688999897 393.3399999999322
19668 1.882913166044704 393.3599999999322
19669 1.871451307392984 393.3799999999322
19670 1.859610048496512 393.3999999999322
19671 1.847496018250445 393.4199999999321
19672 1.835178301249222 393.4399999999321
19673 1.822445794995233 393.4599999999321
19674 1.809488357628481 393.4799999999321
19675 1.796409277748847 393.4999999999321
19676 1.782995316415383 393.5199999999321
19677 1.769418197309168 393.539999999932
19678 1.755770412888741 393.559999999932
19679 1.741837744489476 393.579999999932
19680 1.727898328016934 393.599999999932
19681 1.713862649859351 393.619999999932
19682 1.699708452841625 393.6399999999319
19683 1.685602985162746 393.6599999999319
19684 1.671494148976602 393.6799999999319
19685 1.657245556448323 393.6999999999319
19686 1.643067441982108 393.7199999999319
19687 1.628990202287774 393.7399999999319
19688 1.614897356500729 393.7599999999318
19689 1.60102990693676 393.7799999999318
19690 1.58720056328075 393.7999999999318
19691 1.573552198421124 393.8199999999318
19692 1.560155951322906 393.8399999999318
19693 1.546994255318354 393.8599999999317
19694 1.534043323017048 393.8799999999317
19695 1.521306604948801 393.8999999999317
19696 1.508745246057424 393.9199999999317
19697 1.496386190950935 393.9399999999317
19698 1.484247414152505 393.9599999999317
19699 1.472394922687726 393.9799999999316
19700 1.460810182428771 393.9999999999316
19701 1.449666344214664 394.0199999999316
19702 1.438847504885855 394.0399999999316
19703 1.428368348810038 394.0599999999316
19704 1.418459290731079 394.0799999999315
19705 1.409146800265144 394.0999999999315
19706 1.400326194398236 394.1199999999315
19707 1.391949971370795 394.1399999999315
19708 1.383943132377792 394.1599999999315
19709 1.376319031420411 394.1799999999315
19710 1.36919138028417 394.1999999999314
19711 1.362358871356577 394.2199999999314
19712 1.356149349295048 394.2399999999314
19713 1.350539613637677 394.2599999999314
19714 1.345312558542986 394.2799999999314
19715 1.340670039265141 394.2999999999313
19716 1.336851611413634 394.3199999999313
19717 1.333531821075896 394.3399999999313
19718 1.330802324438735 394.3599999999313
19719 1.328803187634784 394.3799999999313
19720 1.327390274964763 394.3999999999313
19721 1.326498038206064 394.4199999999312
19722 1.326154183101678 394.4399999999312
19723 1.326402543412094 394.4599999999312
19724 1.327189274616392 394.4799999999312
19725 1.328531595283722 394.4999999999312
19726 1.330505284731201 394.5199999999311
19727 1.333218120831181 394.5399999999311
19728 1.336655472507598 394.5599999999311
19729 1.340501922569962 394.5799999999311
19730 1.344800359266412 394.5999999999311
19731 1.349807638087262 394.6199999999311
19732 1.355728975672041 394.639999999931
19733 1.362027688971195 394.659999999931
19734 1.36897767588192 394.679999999931
19735 1.376536035756368 394.699999999931
19736 1.384864226775425 394.719999999931
19737 1.393281474586118 394.7399999999309
19738 1.402091872508398 394.7599999999309
19739 1.411715152685955 394.7799999999309
19740 1.42166979468493 394.7999999999309
19741 1.432376162116125 394.8199999999309
19742 1.443639428593872 394.8399999999309
19743 1.45555059447517 394.8599999999308
19744 1.467939380631341 394.8799999999308
19745 1.480293390763185 394.8999999999308
19746 1.492827787483964 394.9199999999308
19747 1.505639254326663 394.9399999999308
19748 1.519278041261133 394.9599999999307
19749 1.533378412615899 394.9799999999307
19750 1.547404543669809 394.9999999999307
19751 1.561665432548248 395.0199999999307
19752 1.576148052939514 395.0399999999307
19753 1.590970989268431 395.0599999999307
19754 1.605884352781365 395.0799999999306
19755 1.62100764918988 395.0999999999306
19756 1.636352757451701 395.1199999999306
19757 1.651541473361976 395.1399999999306
19758 1.666763697681657 395.1599999999306
19759 1.682165503801462 395.1799999999305
19760 1.697612944719706 395.1999999999305
19761 1.713096675580541 395.2199999999305
19762 1.728395014542615 395.2399999999305
19763 1.743453272777902 395.2599999999305
19764 1.758544734106257 395.2799999999305
19765 1.77334501044743 395.2999999999304
19766 1.787822287194057 395.3199999999304
19767 1.802077266982409 395.3399999999304
19768 1.816156718545675 395.3599999999304
19769 1.829874580509744 395.3799999999304
19770 1.843334339053166 395.3999999999303
19771 1.85640642601897 395.4199999999303
19772 1.869127754369406 395.4399999999303
19773 1.881458676204681 395.4599999999303
19774 1.893212950043614 395.4799999999303
19775 1.904449467365283 395.4999999999303
19776 1.915415402059724 395.5199999999302
19777 1.925765459058726 395.5399999999302
19778 1.935629905272104 395.5599999999302
19779 1.944933984163458 395.5799999999302
19780 1.953660121681213 395.5999999999302
19781 1.96172306955828 395.6199999999301
19782 1.969065189590584 395.6399999999301
19783 1.97606324391155 395.6599999999301
19784 1.982520150926382 395.6799999999301
19785 1.988271312975877 395.6999999999301
19786 1.99364400037198 395.7199999999301
19787 1.99798683008761 395.73999999993
19788 2.001679167222607 395.75999999993
19789 2.004644481712731 395.77999999993
19790 2.007130411154445 395.79999999993
19791 2.008998991884007 395.81999999993
19792 2.009926126973402 395.8399999999299
19793 2.010346208939888 395.8599999999299
19794 2.010124807268133 395.8799999999299
19795 2.009252337292818 395.8999999999299
19796 2.007827819401578 395.9199999999299
19797 2.00572688396766 395.9399999999299
19798 2.002943739093608 395.9599999999298
19799 1.999408152312526 395.9799999999298
19800 1.995320666117958 395.9999999999298
19801 1.990645166252933 396.0199999999298
19802 1.985318137254587 396.0399999999298
19803 1.979383657921997 396.0599999999297
19804 1.972990213815704 396.0799999999297
19805 1.966084480258421 396.0999999999297
19806 1.958540971414423 396.1199999999297
19807 1.950455306481129 396.1399999999297
19808 1.941858021235243 396.1599999999297
19809 1.932849778646636 396.1799999999296
19810 1.923297225692648 396.1999999999296
19811 1.913290328744043 396.2199999999296
19812 1.902827743263607 396.2399999999296
19813 1.89188482498505 396.2599999999296
19814 1.880575395830281 396.2799999999295
19815 1.868824755667979 396.2999999999295
19816 1.856637196994488 396.3199999999295
19817 1.844291524272694 396.3399999999295
19818 1.831694106170469 396.3599999999295
19819 1.818857239933592 396.3799999999295
19820 1.805753933820978 396.3999999999294
19821 1.792357519669042 396.4199999999294
19822 1.778853086786008 396.4399999999294
19823 1.765218490249067 396.4599999999294
19824 1.751319635816436 396.4799999999294
19825 1.737224453151307 396.4999999999293
19826 1.723086009491372 396.5199999999293
19827 1.708902169736368 396.5399999999293
19828 1.694820337224654 396.5599999999293
19829 1.680658757439622 396.5799999999293
19830 1.666409041643553 396.5999999999293
19831 1.652143397398713 396.6199999999292
19832 1.638040999279462 396.6399999999292
19833 1.623945789526887 396.6599999999292
19834 1.609940045749141 396.6799999999292
19835 1.59601800039695 396.6999999999292
19836 1.582272896562205 396.7199999999291
19837 1.568668152534803 396.7399999999291
19838 1.555206796771742 396.7599999999291
19839 1.542079386950454 396.7799999999291
19840 1.529178564002625 396.7999999999291
19841 1.516599981399193 396.8199999999291
19842 1.504402702755903 396.839999999929
19843 1.49240308925667 396.859999999929
19844 1.480825061062654 396.879999999929
19845 1.469518446475268 396.899999999929
19846 1.458518408413671 396.919999999929
19847 1.447878606652079 396.9399999999289
19848 1.437408128962795 396.9599999999289
19849 1.42740881577529 396.9799999999289
19850 1.417814874595926 396.9999999999289
19851 1.4087779989532 397.0199999999289
19852 1.400075251014154 397.0399999999289
19853 1.391851705893778 397.0599999999288
19854 1.384316231970588 397.0799999999288
19855 1.377262819486625 397.0999999999288
19856 1.370688432470148 397.1199999999288
19857 1.364672770377864 397.1399999999288
19858 1.359132349482561 397.1599999999287
19859 1.354105319239166 397.1799999999287
19860 1.34955317125732 397.1999999999287
19861 1.345661339856049 397.2199999999287
19862 1.34221415239777 397.2399999999287
19863 1.339175242362813 397.2599999999287
19864 1.337113105271563 397.2799999999286
19865 1.335656130275982 397.2999999999286
19866 1.334493215686866 397.3199999999286
19867 1.334147738214116 397.3399999999286
19868 1.334599611242622 397.3599999999286
19869 1.335698974557134 397.3799999999285
19870 1.337290383815329 397.3999999999285
19871 1.339302201634833 397.4199999999285
19872 1.34195962094505 397.4399999999285
19873 1.345350608605573 397.4599999999285
19874 1.349237327613252 397.4799999999285
19875 1.353791705279934 397.4999999999284
19876 1.35876985719981 397.5199999999284
19877 1.364822479497896 397.5399999999284
19878 1.371415682714454 397.5599999999284
19879 1.378323946675183 397.5799999999284
19880 1.386053142902568 397.5999999999283
19881 1.39443483679171 397.6199999999283
19882 1.403211838644404 397.6399999999283
19883 1.413099844618539 397.6599999999283
19884 1.42311236652527 397.6799999999283
19885 1.433730271307232 397.6999999999283
19886 1.444267159661984 397.7199999999282
19887 1.455350572477226 397.7399999999282
19888 1.466995491820739 397.7599999999282
19889 1.479015875267264 397.7799999999282
19890 1.491385646872923 397.7999999999282
19891 1.504589912721674 397.8199999999281
19892 1.518081997764024 397.8399999999281
19893 1.531883789640796 397.8599999999281
19894 1.545909650705814 397.8799999999281
19895 1.560048107433643 397.8999999999281
19896 1.574459837798488 397.9199999999281
19897 1.589384910086917 397.939999999928
19898 1.604278107662033 397.959999999928
19899 1.619270381780439 397.979999999928
19900 1.634318176489596 397.999999999928
19901 1.649398017849563 398.019999999928
19902 1.664778320060254 398.0399999999279
19903 1.680381606584146 398.0599999999279
19904 1.695786612998508 398.0799999999279
19905 1.71093023379738 398.0999999999279
19906 1.725907583959863 398.1199999999279
19907 1.740847314152664 398.1399999999279
19908 1.755861494712217 398.1599999999278
19909 1.770767784580811 398.1799999999278
19910 1.785199943756805 398.1999999999278
19911 1.799201907238006 398.2199999999278
19912 1.813061874346435 398.2399999999278
19913 1.82679797041353 398.2599999999277
19914 1.840094060556833 398.2799999999277
19915 1.853036692352771 398.2999999999277
19916 1.865743923737801 398.3199999999277
19917 1.877999762928162 398.3399999999277
19918 1.889743740955721 398.3599999999277
19919 1.901075623981502 398.3799999999276
19920 1.912023414064425 398.3999999999276
19921 1.922464949769218 398.4199999999276
19922 1.932497367639535 398.4399999999276
19923 1.941880813712039 398.4599999999276
19924 1.950734746252379 398.4799999999275
19925 1.958909488423638 398.4999999999275
19926 1.966415109933533 398.5199999999275
19927 1.9734767077035 398.5399999999275
19928 1.979781790652012 398.5599999999275
19929 1.985499926462458 398.5799999999275
19930 1.990802153632631 398.5999999999274
19931 1.995259143367082 398.6199999999274
19932 1.999095191695751 398.6399999999274
19933 2.00233882113749 398.6599999999274
19934 2.004772695461329 398.6799999999274
19935 2.006530006103162 398.6999999999273
19936 2.00764890262159 398.7199999999273
19937 2.008132970690081 398.7399999999273
19938 2.007990640618012 398.7599999999273
19939 2.007135821343099 398.7799999999273
19940 2.00565692136083 398.7999999999273
19941 2.003480345481259 398.8199999999272
19942 2.000618848258868 398.8399999999272
19943 1.997090241466932 398.8599999999272
19944 1.99300211348166 398.8799999999272
19945 1.988366783183378 398.8999999999272
19946 1.983062462432291 398.9199999999271
19947 1.97718763016301 398.9399999999271
19948 1.970711776092846 398.9599999999271
19949 1.963733836121067 398.9799999999271
19950 1.956305153802803 398.9999999999271
19951 1.948237259280725 399.0199999999271
19952 1.939655932585683 399.039999999927
19953 1.930620581963229 399.059999999927
19954 1.921099303122562 399.079999999927
19955 1.911125005432466 399.099999999927
19956 1.900820308741726 399.119999999927
19957 1.890098203785222 399.1399999999269
19958 1.878919278106215 399.1599999999269
19959 1.86731185339305 399.1799999999269
19960 1.855365538887229 399.1999999999269
19961 1.843196383841916 399.2199999999269
19962 1.830726765306409 399.2399999999269
19963 1.81790223522977 399.2599999999268
19964 1.804885497295688 399.2799999999268
19965 1.791716504956529 399.2999999999268
19966 1.778211292639383 399.3199999999268
19967 1.764617420385679 399.3399999999268
19968 1.750872499460938 399.3599999999267
19969 1.736928875349192 399.3799999999267
19970 1.722924642772176 399.3999999999267
19971 1.708875449595523 399.4199999999267
19972 1.694737987171248 399.4399999999267
19973 1.680656059182414 399.4599999999267
19974 1.666483532958153 399.4799999999266
19975 1.652230090116152 399.4999999999266
19976 1.638129272381575 399.5199999999266
19977 1.62399404437907 399.5399999999266
19978 1.609956288155875 399.5599999999266
19979 1.596137326436219 399.5799999999265
19980 1.582345771006469 399.5999999999265
19981 1.568782698403988 399.6199999999265
19982 1.555481281336068 399.6399999999265
19983 1.542386730515013 399.6599999999265
19984 1.52952057136736 399.6799999999265
19985 1.516838464789254 399.6999999999264
19986 1.504351247016609 399.7199999999264
19987 1.492059497709764 399.7399999999264
19988 1.480019950058292 399.7599999999264
19989 1.468250633991089 399.7799999999264
19990 1.456807229287903 399.7999999999263
19991 1.445795634260528 399.8199999999263
19992 1.435096468601374 399.8399999999263
19993 1.424784382658254 399.8599999999263
19994 1.415082812612389 399.8799999999263
19995 1.405984474408932 399.8999999999263
19996 1.39731937138061 399.9199999999262
19997 1.389053784454893 399.9399999999262
19998 1.381211701089071 399.9599999999262
19999 1.373767033351919 399.9799999999262
20000 1.366688394233619 399.9999999999262
