"cd-rfile"
"Time Step" "cd etc.."
("Time Step" "cd" "flow-time")
0 0 0
1 5.629781834297847 0.02
2 3.452589643316436 0.04
3 2.40950287336933 0.06
4 1.935442902117624 0.08
5 1.730601945418484 0.1
6 1.598627343952174 0.12
7 1.500439666563437 0.14
8 1.424373868370598 0.16
9 1.364237771268485 0.18
10 1.31603580811513 0.2
11 1.276446568675033 0.22
12 1.245135456820361 0.24
13 1.219646823012908 0.26
14 1.199074242093799 0.28
15 1.181616753112551 0.3
16 1.168447171183248 0.32
17 1.158177779054797 0.34
18 1.15032084868264 0.36
19 1.144603619433908 0.3800000000000001
20 1.140777503078957 0.4000000000000001
21 1.137620147395111 0.4200000000000001
22 1.136768791809093 0.4400000000000001
23 1.13721533902506 0.4600000000000001
24 1.138728123581424 0.4800000000000001
25 1.141085424032837 0.5000000000000001
26 1.144351920674339 0.5200000000000001
27 1.148423112645385 0.5400000000000001
28 1.153176348729803 0.5600000000000002
29 1.158460938731167 0.5800000000000002
30 1.16415918530014 0.6000000000000002
31 1.17031256050695 0.6200000000000002
32 1.176093126739218 0.6400000000000002
33 1.182974869825952 0.6600000000000003
34 1.190069879398429 0.6800000000000003
35 1.197332459742826 0.7000000000000003
36 1.204758511380081 0.7200000000000003
37 1.212335467428605 0.7400000000000003
38 1.219967663997948 0.7600000000000003
39 1.227658016833532 0.7800000000000004
40 1.235372188192508 0.8000000000000004
41 1.243014614878412 0.8200000000000004
42 1.250593064196906 0.8400000000000004
43 1.25812950564677 0.8600000000000004
44 1.26569166185914 0.8800000000000004
45 1.273104257810105 0.9000000000000005
46 1.280272237999403 0.9200000000000005
47 1.287360000018733 0.9400000000000005
48 1.29354656647474 0.9600000000000005
49 1.300239579533303 0.9800000000000005
50 1.306760534997315 1
51 1.313058491055745 1.02
52 1.319171561651997 1.04
53 1.32510857304717 1.06
54 1.330778787387939 1.080000000000001
55 1.336253771524471 1.100000000000001
56 1.341383382604751 1.120000000000001
57 1.34624064490623 1.140000000000001
58 1.350856905169172 1.160000000000001
59 1.355191331641268 1.180000000000001
60 1.359230811670783 1.200000000000001
61 1.363016717477681 1.220000000000001
62 1.366624018439262 1.240000000000001
63 1.369885387676794 1.260000000000001
64 1.372961096109448 1.280000000000001
65 1.375756090830736 1.300000000000001
66 1.378286487927023 1.320000000000001
67 1.380582346643602 1.340000000000001
68 1.382626411960641 1.360000000000001
69 1.383816898514381 1.380000000000001
70 1.385340286105955 1.400000000000001
71 1.386678020075149 1.420000000000001
72 1.387811237483058 1.440000000000001
73 1.388690929046431 1.460000000000001
74 1.389376662743797 1.480000000000001
75 1.389831331860028 1.500000000000001
76 1.390108401783074 1.520000000000001
77 1.390184968857323 1.540000000000001
78 1.390118578831291 1.560000000000001
79 1.389856942774901 1.580000000000001
80 1.389485965443821 1.600000000000001
81 1.388889578789047 1.620000000000001
82 1.388132452307912 1.640000000000001
83 1.387224237778976 1.660000000000001
84 1.386217439087784 1.680000000000001
85 1.385090716315842 1.700000000000001
86 1.38382985358415 1.720000000000001
87 1.382470784842583 1.740000000000001
88 1.38098396888758 1.760000000000001
89 1.379434300399909 1.780000000000001
90 1.377776380785663 1.800000000000001
91 1.376058454988182 1.820000000000001
92 1.374258815028297 1.840000000000001
93 1.372379309771856 1.860000000000001
94 1.370406193021461 1.880000000000001
95 1.368410045791238 1.900000000000001
96 1.366371581313011 1.920000000000001
97 1.364300043733905 1.940000000000001
98 1.362164644904211 1.960000000000001
99 1.359995419634279 1.980000000000001
100 1.357817425515675 2.000000000000001
101 1.355642134927079 2.020000000000001
102 1.353475004823257 2.040000000000001
103 1.351292200601112 2.060000000000001
104 1.349095844706866 2.080000000000001
105 1.346865163435775 2.100000000000001
106 1.344200895870712 2.120000000000001
107 1.341944244584544 2.140000000000001
108 1.339598969954212 2.160000000000001
109 1.337250232554019 2.180000000000001
110 1.33492936028005 2.200000000000002
111 1.332632622084249 2.220000000000002
112 1.330345421046853 2.240000000000002
113 1.328049453266886 2.260000000000002
114 1.325766006693875 2.280000000000002
115 1.323508923938149 2.300000000000002
116 1.321273248694199 2.320000000000002
117 1.319089736275296 2.340000000000002
118 1.316909214097481 2.360000000000002
119 1.314733191975739 2.380000000000002
120 1.312598012074202 2.400000000000002
121 1.310493331729333 2.420000000000002
122 1.308412952762987 2.440000000000002
123 1.306343370551369 2.460000000000002
124 1.304292440843789 2.480000000000002
125 1.302292815137316 2.500000000000002
126 1.300320512248425 2.520000000000002
127 1.298336306812742 2.540000000000002
128 1.296367290857434 2.560000000000002
129 1.294418966335452 2.580000000000002
130 1.292495712110974 2.600000000000002
131 1.290622360618552 2.620000000000002
132 1.288766929324135 2.640000000000002
133 1.286495828929592 2.660000000000002
134 1.284641164813901 2.680000000000002
135 1.282796553205631 2.700000000000002
136 1.280942750903527 2.720000000000002
137 1.279545304113928 2.740000000000002
138 1.277378391433162 2.760000000000002
139 1.275627207797246 2.780000000000002
140 1.273906702092234 2.800000000000002
141 1.272191917933103 2.820000000000002
142 1.270510838000974 2.840000000000002
143 1.26887420110724 2.860000000000002
144 1.267256490703765 2.880000000000002
145 1.265642772158443 2.900000000000002
146 1.264020975745769 2.920000000000002
147 1.262413961567516 2.940000000000002
148 1.26079579150397 2.960000000000002
149 1.259198884297367 2.980000000000002
150 1.257619179334164 3.000000000000002
151 1.256064501869646 3.020000000000002
152 1.254525620895115 3.040000000000002
153 1.253021212044213 3.060000000000002
154 1.251508070764454 3.080000000000002
155 1.25002680398038 3.100000000000002
156 1.248569672685569 3.120000000000002
157 1.247142148546623 3.140000000000002
158 1.245718654015688 3.160000000000002
159 1.244282757901626 3.180000000000002
160 1.242884298789113 3.200000000000002
161 1.241490677869674 3.220000000000002
162 1.240106057789983 3.240000000000002
163 1.238749410648689 3.260000000000002
164 1.237388199988397 3.280000000000002
165 1.236033413510546 3.300000000000002
166 1.234268113192236 3.320000000000003
167 1.232921288717731 3.340000000000003
168 1.231585055628547 3.360000000000003
169 1.230266288903463 3.380000000000003
170 1.228956214030066 3.400000000000003
171 1.227665016840746 3.420000000000003
172 1.226379172206624 3.440000000000003
173 1.225118095462904 3.460000000000003
174 1.223872839417982 3.480000000000003
175 1.222642711188353 3.500000000000003
176 1.221425827061663 3.520000000000003
177 1.220224630224834 3.540000000000003
178 1.219022325225553 3.560000000000003
179 1.217832127830272 3.580000000000003
180 1.216651442976376 3.600000000000003
181 1.215477416712152 3.620000000000003
182 1.214318731953624 3.640000000000003
183 1.213166986729548 3.660000000000003
184 1.212017450604881 3.680000000000003
185 1.210895820790688 3.700000000000003
186 1.209781683489748 3.720000000000003
187 1.208679267461395 3.740000000000003
188 1.207586745370379 3.760000000000003
189 1.206501398958574 3.780000000000003
190 1.205424025773057 3.800000000000003
191 1.204355992401346 3.820000000000003
192 1.203295226229318 3.840000000000003
193 1.202243339041117 3.860000000000003
194 1.20119775418015 3.880000000000003
195 1.200154058334846 3.900000000000003
196 1.19912495536454 3.920000000000003
197 1.198084246456737 3.940000000000003
198 1.197069800739887 3.960000000000003
199 1.196055173669139 3.980000000000003
200 1.195059113315799 4.000000000000003
201 1.194075248446597 4.020000000000002
202 1.193092660161295 4.040000000000002
203 1.192126687067989 4.060000000000001
204 1.191164953666955 4.080000000000001
205 1.190206358031749 4.100000000000001
206 1.189254615911843 4.12
207 1.188305797129804 4.14
208 1.187362848248309 4.159999999999999
209 1.186425229016183 4.179999999999999
210 1.185496820794143 4.199999999999998
211 1.18457617051806 4.219999999999998
212 1.183656842563011 4.239999999999998
213 1.182740744277025 4.259999999999997
214 1.181837401630884 4.279999999999997
215 1.180944000369851 4.299999999999996
216 1.180078743728015 4.319999999999996
217 1.179205879229259 4.339999999999995
218 1.177951687856686 4.359999999999995
219 1.177474728413718 4.379999999999995
220 1.176242355178532 4.399999999999994
221 1.175770392150171 4.419999999999994
222 1.174557199718655 4.439999999999993
223 1.174083070130762 4.459999999999993
224 1.172888884196009 4.479999999999992
225 1.172420680794766 4.499999999999992
226 1.171236144682874 4.519999999999992
227 1.170772196330234 4.539999999999991
228 1.16960813839324 4.559999999999991
229 1.168788511491371 4.57999999999999
230 1.168358490985992 4.59999999999999
231 1.167216317450584 4.619999999999989
232 1.166769805288985 4.639999999999989
233 1.1659982067086 4.659999999999989
234 1.165222991662394 4.679999999999988
235 1.164448631784987 4.699999999999988
236 1.163343369767893 4.719999999999987
237 1.162899830250669 4.739999999999987
238 1.161810157049385 4.759999999999986
239 1.161378681312687 4.779999999999986
240 1.160305121656926 4.799999999999986
241 1.159550894435937 4.819999999999985
242 1.158812363625286 4.839999999999985
243 1.158076708009908 4.859999999999984
244 1.157347691949056 4.879999999999984
245 1.1566307791355 4.899999999999983
246 1.155925235409027 4.919999999999983
247 1.155229581079038 4.939999999999983
248 1.154537358388937 4.959999999999982
249 1.153854126417877 4.979999999999982
250 1.153176622347169 4.999999999999981
251 1.152505244090774 5.019999999999981
252 1.151836914320066 5.03999999999998
253 1.151189048439754 5.05999999999998
254 1.150506283826039 5.07999999999998
255 1.149868846902123 5.099999999999979
256 1.14921675826886 5.119999999999979
257 1.148581307607834 5.139999999999978
258 1.147948251619676 5.159999999999978
259 1.147320659122462 5.179999999999978
260 1.146697634052896 5.199999999999977
261 1.146080909210889 5.219999999999977
262 1.14547341979545 5.239999999999976
263 1.144870115063945 5.259999999999976
264 1.144271171192789 5.279999999999975
265 1.14367344188345 5.299999999999975
266 1.143085399306808 5.319999999999975
267 1.142502885883538 5.339999999999974
268 1.14192211100672 5.359999999999974
269 1.141343985443714 5.379999999999973
270 1.140765134196604 5.399999999999973
271 1.140189712503535 5.419999999999972
272 1.139617955696685 5.439999999999972
273 1.139047294538567 5.459999999999972
274 1.138477391420368 5.479999999999971
275 1.137911785044851 5.499999999999971
276 1.137349563816513 5.51999999999997
277 1.136788845638703 5.53999999999997
278 1.136229503157949 5.559999999999969
279 1.135675859077352 5.579999999999969
280 1.135127661986883 5.599999999999969
281 1.134580521611137 5.619999999999968
282 1.134038318007369 5.639999999999968
283 1.133512578645456 5.659999999999967
284 1.132967278162264 5.679999999999967
285 1.132431760339453 5.699999999999966
286 1.13189609398828 5.719999999999966
287 1.131361877983892 5.739999999999966
288 1.130813928695563 5.759999999999965
289 1.130284134126976 5.779999999999965
290 1.129755079353979 5.799999999999964
291 1.129228021218738 5.819999999999964
292 1.128697907754696 5.839999999999963
293 1.128166775649872 5.859999999999963
294 1.127638823259423 5.879999999999963
295 1.127112212248356 5.899999999999962
296 1.126587527013659 5.919999999999962
297 1.126064201963664 5.939999999999961
298 1.125542675835302 5.959999999999961
299 1.12501964833716 5.97999999999996
300 1.124501034736838 5.99999999999996
301 1.123982606449789 6.01999999999996
302 1.123467104143437 6.039999999999959
303 1.122952449225562 6.059999999999959
304 1.122436091329384 6.079999999999958
305 1.121917996999318 6.099999999999958
306 1.121407069227251 6.119999999999957
307 1.120897327075941 6.139999999999957
308 1.120389431922728 6.159999999999957
309 1.119883941469814 6.179999999999956
310 1.119378475795457 6.199999999999956
311 1.118877584109113 6.219999999999955
312 1.118374437766819 6.239999999999955
313 1.11787577968311 6.259999999999954
314 1.117384229438516 6.279999999999954
315 1.116897329598369 6.299999999999954
316 1.116413800438423 6.319999999999953
317 1.115933847721525 6.339999999999953
318 1.115456736774489 6.359999999999952
319 1.114981959571521 6.379999999999952
320 1.114507212277598 6.399999999999952
321 1.114030552965421 6.419999999999951
322 1.11355553946994 6.439999999999951
323 1.113079424488293 6.45999999999995
324 1.112603056386175 6.47999999999995
325 1.112124737999493 6.499999999999949
326 1.11164964618338 6.519999999999949
327 1.111173035471088 6.539999999999949
328 1.11069753775124 6.559999999999948
329 1.10996855282318 6.579999999999948
330 1.109735821382596 6.599999999999947
331 1.10902359510428 6.619999999999947
332 1.108789254500015 6.639999999999946
333 1.108080279727783 6.659999999999946
334 1.107843813118884 6.679999999999946
335 1.107139650140834 6.699999999999945
336 1.106898400835044 6.719999999999945
337 1.106438531442649 6.739999999999944
338 1.105967960940518 6.759999999999944
339 1.105259925536423 6.779999999999943
340 1.105019401903247 6.799999999999943
341 1.10432894171657 6.819999999999943
342 1.104088161024068 6.839999999999942
343 1.103398882826504 6.859999999999942
344 1.10316299320088 6.879999999999941
345 1.102469366189474 6.899999999999941
346 1.101992156755282 6.91999999999994
347 1.101534545210181 6.93999999999994
348 1.101313230203514 6.95999999999994
349 1.100647097210977 6.979999999999939
350 1.100411064490088 6.999999999999939
351 1.099750049515268 7.019999999999938
352 1.099511909891624 7.039999999999938
353 1.098858441437141 7.059999999999937
354 1.09862034698203 7.079999999999937
355 1.097969958011974 7.099999999999937
356 1.097729820389236 7.119999999999936
357 1.097082251038249 7.139999999999936
358 1.096842683188725 7.159999999999935
359 1.096199825000228 7.179999999999935
360 1.095739868685071 7.199999999999934
361 1.095521670480321 7.219999999999934
362 1.09488833025668 7.239999999999934
363 1.094435622669044 7.259999999999933
364 1.093994117071969 7.279999999999933
365 1.093578908764684 7.299999999999932
366 1.093153866215702 7.319999999999932
367 1.09273014493538 7.339999999999931
368 1.092306824899365 7.359999999999931
369 1.091885602719358 7.379999999999931
370 1.09146960108838 7.39999999999993
371 1.091049813869788 7.41999999999993
372 1.090632990897642 7.439999999999929
373 1.09021891833915 7.459999999999929
374 1.08980646925286 7.479999999999928
375 1.089396070506386 7.499999999999928
376 1.088987268561954 7.519999999999928
377 1.088580424278298 7.539999999999927
378 1.088175170346476 7.559999999999927
379 1.087768629427111 7.579999999999926
380 1.08736545617665 7.599999999999926
381 1.086964363164579 7.619999999999925
382 1.086569778852709 7.639999999999925
383 1.086173924086185 7.659999999999925
384 1.085778218568609 7.679999999999924
385 1.085384561361398 7.699999999999924
386 1.084993538020887 7.719999999999923
387 1.084605624743001 7.739999999999923
388 1.084223282438188 7.759999999999923
389 1.083845838248496 7.779999999999922
390 1.083469278628808 7.799999999999922
391 1.083093591367967 7.819999999999921
392 1.082719513005078 7.839999999999921
393 1.082347601496606 7.85999999999992
394 1.081976967406892 7.87999999999992
395 1.08160878769357 7.89999999999992
396 1.081243242970717 7.919999999999919
397 1.080880627220262 7.939999999999919
398 1.080518965686853 7.959999999999918
399 1.080157877303292 7.979999999999918
400 1.079798912904969 7.999999999999917
401 1.079443780051967 8.019999999999918
402 1.079090799512715 8.039999999999917
403 1.078738367185583 8.059999999999917
404 1.078563834025956 8.079999999999917
405 1.078060640725513 8.099999999999916
406 1.077880757468125 8.119999999999916
407 1.077385191973962 8.139999999999915
408 1.077203530935596 8.159999999999915
409 1.076714089636875 8.179999999999914
410 1.076535054160965 8.199999999999914
411 1.076062438359594 8.219999999999914
412 1.075880215410421 8.239999999999913
413 1.075412022937252 8.259999999999913
414 1.075233554974064 8.279999999999912
415 1.0747621176159 8.299999999999912
416 1.074586358077328 8.319999999999911
417 1.074120687226267 8.339999999999911
418 1.073952123759091 8.359999999999911
419 1.073487811414119 8.37999999999991
420 1.073317987051642 8.39999999999991
421 1.07286625711714 8.419999999999909
422 1.072700539505812 8.439999999999909
423 1.072256112219881 8.459999999999908
424 1.072099564882638 8.479999999999908
425 1.071812074162396 8.499999999999908
426 1.071511200634402 8.519999999999907
427 1.071214051102705 8.539999999999907
428 1.070768519824115 8.559999999999906
429 1.070615583209226 8.579999999999906
430 1.070342265916717 8.599999999999905
431 1.070051770296241 8.619999999999905
432 1.069764208225611 8.639999999999905
433 1.069476898075076 8.659999999999904
434 1.069186298453103 8.679999999999904
435 1.068916198410717 8.699999999999903
436 1.068642272156033 8.719999999999903
437 1.068229272555426 8.739999999999903
438 1.068091845819719 8.759999999999902
439 1.067704268621776 8.779999999999902
440 1.067434870551152 8.799999999999901
441 1.067182032236669 8.819999999999901
442 1.066931174324885 8.8399999999999
443 1.066678364050377 8.8599999999999
444 1.066429615738637 8.8799999999999
445 1.066182265040704 8.899999999999899
446 1.065936796445384 8.919999999999899
447 1.065829998700048 8.939999999999898
448 1.065458558932281 8.959999999999898
449 1.065337315053873 8.979999999999897
450 1.064975595517242 8.999999999999897
451 1.064859165620152 9.019999999999897
452 1.064499445684341 9.039999999999896
453 1.064389060427454 9.059999999999896
454 1.064177728868994 9.079999999999895
455 1.063951773801075 9.099999999999895
456 1.063730589645437 9.119999999999894
457 1.06350827331295 9.139999999999894
458 1.063286887235445 9.159999999999894
459 1.063067702008183 9.179999999999893
460 1.062849190444162 9.199999999999893
461 1.062629242745156 9.219999999999892
462 1.062410300073741 9.239999999999892
463 1.062190971497189 9.259999999999891
464 1.061969300842309 9.279999999999891
465 1.061752448534091 9.299999999999891
466 1.061533831223153 9.31999999999989
467 1.061324761821588 9.33999999999989
468 1.06111834249434 9.359999999999889
469 1.060909902803843 9.379999999999889
470 1.06070528187271 9.399999999999888
471 1.060503188463327 9.419999999999888
472 1.060303352318047 9.439999999999888
473 1.060103454640501 9.459999999999887
474 1.059901087652052 9.479999999999887
475 1.059698919736058 9.499999999999886
476 1.05949474390097 9.519999999999886
477 1.059289810262019 9.539999999999885
478 1.059087291794925 9.559999999999885
479 1.058895878989415 9.579999999999885
480 1.058708900166602 9.599999999999884
481 1.058522424289773 9.619999999999884
482 1.058334491131841 9.639999999999883
483 1.058142129799987 9.659999999999883
484 1.0579507655382 9.679999999999882
485 1.057763177268465 9.699999999999882
486 1.057579714320535 9.719999999999882
487 1.057397945253824 9.739999999999881
488 1.057219786626161 9.759999999999881
489 1.057039171811479 9.77999999999988
490 1.056858563356817 9.79999999999988
491 1.056675986707347 9.819999999999879
492 1.05649188770382 9.839999999999879
493 1.05630628752319 9.859999999999879
494 1.056117086607036 9.879999999999878
495 1.05593247135148 9.899999999999878
496 1.055750220952665 9.919999999999877
497 1.055564246735518 9.939999999999877
498 1.055385557138105 9.959999999999877
499 1.055206715088301 9.979999999999876
500 1.055028798351521 9.999999999999876
501 1.054852655790489 10.01999999999988
502 1.054678504435169 10.03999999999987
503 1.054502592856104 10.05999999999987
504 1.054324454020414 10.07999999999987
505 1.054148329876554 10.09999999999987
506 1.053972782930267 10.11999999999987
507 1.053799466896871 10.13999999999987
508 1.053629409149805 10.15999999999987
509 1.053460026626494 10.17999999999987
510 1.053291792482747 10.19999999999987
511 1.053123991062547 10.21999999999987
512 1.052958585500688 10.23999999999987
513 1.052793558750567 10.25999999999987
514 1.052621185339373 10.27999999999987
515 1.052455510429677 10.29999999999987
516 1.052287936472367 10.31999999999987
517 1.052119643691194 10.33999999999987
518 1.051957240977804 10.35999999999987
519 1.051796035933917 10.37999999999987
520 1.051634931943775 10.39999999999987
521 1.051477140917094 10.41999999999987
522 1.051307272579538 10.43999999999987
523 1.05113825240336 10.45999999999987
524 1.050962498887206 10.47999999999987
525 1.05077525129032 10.49999999999986
526 1.050576875978508 10.51999999999986
527 1.050396840857199 10.53999999999986
528 1.050200270075694 10.55999999999986
529 1.050018093770865 10.57999999999986
530 1.04983471348365 10.59999999999986
531 1.049649795150919 10.61999999999986
532 1.049470916126125 10.63999999999986
533 1.049292932359545 10.65999999999986
534 1.049116859224378 10.67999999999986
535 1.048941404359156 10.69999999999986
536 1.048767417936644 10.71999999999986
537 1.048595175514847 10.73999999999986
538 1.048423535044158 10.75999999999986
539 1.048252469182151 10.77999999999986
540 1.048077252172122 10.79999999999986
541 1.047904666349037 10.81999999999986
542 1.047720161833855 10.83999999999986
543 1.047604520202605 10.85999999999986
544 1.047367666515444 10.87999999999986
545 1.04719172381951 10.89999999999986
546 1.047020799744567 10.91999999999986
547 1.0468527329431 10.93999999999986
548 1.04668516121505 10.95999999999986
549 1.046518789269237 10.97999999999985
550 1.04635296963063 10.99999999999985
551 1.046188213574207 11.01999999999985
552 1.046079268648386 11.03999999999985
553 1.045847003778513 11.05999999999985
554 1.045731442195233 11.07999999999985
555 1.045552616881766 11.09999999999985
556 1.045379886939829 11.11999999999985
557 1.045205219320476 11.13999999999985
558 1.045032134314061 11.15999999999985
559 1.044860532241388 11.17999999999985
560 1.044690651692742 11.19999999999985
561 1.044523099778773 11.21999999999985
562 1.044359362698006 11.23999999999985
563 1.044198069232968 11.25999999999985
564 1.044031376090322 11.27999999999985
565 1.043864147062293 11.29999999999985
566 1.04370113348298 11.31999999999985
567 1.043543674426417 11.33999999999985
568 1.043390436823022 11.35999999999985
569 1.043243664340691 11.37999999999985
570 1.043099375919037 11.39999999999985
571 1.042958571653198 11.41999999999985
572 1.042816734910582 11.43999999999984
573 1.042685736748051 11.45999999999984
574 1.04256122551435 11.47999999999984
575 1.042437487678353 11.49999999999984
576 1.042317804366479 11.51999999999984
577 1.042200200013199 11.53999999999984
578 1.042086088909655 11.55999999999984
579 1.041975209991984 11.57999999999984
580 1.04186076458203 11.59999999999984
581 1.041763534456639 11.61999999999984
582 1.04165719823265 11.63999999999984
583 1.041560957301492 11.65999999999984
584 1.041448278757052 11.67999999999984
585 1.041351453414474 11.69999999999984
586 1.041257452034282 11.71999999999984
587 1.041164933690083 11.73999999999984
588 1.041078501707204 11.75999999999984
589 1.040996146177371 11.77999999999984
590 1.040921227810035 11.79999999999984
591 1.040845438070412 11.81999999999984
592 1.040771887174207 11.83999999999984
593 1.040704309846149 11.85999999999984
594 1.040641898849662 11.87999999999984
595 1.040586389628699 11.89999999999984
596 1.040533303061005 11.91999999999983
597 1.040483644922006 11.93999999999983
598 1.040451486242723 11.95999999999983
599 1.040410152763396 11.97999999999983
600 1.040362358608528 11.99999999999983
601 1.040320195653381 12.01999999999983
602 1.040278583287105 12.03999999999983
603 1.040236382904041 12.05999999999983
604 1.040200571269407 12.07999999999983
605 1.040165449083492 12.09999999999983
606 1.040134323418094 12.11999999999983
607 1.04010412394009 12.13999999999983
608 1.040062728403989 12.15999999999983
609 1.040033791128218 12.17999999999983
610 1.040001636693573 12.19999999999983
611 1.039974327409272 12.21999999999983
612 1.039973540795069 12.23999999999983
613 1.039925783464253 12.25999999999983
614 1.039905349058492 12.27999999999983
615 1.039888133823105 12.29999999999983
616 1.03987344891335 12.31999999999983
617 1.039860665831458 12.33999999999983
618 1.039866419525026 12.35999999999983
619 1.039864727312604 12.37999999999982
620 1.039838615400881 12.39999999999982
621 1.039843862425461 12.41999999999982
622 1.039814257670685 12.43999999999982
623 1.039828517213745 12.45999999999982
624 1.039807293080989 12.47999999999982
625 1.039829198096734 12.49999999999982
626 1.039825918645029 12.51999999999982
627 1.039853941375745 12.53999999999982
628 1.039879557340146 12.55999999999982
629 1.039913713105455 12.57999999999982
630 1.03995511840319 12.59999999999982
631 1.039996721528541 12.61999999999982
632 1.040038775412422 12.63999999999982
633 1.040059666755345 12.65999999999982
634 1.040123655137575 12.67999999999982
635 1.040174706012016 12.69999999999982
636 1.040228998104899 12.71999999999982
637 1.040290168591658 12.73999999999982
638 1.040351983400414 12.75999999999982
639 1.040407915345268 12.77999999999982
640 1.040495783861957 12.79999999999982
641 1.040560786187595 12.81999999999982
642 1.040623356047209 12.83999999999982
643 1.040690674950637 12.85999999999981
644 1.040747091996957 12.87999999999981
645 1.040849937300313 12.89999999999981
646 1.040875664167827 12.91999999999981
647 1.040983106716304 12.93999999999981
648 1.041038169151194 12.95999999999981
649 1.04111681284781 12.97999999999981
650 1.041211347752942 12.99999999999981
651 1.041273376417278 13.01999999999981
652 1.041370385725678 13.03999999999981
653 1.041441289984512 13.05999999999981
654 1.041527924641274 13.07999999999981
655 1.041609975792153 13.09999999999981
656 1.041696231709994 13.11999999999981
657 1.041796747040544 13.13999999999981
658 1.041878463614402 13.15999999999981
659 1.041991129754434 13.17999999999981
660 1.042091290394226 13.19999999999981
661 1.042189980825661 13.21999999999981
662 1.0422853203974 13.23999999999981
663 1.042386080738798 13.25999999999981
664 1.042489357678572 13.27999999999981
665 1.042594481042456 13.29999999999981
666 1.042700462828891 13.3199999999998
667 1.042805967881486 13.3399999999998
668 1.042909528490666 13.3599999999998
669 1.043004256915299 13.3799999999998
670 1.043093716659431 13.3999999999998
671 1.043191088176761 13.4199999999998
672 1.043289291818096 13.4399999999998
673 1.043386258642594 13.4599999999998
674 1.043486418416371 13.4799999999998
675 1.043581821964892 13.4999999999998
676 1.043684276888676 13.5199999999998
677 1.043786095424069 13.5399999999998
678 1.043880986744036 13.5599999999998
679 1.043977144119207 13.5799999999998
680 1.044075155312679 13.5999999999998
681 1.044180172657023 13.6199999999998
682 1.044286230397574 13.6399999999998
683 1.04437589470663 13.6599999999998
684 1.044471878635775 13.6799999999998
685 1.044566095182797 13.6999999999998
686 1.044655320756073 13.7199999999998
687 1.044742690018932 13.7399999999998
688 1.044822618252122 13.7599999999998
689 1.044895004643526 13.7799999999998
690 1.044964882384528 13.79999999999979
691 1.045046511132525 13.81999999999979
692 1.045136652573418 13.83999999999979
693 1.045221340590389 13.85999999999979
694 1.045307450778987 13.87999999999979
695 1.045401869347797 13.89999999999979
696 1.045502762646092 13.91999999999979
697 1.045601976178655 13.93999999999979
698 1.045687442591858 13.95999999999979
699 1.045788582219773 13.97999999999979
700 1.045882885658148 13.99999999999979
701 1.045957431320657 14.01999999999979
702 1.046034792672027 14.03999999999979
703 1.046111882333004 14.05999999999979
704 1.046185967466208 14.07999999999979
705 1.046264928624188 14.09999999999979
706 1.046337775747733 14.11999999999979
707 1.046414480228359 14.13999999999979
708 1.04648619296304 14.15999999999979
709 1.046545817670818 14.17999999999979
710 1.046609152119207 14.19999999999979
711 1.046675941033649 14.21999999999979
712 1.04673359776534 14.23999999999979
713 1.046796264839293 14.25999999999978
714 1.046862338384647 14.27999999999978
715 1.046927440041439 14.29999999999978
716 1.04699537856586 14.31999999999978
717 1.04705205843998 14.33999999999978
718 1.047111294439541 14.35999999999978
719 1.047174312158295 14.37999999999978
720 1.04724264290496 14.39999999999978
721 1.04732718782416 14.41999999999978
722 1.047391668077803 14.43999999999978
723 1.047466768978236 14.45999999999978
724 1.047541000465068 14.47999999999978
725 1.047606511788707 14.49999999999978
726 1.047670898180352 14.51999999999978
727 1.047725718719528 14.53999999999978
728 1.04777728848122 14.55999999999978
729 1.047836589570023 14.57999999999978
730 1.047883971990041 14.59999999999978
731 1.047953179188164 14.61999999999978
732 1.048006213488097 14.63999999999978
733 1.048070457499672 14.65999999999978
734 1.048129145775559 14.67999999999978
735 1.04818427836693 14.69999999999978
736 1.04825093920732 14.71999999999978
737 1.048301140308802 14.73999999999977
738 1.048371511594917 14.75999999999977
739 1.048422426816295 14.77999999999977
740 1.048480294972565 14.79999999999977
741 1.048536725723854 14.81999999999977
742 1.048599718922181 14.83999999999977
743 1.048663955894053 14.85999999999977
744 1.048734921805593 14.87999999999977
745 1.048776587008242 14.89999999999977
746 1.048815441097122 14.91999999999977
747 1.048850069764169 14.93999999999977
748 1.048886068070094 14.95999999999977
749 1.048926948279359 14.97999999999977
750 1.048978044996255 14.99999999999977
751 1.04904049949259 15.01999999999977
752 1.049100451406617 15.03999999999977
753 1.049151449741311 15.05999999999977
754 1.049229061999938 15.07999999999977
755 1.049309492481381 15.09999999999977
756 1.049390080031884 15.11999999999977
757 1.049468382969736 15.13999999999977
758 1.049553304048298 15.15999999999977
759 1.049642546010451 15.17999999999977
760 1.049726706663344 15.19999999999976
761 1.049812529422557 15.21999999999976
762 1.049901924740478 15.23999999999976
763 1.050007630784689 15.25999999999976
764 1.050128666089834 15.27999999999976
765 1.050227246146222 15.29999999999976
766 1.050340177175964 15.31999999999976
767 1.050475027384585 15.33999999999976
768 1.050605615956247 15.35999999999976
769 1.050725260370825 15.37999999999976
770 1.0508421114371 15.39999999999976
771 1.050973893724175 15.41999999999976
772 1.051107387361236 15.43999999999976
773 1.051258546162154 15.45999999999976
774 1.051408606646481 15.47999999999976
775 1.05155441528532 15.49999999999976
776 1.051707918864544 15.51999999999976
777 1.051854561422242 15.53999999999976
778 1.05201457224375 15.55999999999976
779 1.052185838673982 15.57999999999976
780 1.052359091224248 15.59999999999976
781 1.052544945377725 15.61999999999976
782 1.052736098494192 15.63999999999976
783 1.052923976772195 15.65999999999976
784 1.053114273417245 15.67999999999975
785 1.053315385642724 15.69999999999975
786 1.053512010333541 15.71999999999975
787 1.053732295599165 15.73999999999975
788 1.053946734746009 15.75999999999975
789 1.054194255580625 15.77999999999975
790 1.05445188526281 15.79999999999975
791 1.054713055277958 15.81999999999975
792 1.054956205365297 15.83999999999975
793 1.055218650896243 15.85999999999975
794 1.05549813115195 15.87999999999975
795 1.055790022299833 15.89999999999975
796 1.056103276651533 15.91999999999975
797 1.056430602573557 15.93999999999975
798 1.056763442933619 15.95999999999975
799 1.057114232139822 15.97999999999975
800 1.057435283348095 15.99999999999975
801 1.057770937757947 16.01999999999975
802 1.058126708286232 16.03999999999975
803 1.05847198637446 16.05999999999975
804 1.058837010206009 16.07999999999975
805 1.059207885131054 16.09999999999975
806 1.059597207375082 16.11999999999975
807 1.060000727919768 16.13999999999974
808 1.060420102462265 16.15999999999974
809 1.060840564081842 16.17999999999974
810 1.061294924818716 16.19999999999974
811 1.061773825104249 16.21999999999974
812 1.062237191602399 16.23999999999974
813 1.062703047389819 16.25999999999974
814 1.063177415827335 16.27999999999974
815 1.063660843752664 16.29999999999974
816 1.064140904299803 16.31999999999974
817 1.064634579778528 16.33999999999974
818 1.065132454551363 16.35999999999974
819 1.065645700276228 16.37999999999974
820 1.066163294257063 16.39999999999974
821 1.066660356723683 16.41999999999974
822 1.067170802119953 16.43999999999974
823 1.067707681456369 16.45999999999974
824 1.06822236673438 16.47999999999974
825 1.068774475025939 16.49999999999974
826 1.069326553698922 16.51999999999974
827 1.069892532628455 16.53999999999974
828 1.070460428054096 16.55999999999974
829 1.071042230960816 16.57999999999974
830 1.071637926693581 16.59999999999973
831 1.072230480579062 16.61999999999973
832 1.072829559462477 16.63999999999973
833 1.073435495335225 16.65999999999973
834 1.074044662264845 16.67999999999973
835 1.074654106965429 16.69999999999973
836 1.075272169815462 16.71999999999973
837 1.07591794408046 16.73999999999973
838 1.076560865141057 16.75999999999973
839 1.077202233114815 16.77999999999973
840 1.07784251903626 16.79999999999973
841 1.078456158640935 16.81999999999973
842 1.079091161382645 16.83999999999973
843 1.079741558130631 16.85999999999973
844 1.080392065885761 16.87999999999973
845 1.081034052126607 16.89999999999973
846 1.081684583759714 16.91999999999973
847 1.082321223921261 16.93999999999973
848 1.08296352421286 16.95999999999973
849 1.083615114861146 16.97999999999973
850 1.084274724766916 16.99999999999973
851 1.084937348059862 17.01999999999973
852 1.08559690428054 17.03999999999973
853 1.08625500359435 17.05999999999973
854 1.08690759693775 17.07999999999972
855 1.08754857201696 17.09999999999972
856 1.088200388400547 17.11999999999972
857 1.088856634448523 17.13999999999972
858 1.089498130173963 17.15999999999972
859 1.090123194099963 17.17999999999972
860 1.090760993507988 17.19999999999972
861 1.091393164658237 17.21999999999972
862 1.092012645461086 17.23999999999972
863 1.092607077586269 17.25999999999972
864 1.093221033791902 17.27999999999972
865 1.093799609889134 17.29999999999972
866 1.094370384868748 17.31999999999972
867 1.094958873180378 17.33999999999972
868 1.095534030160849 17.35999999999972
869 1.096083978433339 17.37999999999972
870 1.096628049455302 17.39999999999972
871 1.09716933483589 17.41999999999972
872 1.097714054886218 17.43999999999972
873 1.098236616923873 17.45999999999972
874 1.09872957375315 17.47999999999972
875 1.099209710104457 17.49999999999972
876 1.099660491327138 17.51999999999972
877 1.100129719077209 17.53999999999971
878 1.100580291842682 17.55999999999971
879 1.101016763232416 17.57999999999971
880 1.101443714471583 17.59999999999971
881 1.101843393242567 17.61999999999971
882 1.102267385349074 17.63999999999971
883 1.10265937989838 17.65999999999971
884 1.103082396053247 17.67999999999971
885 1.103458739399136 17.69999999999971
886 1.103854595817779 17.71999999999971
887 1.104232579367344 17.73999999999971
888 1.104582789316648 17.75999999999971
889 1.104915366890781 17.77999999999971
890 1.105269776597407 17.79999999999971
891 1.105597099817341 17.81999999999971
892 1.105904805833398 17.83999999999971
893 1.106207978592587 17.85999999999971
894 1.106512122508173 17.87999999999971
895 1.1067824471202 17.89999999999971
896 1.107068900530622 17.91999999999971
897 1.107323645169681 17.93999999999971
898 1.107584305134224 17.95999999999971
899 1.107827775673711 17.97999999999971
900 1.108090946881668 17.99999999999971
901 1.10827401796364 18.0199999999997
902 1.108527124767158 18.0399999999997
903 1.108741274795988 18.0599999999997
904 1.108959936298186 18.0799999999997
905 1.10915702693094 18.0999999999997
906 1.109355414877153 18.1199999999997
907 1.109532832798756 18.1399999999997
908 1.109725870910514 18.1599999999997
909 1.10995837893499 18.1799999999997
910 1.110191486164623 18.1999999999997
911 1.110416937511693 18.2199999999997
912 1.110658101736884 18.2399999999997
913 1.110884020202757 18.2599999999997
914 1.111108872889853 18.2799999999997
915 1.111349095991813 18.2999999999997
916 1.111568721499362 18.3199999999997
917 1.111796111411044 18.3399999999997
918 1.112020512450484 18.3599999999997
919 1.112254551135846 18.3799999999997
920 1.112498187730969 18.3999999999997
921 1.112727968124831 18.4199999999997
922 1.112936701592182 18.4399999999997
923 1.113179542681331 18.4599999999997
924 1.1134056974841 18.47999999999969
925 1.113672442036188 18.49999999999969
926 1.113966608665788 18.51999999999969
927 1.114261167425129 18.53999999999969
928 1.114548834535172 18.55999999999969
929 1.114849619685078 18.57999999999969
930 1.115133368443129 18.59999999999969
931 1.11543598499406 18.61999999999969
932 1.115754455750209 18.63999999999969
933 1.116083291290064 18.65999999999969
934 1.116438034657134 18.67999999999969
935 1.116802649676121 18.69999999999969
936 1.117212267351232 18.71999999999969
937 1.117642785394529 18.73999999999969
938 1.118067832092405 18.75999999999969
939 1.118490768803355 18.77999999999969
940 1.118942683496481 18.79999999999969
941 1.11940236925335 18.81999999999969
942 1.119877915747309 18.83999999999969
943 1.120407540287354 18.85999999999969
944 1.120911151162908 18.87999999999969
945 1.121454937932706 18.89999999999969
946 1.122012752859324 18.91999999999969
947 1.122580972960379 18.93999999999969
948 1.12316336255893 18.95999999999968
949 1.123760129872858 18.97999999999968
950 1.12438339809498 18.99999999999968
951 1.125037785036468 19.01999999999968
952 1.125674285221767 19.03999999999968
953 1.126350265315336 19.05999999999968
954 1.127023799723811 19.07999999999968
955 1.127703726619638 19.09999999999968
956 1.128405034728583 19.11999999999968
957 1.12912743611536 19.13999999999968
958 1.129852991923716 19.15999999999968
959 1.130580256926792 19.17999999999968
960 1.131312487328158 19.19999999999968
961 1.132055798429744 19.21999999999968
962 1.13281894881193 19.23999999999968
963 1.133621819989311 19.25999999999968
964 1.134454544663577 19.27999999999968
965 1.135306026998334 19.29999999999968
966 1.136185035991397 19.31999999999968
967 1.137048821185146 19.33999999999968
968 1.137981523018671 19.35999999999968
969 1.138929310021904 19.37999999999968
970 1.139970868937947 19.39999999999968
971 1.140911372546159 19.41999999999967
972 1.141947560650807 19.43999999999967
973 1.142965298935892 19.45999999999967
974 1.143980098825464 19.47999999999967
975 1.144995976738994 19.49999999999967
976 1.146015554260179 19.51999999999967
977 1.147037740333163 19.53999999999967
978 1.148066261652379 19.55999999999967
979 1.149101099680957 19.57999999999967
980 1.150140680293803 19.59999999999967
981 1.151182361088769 19.61999999999967
982 1.152240854592502 19.63999999999967
983 1.153317303614132 19.65999999999967
984 1.154392810800529 19.67999999999967
985 1.155471357221658 19.69999999999967
986 1.156548786254509 19.71999999999967
987 1.157626112441376 19.73999999999967
988 1.158715945868299 19.75999999999967
989 1.159826954513312 19.77999999999967
990 1.160867109978289 19.79999999999967
991 1.161913210228181 19.81999999999967
992 1.162935786891211 19.83999999999967
993 1.163930137181336 19.85999999999967
994 1.164898836309465 19.87999999999967
995 1.165841557571095 19.89999999999966
996 1.166796625131003 19.91999999999966
997 1.167770299234702 19.93999999999966
998 1.168732747922748 19.95999999999966
999 1.169721992875833 19.97999999999966
1000 1.170726873570021 19.99999999999966
1001 1.171655995957736 20.01999999999966
1002 1.172556645084777 20.03999999999966
1003 1.173456582241128 20.05999999999966
1004 1.174352551705543 20.07999999999966
1005 1.175219799543624 20.09999999999966
1006 1.176057996827033 20.11999999999966
1007 1.176914958323194 20.13999999999966
1008 1.177765124794651 20.15999999999966
1009 1.178587693967321 20.17999999999966
1010 1.179373150418202 20.19999999999966
1011 1.180142496870362 20.21999999999966
1012 1.180845273052825 20.23999999999966
1013 1.181546991668159 20.25999999999966
1014 1.182189805221237 20.27999999999966
1015 1.182833292044396 20.29999999999966
1016 1.183462434738823 20.31999999999966
1017 1.184075857212317 20.33999999999966
1018 1.18466793831154 20.35999999999965
1019 1.185182455616675 20.37999999999965
1020 1.18572066423505 20.39999999999965
1021 1.18619613560404 20.41999999999965
1022 1.186676493980349 20.43999999999965
1023 1.187124301875194 20.45999999999965
1024 1.187582298433592 20.47999999999965
1025 1.1880077555822 20.49999999999965
1026 1.188384468530146 20.51999999999965
1027 1.18875354785458 20.53999999999965
1028 1.189089372210136 20.55999999999965
1029 1.189434188038482 20.57999999999965
1030 1.189753572604999 20.59999999999965
1031 1.189987434815081 20.61999999999965
1032 1.190254065148301 20.63999999999965
1033 1.190496010345189 20.65999999999965
1034 1.190694931679581 20.67999999999965
1035 1.190791158836737 20.69999999999965
1036 1.190892377612794 20.71999999999965
1037 1.190990831856789 20.73999999999965
1038 1.191097237311799 20.75999999999965
1039 1.191178987724983 20.77999999999965
1040 1.191209682867877 20.79999999999965
1041 1.191243842317288 20.81999999999965
1042 1.191262052228137 20.83999999999964
1043 1.191284178506025 20.85999999999964
1044 1.191243610456713 20.87999999999964
1045 1.191195922672204 20.89999999999964
1046 1.191113651659531 20.91999999999964
1047 1.191048335402765 20.93999999999964
1048 1.190944616402623 20.95999999999964
1049 1.190860988307578 20.97999999999964
1050 1.190784957647099 20.99999999999964
1051 1.190687325173081 21.01999999999964
1052 1.190551488412362 21.03999999999964
1053 1.190402708804817 21.05999999999964
1054 1.190234385784205 21.07999999999964
1055 1.19009000064597 21.09999999999964
1056 1.189937493268684 21.11999999999964
1057 1.189779971757673 21.13999999999964
1058 1.189608165306247 21.15999999999964
1059 1.189470324343516 21.17999999999964
1060 1.189323074272365 21.19999999999964
1061 1.189209731593893 21.21999999999964
1062 1.189061146736512 21.23999999999964
1063 1.188891819656353 21.25999999999964
1064 1.18872586530671 21.27999999999964
1065 1.188563217382562 21.29999999999963
1066 1.188416404829171 21.31999999999963
1067 1.188288248169347 21.33999999999963
1068 1.188197393026897 21.35999999999963
1069 1.188124216123724 21.37999999999963
1070 1.188073405745333 21.39999999999963
1071 1.188016892418582 21.41999999999963
1072 1.187982569884959 21.43999999999963
1073 1.187971106565465 21.45999999999963
1074 1.188016827389675 21.47999999999963
1075 1.188096008519773 21.49999999999963
1076 1.188159387730837 21.51999999999963
1077 1.188215913605826 21.53999999999963
1078 1.188291465125636 21.55999999999963
1079 1.188398043431953 21.57999999999963
1080 1.188475700111516 21.59999999999963
1081 1.188617268324535 21.61999999999963
1082 1.188813522374898 21.63999999999963
1083 1.188981368086188 21.65999999999963
1084 1.189262912714746 21.67999999999963
1085 1.189621522641195 21.69999999999963
1086 1.1899150168737 21.71999999999963
1087 1.190217366362925 21.73999999999963
1088 1.190530741246813 21.75999999999962
1089 1.190863224794389 21.77999999999962
1090 1.191208668794783 21.79999999999962
1091 1.191618872700324 21.81999999999962
1092 1.192101316848702 21.83999999999962
1093 1.192591550864322 21.85999999999962
1094 1.193111415697966 21.87999999999962
1095 1.193651814608117 21.89999999999962
1096 1.194189487029022 21.91999999999962
1097 1.194667729532496 21.93999999999962
1098 1.195315064276381 21.95999999999962
1099 1.19598705870785 21.97999999999962
1100 1.196706065509491 21.99999999999962
1101 1.1974620717749 22.01999999999962
1102 1.198247434439505 22.03999999999962
1103 1.199010190947068 22.05999999999962
1104 1.199835523474374 22.07999999999962
1105 1.200630130954534 22.09999999999962
1106 1.201435723643266 22.11999999999962
1107 1.202267356505058 22.13999999999962
1108 1.203157414838722 22.15999999999962
1109 1.204096070735108 22.17999999999962
1110 1.20502327949731 22.19999999999962
1111 1.205969318210739 22.21999999999962
1112 1.206965374938391 22.23999999999961
1113 1.207976533069322 22.25999999999961
1114 1.208999730296222 22.27999999999961
1115 1.210005558419479 22.29999999999961
1116 1.21102359372174 22.31999999999961
1117 1.212066132184512 22.33999999999961
1118 1.213185211772343 22.35999999999961
1119 1.214205393840329 22.37999999999961
1120 1.215277877700252 22.39999999999961
1121 1.216356431024252 22.41999999999961
1122 1.217456150196458 22.43999999999961
1123 1.21852823291858 22.45999999999961
1124 1.219616914342332 22.47999999999961
1125 1.22066155991238 22.49999999999961
1126 1.221657222606027 22.51999999999961
1127 1.222669419384478 22.53999999999961
1128 1.223681297041529 22.55999999999961
1129 1.224698591736363 22.57999999999961
1130 1.225724625208054 22.59999999999961
1131 1.22675381869228 22.61999999999961
1132 1.227748981087175 22.63999999999961
1133 1.228733158490093 22.65999999999961
1134 1.229699661940064 22.67999999999961
1135 1.230662053020093 22.6999999999996
1136 1.231567099746526 22.7199999999996
1137 1.232473196500182 22.7399999999996
1138 1.233389106444543 22.7599999999996
1139 1.234263878549716 22.7799999999996
1140 1.235063551806307 22.7999999999996
1141 1.235890108758569 22.8199999999996
1142 1.236660634973989 22.8399999999996
1143 1.237357320037445 22.8599999999996
1144 1.237981436565484 22.8799999999996
1145 1.238468195461263 22.8999999999996
1146 1.239015590995951 22.9199999999996
1147 1.239577177141167 22.9399999999996
1148 1.240150239590478 22.9599999999996
1149 1.240758220060347 22.9799999999996
1150 1.241297929767487 22.9999999999996
1151 1.241818078319092 23.0199999999996
1152 1.242270372804154 23.0399999999996
1153 1.242686549833045 23.0599999999996
1154 1.243037172163817 23.0799999999996
1155 1.243340617521953 23.0999999999996
1156 1.243637695305814 23.1199999999996
1157 1.243881984208995 23.1399999999996
1158 1.244032085330887 23.1599999999996
1159 1.244121181133962 23.17999999999959
1160 1.244202545503105 23.19999999999959
1161 1.244245703339208 23.21999999999959
1162 1.244253351511416 23.23999999999959
1163 1.244205321795753 23.25999999999959
1164 1.244195996066841 23.27999999999959
1165 1.244155605487259 23.29999999999959
1166 1.244045416901363 23.31999999999959
1167 1.243914467082667 23.33999999999959
1168 1.243762488986308 23.35999999999959
1169 1.243572344138659 23.37999999999959
1170 1.243363789942483 23.39999999999959
1171 1.24313105167051 23.41999999999959
1172 1.242853757550713 23.43999999999959
1173 1.24254064576618 23.45999999999959
1174 1.242220095812525 23.47999999999959
1175 1.241847325304417 23.49999999999959
1176 1.241428552376554 23.51999999999959
1177 1.240995380193465 23.53999999999959
1178 1.240549129177803 23.55999999999959
1179 1.240053967141974 23.57999999999959
1180 1.239533820807341 23.59999999999959
1181 1.239014619643731 23.61999999999959
1182 1.238481923103283 23.63999999999958
1183 1.237958199032812 23.65999999999958
1184 1.237386202910588 23.67999999999958
1185 1.236799443404944 23.69999999999958
1186 1.236194202240739 23.71999999999958
1187 1.235581428198473 23.73999999999958
1188 1.234959473031488 23.75999999999958
1189 1.234360683298791 23.77999999999958
1190 1.233750186533584 23.79999999999958
1191 1.233128287176616 23.81999999999958
1192 1.232480998654104 23.83999999999958
1193 1.231854831081954 23.85999999999958
1194 1.231214356443607 23.87999999999958
1195 1.230620400687567 23.89999999999958
1196 1.230056251953259 23.91999999999958
1197 1.229452149349023 23.93999999999958
1198 1.228840481642956 23.95999999999958
1199 1.228216138249134 23.97999999999958
1200 1.227619528462573 23.99999999999958
1201 1.227011794418766 24.01999999999958
1202 1.226489824148421 24.03999999999958
1203 1.225994233908891 24.05999999999958
1204 1.225494296804586 24.07999999999958
1205 1.225022084903574 24.09999999999958
1206 1.22462358178619 24.11999999999957
1207 1.224234624851036 24.13999999999957
1208 1.223942930223302 24.15999999999957
1209 1.223590378782186 24.17999999999957
1210 1.223298997237404 24.19999999999957
1211 1.223055354938475 24.21999999999957
1212 1.222840252060497 24.23999999999957
1213 1.222650220730576 24.25999999999957
1214 1.222436743482422 24.27999999999957
1215 1.222276366926867 24.29999999999957
1216 1.222117623879972 24.31999999999957
1217 1.221992204402697 24.33999999999957
1218 1.221909776457081 24.35999999999957
1219 1.221842588772826 24.37999999999957
1220 1.221852471539232 24.39999999999957
1221 1.221932624551616 24.41999999999957
1222 1.222060082254964 24.43999999999957
1223 1.222229744871563 24.45999999999957
1224 1.222426626105475 24.47999999999957
1225 1.222608573065016 24.49999999999957
1226 1.222898245163542 24.51999999999957
1227 1.223265440788074 24.53999999999957
1228 1.22363817328213 24.55999999999957
1229 1.224042691848763 24.57999999999956
1230 1.224505726519401 24.59999999999956
1231 1.224933516595454 24.61999999999956
1232 1.225418668732564 24.63999999999956
1233 1.225927884899623 24.65999999999956
1234 1.226452376415342 24.67999999999956
1235 1.227049960067833 24.69999999999956
1236 1.227718336441104 24.71999999999956
1237 1.228463982515795 24.73999999999956
1238 1.229254513158095 24.75999999999956
1239 1.230075784467362 24.77999999999956
1240 1.230959478551475 24.79999999999956
1241 1.231817722572909 24.81999999999956
1242 1.232727878924462 24.83999999999956
1243 1.233656361130933 24.85999999999956
1244 1.234723646709171 24.87999999999956
1245 1.235727113622467 24.89999999999956
1246 1.236678742739947 24.91999999999956
1247 1.237679761550434 24.93999999999956
1248 1.238723843517527 24.95999999999956
1249 1.239929635869717 24.97999999999956
1250 1.241053900345361 24.99999999999956
1251 1.24217366180514 25.01999999999956
1252 1.243276683162075 25.03999999999956
1253 1.244358865263841 25.05999999999955
1254 1.245527607023083 25.07999999999955
1255 1.246726897692778 25.09999999999955
1256 1.247894234396113 25.11999999999955
1257 1.249066675368585 25.13999999999955
1258 1.250222216021255 25.15999999999955
1259 1.251270787250717 25.17999999999955
1260 1.252377258390786 25.19999999999955
1261 1.253450076894408 25.21999999999955
1262 1.25454616130469 25.23999999999955
1263 1.255654909962902 25.25999999999955
1264 1.256786616540069 25.27999999999955
1265 1.257879535101765 25.29999999999955
1266 1.258930231389746 25.31999999999955
1267 1.259936631818516 25.33999999999955
1268 1.260918463129862 25.35999999999955
1269 1.261885555643454 25.37999999999955
1270 1.262852466480833 25.39999999999955
1271 1.263786343187774 25.41999999999955
1272 1.264651275351229 25.43999999999955
1273 1.265523880168725 25.45999999999955
1274 1.266328837542843 25.47999999999955
1275 1.267137934609703 25.49999999999955
1276 1.267917861833922 25.51999999999954
1277 1.268663007946381 25.53999999999954
1278 1.269356168383316 25.55999999999954
1279 1.270034454540321 25.57999999999954
1280 1.27063460695796 25.59999999999954
1281 1.271096216177766 25.61999999999954
1282 1.27150419748887 25.63999999999954
1283 1.271908675259246 25.65999999999954
1284 1.272326013288596 25.67999999999954
1285 1.272686989834883 25.69999999999954
1286 1.272974249379178 25.71999999999954
1287 1.273293298196001 25.73999999999954
1288 1.273574765096833 25.75999999999954
1289 1.273762651409487 25.77999999999954
1290 1.27389807826766 25.79999999999954
1291 1.274034210977248 25.81999999999954
1292 1.274063541667504 25.83999999999954
1293 1.274071207622667 25.85999999999954
1294 1.274031415379333 25.87999999999954
1295 1.273881432335328 25.89999999999954
1296 1.273704667587111 25.91999999999954
1297 1.273495327898323 25.93999999999954
1298 1.273262484457226 25.95999999999954
1299 1.272976886307893 25.97999999999954
1300 1.272699656797195 25.99999999999953
1301 1.272367318011205 26.01999999999953
1302 1.271962705240135 26.03999999999953
1303 1.27150890330713 26.05999999999953
1304 1.271015494895509 26.07999999999953
1305 1.270532916071851 26.09999999999953
1306 1.26999205098562 26.11999999999953
1307 1.269379177827075 26.13999999999953
1308 1.268753275685846 26.15999999999953
1309 1.268093664223958 26.17999999999953
1310 1.267373236443625 26.19999999999953
1311 1.266662570964697 26.21999999999953
1312 1.265950419048368 26.23999999999953
1313 1.265244688688231 26.25999999999953
1314 1.264545642617634 26.27999999999953
1315 1.263777360480509 26.29999999999953
1316 1.263018741681301 26.31999999999953
1317 1.262207250027161 26.33999999999953
1318 1.261375351808536 26.35999999999953
1319 1.260542104168122 26.37999999999953
1320 1.259692526753029 26.39999999999953
1321 1.258845926464362 26.41999999999953
1322 1.258013293003309 26.43999999999953
1323 1.257156654798041 26.45999999999952
1324 1.256303188439947 26.47999999999952
1325 1.255386235919554 26.49999999999952
1326 1.254489522214056 26.51999999999952
1327 1.253622852295927 26.53999999999952
1328 1.252749106784683 26.55999999999952
1329 1.251888111985986 26.57999999999952
1330 1.251021980845449 26.59999999999952
1331 1.25015832145608 26.61999999999952
1332 1.249381333654277 26.63999999999952
1333 1.248621947037164 26.65999999999952
1334 1.247872547286277 26.67999999999952
1335 1.24717692103855 26.69999999999952
1336 1.246497237329501 26.71999999999952
1337 1.245835811267852 26.73999999999952
1338 1.245187731666333 26.75999999999952
1339 1.2445888128356 26.77999999999952
1340 1.244068420336653 26.79999999999952
1341 1.243584044930681 26.81999999999952
1342 1.243090790628957 26.83999999999952
1343 1.242643696067726 26.85999999999952
1344 1.242278611915289 26.87999999999952
1345 1.241957969276924 26.89999999999952
1346 1.241661938930318 26.91999999999951
1347 1.241446090217701 26.93999999999951
1348 1.241169073785104 26.95999999999951
1349 1.240928026844381 26.97999999999951
1350 1.240772512987141 26.99999999999951
1351 1.240632807073184 27.01999999999951
1352 1.240546981360486 27.03999999999951
1353 1.240510038500086 27.05999999999951
1354 1.240565395364987 27.07999999999951
1355 1.240645084313688 27.09999999999951
1356 1.240815521730073 27.11999999999951
1357 1.241016709722675 27.13999999999951
1358 1.241267505848479 27.15999999999951
1359 1.241597249792337 27.17999999999951
1360 1.242001904897942 27.19999999999951
1361 1.242385664424649 27.21999999999951
1362 1.242882891728733 27.23999999999951
1363 1.243388677337905 27.25999999999951
1364 1.243959387223083 27.27999999999951
1365 1.244571253231016 27.29999999999951
1366 1.245291960797532 27.31999999999951
1367 1.246079167204001 27.33999999999951
1368 1.246847819967678 27.35999999999951
1369 1.247625680592662 27.37999999999951
1370 1.248476339440472 27.3999999999995
1371 1.249409023806985 27.4199999999995
1372 1.250413727597045 27.4399999999995
1373 1.251486222586832 27.4599999999995
1374 1.252604508663352 27.4799999999995
1375 1.253739256746919 27.4999999999995
1376 1.254729833692924 27.5199999999995
1377 1.255801900265833 27.5399999999995
1378 1.256955250355099 27.5599999999995
1379 1.258098008302983 27.5799999999995
1380 1.259260712253458 27.5999999999995
1381 1.260415654500936 27.6199999999995
1382 1.261566003123231 27.6399999999995
1383 1.262732835842964 27.6599999999995
1384 1.263923795267824 27.6799999999995
1385 1.265156746907256 27.6999999999995
1386 1.266479101611997 27.7199999999995
1387 1.267859071417942 27.7399999999995
1388 1.269272380362972 27.7599999999995
1389 1.270586899827439 27.7799999999995
1390 1.271910424457237 27.7999999999995
1391 1.273219378316774 27.8199999999995
1392 1.274510513428959 27.8399999999995
1393 1.275830535369186 27.85999999999949
1394 1.27718559370262 27.87999999999949
1395 1.278465377938662 27.89999999999949
1396 1.279703122849812 27.91999999999949
1397 1.280858119688453 27.93999999999949
1398 1.281997931004341 27.95999999999949
1399 1.283123404626922 27.97999999999949
1400 1.284266840769523 27.99999999999949
1401 1.285437233947865 28.01999999999949
1402 1.286558726301056 28.03999999999949
1403 1.287629274688931 28.05999999999949
1404 1.288696793728164 28.07999999999949
1405 1.289734624569825 28.09999999999949
1406 1.290754312335716 28.11999999999949
1407 1.291691541132189 28.13999999999949
1408 1.292571680517982 28.15999999999949
1409 1.293400182271313 28.17999999999949
1410 1.294199963136816 28.19999999999949
1411 1.294864837686141 28.21999999999949
1412 1.295453679847563 28.23999999999949
1413 1.296053775417486 28.25999999999949
1414 1.29664530284442 28.27999999999949
1415 1.297256864928999 28.29999999999949
1416 1.297757991606522 28.31999999999949
1417 1.298256079006428 28.33999999999948
1418 1.298707990431648 28.35999999999948
1419 1.299052941083354 28.37999999999948
1420 1.299350158416678 28.39999999999948
1421 1.299600343779929 28.41999999999948
1422 1.299809287852294 28.43999999999948
1423 1.299877161137835 28.45999999999948
1424 1.299833487405154 28.47999999999948
1425 1.299876823652256 28.49999999999948
1426 1.299839296836341 28.51999999999948
1427 1.299789558913452 28.53999999999948
1428 1.299738013342094 28.55999999999948
1429 1.299619377704575 28.57999999999948
1430 1.299432686888644 28.59999999999948
1431 1.299196558046989 28.61999999999948
1432 1.298885878108134 28.63999999999948
1433 1.298462868081576 28.65999999999948
1434 1.298034884977147 28.67999999999948
1435 1.297541689001708 28.69999999999948
1436 1.296946632456204 28.71999999999948
1437 1.296306218313849 28.73999999999948
1438 1.295674948104613 28.75999999999948
1439 1.294959450409052 28.77999999999948
1440 1.294272098471038 28.79999999999947
1441 1.293564294222677 28.81999999999947
1442 1.29279628568379 28.83999999999947
1443 1.291939657586137 28.85999999999947
1444 1.291072969156802 28.87999999999947
1445 1.290170018866251 28.89999999999947
1446 1.289292934364583 28.91999999999947
1447 1.288327998176477 28.93999999999947
1448 1.287338598943447 28.95999999999947
1449 1.286334548894878 28.97999999999947
1450 1.285300745679547 28.99999999999947
1451 1.284253418972052 29.01999999999947
1452 1.283226413331664 29.03999999999947
1453 1.282212940853356 29.05999999999947
1454 1.281143050004545 29.07999999999947
1455 1.280081597780224 29.09999999999947
1456 1.279004133276921 29.11999999999947
1457 1.277927656599683 29.13999999999947
1458 1.276858810614388 29.15999999999947
1459 1.275793035944163 29.17999999999947
1460 1.274676340628332 29.19999999999947
1461 1.273574008993108 29.21999999999947
1462 1.272509670197756 29.23999999999947
1463 1.271492801590068 29.25999999999947
1464 1.270491237865063 29.27999999999946
1465 1.269474742976479 29.29999999999946
1466 1.268455338895419 29.31999999999946
1467 1.267457791657591 29.33999999999946
1468 1.266496584392739 29.35999999999946
1469 1.2655747788328 29.37999999999946
1470 1.264662989490514 29.39999999999946
1471 1.263818477742772 29.41999999999946
1472 1.263050199908987 29.43999999999946
1473 1.262274498143093 29.45999999999946
1474 1.261536859789504 29.47999999999946
1475 1.26085883203716 29.49999999999946
1476 1.260196455817976 29.51999999999946
1477 1.259556975379575 29.53999999999946
1478 1.258992845933001 29.55999999999946
1479 1.258531414261838 29.57999999999946
1480 1.258116740041903 29.59999999999946
1481 1.257761843769156 29.61999999999946
1482 1.257473333708372 29.63999999999946
1483 1.257187017769068 29.65999999999946
1484 1.256986239413358 29.67999999999946
1485 1.25690315528744 29.69999999999946
1486 1.256855914926682 29.71999999999946
1487 1.25681603473225 29.73999999999945
1488 1.256789897691236 29.75999999999945
1489 1.256847900400664 29.77999999999945
1490 1.256978830744296 29.79999999999945
1491 1.257124545213615 29.81999999999945
1492 1.257341569533499 29.83999999999945
1493 1.257628466021025 29.85999999999945
1494 1.257991641001663 29.87999999999945
1495 1.258364869387018 29.89999999999945
1496 1.258753625267829 29.91999999999945
1497 1.259196442775149 29.93999999999945
1498 1.2597490452489 29.95999999999945
1499 1.260418594930019 29.97999999999945
1500 1.261173049879845 29.99999999999945
1501 1.262031964015773 30.01999999999945
1502 1.262923446009399 30.03999999999945
1503 1.263912323782101 30.05999999999945
1504 1.264917107041312 30.07999999999945
1505 1.265909923958386 30.09999999999945
1506 1.267014255499779 30.11999999999945
1507 1.26815026872858 30.13999999999945
1508 1.269308460848116 30.15999999999945
1509 1.270476071371084 30.17999999999945
1510 1.27172509023666 30.19999999999945
1511 1.273042976991654 30.21999999999944
1512 1.274343747445766 30.23999999999944
1513 1.275625705967199 30.25999999999944
1514 1.276882506341021 30.27999999999944
1515 1.278319011342235 30.29999999999944
1516 1.279741903698785 30.31999999999944
1517 1.281193063522573 30.33999999999944
1518 1.282656277915962 30.35999999999944
1519 1.284078750774941 30.37999999999944
1520 1.285587121524465 30.39999999999944
1521 1.287082603722262 30.41999999999944
1522 1.288508857809427 30.43999999999944
1523 1.289904534541786 30.45999999999944
1524 1.291446227443317 30.47999999999944
1525 1.292940080252151 30.49999999999944
1526 1.29445378218012 30.51999999999944
1527 1.295976670830591 30.53999999999944
1528 1.297472141506455 30.55999999999944
1529 1.298860328567749 30.57999999999944
1530 1.300289985014645 30.59999999999944
1531 1.301719005281464 30.61999999999944
1532 1.303045542493133 30.63999999999944
1533 1.304315260755029 30.65999999999944
1534 1.305529911288109 30.67999999999943
1535 1.306718633066681 30.69999999999943
1536 1.307763216732541 30.71999999999943
1537 1.308894162293334 30.73999999999943
1538 1.309988398243406 30.75999999999943
1539 1.311016994259711 30.77999999999943
1540 1.312000684545758 30.79999999999943
1541 1.312955043509021 30.81999999999943
1542 1.313827683362811 30.83999999999943
1543 1.314667085057885 30.85999999999943
1544 1.315462530124468 30.87999999999943
1545 1.316168360208584 30.89999999999943
1546 1.316809749837402 30.91999999999943
1547 1.31742720510127 30.93999999999943
1548 1.31795151114034 30.95999999999943
1549 1.318428933635654 30.97999999999943
1550 1.31884581244374 30.99999999999943
1551 1.319205457934443 31.01999999999943
1552 1.319454584279672 31.03999999999943
1553 1.319643055038129 31.05999999999943
1554 1.319813199446341 31.07999999999943
1555 1.319901798727679 31.09999999999943
1556 1.31990275868909 31.11999999999943
1557 1.319809143575278 31.13999999999943
1558 1.31972035006253 31.15999999999942
1559 1.31953187027709 31.17999999999942
1560 1.319254546923863 31.19999999999942
1561 1.318917118778837 31.21999999999942
1562 1.318569370482421 31.23999999999942
1563 1.318105849346127 31.25999999999942
1564 1.317636836848687 31.27999999999942
1565 1.317024719031274 31.29999999999942
1566 1.316390249669789 31.31999999999942
1567 1.315763994531137 31.33999999999942
1568 1.315067072701919 31.35999999999942
1569 1.31437318496015 31.37999999999942
1570 1.313625528180979 31.39999999999942
1571 1.312827359122704 31.41999999999942
1572 1.311910501698201 31.43999999999942
1573 1.310949683577631 31.45999999999942
1574 1.309906328644752 31.47999999999942
1575 1.30881395912404 31.49999999999942
1576 1.307707372388241 31.51999999999942
1577 1.306568938393321 31.53999999999942
1578 1.305362888762762 31.55999999999942
1579 1.304138665155229 31.57999999999942
1580 1.302861596252086 31.59999999999942
1581 1.301565124361305 31.61999999999941
1582 1.300298869326328 31.63999999999941
1583 1.299023000870879 31.65999999999941
1584 1.2977633669244 31.67999999999941
1585 1.296531241654562 31.69999999999941
1586 1.295273296552989 31.71999999999941
1587 1.294007300947684 31.73999999999941
1588 1.292708726000851 31.75999999999941
1589 1.2913594176955 31.77999999999941
1590 1.289986810051322 31.79999999999941
1591 1.288613980415224 31.81999999999941
1592 1.287268523294927 31.83999999999941
1593 1.285955170543285 31.85999999999941
1594 1.284634497602155 31.87999999999941
1595 1.283383907452547 31.89999999999941
1596 1.282104125745617 31.91999999999941
1597 1.280862267008161 31.93999999999941
1598 1.279632608112003 31.95999999999941
1599 1.278469518329452 31.97999999999941
1600 1.277350842512482 31.99999999999941
1601 1.2762293494417 32.01999999999941
1602 1.275185006326107 32.03999999999941
1603 1.274167019873216 32.05999999999941
1604 1.273265242374736 32.07999999999942
1605 1.272379763159299 32.09999999999942
1606 1.271548196851367 32.11999999999942
1607 1.270727714307977 32.13999999999943
1608 1.269939034920175 32.15999999999943
1609 1.269226264522275 32.17999999999943
1610 1.268556289145398 32.19999999999943
1611 1.267992884690508 32.21999999999944
1612 1.267490378565292 32.23999999999944
1613 1.267018051724263 32.25999999999944
1614 1.266662721475137 32.27999999999945
1615 1.266423496081125 32.29999999999945
1616 1.266243030035377 32.31999999999945
1617 1.266100272002766 32.33999999999946
1618 1.266017497022829 32.35999999999946
1619 1.266050174440734 32.37999999999946
1620 1.266150350368075 32.39999999999947
1621 1.266318440567509 32.41999999999947
1622 1.266591390223668 32.43999999999947
1623 1.26683115971163 32.45999999999948
1624 1.267218262452711 32.47999999999948
1625 1.26765709544288 32.49999999999948
1626 1.268109768449768 32.51999999999948
1627 1.268630766847038 32.53999999999949
1628 1.269146260266181 32.55999999999949
1629 1.269700896344279 32.57999999999949
1630 1.270330474486134 32.5999999999995
1631 1.271020983267753 32.6199999999995
1632 1.271791611761526 32.6399999999995
1633 1.272646832561788 32.65999999999951
1634 1.27359388425505 32.67999999999951
1635 1.274629495679048 32.69999999999951
1636 1.275779738154073 32.71999999999952
1637 1.277006520678412 32.73999999999952
1638 1.278246095818496 32.75999999999952
1639 1.279455254012526 32.77999999999953
1640 1.280592312910824 32.79999999999953
1641 1.282032512490861 32.81999999999953
1642 1.283340915437482 32.83999999999953
1643 1.284769689341946 32.85999999999954
1644 1.286176183900568 32.87999999999954
1645 1.287621394196455 32.89999999999954
1646 1.289093950694064 32.91999999999955
1647 1.290506018401569 32.93999999999955
1648 1.291961767595327 32.95999999999955
1649 1.293348381739666 32.97999999999956
1650 1.294779806872253 32.99999999999956
1651 1.29621208836866 33.01999999999956
1652 1.297666732208144 33.03999999999957
1653 1.299217970721031 33.05999999999957
1654 1.300755007192332 33.07999999999957
1655 1.302254418812748 33.09999999999958
1656 1.303747847236389 33.11999999999958
1657 1.305188293942611 33.13999999999958
1658 1.30661038017685 33.15999999999958
1659 1.307993934998427 33.17999999999959
1660 1.309395107258327 33.19999999999959
1661 1.310772113283993 33.21999999999959
1662 1.312186703077141 33.2399999999996
1663 1.313607563687566 33.2599999999996
1664 1.314911095068024 33.2799999999996
1665 1.31612706875897 33.29999999999961
1666 1.317290166027285 33.31999999999961
1667 1.318377855714996 33.33999999999961
1668 1.319480994143488 33.35999999999962
1669 1.320619381405643 33.37999999999962
1670 1.321672895255864 33.39999999999962
1671 1.322604888632567 33.41999999999963
1672 1.323519213360339 33.43999999999963
1673 1.324414733360923 33.45999999999963
1674 1.32526956940067 33.47999999999963
1675 1.32609035804477 33.49999999999964
1676 1.326852987013939 33.51999999999964
1677 1.327456049202279 33.53999999999964
1678 1.32794467826788 33.55999999999965
1679 1.32842703809529 33.57999999999965
1680 1.328820591920596 33.59999999999965
1681 1.329205384664003 33.61999999999966
1682 1.32954173835655 33.63999999999966
1683 1.329803956811846 33.65999999999966
1684 1.330024339474763 33.67999999999967
1685 1.330122325280597 33.69999999999967
1686 1.330222081930763 33.71999999999967
1687 1.330327144654448 33.73999999999968
1688 1.330285162063794 33.75999999999968
1689 1.330226527702745 33.77999999999968
1690 1.330127465652714 33.79999999999968
1691 1.329855717129119 33.81999999999969
1692 1.329568391052905 33.83999999999969
1693 1.329219122040867 33.85999999999969
1694 1.328899623393451 33.8799999999997
1695 1.328517300137986 33.8999999999997
1696 1.328045051962794 33.9199999999997
1697 1.327567745572223 33.93999999999971
1698 1.32702618419004 33.95999999999971
1699 1.32635488155221 33.97999999999971
1700 1.325545236330275 33.99999999999972
1701 1.324663411105433 34.01999999999972
1702 1.323731267299074 34.03999999999972
1703 1.322815464994504 34.05999999999973
1704 1.321845239754583 34.07999999999973
1705 1.320897987214992 34.09999999999973
1706 1.319877604411756 34.11999999999973
1707 1.31880715605226 34.13999999999974
1708 1.317621505859766 34.15999999999974
1709 1.316425573628486 34.17999999999974
1710 1.315182330962223 34.19999999999975
1711 1.314020546761857 34.21999999999975
1712 1.312869312837509 34.23999999999975
1713 1.311608069347631 34.25999999999976
1714 1.310298686560788 34.27999999999976
1715 1.309000011273055 34.29999999999976
1716 1.307651553420395 34.31999999999977
1717 1.306319312154397 34.33999999999977
1718 1.304988144213979 34.35999999999977
1719 1.303629768867129 34.37999999999978
1720 1.302228654978832 34.39999999999978
1721 1.30089785758566 34.41999999999978
1722 1.299521013221486 34.43999999999978
1723 1.298131231668546 34.45999999999979
1724 1.296788323893876 34.47999999999979
1725 1.295445518624598 34.49999999999979
1726 1.294102365367446 34.5199999999998
1727 1.292773367551232 34.5399999999998
1728 1.291458443574689 34.5599999999998
1729 1.290160052854749 34.57999999999981
1730 1.288886597075559 34.59999999999981
1731 1.287599291604578 34.61999999999981
1732 1.286388052673047 34.63999999999982
1733 1.285249347437979 34.65999999999982
1734 1.284120702503276 34.67999999999982
1735 1.283011913516464 34.69999999999983
1736 1.281979682683426 34.71999999999983
1737 1.281017592618126 34.73999999999983
1738 1.280112233878166 34.75999999999983
1739 1.27922914485021 34.77999999999984
1740 1.278413555074346 34.79999999999984
1741 1.277615510036153 34.81999999999984
1742 1.276840424618089 34.83999999999985
1743 1.276153602227152 34.85999999999985
1744 1.275524217382 34.87999999999985
1745 1.274988316593054 34.89999999999986
1746 1.274506515275531 34.91999999999986
1747 1.274175818629851 34.93999999999986
1748 1.273902789120727 34.95999999999987
1749 1.273686807631963 34.97999999999987
1750 1.273538373654566 34.99999999999987
1751 1.273437971736427 35.01999999999988
1752 1.273384787703753 35.03999999999988
1753 1.273501539212657 35.05999999999988
1754 1.273658872730106 35.07999999999988
1755 1.273812739053672 35.09999999999989
1756 1.274054779221471 35.11999999999989
1757 1.274350610648681 35.13999999999989
1758 1.274696938443101 35.1599999999999
1759 1.275072253117457 35.1799999999999
1760 1.275542999604135 35.1999999999999
1761 1.276080334368435 35.21999999999991
1762 1.276591754809357 35.23999999999991
1763 1.277192753088172 35.25999999999991
1764 1.277822100208694 35.27999999999992
1765 1.278571460368841 35.29999999999992
1766 1.279493450415166 35.31999999999992
1767 1.280542029466427 35.33999999999993
1768 1.281590805148113 35.35999999999993
1769 1.282747903973419 35.37999999999993
1770 1.283903765015698 35.39999999999993
1771 1.285070326171158 35.41999999999994
1772 1.286347399261256 35.43999999999994
1773 1.287685327405763 35.45999999999994
1774 1.289087299385284 35.47999999999995
1775 1.290447660209271 35.49999999999995
1776 1.291962922319714 35.51999999999995
1777 1.29345409305991 35.53999999999996
1778 1.294924560006909 35.55999999999996
1779 1.296421579670342 35.57999999999996
1780 1.297911336664229 35.59999999999997
1781 1.299445293638297 35.61999999999997
1782 1.301037060225683 35.63999999999997
1783 1.302608668047737 35.65999999999998
1784 1.304133037924614 35.67999999999998
1785 1.30569985199952 35.69999999999998
1786 1.307250234974506 35.71999999999998
1787 1.308748065863004 35.73999999999999
1788 1.310290068542802 35.75999999999999
1789 1.311869738429333 35.77999999999999
1790 1.313430380531364 35.8
1791 1.315003371768116 35.82
1792 1.316608538644732 35.84
1793 1.318132145252382 35.86000000000001
1794 1.319595581596998 35.88000000000001
1795 1.321014678314109 35.90000000000001
1796 1.322426903249073 35.92000000000002
1797 1.323869358616402 35.94000000000002
1798 1.325213801499962 35.96000000000002
1799 1.326543566714214 35.98000000000003
1800 1.327855525627335 36.00000000000003
1801 1.329032495459364 36.02000000000003
1802 1.330106791397106 36.04000000000003
1803 1.331124476940746 36.06000000000004
1804 1.33206722159815 36.08000000000004
1805 1.332908211902929 36.10000000000004
1806 1.333784776631304 36.12000000000005
1807 1.334619443727161 36.14000000000005
1808 1.335382313425407 36.16000000000005
1809 1.336072505066906 36.18000000000006
1810 1.336708554165279 36.20000000000006
1811 1.337307498959172 36.22000000000006
1812 1.33780227811852 36.24000000000007
1813 1.338212844806158 36.26000000000007
1814 1.338594582440547 36.28000000000007
1815 1.338917835576519 36.30000000000008
1816 1.339066202783491 36.32000000000008
1817 1.339093343322109 36.34000000000008
1818 1.33907836537297 36.36000000000008
1819 1.339064673137946 36.38000000000009
1820 1.33898714819816 36.40000000000009
1821 1.338833654550609 36.42000000000009
1822 1.338613294537927 36.4400000000001
1823 1.338395651110931 36.4600000000001
1824 1.338066338862197 36.4800000000001
1825 1.337555955883659 36.50000000000011
1826 1.337041215668563 36.52000000000011
1827 1.336444519756496 36.54000000000011
1828 1.335788297837952 36.56000000000012
1829 1.335036694156921 36.58000000000012
1830 1.334225334556783 36.60000000000012
1831 1.333349395968005 36.62000000000013
1832 1.332498761838917 36.64000000000013
1833 1.331596936196274 36.66000000000013
1834 1.330645583953478 36.68000000000013
1835 1.329634193325921 36.70000000000014
1836 1.328605730330723 36.72000000000014
1837 1.32745313629146 36.74000000000014
1838 1.326247269725948 36.76000000000015
1839 1.32494181118437 36.78000000000015
1840 1.323650653708815 36.80000000000015
1841 1.32231898175698 36.82000000000016
1842 1.320982657152253 36.84000000000016
1843 1.319580090888933 36.86000000000016
1844 1.318139029527098 36.88000000000017
1845 1.316614155997219 36.90000000000017
1846 1.315080347927694 36.92000000000017
1847 1.313521570301184 36.94000000000018
1848 1.311948994671976 36.96000000000018
1849 1.310443305479596 36.98000000000018
1850 1.308973889653873 37.00000000000018
1851 1.307545760847061 37.02000000000019
1852 1.306107893864521 37.04000000000019
1853 1.30457440047328 37.06000000000019
1854 1.303053878539913 37.0800000000002
1855 1.301492024512495 37.1000000000002
1856 1.299936075742357 37.1200000000002
1857 1.298414060275879 37.14000000000021
1858 1.296917568809337 37.16000000000021
1859 1.295472172207355 37.18000000000021
1860 1.294041876372875 37.20000000000022
1861 1.292636038561162 37.22000000000022
1862 1.291273227892785 37.24000000000022
1863 1.289867583450719 37.26000000000023
1864 1.288578952789725 37.28000000000023
1865 1.287347777381701 37.30000000000023
1866 1.286128747012435 37.32000000000023
1867 1.284999891677697 37.34000000000024
1868 1.283875664413166 37.36000000000024
1869 1.282854524992338 37.38000000000024
1870 1.281925748819624 37.40000000000025
1871 1.281040083681104 37.42000000000025
1872 1.280145804507012 37.44000000000025
1873 1.279320672957321 37.46000000000026
1874 1.278561776806155 37.48000000000026
1875 1.277876974857227 37.50000000000026
1876 1.277269037031674 37.52000000000027
1877 1.276771702225563 37.54000000000027
1878 1.276370102655249 37.56000000000027
1879 1.276019257716265 37.58000000000028
1880 1.275786017466478 37.60000000000028
1881 1.275610717821825 37.62000000000028
1882 1.27551133840347 37.64000000000028
1883 1.275508850086244 37.66000000000029
1884 1.27564644956191 37.68000000000029
1885 1.275818541127547 37.70000000000029
1886 1.276106342646679 37.7200000000003
1887 1.276490800348938 37.7400000000003
1888 1.276877708283537 37.7600000000003
1889 1.277386545437732 37.78000000000031
1890 1.277915929411587 37.80000000000031
1891 1.278511499633865 37.82000000000031
1892 1.279211753972933 37.84000000000032
1893 1.27991577475974 37.86000000000032
1894 1.280600260926871 37.88000000000032
1895 1.281311657481746 37.90000000000033
1896 1.28210685885798 37.92000000000033
1897 1.282953935199755 37.94000000000033
1898 1.283961101670916 37.96000000000033
1899 1.285062358400706 37.98000000000034
1900 1.286264809520137 38.00000000000034
1901 1.28758931043562 38.02000000000034
1902 1.288991181032674 38.04000000000035
1903 1.290434076841617 38.06000000000035
1904 1.291751714691781 38.08000000000035
1905 1.292998293383824 38.10000000000036
1906 1.294393723642051 38.12000000000036
1907 1.295918705602281 38.14000000000036
1908 1.297421679329727 38.16000000000037
1909 1.299021969915959 38.18000000000037
1910 1.300593184693216 38.20000000000037
1911 1.302171805730453 38.22000000000038
1912 1.30367254516887 38.24000000000038
1913 1.305182053169408 38.26000000000038
1914 1.306678332999102 38.28000000000038
1915 1.308206038242306 38.30000000000039
1916 1.309791085231292 38.32000000000039
1917 1.311377355850482 38.34000000000039
1918 1.312982457846336 38.3600000000004
1919 1.314547338285881 38.3800000000004
1920 1.316109927597638 38.4000000000004
1921 1.31765060231799 38.42000000000041
1922 1.319086384077395 38.44000000000041
1923 1.320545487615048 38.46000000000041
1924 1.321934205750475 38.48000000000042
1925 1.323332027818898 38.50000000000042
1926 1.324801251032998 38.52000000000042
1927 1.326197891109029 38.54000000000043
1928 1.327533005574954 38.56000000000043
1929 1.328738736751639 38.58000000000043
1930 1.329896278923623 38.60000000000043
1931 1.331054734947143 38.62000000000044
1932 1.33213793765199 38.64000000000044
1933 1.333247706499558 38.66000000000044
1934 1.334289287843034 38.68000000000045
1935 1.335237634271385 38.70000000000045
1936 1.336142404444859 38.72000000000045
1937 1.33701255668529 38.74000000000046
1938 1.33780470206137 38.76000000000046
1939 1.338534797724293 38.78000000000046
1940 1.339193233586993 38.80000000000047
1941 1.339749517147904 38.82000000000047
1942 1.340206233658493 38.84000000000047
1943 1.340603705841396 38.86000000000048
1944 1.341056337484334 38.88000000000048
1945 1.341317696428735 38.90000000000048
1946 1.341598324248599 38.92000000000048
1947 1.341824803807022 38.94000000000049
1948 1.341914622619949 38.96000000000049
1949 1.341957618503905 38.98000000000049
1950 1.341924751476119 39.0000000000005
1951 1.341886342342337 39.0200000000005
1952 1.341831867930455 39.0400000000005
1953 1.341661201033675 39.06000000000051
1954 1.341427258458685 39.08000000000051
1955 1.341095551259863 39.10000000000051
1956 1.34070363011209 39.12000000000052
1957 1.340290006764761 39.14000000000052
1958 1.33983446164975 39.16000000000052
1959 1.339333978084096 39.18000000000053
1960 1.338739037725823 39.20000000000053
1961 1.338120750793373 39.22000000000053
1962 1.337470077788667 39.24000000000053
1963 1.336671072473106 39.26000000000054
1964 1.335758038306347 39.28000000000054
1965 1.334770011125874 39.30000000000054
1966 1.333734603291174 39.32000000000055
1967 1.332650480873617 39.34000000000055
1968 1.331531069568347 39.36000000000055
1969 1.330440643098477 39.38000000000056
1970 1.329311656655729 39.40000000000056
1971 1.328122941870024 39.42000000000056
1972 1.326841090250997 39.44000000000057
1973 1.325547186436469 39.46000000000057
1974 1.324192607494994 39.48000000000057
1975 1.322813544960139 39.50000000000058
1976 1.321437571126373 39.52000000000058
1977 1.320086713602307 39.54000000000058
1978 1.318678004296213 39.56000000000058
1979 1.317276177811093 39.58000000000059
1980 1.315806452007416 39.60000000000059
1981 1.314327845402991 39.62000000000059
1982 1.312910631646305 39.6400000000006
1983 1.311420713245729 39.6600000000006
1984 1.309905027881354 39.6800000000006
1985 1.308441386267979 39.70000000000061
1986 1.306993533163041 39.72000000000061
1987 1.305472027664339 39.74000000000061
1988 1.303980440097544 39.76000000000062
1989 1.302532180636098 39.78000000000062
1990 1.301080871977234 39.80000000000062
1991 1.2996583531945 39.82000000000063
1992 1.298286007081011 39.84000000000063
1993 1.296921331919172 39.86000000000063
1994 1.295571045951376 39.88000000000063
1995 1.294247289164059 39.90000000000064
1996 1.29291224425914 39.92000000000064
1997 1.291615448857648 39.94000000000064
1998 1.290433340104653 39.96000000000065
1999 1.289294269638454 39.98000000000065
2000 1.288196814944796 40.00000000000065
2001 1.287157195350949 40.02000000000066
2002 1.286184303130008 40.04000000000066
2003 1.285337806348961 40.06000000000066
2004 1.284539893476386 40.08000000000067
2005 1.283690970892079 40.10000000000067
2006 1.282863907401458 40.12000000000067
2007 1.282147582624125 40.14000000000068
2008 1.281466612515497 40.16000000000068
2009 1.280902769315495 40.18000000000068
2010 1.28043072907622 40.20000000000068
2011 1.280058679951683 40.22000000000069
2012 1.279811755126145 40.24000000000069
2013 1.279629173786069 40.26000000000069
2014 1.279476100255921 40.2800000000007
2015 1.279415766701941 40.3000000000007
2016 1.279364781290302 40.3200000000007
2017 1.279448017577829 40.34000000000071
2018 1.279682531490769 40.36000000000071
2019 1.279918950355657 40.38000000000071
2020 1.280174893634086 40.40000000000072
2021 1.280500146158746 40.42000000000072
2022 1.280887630203451 40.44000000000072
2023 1.281327380547649 40.46000000000073
2024 1.281858638740424 40.48000000000073
2025 1.282471147451544 40.50000000000073
2026 1.283119193101532 40.52000000000073
2027 1.283760656949943 40.54000000000074
2028 1.284480540656558 40.56000000000074
2029 1.285268986427996 40.58000000000074
2030 1.286194885134769 40.60000000000075
2031 1.287248976748872 40.62000000000075
2032 1.288423409836438 40.64000000000075
2033 1.289632632510653 40.66000000000076
2034 1.290868487359678 40.68000000000076
2035 1.292068363953211 40.70000000000076
2036 1.29342240805954 40.72000000000077
2037 1.294812462730652 40.74000000000077
2038 1.296263479122618 40.76000000000077
2039 1.297721822513236 40.78000000000078
2040 1.299321209630377 40.80000000000078
2041 1.300894922674647 40.82000000000078
2042 1.302457823234576 40.84000000000079
2043 1.304014722286395 40.86000000000079
2044 1.305543638200743 40.88000000000079
2045 1.307148441928659 40.90000000000079
2046 1.308825996695444 40.9200000000008
2047 1.31050879738481 40.9400000000008
2048 1.312044441097538 40.9600000000008
2049 1.313630619019144 40.98000000000081
2050 1.315203658142408 41.00000000000081
2051 1.316730510649483 41.02000000000081
2052 1.318332084049743 41.04000000000082
2053 1.319933418054291 41.06000000000082
2054 1.321533311431128 41.08000000000082
2055 1.32316989560748 41.10000000000083
2056 1.324750509639943 41.12000000000083
2057 1.326222019720465 41.14000000000083
2058 1.327695017047288 41.16000000000084
2059 1.329127981043401 41.18000000000084
2060 1.330586049418382 41.20000000000084
2061 1.332060325591947 41.22000000000084
2062 1.333413207746106 41.24000000000085
2063 1.334703151435819 41.26000000000085
2064 1.335998285623811 41.28000000000085
2065 1.337157787686604 41.30000000000086
2066 1.338282027062816 41.32000000000086
2067 1.339277550365121 41.34000000000086
2068 1.340156487155093 41.36000000000087
2069 1.341017472798172 41.38000000000087
2070 1.341845193870873 41.40000000000087
2071 1.342596631107784 41.42000000000088
2072 1.343325488555448 41.44000000000088
2073 1.343942756324888 41.46000000000088
2074 1.344514585053663 41.48000000000089
2075 1.34505530319928 41.50000000000089
2076 1.345484443854131 41.52000000000089
2077 1.345843896399047 41.54000000000089
2078 1.346177932678373 41.5600000000009
2079 1.346422987613435 41.5800000000009
2080 1.3464688899246 41.6000000000009
2081 1.346414638790089 41.62000000000091
2082 1.346360998924694 41.64000000000091
2083 1.346234635250144 41.66000000000091
2084 1.346026961115112 41.68000000000092
2085 1.345796092244952 41.70000000000092
2086 1.34554371002783 41.72000000000092
2087 1.345241200063882 41.74000000000093
2088 1.344780538709619 41.76000000000093
2089 1.344228228069638 41.78000000000093
2090 1.34358566712911 41.80000000000094
2091 1.34285830070178 41.82000000000094
2092 1.342077855829079 41.84000000000094
2093 1.341245585987612 41.86000000000094
2094 1.340323361567798 41.88000000000095
2095 1.339405402186879 41.90000000000095
2096 1.338421989232957 41.92000000000095
2097 1.337427648813151 41.94000000000096
2098 1.33640234252943 41.96000000000096
2099 1.335284850189815 41.98000000000096
2100 1.33412101466185 42.00000000000097
2101 1.332914649811414 42.02000000000097
2102 1.331563233325907 42.04000000000097
2103 1.330181484485012 42.06000000000098
2104 1.328796232212739 42.08000000000098
2105 1.32736877515736 42.10000000000098
2106 1.325936558215743 42.12000000000099
2107 1.324434425519319 42.14000000000099
2108 1.322873593866725 42.16000000000099
2109 1.321289176330305 42.18000000000099
2110 1.319660353008922 42.200000000001
2111 1.31799503025751 42.220000000001
2112 1.316350179631469 42.240000000001
2113 1.314747242605969 42.26000000000101
2114 1.313226472238996 42.28000000000101
2115 1.311724318527466 42.30000000000101
2116 1.310199402906055 42.32000000000102
2117 1.308595396014306 42.34000000000102
2118 1.306953915340556 42.36000000000102
2119 1.305331575466145 42.38000000000103
2120 1.303706431976177 42.40000000000103
2121 1.302135468685528 42.42000000000103
2122 1.300574703742926 42.44000000000104
2123 1.299061211470947 42.46000000000104
2124 1.297580968558285 42.48000000000104
2125 1.2961459999875 42.50000000000104
2126 1.294733261803499 42.52000000000105
2127 1.293335322693125 42.54000000000105
2128 1.291966811845669 42.56000000000105
2129 1.290708930766737 42.58000000000106
2130 1.289505767782218 42.60000000000106
2131 1.28834943123052 42.62000000000106
2132 1.28723014096395 42.64000000000107
2133 1.286195459492307 42.66000000000107
2134 1.285282006925818 42.68000000000107
2135 1.284362533213224 42.70000000000108
2136 1.28347352822294 42.72000000000108
2137 1.282653075072181 42.74000000000108
2138 1.281911134290681 42.76000000000109
2139 1.2812297889846 42.78000000000109
2140 1.280640258997231 42.80000000000109
2141 1.28017543066519 42.82000000000109
2142 1.279821728554087 42.8400000000011
2143 1.279530394739685 42.8600000000011
2144 1.279326925185058 42.8800000000011
2145 1.279180917112842 42.90000000000111
2146 1.279128685741948 42.92000000000111
2147 1.279185294364148 42.94000000000111
2148 1.27937446146745 42.96000000000112
2149 1.279627622193211 42.98000000000112
2150 1.279999794580644 43.00000000000112
2151 1.280447435166571 43.02000000000113
2152 1.280891461064399 43.04000000000113
2153 1.28146416016362 43.06000000000113
2154 1.282056399629164 43.08000000000114
2155 1.282726918215444 43.10000000000114
2156 1.283510809249231 43.12000000000114
2157 1.284283155126506 43.14000000000114
2158 1.284980756276544 43.16000000000115
2159 1.285794248230035 43.18000000000115
2160 1.286633184573614 43.20000000000115
2161 1.28756510497365 43.22000000000116
2162 1.28867474881436 43.24000000000116
2163 1.289850635866051 43.26000000000116
2164 1.291155006122473 43.28000000000117
2165 1.292576793657688 43.30000000000117
2166 1.294075540071606 43.32000000000117
2167 1.295544368839109 43.34000000000118
2168 1.296861389072522 43.36000000000118
2169 1.298144863994488 43.38000000000118
2170 1.299624983684679 43.40000000000119
2171 1.301193384185159 43.42000000000119
2172 1.302786449968273 43.44000000000119
2173 1.304432495754385 43.46000000000119
2174 1.306036951090836 43.4800000000012
2175 1.307657283504487 43.5000000000012
2176 1.309161121660577 43.5200000000012
2177 1.310678756682826 43.54000000000121
2178 1.312214438872838 43.56000000000121
2179 1.313862645793622 43.58000000000121
2180 1.315458805715234 43.60000000000122
2181 1.317085376724577 43.62000000000122
2182 1.318689608126968 43.64000000000122
2183 1.320264700255991 43.66000000000123
2184 1.321856387227199 43.68000000000123
2185 1.323362595180779 43.70000000000123
2186 1.324814025256571 43.72000000000124
2187 1.326226225195238 43.74000000000124
2188 1.327612732729363 43.76000000000124
2189 1.329096161908536 43.78000000000124
2190 1.330521995283152 43.80000000000125
2191 1.331870939792203 43.82000000000125
2192 1.333128798280358 43.84000000000125
2193 1.334292677969717 43.86000000000126
2194 1.335444300576594 43.88000000000126
2195 1.33657215872933 43.90000000000126
2196 1.33766692830383 43.92000000000127
2197 1.338731352350058 43.94000000000127
2198 1.339730410243732 43.96000000000127
2199 1.340635008164307 43.98000000000128
2200 1.341487276285251 44.00000000000128
2201 1.342296252408756 44.02000000000128
2202 1.343010834336033 44.04000000000129
2203 1.343645485580867 44.06000000000129
2204 1.344211305738585 44.08000000000129
2205 1.344697526298618 44.10000000000129
2206 1.345094321031142 44.1200000000013
2207 1.345511458039097 44.1400000000013
2208 1.345838605259301 44.1600000000013
2209 1.346047523136481 44.18000000000131
2210 1.346277574177854 44.20000000000131
2211 1.346411614109656 44.22000000000131
2212 1.346440745212189 44.24000000000132
2213 1.346363863811667 44.26000000000132
2214 1.346267450734712 44.28000000000132
2215 1.346192383542599 44.30000000000133
2216 1.346020625799534 44.32000000000133
2217 1.345782280682285 44.34000000000133
2218 1.345456158093018 44.36000000000134
2219 1.345003921676749 44.38000000000134
2220 1.344614225360788 44.40000000000134
2221 1.344110610814236 44.42000000000134
2222 1.343583208745252 44.44000000000135
2223 1.342957426604034 44.46000000000135
2224 1.342283403661921 44.48000000000135
2225 1.341599178907263 44.50000000000136
2226 1.340834323160745 44.52000000000136
2227 1.339916372949574 44.54000000000136
2228 1.33892083072583 44.56000000000137
2229 1.33785417189987 44.58000000000137
2230 1.336735107018244 44.60000000000137
2231 1.335565519471754 44.62000000000138
2232 1.334417656219959 44.64000000000138
2233 1.333254391422205 44.66000000000138
2234 1.332018697325415 44.68000000000139
2235 1.330722542103948 44.70000000000139
2236 1.329383894649502 44.72000000000139
2237 1.328009876963832 44.74000000000139
2238 1.326599234864257 44.7600000000014
2239 1.325170850118331 44.7800000000014
2240 1.323743226876643 44.8000000000014
2241 1.322277068782483 44.82000000000141
2242 1.320866896828352 44.84000000000141
2243 1.319368450396188 44.86000000000141
2244 1.317850280667591 44.88000000000142
2245 1.316356100949835 44.90000000000142
2246 1.314847635250668 44.92000000000142
2247 1.31329998736354 44.94000000000143
2248 1.311775643858471 44.96000000000143
2249 1.310267424763068 44.98000000000143
2250 1.308730075291424 45.00000000000144
2251 1.307176305640047 45.02000000000144
2252 1.305675015848494 45.04000000000144
2253 1.304175734455671 45.06000000000144
2254 1.30271182884529 45.08000000000145
2255 1.301284948272718 45.10000000000145
2256 1.299886816819691 45.12000000000145
2257 1.298516332366367 45.14000000000146
2258 1.297161236082313 45.16000000000146
2259 1.295815735104929 45.18000000000146
2260 1.2944851846489 45.20000000000147
2261 1.293193676082933 45.22000000000147
2262 1.29203486770856 45.24000000000147
2263 1.290919736446708 45.26000000000148
2264 1.28983654237265 45.28000000000148
2265 1.288821062201693 45.30000000000148
2266 1.287882988899794 45.32000000000149
2267 1.287097275112518 45.34000000000149
2268 1.286284728664502 45.36000000000149
2269 1.285434809046878 45.38000000000149
2270 1.284657361013323 45.4000000000015
2271 1.283974387712673 45.4200000000015
2272 1.283347437405168 45.4400000000015
2273 1.282832669082919 45.46000000000151
2274 1.282432188764355 45.48000000000151
2275 1.282128903234687 45.50000000000151
2276 1.281943811222732 45.52000000000152
2277 1.281802485853864 45.54000000000152
2278 1.281703572922945 45.56000000000152
2279 1.281666352610836 45.58000000000153
2280 1.281717341459941 45.60000000000153
2281 1.281864595754089 45.62000000000153
2282 1.282197877049037 45.64000000000154
2283 1.282426420389531 45.66000000000154
2284 1.282738009986921 45.68000000000154
2285 1.283123919225039 45.70000000000154
2286 1.283550840911422 45.72000000000155
2287 1.284096856884903 45.74000000000155
2288 1.284692856817473 45.76000000000155
2289 1.285388541465424 45.78000000000156
2290 1.286056183523716 45.80000000000156
2291 1.286793748261573 45.82000000000156
2292 1.287564186384303 45.84000000000157
2293 1.288470629098904 45.86000000000157
2294 1.289480712251412 45.88000000000157
2295 1.290650330925974 45.90000000000158
2296 1.29187803032602 45.92000000000158
2297 1.293131419295709 45.94000000000158
2298 1.294366726810171 45.96000000000159
2299 1.295682781898411 45.98000000000159
2300 1.297083379124194 46.00000000000159
2301 1.298555731279061 46.02000000000159
2302 1.300015873070747 46.0400000000016
2303 1.301610708505394 46.0600000000016
2304 1.303240394622479 46.0800000000016
2305 1.304824470081006 46.10000000000161
2306 1.306413244223204 46.12000000000161
2307 1.307957707161928 46.14000000000161
2308 1.309563953544062 46.16000000000162
2309 1.311234662864968 46.18000000000162
2310 1.312976321224939 46.20000000000162
2311 1.314564306166997 46.22000000000163
2312 1.316133264583475 46.24000000000163
2313 1.317734511394453 46.26000000000163
2314 1.319272152067982 46.28000000000164
2315 1.320867404992908 46.30000000000164
2316 1.322481150626104 46.32000000000164
2317 1.32409039594286 46.34000000000164
2318 1.325745792464638 46.36000000000165
2319 1.327339962821168 46.38000000000165
2320 1.328818919130506 46.40000000000165
2321 1.330294153680889 46.42000000000166
2322 1.331743752819674 46.44000000000166
2323 1.33318724036322 46.46000000000166
2324 1.334692241033656 46.48000000000167
2325 1.336072255278954 46.50000000000167
2326 1.337376906509906 46.52000000000167
2327 1.338661028577488 46.54000000000168
2328 1.339856544455838 46.56000000000168
2329 1.340998360674324 46.58000000000168
2330 1.34204669794716 46.60000000000169
2331 1.342916892525481 46.62000000000169
2332 1.343785055719683 46.64000000000169
2333 1.344623288491133 46.66000000000169
2334 1.345355234317103 46.6800000000017
2335 1.346083159277471 46.7000000000017
2336 1.346706814231691 46.7200000000017
2337 1.347260947295431 46.74000000000171
2338 1.347784201329697 46.76000000000171
2339 1.348231656182551 46.78000000000171
2340 1.348590174948596 46.80000000000172
2341 1.348912692343464 46.82000000000172
2342 1.34916547040282 46.84000000000172
2343 1.349235099749423 46.86000000000173
2344 1.349189323633071 46.88000000000173
2345 1.349093258443634 46.90000000000173
2346 1.348958624988199 46.92000000000174
2347 1.348749926514978 46.94000000000174
2348 1.348476180904042 46.96000000000174
2349 1.348207379783995 46.98000000000174
2350 1.347890096382727 47.00000000000175
2351 1.347443479603954 47.02000000000175
2352 1.346894739160588 47.04000000000175
2353 1.346230674475901 47.06000000000176
2354 1.345471301177835 47.08000000000176
2355 1.344673211448965 47.10000000000176
2356 1.343819863303962 47.12000000000177
2357 1.342883559842796 47.14000000000177
2358 1.341950729103471 47.16000000000177
2359 1.340936412321972 47.18000000000178
2360 1.339912650122785 47.20000000000178
2361 1.338879492725651 47.22000000000178
2362 1.337747733153007 47.24000000000179
2363 1.336552540925147 47.26000000000179
2364 1.335322331442622 47.28000000000179
2365 1.333979282560514 47.30000000000179
2366 1.332562183698514 47.3200000000018
2367 1.331147447958979 47.3400000000018
2368 1.329695497504022 47.3600000000018
2369 1.328235095959113 47.38000000000181
2370 1.326721279550929 47.40000000000181
2371 1.325137593357418 47.42000000000181
2372 1.323529617925287 47.44000000000182
2373 1.3218692909796 47.46000000000182
2374 1.320177233814324 47.48000000000182
2375 1.318511457745197 47.50000000000183
2376 1.31685077037325 47.52000000000183
2377 1.315269961587577 47.54000000000183
2378 1.313748158253053 47.56000000000184
2379 1.312206010047602 47.58000000000184
2380 1.310586918079147 47.60000000000184
2381 1.308921582119141 47.62000000000184
2382 1.307268585904255 47.64000000000185
2383 1.305623344044793 47.66000000000185
2384 1.304018254902987 47.68000000000185
2385 1.302418503148376 47.70000000000186
2386 1.300876843888985 47.72000000000186
2387 1.299365559579881 47.74000000000186
2388 1.297900052470698 47.76000000000187
2389 1.29646544859846 47.78000000000187
2390 1.295055650976465 47.80000000000187
2391 1.293653744524273 47.82000000000188
2392 1.292351709777908 47.84000000000188
2393 1.291135171075164 47.86000000000188
2394 1.289952047738691 47.88000000000189
2395 1.288820979333444 47.90000000000189
2396 1.287753908212207 47.92000000000189
2397 1.286817526909078 47.94000000000189
2398 1.285883265286965 47.9600000000019
2399 1.284987638175904 47.9800000000019
2400 1.284149081450481 48.0000000000019
2401 1.283396981569778 48.02000000000191
2402 1.282695835068956 48.04000000000191
2403 1.282074382223345 48.06000000000191
2404 1.281584368185206 48.08000000000192
2405 1.281217275711855 48.10000000000192
2406 1.280926523490793 48.12000000000192
2407 1.280699975906747 48.14000000000193
2408 1.280551045243704 48.16000000000193
2409 1.280492727018879 48.18000000000193
2410 1.280521908039059 48.20000000000194
2411 1.280695541099053 48.22000000000194
2412 1.280959391472368 48.24000000000194
2413 1.281320649450021 48.26000000000194
2414 1.281775451399611 48.28000000000195
2415 1.282234515531955 48.30000000000195
2416 1.282785691888509 48.32000000000195
2417 1.283424998413509 48.34000000000196
2418 1.284060423060172 48.36000000000196
2419 1.284848000215327 48.38000000000196
2420 1.285679256720419 48.40000000000197
2421 1.28637106482773 48.42000000000197
2422 1.287189985683186 48.44000000000197
2423 1.288035044178126 48.46000000000198
2424 1.288962818238156 48.48000000000198
2425 1.290058809836296 48.50000000000198
2426 1.291243376193989 48.52000000000199
2427 1.292538109179916 48.54000000000199
2428 1.293968652181945 48.56000000000199
2429 1.29547870066775 48.58000000000199
2430 1.296971356095202 48.600000000002
2431 1.298330960532419 48.620000000002
2432 1.299637075451389 48.640000000002
2433 1.301067621376034 48.66000000000201
2434 1.302632032565024 48.68000000000201
2435 1.304262168693131 48.70000000000201
2436 1.305907871156621 48.72000000000202
2437 1.307537428306474 48.74000000000202
2438 1.309168455548475 48.76000000000202
2439 1.310701026288087 48.78000000000203
2440 1.312222344983316 48.80000000000203
2441 1.313757621768886 48.82000000000203
2442 1.315420619871859 48.84000000000204
2443 1.317038009928555 48.86000000000204
2444 1.318658760277906 48.88000000000204
2445 1.320289287053274 48.90000000000204
2446 1.321866158452032 48.92000000000205
2447 1.323461058148278 48.94000000000205
2448 1.324991222992213 48.96000000000205
2449 1.326449016697079 48.98000000000206
2450 1.327869034182323 49.00000000000206
2451 1.329267778005685 49.02000000000206
2452 1.330740046362893 49.04000000000207
2453 1.33217461970985 49.06000000000207
2454 1.333524927165744 49.08000000000207
2455 1.334794649824697 49.10000000000208
2456 1.335967018371081 49.12000000000208
2457 1.337109786101649 49.14000000000208
2458 1.338245659391459 49.16000000000209
2459 1.339336617722604 49.18000000000209
2460 1.340406962088985 49.20000000000209
2461 1.341426626504146 49.22000000000209
2462 1.342325704598646 49.2400000000021
2463 1.343172299911639 49.2600000000021
2464 1.343979192224615 49.2800000000021
2465 1.344684253238604 49.30000000000211
2466 1.345318355620565 49.32000000000211
2467 1.345883875954267 49.34000000000211
2468 1.346369154522081 49.36000000000212
2469 1.34677104075904 49.38000000000212
2470 1.347159646735628 49.40000000000212
2471 1.347517749754059 49.42000000000213
2472 1.347699915208557 49.44000000000213
2473 1.347926052607919 49.46000000000213
2474 1.348065064796454 49.48000000000214
2475 1.348103069748871 49.50000000000214
2476 1.348001752352658 49.52000000000214
2477 1.347898283202482 49.54000000000214
2478 1.347801479354461 49.56000000000215
2479 1.347626192490059 49.58000000000215
2480 1.347383001842572 49.60000000000215
2481 1.34704367348687 49.62000000000216
2482 1.346585089185439 49.64000000000216
2483 1.346181812363982 49.66000000000216
2484 1.34567551453511 49.68000000000217
2485 1.345133159373257 49.70000000000217
2486 1.344496015242556 49.72000000000217
2487 1.343804683568488 49.74000000000218
2488 1.343093702432036 49.76000000000218
2489 1.342349318481957 49.78000000000218
2490 1.341421119634312 49.80000000000219
2491 1.340408323458943 49.82000000000219
2492 1.339345373867162 49.84000000000219
2493 1.338208350088723 49.8600000000022
2494 1.337023656786828 49.8800000000022
2495 1.335840297879533 49.9000000000022
2496 1.334680683346168 49.9200000000022
2497 1.333419371520037 49.94000000000221
2498 1.332107606887873 49.96000000000221
2499 1.330756230774947 49.98000000000221
2500 1.329375617221708 50.00000000000222
2501 1.327947562060896 50.02000000000222
2502 1.326509966684851 50.04000000000222
2503 1.325059797489411 50.06000000000223
2504 1.323567933131478 50.08000000000223
2505 1.322139656143401 50.10000000000223
2506 1.320637087082196 50.12000000000224
2507 1.319102086952753 50.14000000000224
2508 1.317585683095096 50.16000000000224
2509 1.316054483442682 50.18000000000225
2510 1.314509264256253 50.20000000000225
2511 1.312959242370797 50.22000000000225
2512 1.311438392693463 50.24000000000225
2513 1.309885861090672 50.26000000000226
2514 1.308315284476679 50.28000000000226
2515 1.306798470565435 50.30000000000226
2516 1.305275218678067 50.32000000000227
2517 1.303798074870233 50.34000000000227
2518 1.302350325559066 50.36000000000227
2519 1.300939010206637 50.38000000000228
2520 1.299560068937851 50.40000000000228
2521 1.298204618851075 50.42000000000228
2522 1.296845174675111 50.44000000000229
2523 1.295500478261815 50.46000000000229
2524 1.29419136161309 50.48000000000229
2525 1.293022523152627 50.5000000000023
2526 1.291895295730261 50.5200000000023
2527 1.290810774548984 50.5400000000023
2528 1.289776003434171 50.5600000000023
2529 1.288824669579601 50.58000000000231
2530 1.288013758869306 50.60000000000231
2531 1.287228995244873 50.62000000000231
2532 1.286371256791859 50.64000000000232
2533 1.285578675690543 50.66000000000232
2534 1.284892348961389 50.68000000000232
2535 1.284256409668723 50.70000000000233
2536 1.283720140167972 50.72000000000233
2537 1.283317892027499 50.74000000000233
2538 1.28301027938184 50.76000000000234
2539 1.282802575968146 50.78000000000234
2540 1.282673191406993 50.80000000000234
2541 1.282566560411476 50.82000000000235
2542 1.282539762824318 50.84000000000235
2543 1.282577432422253 50.86000000000235
2544 1.282717491330988 50.88000000000235
2545 1.283064528546216 50.90000000000236
2546 1.283293851618129 50.92000000000236
2547 1.283604346043492 50.94000000000236
2548 1.283986346753945 50.96000000000237
2549 1.284421495015629 50.98000000000237
2550 1.284957587437701 51.00000000000237
2551 1.285564481996025 51.02000000000238
2552 1.286270219046469 51.04000000000238
2553 1.28695473844482 51.06000000000238
2554 1.287703679141643 51.08000000000239
2555 1.288470637646651 51.10000000000239
2556 1.289373258162871 51.12000000000239
2557 1.290383676072453 51.1400000000024
2558 1.291541556999605 51.1600000000024
2559 1.292786886802146 51.1800000000024
2560 1.294038511865723 51.2000000000024
2561 1.295287916623299 51.22000000000241
2562 1.296599696706705 51.24000000000241
2563 1.298006360179298 51.26000000000241
2564 1.299481865166125 51.28000000000242
2565 1.300947554782851 51.30000000000242
2566 1.302544503523193 51.32000000000242
2567 1.304186739408451 51.34000000000243
2568 1.305782198052635 51.36000000000243
2569 1.307381158700074 51.38000000000243
2570 1.308934182154501 51.40000000000244
2571 1.310541173150225 51.42000000000244
2572 1.312209159262605 51.44000000000244
2573 1.313962213437231 51.46000000000245
2574 1.315574393318331 51.48000000000245
2575 1.317139058000195 51.50000000000245
2576 1.318749722585758 51.52000000000245
2577 1.320286783059929 51.54000000000246
2578 1.321887667847588 51.56000000000246
2579 1.323500095402111 51.58000000000246
2580 1.325115356574085 51.60000000000247
2581 1.32677893191201 51.62000000000247
2582 1.328372601481432 51.64000000000247
2583 1.329855152768813 51.66000000000248
2584 1.331326638026741 51.68000000000248
2585 1.33277885818603 51.70000000000248
2586 1.334224355263862 51.72000000000249
2587 1.335736614917185 51.74000000000249
2588 1.337117646578909 51.76000000000249
2589 1.338421075664384 51.7800000000025
2590 1.339707553736231 51.8000000000025
2591 1.340900919188181 51.8200000000025
2592 1.342053614105963 51.8400000000025
2593 1.343105161694647 51.86000000000251
2594 1.343973727773658 51.88000000000251
2595 1.34484909242078 51.90000000000251
2596 1.345681237225468 51.92000000000252
2597 1.346410969933275 51.94000000000252
2598 1.347127748751001 51.96000000000252
2599 1.347751155686681 51.98000000000253
2600 1.348298441325311 52.00000000000253
2601 1.348810808230513 52.02000000000253
2602 1.349258967861192 52.04000000000254
2603 1.349617498309692 52.06000000000254
2604 1.349934040422261 52.08000000000254
2605 1.350179846501004 52.10000000000255
2606 1.350249281789768 52.12000000000255
2607 1.35020274134139 52.14000000000255
2608 1.350100834197723 52.16000000000255
2609 1.349950036253976 52.18000000000256
2610 1.349738656455257 52.20000000000256
2611 1.34944760301271 52.22000000000256
2612 1.349172256918644 52.24000000000257
2613 1.348844890637376 52.26000000000257
2614 1.348392663280036 52.28000000000257
2615 1.347841790309192 52.30000000000258
2616 1.347165862896384 52.32000000000258
2617 1.346393174934775 52.34000000000258
2618 1.345585821226823 52.36000000000259
2619 1.344723649793131 52.38000000000259
2620 1.343779328668501 52.40000000000259
2621 1.342836807812621 52.4200000000026
2622 1.341812895398337 52.4400000000026
2623 1.340780784329563 52.4600000000026
2624 1.339739922458606 52.4800000000026
2625 1.338593762051962 52.50000000000261
2626 1.33739002606392 52.52000000000261
2627 1.336148336708264 52.54000000000261
2628 1.334799775448465 52.56000000000262
2629 1.333372488414544 52.58000000000262
2630 1.331943028890863 52.60000000000262
2631 1.330484956263029 52.62000000000263
2632 1.32900848168364 52.64000000000263
2633 1.32748756007201 52.66000000000263
2634 1.325898014106139 52.68000000000264
2635 1.324277893417432 52.70000000000264
2636 1.322606171280044 52.72000000000264
2637 1.320903217099605 52.74000000000265
2638 1.319230325770781 52.76000000000265
2639 1.317555094301624 52.78000000000265
2640 1.315955409993441 52.80000000000265
2641 1.314426113978915 52.82000000000266
2642 1.312873972819608 52.84000000000266
2643 1.311246312711347 52.86000000000266
2644 1.309573600986036 52.88000000000267
2645 1.307908573029831 52.90000000000267
2646 1.306260597637127 52.92000000000267
2647 1.304642595283825 52.94000000000268
2648 1.303039011416521 52.96000000000268
2649 1.301478449499409 52.98000000000268
2650 1.299962466453473 53.00000000000269
2651 1.298488946128514 53.02000000000269
2652 1.297045808414162 53.04000000000269
2653 1.295635543455552 53.0600000000027
2654 1.294220568402188 53.0800000000027
2655 1.292915995576379 53.1000000000027
2656 1.29169327285374 53.1200000000027
2657 1.290508255751649 53.14000000000271
2658 1.28936565211297 53.16000000000271
2659 1.288295727786795 53.18000000000271
2660 1.287355949629688 53.20000000000272
2661 1.286418367566224 53.22000000000272
2662 1.285520476276595 53.24000000000272
2663 1.284681364675897 53.26000000000273
2664 1.283924926135739 53.28000000000273
2665 1.283225389938892 53.30000000000273
2666 1.282597277648082 53.32000000000274
2667 1.28210534389993 53.34000000000274
2668 1.281738064007107 53.36000000000274
2669 1.281449300684761 53.38000000000275
2670 1.281223767725335 53.40000000000275
2671 1.281071101777296 53.42000000000275
2672 1.281020278894561 53.44000000000275
2673 1.281046435531931 53.46000000000276
2674 1.28122162397141 53.48000000000276
2675 1.281490314438397 53.50000000000276
2676 1.28185183861318 53.52000000000277
2677 1.28230792150386 53.54000000000277
2678 1.282782016251642 53.56000000000277
2679 1.283327300037736 53.58000000000278
2680 1.283983934397858 53.60000000000278
2681 1.284613850758112 53.62000000000278
2682 1.285409114812936 53.64000000000279
2683 1.28624739394646 53.66000000000279
2684 1.286941869232247 53.68000000000279
2685 1.287763501771008 53.7000000000028
2686 1.288618244548512 53.7200000000028
2687 1.289550925392345 53.7400000000028
2688 1.290648451491247 53.7600000000028
2689 1.291840961353723 53.78000000000281
2690 1.293139210332336 53.80000000000281
2691 1.294577239054286 53.82000000000281
2692 1.296092171338093 53.84000000000282
2693 1.297591451879035 53.86000000000282
2694 1.298957376114902 53.88000000000282
2695 1.300266538980959 53.90000000000283
2696 1.301698296977623 53.92000000000283
2697 1.303262731748433 53.94000000000283
2698 1.304904326946839 53.96000000000284
2699 1.306554854724247 53.98000000000284
2700 1.308182730267641 54.00000000000284
2701 1.309820877962289 54.02000000000285
2702 1.311356499335611 54.04000000000285
2703 1.312882928867881 54.06000000000285
2704 1.314426910469011 54.08000000000285
2705 1.31609046359247 54.10000000000286
2706 1.317714273327436 54.12000000000286
2707 1.319333456985913 54.14000000000286
2708 1.320972585979706 54.16000000000287
2709 1.322547633372038 54.18000000000287
2710 1.324144518880694 54.20000000000287
2711 1.325676486142203 54.22000000000288
2712 1.327135062766274 54.24000000000288
2713 1.328552597360112 54.26000000000288
2714 1.329954351852527 54.28000000000289
2715 1.331433286140842 54.30000000000289
2716 1.332862171872701 54.32000000000289
2717 1.334205817573378 54.3400000000029
2718 1.335469646167636 54.3600000000029
2719 1.336648129632734 54.3800000000029
2720 1.337787103086871 54.4000000000029
2721 1.338922910865716 54.42000000000291
2722 1.340012560120906 54.44000000000291
2723 1.341081672437495 54.46000000000291
2724 1.342101143509707 54.48000000000292
2725 1.342998160104628 54.50000000000292
2726 1.343838625309988 54.52000000000292
2727 1.344638836949919 54.54000000000293
2728 1.345338440722596 54.56000000000293
2729 1.345968074773495 54.58000000000293
2730 1.346524612945171 54.60000000000294
2731 1.347007406277063 54.62000000000294
2732 1.347405625734996 54.64000000000294
2733 1.34778696466045 54.66000000000295
2734 1.348146173233438 54.68000000000295
2735 1.348320444846764 54.70000000000295
2736 1.348540121541028 54.72000000000295
2737 1.348681459461245 54.74000000000296
2738 1.348707126587743 54.76000000000296
2739 1.3485997214548 54.78000000000296
2740 1.348489136582391 54.80000000000297
2741 1.348386045147302 54.82000000000297
2742 1.348200347072581 54.84000000000297
2743 1.347953505019249 54.86000000000298
2744 1.347602845449907 54.88000000000298
2745 1.347141118708349 54.90000000000298
2746 1.34673267091038 54.92000000000299
2747 1.346221714638114 54.94000000000299
2748 1.345667289126095 54.96000000000299
2749 1.345017742185199 54.980000000003
2750 1.344323632699712 55.000000000003
2751 1.343604089285551 55.020000000003
2752 1.342853231840863 55.040000000003
2753 1.341921350646303 55.06000000000301
2754 1.340899909431651 55.08000000000301
2755 1.339830476965885 55.10000000000301
2756 1.338684225045108 55.12000000000302
2757 1.337494129850391 55.14000000000302
2758 1.336301182299726 55.16000000000302
2759 1.335129612234261 55.18000000000303
2760 1.333862791460786 55.20000000000303
2761 1.332544124135246 55.22000000000303
2762 1.331187918811617 55.24000000000304
2763 1.329796441725929 55.26000000000304
2764 1.328365190206518 55.28000000000304
2765 1.326921756050822 55.30000000000305
2766 1.325464852848979 55.32000000000305
2767 1.323960738215166 55.34000000000305
2768 1.322528935856071 55.36000000000305
2769 1.32101843472984 55.38000000000306
2770 1.319475293309046 55.40000000000306
2771 1.317956142015104 55.42000000000306
2772 1.316417012354736 55.44000000000307
2773 1.314866563123859 55.46000000000307
2774 1.313312139939407 55.48000000000307
2775 1.311782276128608 55.50000000000308
2776 1.310227431754547 55.52000000000308
2777 1.308649534797731 55.54000000000308
2778 1.307127524314334 55.56000000000309
2779 1.305600628425709 55.58000000000309
2780 1.304116346878845 55.60000000000309
2781 1.30266476720969 55.6200000000031
2782 1.301248935179883 55.6400000000031
2783 1.299868970254001 55.6600000000031
2784 1.298512394979036 55.6800000000031
2785 1.2971511605432 55.70000000000311
2786 1.295801813350529 55.72000000000311
2787 1.294490503556996 55.74000000000311
2788 1.293320391089888 55.76000000000312
2789 1.292195282791359 55.78000000000312
2790 1.291110270227489 55.80000000000312
2791 1.29007565014718 55.82000000000313
2792 1.289122681544303 55.84000000000313
2793 1.288310488356113 55.86000000000313
2794 1.287528206068383 55.88000000000314
2795 1.286675419418868 55.90000000000314
2796 1.285874425079852 55.92000000000314
2797 1.285189852681076 55.94000000000315
2798 1.284556393701029 55.96000000000315
2799 1.284022164161889 55.98000000000315
2800 1.283626293380332 56.00000000000315
2801 1.283315940221305 56.02000000000316
2802 1.283111827214388 56.04000000000316
2803 1.282983125742562 56.06000000000316
2804 1.282881420106648 56.08000000000317
2805 1.282855965392113 56.10000000000317
2806 1.282897999383543 56.12000000000317
2807 1.283048315435833 56.14000000000318
2808 1.283389844203793 56.16000000000318
2809 1.283625166950478 56.18000000000318
2810 1.283937990531804 56.20000000000319
2811 1.284321308274429 56.22000000000319
2812 1.284760034687075 56.24000000000319
2813 1.28530328438457 56.2600000000032
2814 1.285917566965206 56.2800000000032
2815 1.286626484323544 56.3000000000032
2816 1.287316610019803 56.3200000000032
2817 1.288071018453175 56.34000000000321
2818 1.288841418981505 56.36000000000321
2819 1.289749242171566 56.38000000000321
2820 1.290765706765676 56.40000000000322
2821 1.291930496849037 56.42000000000322
2822 1.293179243006414 56.44000000000322
2823 1.294432205954662 56.46000000000323
2824 1.295683532728926 56.48000000000323
2825 1.297005761659163 56.50000000000323
2826 1.298411966455677 56.52000000000324
2827 1.299892499950633 56.54000000000324
2828 1.301361061510641 56.56000000000324
2829 1.302967793804422 56.58000000000325
2830 1.304608543796111 56.60000000000325
2831 1.306210956716438 56.62000000000325
2832 1.307808134674453 56.64000000000325
2833 1.309364598583951 56.66000000000326
2834 1.310973994906398 56.68000000000326
2835 1.312648236398294 56.70000000000326
2836 1.314405403929406 56.72000000000327
2837 1.316012344606621 56.74000000000327
2838 1.317580903082749 56.76000000000327
2839 1.319192523883839 56.78000000000328
2840 1.320728006626966 56.80000000000328
2841 1.322333135659377 56.82000000000328
2842 1.323942989462653 56.84000000000329
2843 1.325567253432306 56.86000000000329
2844 1.32723046676042 56.88000000000329
2845 1.328815728616956 56.9000000000033
2846 1.330297395027212 56.9200000000033
2847 1.331767848675347 56.9400000000033
2848 1.333217260537829 56.9600000000033
2849 1.334667019004466 56.98000000000331
2850 1.336182775631351 57.00000000000331
2851 1.337554273494248 57.02000000000331
2852 1.338859035658307 57.04000000000332
2853 1.34014009409412 57.06000000000332
2854 1.34132838124212 57.08000000000332
2855 1.342483856478792 57.10000000000333
2856 1.343527418663459 57.12000000000333
2857 1.34438742256634 57.14000000000333
2858 1.345265154587795 57.16000000000334
2859 1.346091843411124 57.18000000000334
2860 1.34681372472711 57.20000000000334
2861 1.347530685533898 57.22000000000335
2862 1.348144845019783 57.24000000000335
2863 1.348683899850613 57.26000000000335
2864 1.349194389575818 57.28000000000335
2865 1.349633428011948 57.30000000000336
2866 1.349992857384789 57.32000000000336
2867 1.350304020791396 57.34000000000336
2868 1.350539024725881 57.36000000000337
2869 1.350600258334705 57.38000000000337
2870 1.350549260823024 57.40000000000337
2871 1.350441171609182 57.42000000000338
2872 1.350282092344883 57.44000000000338
2873 1.350067454595421 57.46000000000338
2874 1.349769746063883 57.48000000000339
2875 1.349489796470551 57.50000000000339
2876 1.349155901617239 57.52000000000339
2877 1.348693395128381 57.5400000000034
2878 1.348136571342957 57.5600000000034
2879 1.347450043414602 57.5800000000034
2880 1.346668994980846 57.6000000000034
2881 1.345855335542301 57.62000000000341
2882 1.344987970651885 57.64000000000341
2883 1.344038059882757 57.66000000000341
2884 1.343091268121116 57.68000000000342
2885 1.342062231408447 57.70000000000342
2886 1.341028125957523 57.72000000000342
2887 1.339978461193043 57.74000000000343
2888 1.338823249882626 57.76000000000343
2889 1.337614976306865 57.78000000000343
2890 1.336368497566293 57.80000000000344
2891 1.335007365574049 57.82000000000344
2892 1.333575633789439 57.84000000000344
2893 1.332140794546213 57.86000000000345
2894 1.330678261535468 57.88000000000345
2895 1.329196866104546 57.90000000000345
2896 1.327670404746492 57.92000000000345
2897 1.326073819650544 57.94000000000346
2898 1.324451522180656 57.96000000000346
2899 1.32277079881654 57.98000000000346
2900 1.321066277437196 58.00000000000347
2901 1.319388996115581 58.02000000000347
2902 1.317714719086584 58.04000000000347
2903 1.316111986093115 58.06000000000348
2904 1.314581551236228 58.08000000000348
2905 1.313024747742707 58.10000000000348
2906 1.311390485902399 58.12000000000349
2907 1.309712849982722 58.14000000000349
2908 1.3080452925262 58.16000000000349
2909 1.306397002375651 58.1800000000035
2910 1.304777413090026 58.2000000000035
2911 1.303171161706314 58.2200000000035
2912 1.301609400065166 58.2400000000035
2913 1.300093194573741 58.26000000000351
2914 1.298621781270565 58.28000000000351
2915 1.29717696314893 58.30000000000351
2916 1.29576602057814 58.32000000000352
2917 1.29435175384257 58.34000000000352
2918 1.293051011389963 58.36000000000352
2919 1.291831049811224 58.38000000000353
2920 1.290645769526744 58.40000000000353
2921 1.289503150858249 58.42000000000353
2922 1.288439987558486 58.44000000000354
2923 1.287504440852117 58.46000000000354
2924 1.28656168643338 58.48000000000354
2925 1.28566884514375 58.50000000000355
2926 1.28483303983777 58.52000000000355
2927 1.284082539568861 58.54000000000355
2928 1.283383774118941 58.56000000000355
2929 1.282759972158234 58.58000000000356
2930 1.282275921760619 58.60000000000356
2931 1.28191540406764 58.62000000000356
2932 1.281629249963144 58.64000000000357
2933 1.281405518997788 58.66000000000357
2934 1.281265267035574 58.68000000000357
2935 1.281213720555312 58.70000000000358
2936 1.281249504627422 58.72000000000358
2937 1.281431227734497 58.74000000000358
2938 1.281706580674477 58.76000000000359
2939 1.282075754080417 58.78000000000359
2940 1.282542489461145 58.80000000000359
2941 1.283010872190805 58.8200000000036
2942 1.283568203858855 58.8400000000036
2943 1.284225344784366 58.8600000000036
2944 1.284861273613163 58.88000000000361
2945 1.285668737751559 58.90000000000361
2946 1.286497790449655 58.92000000000361
2947 1.287199595444044 58.94000000000361
2948 1.288025531976115 58.96000000000362
2949 1.288886823148271 58.98000000000362
2950 1.289826518415488 59.00000000000362
2951 1.290935326594721 59.02000000000363
2952 1.292135887185981 59.04000000000363
2953 1.293443969588118 59.06000000000363
2954 1.294887362760646 59.08000000000364
2955 1.29640809305933 59.10000000000364
2956 1.297904344883538 59.12000000000364
2957 1.299265041343406 59.14000000000365
2958 1.300572700657213 59.16000000000365
2959 1.302021455254776 59.18000000000365
2960 1.303591312717799 59.20000000000366
2961 1.305236345487255 59.22000000000366
2962 1.306891212509088 59.24000000000366
2963 1.308511544684261 59.26000000000366
2964 1.310155696320517 59.28000000000367
2965 1.311683459643385 59.30000000000367
2966 1.313212330063406 59.32000000000367
2967 1.314764644438677 59.34000000000368
2968 1.316432926859408 59.36000000000368
2969 1.318053365609347 59.38000000000368
2970 1.319675890377738 59.40000000000369
2971 1.321313124047297 59.42000000000369
2972 1.322888197428314 59.44000000000369
2973 1.324485836313616 59.4600000000037
2974 1.326012717357732 59.4800000000037
2975 1.327468411553767 59.5000000000037
2976 1.328879707648827 59.52000000000371
2977 1.330284876731232 59.54000000000371
2978 1.33177513156697 59.56000000000371
2979 1.333190649866559 59.58000000000371
2980 1.33452730495487 59.60000000000372
2981 1.33578425807673 59.62000000000372
2982 1.336960802440742 59.64000000000372
2983 1.338098237262801 59.66000000000373
2984 1.339231663708766 59.68000000000373
2985 1.34031954758756 59.70000000000373
2986 1.341387154830825 59.72000000000374
2987 1.342398233329032 59.74000000000374
2988 1.343290680750811 59.76000000000374
2989 1.344126087560583 59.78000000000375
2990 1.344920580316855 59.80000000000375
2991 1.345614435362442 59.82000000000375
2992 1.346236405088777 59.84000000000376
2993 1.346783807878095 59.86000000000376
2994 1.347263151946164 59.88000000000376
2995 1.347655740214077 59.90000000000376
2996 1.348040850675861 59.92000000000377
2997 1.348382558242152 59.94000000000377
2998 1.348556315108659 59.96000000000377
2999 1.34877107303051 59.98000000000378
3000 1.349245119232813 60.00000000000378
3001 1.350067663676149 60.02000000000378
3002 1.350650613124486 60.04000000000379
3003 1.35100122375682 60.06000000000379
3004 1.351550004875879 60.08000000000379
3005 1.352087500295374 60.1000000000038
3006 1.352412362091829 60.1200000000038
3007 1.352629809798126 60.1400000000038
3008 1.352825057063171 60.16000000000381
3009 1.353028064974315 60.18000000000381
3010 1.353077857988679 60.20000000000381
3011 1.353078909796644 60.22000000000381
3012 1.353001599336952 60.24000000000382
3013 1.352858492497139 60.26000000000382
3014 1.352683801232442 60.28000000000382
3015 1.352409060804291 60.30000000000383
3016 1.351994787882655 60.32000000000383
3017 1.351465086969698 60.34000000000383
3018 1.350823801664234 60.36000000000384
3019 1.350068748678303 60.38000000000384
3020 1.349290354934595 60.40000000000384
3021 1.348467385723709 60.42000000000385
3022 1.347565053024257 60.44000000000385
3023 1.346596986980214 60.46000000000385
3024 1.34555113010788 60.48000000000386
3025 1.344459289598701 60.50000000000386
3026 1.343313517875951 60.52000000000386
3027 1.342105505371397 60.54000000000386
3028 1.34085402946336 60.56000000000387
3029 1.339511320324738 60.58000000000387
3030 1.338049315065093 60.60000000000387
3031 1.336598418717212 60.62000000000388
3032 1.335092361344776 60.64000000000388
3033 1.333526236776839 60.66000000000388
3034 1.33193163442864 60.68000000000389
3035 1.330262881799888 60.70000000000389
3036 1.328623496233163 60.72000000000389
3037 1.326898758249378 60.7400000000039
3038 1.325169166087798 60.7600000000039
3039 1.323328873642382 60.7800000000039
3040 1.321507694836219 60.80000000000391
3041 1.319673878564766 60.82000000000391
3042 1.317827562133434 60.84000000000391
3043 1.315975805207247 60.86000000000391
3044 1.314113238354603 60.88000000000392
3045 1.312221414167786 60.90000000000392
3046 1.3103598841416 60.92000000000392
3047 1.308493779471494 60.94000000000393
3048 1.306596353006701 60.96000000000393
3049 1.304755754218346 60.98000000000393
3050 1.302927196880739 61.00000000000394
3051 1.301137848871228 61.02000000000394
3052 1.299359407761636 61.04000000000394
3053 1.297588617898189 61.06000000000395
3054 1.295918592391178 61.08000000000395
3055 1.294313145732585 61.10000000000395
3056 1.292778938293106 61.12000000000396
3057 1.291279837653889 61.14000000000396
3058 1.289805380519662 61.16000000000396
3059 1.28838934435566 61.18000000000396
3060 1.28701396992963 61.20000000000397
3061 1.28576490217407 61.22000000000397
3062 1.284595365795864 61.24000000000397
3063 1.283515363699597 61.26000000000398
3064 1.282603986832193 61.28000000000398
3065 1.281779274025666 61.30000000000398
3066 1.281031223207365 61.32000000000399
3067 1.280322869160313 61.34000000000399
3068 1.279727918472474 61.36000000000399
3069 1.279238298992613 61.380000000004
3070 1.278772646265264 61.400000000004
3071 1.278437288097994 61.420000000004
3072 1.278127509975708 61.44000000000401
3073 1.27790256579393 61.46000000000401
3074 1.277796420851262 61.48000000000401
3075 1.277883629125792 61.50000000000401
3076 1.278063297197098 61.52000000000402
3077 1.278394960143065 61.54000000000402
3078 1.278984804764963 61.56000000000402
3079 1.279504903876414 61.58000000000403
3080 1.280271490519694 61.60000000000403
3081 1.281079910689013 61.62000000000403
3082 1.282018313253115 61.64000000000404
3083 1.28301195653885 61.66000000000404
3084 1.284188324315714 61.68000000000404
3085 1.28546950354956 61.70000000000405
3086 1.28680717139781 61.72000000000405
3087 1.288408455256325 61.74000000000405
3088 1.29021982034583 61.76000000000406
3089 1.292116670216401 61.78000000000406
3090 1.294127097218833 61.80000000000406
3091 1.296220315087353 61.82000000000406
3092 1.298430287386691 61.84000000000407
3093 1.30071969070823 61.86000000000407
3094 1.303081857062651 61.88000000000407
3095 1.305510988982507 61.90000000000408
3096 1.308166518215625 61.92000000000408
3097 1.310996356747289 61.94000000000408
3098 1.313917516670496 61.96000000000409
3099 1.316869718241134 61.98000000000409
3100 1.319984690438417 62.00000000000409
3101 1.323201250213414 62.0200000000041
3102 1.32648840695831 62.0400000000041
3103 1.329978588864833 62.0600000000041
3104 1.333384379393026 62.08000000000411
3105 1.336765212604692 62.10000000000411
3106 1.340268166815087 62.12000000000411
3107 1.34382525956486 62.14000000000411
3108 1.34739112088408 62.16000000000412
3109 1.350992041640857 62.18000000000412
3110 1.354634490252922 62.20000000000412
3111 1.35839398743416 62.22000000000413
3112 1.362212615854699 62.24000000000413
3113 1.365984727927527 62.26000000000413
3114 1.36983351874072 62.28000000000414
3115 1.373681200314641 62.30000000000414
3116 1.377485669405985 62.32000000000414
3117 1.381220509806979 62.34000000000415
3118 1.384971396793173 62.36000000000415
3119 1.388730150708648 62.38000000000415
3120 1.392474644999579 62.40000000000416
3121 1.396059647182588 62.42000000000416
3122 1.399549386595679 62.44000000000416
3123 1.40296497684368 62.46000000000416
3124 1.406344585895281 62.48000000000417
3125 1.409620729424935 62.50000000000417
3126 1.412762878780936 62.52000000000417
3127 1.415957658681501 62.54000000000418
3128 1.419132480617606 62.56000000000418
3129 1.422185391779496 62.58000000000418
3130 1.425096043229436 62.60000000000419
3131 1.427929582383483 62.62000000000419
3132 1.43053165665769 62.64000000000419
3133 1.432945088331698 62.6600000000042
3134 1.435291814290214 62.6800000000042
3135 1.437602165628809 62.7000000000042
3136 1.439805237459242 62.72000000000421
3137 1.441807363644173 62.74000000000421
3138 1.443768287460293 62.76000000000421
3139 1.445559539447534 62.78000000000421
3140 1.44707009282273 62.80000000000422
3141 1.44839912454606 62.82000000000422
3142 1.44956739598284 62.84000000000422
3143 1.450595875141466 62.86000000000423
3144 1.4515201936887 62.88000000000423
3145 1.452304923057165 62.90000000000423
3146 1.452929172573299 62.92000000000424
3147 1.45349973694567 62.94000000000424
3148 1.453798630920814 62.96000000000424
3149 1.453876319640642 62.98000000000425
3150 1.453860124707632 63.00000000000425
3151 1.453625220375018 63.02000000000425
3152 1.453339836245116 63.04000000000426
3153 1.45288368990901 63.06000000000426
3154 1.452280862562925 63.08000000000426
3155 1.451457260388914 63.10000000000426
3156 1.450412991157716 63.12000000000427
3157 1.449069012651598 63.14000000000427
3158 1.447637316831956 63.16000000000427
3159 1.446093602942811 63.18000000000428
3160 1.444438443603359 63.20000000000428
3161 1.442669398819379 63.22000000000428
3162 1.440716800425918 63.24000000000429
3163 1.438637680314511 63.26000000000429
3164 1.436543858132294 63.28000000000429
3165 1.434216625904169 63.3000000000043
3166 1.431660770026588 63.3200000000043
3167 1.429072873451955 63.3400000000043
3168 1.426331600945344 63.36000000000431
3169 1.423474040433168 63.38000000000431
3170 1.420474655208132 63.40000000000431
3171 1.417386551449221 63.42000000000431
3172 1.414262588774655 63.44000000000432
3173 1.411031537390212 63.46000000000432
3174 1.407611102652363 63.48000000000432
3175 1.404094188850272 63.50000000000433
3176 1.400449893396903 63.52000000000433
3177 1.396747313555053 63.54000000000433
3178 1.393057759362482 63.56000000000434
3179 1.389326195534906 63.58000000000434
3180 1.385607409619042 63.60000000000434
3181 1.381881678634186 63.62000000000435
3182 1.378159418390801 63.64000000000435
3183 1.37432358905112 63.66000000000435
3184 1.370473622836659 63.68000000000436
3185 1.366592981442618 63.70000000000436
3186 1.362755937784227 63.72000000000436
3187 1.35891471693742 63.74000000000436
3188 1.355082907381176 63.76000000000437
3189 1.351299508109288 63.78000000000437
3190 1.347580473360085 63.80000000000437
3191 1.343942157551573 63.82000000000438
3192 1.340348053612674 63.84000000000438
3193 1.336759993805178 63.86000000000438
3194 1.33320878001949 63.88000000000439
3195 1.329731346619707 63.90000000000439
3196 1.326353410618813 63.92000000000439
3197 1.323095878723804 63.9400000000044
3198 1.319983418316345 63.9600000000044
3199 1.317037331871948 63.9800000000044
3200 1.314152842091684 64.00000000000441
3201 1.311315125976372 64.0200000000044
3202 1.30862333399408 64.0400000000044
3203 1.306099921147022 64.06000000000439
3204 1.303650766348521 64.08000000000439
3205 1.301443007449596 64.10000000000439
3206 1.299383561808756 64.12000000000438
3207 1.297514915033392 64.14000000000438
3208 1.295830162616319 64.16000000000437
3209 1.294229678156192 64.18000000000437
3210 1.292855466076308 64.20000000000437
3211 1.291624858859078 64.22000000000436
3212 1.290622907005128 64.24000000000436
3213 1.289953254571507 64.26000000000435
3214 1.289494984723668 64.28000000000435
3215 1.289311714978877 64.30000000000435
3216 1.289209690037799 64.32000000000434
3217 1.289456026677005 64.34000000000434
3218 1.289954608568176 64.36000000000433
3219 1.290695522360844 64.38000000000433
3220 1.291576861165363 64.40000000000433
3221 1.292671562292947 64.42000000000432
3222 1.293873757227281 64.44000000000432
3223 1.295461460369088 64.46000000000431
3224 1.297292559742228 64.48000000000431
3225 1.299263262814296 64.50000000000431
3226 1.301503536742183 64.5200000000043
3227 1.304147718811371 64.5400000000043
3228 1.307163519458781 64.56000000000429
3229 1.310359163192679 64.58000000000429
3230 1.313724517493075 64.60000000000429
3231 1.31735896693872 64.62000000000428
3232 1.321231715591402 64.64000000000428
3233 1.325066359692826 64.66000000000427
3234 1.329310708978493 64.68000000000427
3235 1.333553459154815 64.70000000000427
3236 1.338056839616888 64.72000000000426
3237 1.342600458181119 64.74000000000426
3238 1.347474911144 64.76000000000425
3239 1.352642363703187 64.78000000000425
3240 1.35808861980775 64.80000000000425
3241 1.363785317475047 64.82000000000424
3242 1.369344119825689 64.84000000000424
3243 1.375099284877102 64.86000000000423
3244 1.381028669409337 64.88000000000423
3245 1.387109093773703 64.90000000000423
3246 1.393222838004469 64.92000000000422
3247 1.399382135011061 64.94000000000422
3248 1.405818985359685 64.96000000000421
3249 1.412435773331702 64.98000000000421
3250 1.419057992427151 65.00000000000421
3251 1.4256105468915 65.0200000000042
3252 1.432206298569932 65.0400000000042
3253 1.43894559455345 65.06000000000419
3254 1.445778331177623 65.08000000000419
3255 1.452526247888577 65.10000000000419
3256 1.459290081775597 65.12000000000418
3257 1.46601533472138 65.14000000000418
3258 1.472721422211042 65.16000000000417
3259 1.479432780071728 65.18000000000417
3260 1.48604826237075 65.20000000000417
3261 1.492644596050992 65.22000000000416
3262 1.499259288187515 65.24000000000416
3263 1.505838476778159 65.26000000000415
3264 1.512231304411616 65.28000000000415
3265 1.518478729772363 65.30000000000415
3266 1.524672348445754 65.32000000000414
3267 1.53078328150382 65.34000000000414
3268 1.536525928515203 65.36000000000413
3269 1.542119599023435 65.38000000000413
3270 1.54762818926123 65.40000000000413
3271 1.553083990120074 65.42000000000412
3272 1.558340117190437 65.44000000000412
3273 1.563358557403047 65.46000000000411
3274 1.568082448408419 65.48000000000411
3275 1.572672958892304 65.50000000000411
3276 1.577057895245784 65.5200000000041
3277 1.581253994413659 65.5400000000041
3278 1.585241015692636 65.56000000000409
3279 1.588915857252023 65.58000000000409
3280 1.592353076299044 65.60000000000409
3281 1.595569083787208 65.62000000000408
3282 1.598509599136458 65.64000000000408
3283 1.601082610725849 65.66000000000408
3284 1.603445600893163 65.68000000000407
3285 1.605674638497878 65.70000000000407
3286 1.607576434717116 65.72000000000406
3287 1.609128108948872 65.74000000000406
3288 1.610384151642429 65.76000000000406
3289 1.611287513160071 65.78000000000405
3290 1.611930222401136 65.80000000000405
3291 1.612337788786184 65.82000000000404
3292 1.612506652255317 65.84000000000404
3293 1.612302209121586 65.86000000000404
3294 1.611828740868309 65.88000000000403
3295 1.611014385074305 65.90000000000403
3296 1.609926956587219 65.92000000000402
3297 1.608582902408705 65.94000000000402
3298 1.606937693321711 65.96000000000402
3299 1.605042618326543 65.98000000000401
3300 1.602854955889839 66.00000000000401
3301 1.600335215697218 66.020000000004
3302 1.597567317158818 66.040000000004
3303 1.59458509035312 66.060000000004
3304 1.591325300565356 66.08000000000399
3305 1.587830070060578 66.10000000000399
3306 1.584087141687535 66.12000000000398
3307 1.580039674282953 66.14000000000398
3308 1.575805933033879 66.16000000000398
3309 1.571378906220437 66.18000000000397
3310 1.566802980826884 66.20000000000397
3311 1.562042266786372 66.22000000000396
3312 1.557004306810235 66.24000000000396
3313 1.551797692375452 66.26000000000396
3314 1.546406927648086 66.28000000000395
3315 1.540891353696335 66.30000000000395
3316 1.535247203879343 66.32000000000394
3317 1.529461300561632 66.34000000000394
3318 1.523503163277966 66.36000000000394
3319 1.517413284151493 66.38000000000393
3320 1.511180922801945 66.40000000000393
3321 1.504867897913626 66.42000000000392
3322 1.498475379391607 66.44000000000392
3323 1.492023736987443 66.46000000000392
3324 1.485481278749127 66.48000000000391
3325 1.478918239854476 66.50000000000391
3326 1.472333224826177 66.5200000000039
3327 1.465766281405386 66.5400000000039
3328 1.459105908049059 66.5600000000039
3329 1.452473730599565 66.58000000000389
3330 1.445883676497687 66.60000000000389
3331 1.43929940661661 66.62000000000388
3332 1.432724222773258 66.64000000000388
3333 1.426136313821127 66.66000000000388
3334 1.419611618507834 66.68000000000387
3335 1.41315256070852 66.70000000000387
3336 1.406762288819793 66.72000000000386
3337 1.400498188891719 66.74000000000386
3338 1.394308980163479 66.76000000000386
3339 1.388204446883085 66.78000000000385
3340 1.38229431429162 66.80000000000385
3341 1.376557473135036 66.82000000000384
3342 1.370989880023488 66.84000000000384
3343 1.365485359183325 66.86000000000384
3344 1.360159173256237 66.88000000000383
3345 1.355052285355322 66.90000000000383
3346 1.350128731666317 66.92000000000382
3347 1.345389225374288 66.94000000000382
3348 1.340948225695633 66.96000000000382
3349 1.336599045631014 66.98000000000381
3350 1.332573974124087 67.00000000000381
3351 1.328816772265854 67.0200000000038
3352 1.325322704061537 67.0400000000038
3353 1.32207979797818 67.0600000000038
3354 1.319048421105677 67.08000000000379
3355 1.316374965670174 67.10000000000379
3356 1.313994109443273 67.12000000000378
3357 1.311852355088829 67.14000000000378
3358 1.31000290144016 67.16000000000378
3359 1.308605593467866 67.18000000000377
3360 1.307531053094972 67.20000000000377
3361 1.306749773554682 67.22000000000376
3362 1.306208519086173 67.24000000000376
3363 1.305844559532805 67.26000000000376
3364 1.305827558330495 67.28000000000375
3365 1.306213030649098 67.30000000000375
3366 1.307167197925599 67.32000000000374
3367 1.308271107746508 67.34000000000374
3368 1.309695535117294 67.36000000000374
3369 1.311494200396502 67.38000000000373
3370 1.313621804267892 67.40000000000373
3371 1.31628309496716 67.42000000000372
3372 1.319213359726601 67.44000000000372
3373 1.322351188355306 67.46000000000372
3374 1.325953447532559 67.48000000000371
3375 1.32976530249197 67.50000000000371
3376 1.3339501132281 67.52000000000371
3377 1.338572881290632 67.5400000000037
3378 1.343309565078211 67.5600000000037
3379 1.347903208677764 67.58000000000369
3380 1.35314716225908 67.60000000000369
3381 1.358808265488146 67.62000000000369
3382 1.364656694398154 67.64000000000368
3383 1.370875224591123 67.66000000000368
3384 1.377392178069853 67.68000000000367
3385 1.384037755505564 67.70000000000367
3386 1.390957609329725 67.72000000000367
3387 1.398208667572326 67.74000000000366
3388 1.405621722766587 67.76000000000366
3389 1.413236803749726 67.78000000000365
3390 1.421022460379516 67.80000000000365
3391 1.4289438802982 67.82000000000365
3392 1.437136473029095 67.84000000000364
3393 1.445306871616551 67.86000000000364
3394 1.453594601680552 67.88000000000363
3395 1.46211295405489 67.90000000000363
3396 1.470787329508823 67.92000000000363
3397 1.47968424847408 67.94000000000362
3398 1.488694639402229 67.96000000000362
3399 1.497465759088013 67.98000000000361
3400 1.506289246506369 68.00000000000361
3401 1.515252290702803 68.02000000000361
3402 1.524135848360709 68.0400000000036
3403 1.533054315159337 68.0600000000036
3404 1.542027221554748 68.08000000000359
3405 1.550875765102613 68.10000000000359
3406 1.559568964976529 68.12000000000359
3407 1.568075451816201 68.14000000000358
3408 1.576483142245206 68.16000000000358
3409 1.584845040750303 68.18000000000357
3410 1.5929635769081 68.20000000000357
3411 1.600971389233483 68.22000000000357
3412 1.608894065552632 68.24000000000356
3413 1.616622103313545 68.26000000000356
3414 1.624077835949049 68.28000000000355
3415 1.631283837768284 68.30000000000355
3416 1.63827703052405 68.32000000000355
3417 1.645108829296966 68.34000000000354
3418 1.651728036066356 68.36000000000354
3419 1.658025058756324 68.38000000000353
3420 1.663999750568292 68.40000000000353
3421 1.669621949049427 68.42000000000353
3422 1.675014216541795 68.44000000000352
3423 1.680145724623282 68.46000000000352
3424 1.685067521872694 68.48000000000351
3425 1.689597736309072 68.50000000000351
3426 1.693753627826622 68.52000000000351
3427 1.69766735373587 68.5400000000035
3428 1.701242717100278 68.5600000000035
3429 1.704378142144657 68.58000000000349
3430 1.707117360419371 68.60000000000349
3431 1.709532461344306 68.62000000000349
3432 1.711648651890398 68.64000000000348
3433 1.713317553145296 68.66000000000348
3434 1.714615684074658 68.68000000000347
3435 1.715610435616945 68.70000000000347
3436 1.715997221055959 68.72000000000347
3437 1.716110867732689 68.74000000000346
3438 1.715874237189077 68.76000000000346
3439 1.715286674777229 68.78000000000345
3440 1.714297637919269 68.80000000000345
3441 1.712932455126921 68.82000000000345
3442 1.71124283859147 68.84000000000344
3443 1.709136308121747 68.86000000000344
3444 1.706645494442402 68.88000000000343
3445 1.703857767830505 68.90000000000343
3446 1.700793292289808 68.92000000000343
3447 1.697371362859069 68.94000000000342
3448 1.693599322133943 68.96000000000342
3449 1.689497076713432 68.98000000000341
3450 1.68511926204075 69.00000000000341
3451 1.680483100860785 69.02000000000341
3452 1.675533862943294 69.0400000000034
3453 1.670248465603409 69.0600000000034
3454 1.664697695050949 69.08000000000339
3455 1.658895186277803 69.10000000000339
3456 1.652843197381865 69.12000000000339
3457 1.646507778803312 69.14000000000338
3458 1.639919242994075 69.16000000000338
3459 1.633119688630758 69.18000000000337
3460 1.626135425386462 69.20000000000337
3461 1.618944549091613 69.22000000000337
3462 1.611591407389515 69.24000000000336
3463 1.604114307810885 69.26000000000336
3464 1.596457232247008 69.28000000000335
3465 1.588662944798414 69.30000000000335
3466 1.580750793357628 69.32000000000335
3467 1.572709688766392 69.34000000000334
3468 1.564530207065941 69.36000000000334
3469 1.556278807993104 69.38000000000334
3470 1.547954726360278 69.40000000000333
3471 1.539583261209132 69.42000000000333
3472 1.531213140202779 69.44000000000332
3473 1.522797702110351 69.46000000000332
3474 1.514377943434942 69.48000000000332
3475 1.505869786886382 69.50000000000331
3476 1.497312421999401 69.52000000000331
3477 1.488874013167252 69.5400000000033
3478 1.480499999088809 69.5600000000033
3479 1.472156569776723 69.5800000000033
3480 1.463834922273064 69.60000000000329
3481 1.45562165358413 69.62000000000329
3482 1.447456112644819 69.64000000000328
3483 1.439302130806641 69.66000000000328
3484 1.431254097853413 69.68000000000328
3485 1.423242248333973 69.70000000000327
3486 1.415353273712819 69.72000000000327
3487 1.407688227721378 69.74000000000326
3488 1.400203733243433 69.76000000000326
3489 1.392912003494881 69.78000000000326
3490 1.385807848304614 69.80000000000325
3491 1.37890931331472 69.82000000000325
3492 1.372331644016594 69.84000000000324
3493 1.365998043159059 69.86000000000324
3494 1.359945120806919 69.88000000000324
3495 1.354055355238502 69.90000000000323
3496 1.348450080162614 69.92000000000323
3497 1.343114833253348 69.94000000000322
3498 1.338068501082166 69.96000000000322
3499 1.333233089795852 69.98000000000322
3500 1.328721264769921 70.00000000000321
3501 1.324512309366081 70.02000000000321
3502 1.320480714459629 70.0400000000032
3503 1.316723606385422 70.0600000000032
3504 1.313282318884707 70.0800000000032
3505 1.310250011131713 70.10000000000319
3506 1.307544621386487 70.12000000000319
3507 1.305194002942942 70.14000000000318
3508 1.303260264097553 70.16000000000318
3509 1.301740063225654 70.18000000000318
3510 1.300558204658099 70.20000000000317
3511 1.299637108908417 70.22000000000317
3512 1.299296513179342 70.24000000000316
3513 1.29906861151374 70.26000000000316
3514 1.299051987302048 70.28000000000316
3515 1.299316258272066 70.30000000000315
3516 1.300092530864452 70.32000000000315
3517 1.301362337931208 70.34000000000314
3518 1.303187521784355 70.36000000000314
3519 1.305321456264092 70.38000000000314
3520 1.307687109456649 70.40000000000313
3521 1.310403026036949 70.42000000000313
3522 1.313734702033265 70.44000000000312
3523 1.317422574785966 70.46000000000312
3524 1.320915826636151 70.48000000000312
3525 1.32509288479637 70.50000000000311
3526 1.329430820987605 70.52000000000311
3527 1.334228280057987 70.5400000000031
3528 1.339499205138987 70.5600000000031
3529 1.345065143861559 70.5800000000031
3530 1.351197230721362 70.60000000000309
3531 1.357558051849856 70.62000000000309
3532 1.364289905652637 70.64000000000308
3533 1.371018531635336 70.66000000000308
3534 1.377810082665885 70.68000000000308
3535 1.384901519604777 70.70000000000307
3536 1.392404257426351 70.72000000000307
3537 1.400282528507927 70.74000000000306
3538 1.408435613418574 70.76000000000306
3539 1.416753651493039 70.78000000000306
3540 1.425116791855822 70.80000000000305
3541 1.433720146978941 70.82000000000305
3542 1.442606265947585 70.84000000000304
3543 1.451454949935073 70.86000000000304
3544 1.460578099756101 70.88000000000304
3545 1.469768084719921 70.90000000000303
3546 1.479223217940326 70.92000000000303
3547 1.488673509942407 70.94000000000302
3548 1.498270640497047 70.96000000000302
3549 1.508052040230411 70.98000000000302
3550 1.517744631880432 71.00000000000301
3551 1.527336275068828 71.02000000000301
3552 1.536961015335019 71.040000000003
3553 1.546526578614623 71.060000000003
3554 1.556175004290147 71.080000000003
3555 1.565804459532775 71.10000000000299
3556 1.575268559756252 71.12000000000299
3557 1.584557692931307 71.14000000000298
3558 1.593826246124321 71.16000000000298
3559 1.603057682728356 71.18000000000298
3560 1.612019695260966 71.20000000000297
3561 1.62098091942922 71.22000000000297
3562 1.629696382765719 71.24000000000296
3563 1.638149922839584 71.26000000000296
3564 1.64644305785983 71.28000000000296
3565 1.654578003371039 71.30000000000295
3566 1.662448216413599 71.32000000000295
3567 1.670043733148296 71.34000000000295
3568 1.677390916820597 71.36000000000294
3569 1.684445176080275 71.38000000000294
3570 1.691127362782742 71.40000000000293
3571 1.697670066736854 71.42000000000293
3572 1.703966867306842 71.44000000000293
3573 1.709927538229976 71.46000000000292
3574 1.715466694831229 71.48000000000292
3575 1.720592252419395 71.50000000000291
3576 1.72540241611063 71.52000000000291
3577 1.729800035093238 71.54000000000291
3578 1.734010763145905 71.5600000000029
3579 1.737827571839758 71.5800000000029
3580 1.741160854559423 71.60000000000289
3581 1.744008398943727 71.62000000000289
3582 1.746600874658292 71.64000000000289
3583 1.74882083033791 71.66000000000288
3584 1.750681242990409 71.68000000000288
3585 1.752080129820312 71.70000000000287
3586 1.753102481270477 71.72000000000287
3587 1.75357884381312 71.74000000000287
3588 1.753678516827298 71.76000000000286
3589 1.753435119170353 71.78000000000286
3590 1.752729183965895 71.80000000000285
3591 1.751596507926423 71.82000000000285
3592 1.750042406595036 71.84000000000285
3593 1.748185165239412 71.86000000000284
3594 1.746015121755083 71.88000000000284
3595 1.743478755705402 71.90000000000283
3596 1.740494408132937 71.92000000000283
3597 1.737199976115014 71.94000000000283
3598 1.733598706298745 71.96000000000282
3599 1.729614187017885 71.98000000000282
3600 1.725320592645799 72.00000000000281
3601 1.720696917274398 72.02000000000281
3602 1.71572248279956 72.04000000000281
3603 1.7104024670744 72.0600000000028
3604 1.704717358878824 72.0800000000028
3605 1.698809967048845 72.10000000000279
3606 1.692629208050326 72.12000000000279
3607 1.686148454761997 72.14000000000279
3608 1.679334388853504 72.16000000000278
3609 1.672259027076374 72.18000000000278
3610 1.664994409934793 72.20000000000277
3611 1.657442573928509 72.22000000000277
3612 1.649658686650383 72.24000000000277
3613 1.64170010002992 72.26000000000276
3614 1.633526115049545 72.28000000000276
3615 1.625136712958374 72.30000000000275
3616 1.616633022438999 72.32000000000275
3617 1.608029018987339 72.34000000000275
3618 1.599301600857319 72.36000000000274
3619 1.590413486752738 72.38000000000274
3620 1.581414210448549 72.40000000000273
3621 1.572425823799383 72.42000000000273
3622 1.563354626545799 72.44000000000273
3623 1.554284549491416 72.46000000000272
3624 1.545114525955638 72.48000000000272
3625 1.535921619770101 72.50000000000271
3626 1.526648639487369 72.52000000000271
3627 1.517486695159711 72.54000000000271
3628 1.508363979678979 72.5600000000027
3629 1.499260094593005 72.5800000000027
3630 1.49018705150766 72.60000000000269
3631 1.481161474231227 72.62000000000269
3632 1.47224176168101 72.64000000000269
3633 1.46334467133509 72.66000000000268
3634 1.454568400896335 72.68000000000268
3635 1.445892861435484 72.70000000000267
3636 1.437427142677469 72.72000000000267
3637 1.429088842518431 72.74000000000267
3638 1.420957250751499 72.76000000000266
3639 1.412996136507105 72.78000000000266
3640 1.405099844841681 72.80000000000265
3641 1.397384951056655 72.82000000000265
3642 1.389971413118784 72.84000000000265
3643 1.382698852099997 72.86000000000264
3644 1.375713316728738 72.88000000000264
3645 1.368969525749469 72.90000000000263
3646 1.362586296104761 72.92000000000263
3647 1.356469548086019 72.94000000000263
3648 1.350705236507711 72.96000000000262
3649 1.345190994377568 72.98000000000262
3650 1.339921841333086 73.00000000000261
3651 1.335017171441676 73.02000000000261
3652 1.330308345500473 73.04000000000261
3653 1.325795451692973 73.0600000000026
3654 1.321530192892059 73.0800000000026
3655 1.317684685048437 73.10000000000259
3656 1.314143592439859 73.12000000000259
3657 1.311249008797274 73.14000000000259
3658 1.308904767489586 73.16000000000258
3659 1.306824591515802 73.18000000000258
3660 1.305006343411317 73.20000000000258
3661 1.303538581143701 73.22000000000257
3662 1.30237417086741 73.24000000000257
3663 1.301635345074748 73.26000000000256
3664 1.301281186634285 73.28000000000256
3665 1.301180377888135 73.30000000000256
3666 1.301296075667425 73.32000000000255
3667 1.302216604330948 73.34000000000255
3668 1.303677965815008 73.36000000000254
3669 1.305557937655934 73.38000000000254
3670 1.307638414772946 73.40000000000254
3671 1.30986309804779 73.42000000000253
3672 1.312464537869138 73.44000000000253
3673 1.315647683382302 73.46000000000252
3674 1.319145826727637 73.48000000000252
3675 1.323599041411446 73.50000000000252
3676 1.328326871852145 73.52000000000251
3677 1.333339950117609 73.54000000000251
3678 1.338630080977027 73.5600000000025
3679 1.343655614617101 73.5800000000025
3680 1.349147674006249 73.6000000000025
3681 1.35508578159679 73.62000000000249
3682 1.361277957572683 73.64000000000249
3683 1.367921784836526 73.66000000000248
3684 1.37488724396646 73.68000000000248
3685 1.38241821584367 73.70000000000248
3686 1.390073987921933 73.72000000000247
3687 1.398087875058277 73.74000000000247
3688 1.40621218529896 73.76000000000246
3689 1.414488021898733 73.78000000000246
3690 1.423097762703007 73.80000000000246
3691 1.431870763070172 73.82000000000245
3692 1.440933945630629 73.84000000000245
3693 1.450066962912381 73.86000000000244
3694 1.45946841675803 73.88000000000244
3695 1.468819471568342 73.90000000000244
3696 1.47823353738352 73.92000000000243
3697 1.487748358142367 73.94000000000243
3698 1.497455024659116 73.96000000000242
3699 1.507326362093723 73.98000000000242
3700 1.517238925253227 74.00000000000242
3701 1.526954810834353 74.02000000000241
3702 1.536633893193714 74.04000000000241
3703 1.546419114420926 74.0600000000024
3704 1.556344444496385 74.0800000000024
3705 1.566250254663353 74.1000000000024
3706 1.575963563692572 74.12000000000239
3707 1.585651845690982 74.14000000000239
3708 1.595217163802775 74.16000000000238
3709 1.604629835446509 74.18000000000238
3710 1.613854333712165 74.20000000000238
3711 1.62288469952459 74.22000000000237
3712 1.631788697310662 74.24000000000237
3713 1.640660049841452 74.26000000000236
3714 1.649333966956547 74.28000000000236
3715 1.657731069578819 74.30000000000236
3716 1.665842499395101 74.32000000000235
3717 1.67359096688414 74.34000000000235
3718 1.681109443706464 74.36000000000234
3719 1.688431810649365 74.38000000000234
3720 1.695457595415954 74.40000000000234
3721 1.702193766952655 74.42000000000233
3722 1.708654644132984 74.44000000000233
3723 1.714743180987306 74.46000000000232
3724 1.720600799013293 74.48000000000232
3725 1.726208644215522 74.50000000000232
3726 1.731319356384729 74.52000000000231
3727 1.736014867890685 74.54000000000231
3728 1.740356736207355 74.5600000000023
3729 1.744430178068617 74.5800000000023
3730 1.748145354710519 74.6000000000023
3731 1.751377422814113 74.62000000000229
3732 1.754140742005055 74.64000000000229
3733 1.756473250646369 74.66000000000228
3734 1.758376696727694 74.68000000000228
3735 1.759996694436426 74.70000000000228
3736 1.761232363049566 74.72000000000227
3737 1.762062506361038 74.74000000000227
3738 1.762512986081477 74.76000000000226
3739 1.76251899675037 74.78000000000226
3740 1.762013401193905 74.80000000000226
3741 1.761140634436273 74.82000000000225
3742 1.759845957068009 74.84000000000225
3743 1.758073737157369 74.86000000000224
3744 1.755960554729969 74.88000000000224
3745 1.753524056996458 74.90000000000224
3746 1.7507542715575 74.92000000000223
3747 1.747620777294493 74.94000000000223
3748 1.744064273651105 74.96000000000222
3749 1.740156991123007 74.98000000000222
3750 1.735986019870847 75.00000000000222
3751 1.731410784553459 75.02000000000221
3752 1.726451253235815 75.04000000000221
3753 1.721142650654755 75.0600000000022
3754 1.715571302038727 75.0800000000022
3755 1.709720045795346 75.1000000000022
3756 1.703574200391047 75.12000000000219
3757 1.697176043071283 75.14000000000219
3758 1.690553964007719 75.16000000000219
3759 1.683541787860219 75.18000000000218
3760 1.676229291630658 75.20000000000218
3761 1.668824951933501 75.22000000000217
3762 1.661240581107814 75.24000000000217
3763 1.65343667168499 75.26000000000217
3764 1.645364775775073 75.28000000000216
3765 1.637103209004611 75.30000000000216
3766 1.628597779258631 75.32000000000215
3767 1.620005538835321 75.34000000000215
3768 1.611266399608657 75.36000000000215
3769 1.602443539402663 75.38000000000214
3770 1.593481514788447 75.40000000000214
3771 1.58449124509404 75.42000000000213
3772 1.575382379356819 75.44000000000213
3773 1.56617063644938 75.46000000000213
3774 1.556866020127872 75.48000000000212
3775 1.547521314378581 75.50000000000212
3776 1.538249080718697 75.52000000000211
3777 1.528930923063598 75.54000000000211
3778 1.519664221082178 75.56000000000211
3779 1.510386546759399 75.5800000000021
3780 1.501119086422744 75.6000000000021
3781 1.491903409175078 75.62000000000209
3782 1.482728065593567 75.64000000000209
3783 1.473706707768623 75.66000000000209
3784 1.464742343836843 75.68000000000208
3785 1.455913579909415 75.70000000000208
3786 1.447181702343533 75.72000000000207
3787 1.438522459302042 75.74000000000207
3788 1.429969886542721 75.76000000000207
3789 1.421579380452381 75.78000000000206
3790 1.413187323174887 75.80000000000206
3791 1.405008334260042 75.82000000000205
3792 1.39705850821675 75.84000000000205
3793 1.389385518180365 75.86000000000205
3794 1.382009255374265 75.88000000000204
3795 1.374774012330697 75.90000000000204
3796 1.367883529874163 75.92000000000203
3797 1.361269695103517 75.94000000000203
3798 1.354911688841572 75.96000000000203
3799 1.348897477040661 75.98000000000202
3800 1.343133867387589 76.00000000000202
3801 1.337556683853844 76.02000000000201
3802 1.332307829518552 76.04000000000201
3803 1.327247510325819 76.06000000000201
3804 1.322381525308422 76.080000000002
3805 1.317733329746426 76.100000000002
3806 1.313427751205659 76.12000000000199
3807 1.30949572295358 76.14000000000199
3808 1.305936746906002 76.16000000000199
3809 1.302673181930071 76.18000000000198
3810 1.300063978001991 76.20000000000198
3811 1.297911566290328 76.22000000000197
3812 1.296147957719025 76.24000000000197
3813 1.294639860265694 76.26000000000197
3814 1.293490916981976 76.28000000000196
3815 1.292491884630249 76.30000000000196
3816 1.291517803727685 76.32000000000195
3817 1.290824202285635 76.34000000000195
3818 1.290660318941592 76.36000000000195
3819 1.291007919665685 76.38000000000194
3820 1.292027410097649 76.40000000000194
3821 1.293190009812742 76.42000000000193
3822 1.295086406983239 76.44000000000193
3823 1.297027229715462 76.46000000000193
3824 1.299567694045409 76.48000000000192
3825 1.302462825254164 76.50000000000192
3826 1.305646010049777 76.52000000000191
3827 1.308774050983878 76.54000000000191
3828 1.312423292230484 76.56000000000191
3829 1.31646950863201 76.5800000000019
3830 1.32062476097714 76.6000000000019
3831 1.325444926716974 76.62000000000189
3832 1.330874111348492 76.64000000000189
3833 1.33652801714717 76.66000000000189
3834 1.342420895104521 76.68000000000188
3835 1.348709521830453 76.70000000000188
3836 1.355005301465011 76.72000000000187
3837 1.361534350656193 76.74000000000187
3838 1.368572004439232 76.76000000000187
3839 1.375798154392016 76.78000000000186
3840 1.38311819777255 76.80000000000186
3841 1.390691608676877 76.82000000000185
3842 1.398616439935264 76.84000000000185
3843 1.407051246573637 76.86000000000185
3844 1.415585769290362 76.88000000000184
3845 1.424084573614818 76.90000000000184
3846 1.432672126634353 76.92000000000183
3847 1.441649637321895 76.94000000000183
3848 1.45078215634425 76.96000000000183
3849 1.459975620309401 76.98000000000182
3850 1.469214993786939 77.00000000000182
3851 1.478945070864268 77.02000000000182
3852 1.4886043796287 77.04000000000181
3853 1.498201227079225 77.06000000000181
3854 1.507846744755214 77.0800000000018
3855 1.517463913879916 77.1000000000018
3856 1.527156917194395 77.1200000000018
3857 1.536817482693718 77.14000000000179
3858 1.546379099769942 77.16000000000179
3859 1.555924890264884 77.18000000000178
3860 1.565294455657866 77.20000000000178
3861 1.574758530959832 77.22000000000178
3862 1.584184621220978 77.24000000000177
3863 1.593574828898205 77.26000000000177
3864 1.602751973648037 77.28000000000176
3865 1.611710595154694 77.30000000000176
3866 1.620414556838374 77.32000000000176
3867 1.629107617738195 77.34000000000175
3868 1.637592922085572 77.36000000000175
3869 1.645869313277539 77.38000000000174
3870 1.653784652202194 77.40000000000174
3871 1.661483214557827 77.42000000000174
3872 1.669057245682553 77.44000000000173
3873 1.676370155871075 77.46000000000173
3874 1.683336080228285 77.48000000000172
3875 1.690166937395128 77.50000000000172
3876 1.696492091031029 77.52000000000172
3877 1.702473469119383 77.54000000000171
3878 1.708281145715915 77.56000000000171
3879 1.713860357590174 77.5800000000017
3880 1.718994429338365 77.6000000000017
3881 1.723712144687439 77.6200000000017
3882 1.728119731775588 77.64000000000169
3883 1.732209003391423 77.66000000000169
3884 1.735918901414609 77.68000000000168
3885 1.739150403642022 77.70000000000168
3886 1.742043117304152 77.72000000000168
3887 1.744649525123043 77.74000000000167
3888 1.746838433102987 77.76000000000167
3889 1.748660587302621 77.78000000000166
3890 1.750078360738761 77.80000000000166
3891 1.750811205941319 77.82000000000166
3892 1.751301347093998 77.84000000000165
3893 1.751452435316131 77.86000000000165
3894 1.751251643907569 77.88000000000164
3895 1.750598960310817 77.90000000000164
3896 1.749492489407979 77.92000000000164
3897 1.74809054447243 77.94000000000163
3898 1.746300581348169 77.96000000000163
3899 1.744168312534614 77.98000000000162
3900 1.741611300907904 78.00000000000162
3901 1.738814339619838 78.02000000000162
3902 1.735520835921728 78.04000000000161
3903 1.73189543053526 78.06000000000161
3904 1.72790275493263 78.0800000000016
3905 1.72359275763184 78.1000000000016
3906 1.718936103378905 78.1200000000016
3907 1.713960460505332 78.14000000000159
3908 1.708729769715406 78.16000000000159
3909 1.703085912888126 78.18000000000158
3910 1.697130975638436 78.20000000000158
3911 1.690874197190042 78.22000000000158
3912 1.684345547243883 78.24000000000157
3913 1.677531726054383 78.26000000000157
3914 1.670437381272229 78.28000000000156
3915 1.663119797888233 78.30000000000156
3916 1.655616549986407 78.32000000000156
3917 1.647903925544588 78.34000000000155
3918 1.639925313598953 78.36000000000155
3919 1.631736832587658 78.38000000000154
3920 1.623493024863906 78.40000000000154
3921 1.615113205120529 78.42000000000154
3922 1.606513427244895 78.44000000000153
3923 1.597805927833535 78.46000000000153
3924 1.589011856646984 78.48000000000152
3925 1.580143535858069 78.50000000000152
3926 1.57125945015041 78.52000000000152
3927 1.562241607472551 78.54000000000151
3928 1.553211982178093 78.56000000000151
3929 1.544118592727545 78.5800000000015
3930 1.535011801506039 78.6000000000015
3931 1.525818986659905 78.6200000000015
3932 1.516621377365486 78.64000000000149
3933 1.507430869286073 78.66000000000149
3934 1.498321475885525 78.68000000000148
3935 1.489273863704753 78.70000000000148
3936 1.480215408091482 78.72000000000148
3937 1.471217705598717 78.74000000000147
3938 1.462329315201055 78.76000000000147
3939 1.453578542299764 78.78000000000146
3940 1.444931592737798 78.80000000000146
3941 1.436374331258591 78.82000000000146
3942 1.427974068103437 78.84000000000145
3943 1.419790931356319 78.86000000000145
3944 1.411796690230344 78.88000000000144
3945 1.403870367340383 78.90000000000144
3946 1.39617818012277 78.92000000000144
3947 1.388602780925816 78.94000000000143
3948 1.381373624472072 78.96000000000143
3949 1.37423883044767 78.98000000000143
3950 1.367413599773395 79.00000000000142
3951 1.360831944690186 79.02000000000142
3952 1.354491886809159 79.04000000000141
3953 1.348562623382665 79.06000000000141
3954 1.342785075167409 79.08000000000141
3955 1.337348306524927 79.1000000000014
3956 1.332105347333025 79.1200000000014
3957 1.327094219765674 79.14000000000139
3958 1.322468526540488 79.16000000000139
3959 1.318083922062014 79.18000000000139
3960 1.314138324073828 79.20000000000138
3961 1.310501109652089 79.22000000000138
3962 1.307440736073276 79.24000000000137
3963 1.304767450253552 79.26000000000137
3964 1.302238705901459 79.28000000000137
3965 1.300009722956626 79.30000000000136
3966 1.298120310368635 79.32000000000136
3967 1.296629432795712 79.34000000000135
3968 1.295490986987151 79.36000000000135
3969 1.294731761289903 79.38000000000135
3970 1.294214147130757 79.40000000000134
3971 1.294254714794288 79.42000000000134
3972 1.294798165055694 79.44000000000133
3973 1.295932883542914 79.46000000000133
3974 1.297384827010065 79.48000000000133
3975 1.299034523194469 79.50000000000132
3976 1.300879677267918 79.52000000000132
3977 1.303184149879863 79.54000000000131
3978 1.305722180645244 79.56000000000131
3979 1.3089661325012 79.58000000000131
3980 1.312945310428418 79.6000000000013
3981 1.31745034910934 79.6200000000013
3982 1.321795920544478 79.64000000000129
3983 1.32644481572643 79.66000000000129
3984 1.331080575797757 79.68000000000129
3985 1.336278938809788 79.70000000000128
3986 1.341851883454197 79.72000000000128
3987 1.347708203385147 79.74000000000127
3988 1.354056920660459 79.76000000000127
3989 1.360731399374982 79.78000000000127
3990 1.367563916610509 79.80000000000126
3991 1.374804766648131 79.82000000000126
3992 1.382419301352412 79.84000000000125
3993 1.390179905016808 79.86000000000125
3994 1.398283575492782 79.88000000000125
3995 1.406561736197377 79.90000000000124
3996 1.41485155519308 79.92000000000124
3997 1.423592127501239 79.94000000000123
3998 1.432389003676515 79.96000000000123
3999 1.441242523927915 79.98000000000123
4000 1.450241589951897 80.00000000000122
4001 1.459401750173191 80.02000000000122
4002 1.468868606863722 80.04000000000121
4003 1.478441425965609 80.06000000000121
4004 1.488044522610711 80.08000000000121
4005 1.497793514378274 80.1000000000012
4006 1.507343897346617 80.1200000000012
4007 1.516912341388163 80.14000000000119
4008 1.526676895974925 80.16000000000119
4009 1.536468082643513 80.18000000000119
4010 1.546162028693837 80.20000000000118
4011 1.555758826800683 80.22000000000118
4012 1.565327698748485 80.24000000000117
4013 1.57479879318843 80.26000000000117
4014 1.584149921730498 80.28000000000117
4015 1.593446896035982 80.30000000000116
4016 1.602658214509398 80.32000000000116
4017 1.611681524845843 80.34000000000115
4018 1.620561425818976 80.36000000000115
4019 1.629183186125655 80.38000000000115
4020 1.637652931418803 80.40000000000114
4021 1.64594507385542 80.42000000000114
4022 1.654097966254168 80.44000000000113
4023 1.661941045530331 80.46000000000113
4024 1.669546748923742 80.48000000000113
4025 1.676836093017226 80.50000000000112
4026 1.683811658626888 80.52000000000112
4027 1.690613668018585 80.54000000000111
4028 1.697166846903015 80.56000000000111
4029 1.703285763205395 80.58000000000111
4030 1.709119863108063 80.6000000000011
4031 1.714700343266327 80.6200000000011
4032 1.719963497772857 80.64000000000109
4033 1.724830215440027 80.66000000000109
4034 1.729267409931485 80.68000000000109
4035 1.733406332814481 80.70000000000108
4036 1.737137193940895 80.72000000000108
4037 1.740523639249352 80.74000000000107
4038 1.743385819629287 80.76000000000107
4039 1.745928964699917 80.78000000000107
4040 1.748086557720511 80.80000000000106
4041 1.749851328607805 80.82000000000106
4042 1.751264373870682 80.84000000000106
4043 1.75233005733313 80.86000000000105
4044 1.752965776466118 80.88000000000105
4045 1.753215611579402 80.90000000000104
4046 1.752981732801856 80.92000000000104
4047 1.752270749367683 80.94000000000104
4048 1.75125782175478 80.96000000000103
4049 1.749947840581821 80.98000000000103
4050 1.748176967744028 81.00000000000102
4051 1.745983387214141 81.02000000000102
4052 1.743421840449486 81.04000000000102
4053 1.740422611472394 81.06000000000101
4054 1.737097570937125 81.08000000000101
4055 1.733464105808402 81.100000000001
4056 1.729537481215861 81.120000000001
4057 1.725295013364897 81.140000000001
4058 1.720726261757399 81.16000000000099
4059 1.715739508931901 81.18000000000099
4060 1.710477811075872 81.20000000000098
4061 1.704843655993676 81.22000000000098
4062 1.699010842344254 81.24000000000098
4063 1.692888934026919 81.26000000000097
4064 1.6865774932269 81.28000000000097
4065 1.680020324690533 81.30000000000096
4066 1.673134609501845 81.32000000000096
4067 1.666063003860148 81.34000000000096
4068 1.658672938354644 81.36000000000095
4069 1.651108650402429 81.38000000000095
4070 1.643341617915233 81.40000000000094
4071 1.635430893027686 81.42000000000094
4072 1.627286399513242 81.44000000000094
4073 1.61891119594118 81.46000000000093
4074 1.610458256796221 81.48000000000093
4075 1.60184545928871 81.50000000000092
4076 1.593017929161609 81.52000000000092
4077 1.584228408979724 81.54000000000092
4078 1.575353929494444 81.56000000000091
4079 1.566370370357733 81.58000000000091
4080 1.557327486307074 81.6000000000009
4081 1.548203625860257 81.6200000000009
4082 1.539044705655507 81.6400000000009
4083 1.529929391361173 81.66000000000089
4084 1.520871672105716 81.68000000000089
4085 1.511785400590009 81.70000000000088
4086 1.502744614728841 81.72000000000088
4087 1.493739267232318 81.74000000000088
4088 1.484745525084233 81.76000000000087
4089 1.475835609413553 81.78000000000087
4090 1.466976655199387 81.80000000000086
4091 1.45816817412162 81.82000000000086
4092 1.449426809769721 81.84000000000086
4093 1.440803423725209 81.86000000000085
4094 1.432254303677325 81.88000000000085
4095 1.423830487850888 81.90000000000084
4096 1.415554867937556 81.92000000000084
4097 1.4075167829766 81.94000000000084
4098 1.399737165283129 81.96000000000083
4099 1.39210526761456 81.98000000000083
4100 1.384595960836879 82.00000000000082
4101 1.377437847792069 82.02000000000082
4102 1.370495159905589 82.04000000000082
4103 1.363780941159159 82.06000000000081
4104 1.35729363402676 82.08000000000081
4105 1.351077117404891 82.1000000000008
4106 1.345071694751346 82.1200000000008
4107 1.33930224465202 82.1400000000008
4108 1.33372616790347 82.16000000000079
4109 1.328477458798958 82.18000000000079
4110 1.323398618212215 82.20000000000078
4111 1.318593420813182 82.22000000000078
4112 1.314130185033588 82.24000000000078
4113 1.309988201743954 82.26000000000077
4114 1.306107262678384 82.28000000000077
4115 1.302601920799773 82.30000000000076
4116 1.299765298413565 82.32000000000076
4117 1.297228327629559 82.34000000000076
4118 1.295112098284925 82.36000000000075
4119 1.293135706707709 82.38000000000075
4120 1.291483295942416 82.40000000000074
4121 1.290076997504587 82.42000000000074
4122 1.288718757084065 82.44000000000074
4123 1.287778756244737 82.46000000000073
4124 1.287351500027392 82.48000000000073
4125 1.287069941445399 82.50000000000072
4126 1.287295360772927 82.52000000000072
4127 1.288159314194114 82.54000000000072
4128 1.289477351956294 82.56000000000071
4129 1.291021802472351 82.58000000000071
4130 1.292864330389135 82.6000000000007
4131 1.295208768222067 82.6200000000007
4132 1.298096315614603 82.6400000000007
4133 1.300696863635993 82.66000000000069
4134 1.30372785025325 82.68000000000069
4135 1.307350666033714 82.70000000000068
4136 1.31080740154837 82.72000000000068
4137 1.314967321637023 82.74000000000068
4138 1.31960218742985 82.76000000000067
4139 1.324577002476247 82.78000000000067
4140 1.32988866130689 82.80000000000067
4141 1.335484743456291 82.82000000000066
4142 1.341253833112377 82.84000000000066
4143 1.347295901418731 82.86000000000065
4144 1.353714744219517 82.88000000000065
4145 1.360273752433271 82.90000000000065
4146 1.367082829038829 82.92000000000064
4147 1.374119790298044 82.94000000000064
4148 1.381454519614038 82.96000000000063
4149 1.389388844056638 82.98000000000063
4150 1.397393225541932 83.00000000000063
4151 1.405316175659578 83.02000000000062
4152 1.413433294337161 83.04000000000062
4153 1.421991017560589 83.06000000000061
4154 1.430564221712993 83.08000000000061
4155 1.439222388045702 83.10000000000061
4156 1.448080932326805 83.1200000000006
4157 1.457386560509536 83.1400000000006
4158 1.46655811029812 83.16000000000059
4159 1.475738931015261 83.18000000000059
4160 1.485118093765881 83.20000000000059
4161 1.494406909649114 83.22000000000058
4162 1.50378387890175 83.24000000000058
4163 1.513175842985281 83.26000000000057
4164 1.522435277317542 83.28000000000057
4165 1.531751058056698 83.30000000000057
4166 1.540909517714889 83.32000000000056
4167 1.55030168805512 83.34000000000056
4168 1.559647873625022 83.36000000000055
4169 1.568844429095711 83.38000000000055
4170 1.577967432302346 83.40000000000055
4171 1.586865835301509 83.42000000000054
4172 1.595638891140432 83.44000000000054
4173 1.604244183547884 83.46000000000053
4174 1.612864471244884 83.48000000000053
4175 1.621277616012932 83.50000000000053
4176 1.629384977257666 83.52000000000052
4177 1.637215605304595 83.54000000000052
4178 1.644813583985015 83.56000000000051
4179 1.652389237375045 83.58000000000051
4180 1.659622792529434 83.60000000000051
4181 1.666584117116225 83.6200000000005
4182 1.673286662898438 83.6400000000005
4183 1.679758866338936 83.66000000000049
4184 1.685944540488446 83.68000000000049
4185 1.691845300753123 83.70000000000049
4186 1.697419557509755 83.72000000000048
4187 1.702572963166828 83.74000000000048
4188 1.70746867003856 83.76000000000047
4189 1.712082336014338 83.78000000000047
4190 1.716377977270199 83.80000000000047
4191 1.720288198741329 83.82000000000046
4192 1.723743285784187 83.84000000000046
4193 1.726877147560138 83.86000000000045
4194 1.729623144091969 83.88000000000045
4195 1.732020528727439 83.90000000000045
4196 1.734022950319697 83.92000000000044
4197 1.735729301964392 83.94000000000044
4198 1.736878577372899 83.96000000000043
4199 1.737683381117436 83.98000000000043
4200 1.738069274096905 84.00000000000043
4201 1.738097048129564 84.02000000000042
4202 1.737835603449283 84.04000000000042
4203 1.737156222231914 84.06000000000041
4204 1.736047097797556 84.08000000000041
4205 1.734684628144973 84.10000000000041
4206 1.732927873487687 84.1200000000004
4207 1.730730560602862 84.1400000000004
4208 1.728225281457397 84.16000000000039
4209 1.725367633948384 84.18000000000039
4210 1.722134735986716 84.20000000000039
4211 1.718538266854464 84.22000000000038
4212 1.714624072570082 84.24000000000038
4213 1.710420152907806 84.26000000000037
4214 1.705863098703146 84.28000000000037
4215 1.700980354506671 84.30000000000037
4216 1.695791364493473 84.32000000000036
4217 1.690214270454524 84.34000000000036
4218 1.684379133458041 84.36000000000035
4219 1.678279822026353 84.38000000000035
4220 1.671941640702288 84.40000000000035
4221 1.66534213165398 84.42000000000034
4222 1.658486748745958 84.44000000000034
4223 1.651237202005985 84.46000000000033
4224 1.643875942367441 84.48000000000033
4225 1.636378092240906 84.50000000000033
4226 1.628626361875683 84.52000000000032
4227 1.620837279916964 84.54000000000032
4228 1.612741238125445 84.56000000000031
4229 1.60454319362359 84.58000000000031
4230 1.59622961102651 84.60000000000031
4231 1.58777506122106 84.6200000000003
4232 1.579197294414057 84.6400000000003
4233 1.570570243362012 84.6600000000003
4234 1.561886639322033 84.68000000000029
4235 1.553078396000203 84.70000000000029
4236 1.544201553566325 84.72000000000028
4237 1.535300487366978 84.74000000000028
4238 1.526351423642024 84.76000000000028
4239 1.517403225944391 84.78000000000027
4240 1.508424839622797 84.80000000000027
4241 1.499438894531951 84.82000000000026
4242 1.490527893373542 84.84000000000026
4243 1.481687876785954 84.86000000000026
4244 1.472883578574297 84.88000000000025
4245 1.464189497968242 84.90000000000025
4246 1.455543408664922 84.92000000000024
4247 1.446935309192445 84.94000000000024
4248 1.438488919191805 84.96000000000024
4249 1.430193295371063 84.98000000000023
4250 1.421990089366997 85.00000000000023
4251 1.413940236320764 85.02000000000022
4252 1.406076854875753 85.04000000000022
4253 1.39833950992689 85.06000000000022
4254 1.390767541790414 85.08000000000021
4255 1.38339848730501 85.10000000000021
4256 1.376209245065237 85.1200000000002
4257 1.369354137339999 85.1400000000002
4258 1.362733440897573 85.1600000000002
4259 1.356279713590486 85.18000000000019
4260 1.350116874021587 85.20000000000019
4261 1.344223124372058 85.22000000000018
4262 1.338601448986807 85.24000000000018
4263 1.333185990190119 85.26000000000018
4264 1.328073661633045 85.28000000000017
4265 1.323166754578697 85.30000000000017
4266 1.318580473690464 85.32000000000016
4267 1.314284481689408 85.34000000000016
4268 1.310387205844315 85.36000000000016
4269 1.306954671572122 85.38000000000015
4270 1.303953380739776 85.40000000000015
4271 1.301123897555628 85.42000000000014
4272 1.298541576120441 85.44000000000014
4273 1.296288481399398 85.46000000000014
4274 1.294421133301823 85.48000000000013
4275 1.292915385610301 85.50000000000013
4276 1.291843550394691 85.52000000000012
4277 1.291065280771933 85.54000000000012
4278 1.29075679173317 85.56000000000012
4279 1.290797567274421 85.58000000000011
4280 1.291436014889711 85.60000000000011
4281 1.292440266264709 85.6200000000001
4282 1.293651140333501 85.6400000000001
4283 1.295048685786024 85.6600000000001
4284 1.296793229353113 85.68000000000009
4285 1.2989065400336 85.70000000000009
4286 1.301513480563187 85.72000000000008
4287 1.304801819014659 85.74000000000008
4288 1.309010982969882 85.76000000000008
4289 1.31298426655743 85.78000000000007
4290 1.317301838655711 85.80000000000007
4291 1.321733659648671 85.82000000000006
4292 1.326329907677976 85.84000000000006
4293 1.331460689485069 85.86000000000006
4294 1.336864104164257 85.88000000000005
4295 1.342603759426195 85.90000000000005
4296 1.348780391839991 85.92000000000004
4297 1.355235505428829 85.94000000000004
4298 1.361987604908506 85.96000000000004
4299 1.369165721565861 85.98000000000003
4300 1.376576985184983 86.00000000000003
4301 1.384252275910579 86.02000000000002
4302 1.392178224634902 86.04000000000002
4303 1.400187268265455 86.06000000000002
4304 1.40844745253026 86.08000000000001
4305 1.417032634170199 86.10000000000001
4306 1.425596043762314 86.12
4307 1.434366446134708 86.14
4308 1.443282896309503 86.16
4309 1.452378989572715 86.17999999999999
4310 1.461740699635998 86.19999999999999
4311 1.47120445621738 86.21999999999998
4312 1.48066663791587 86.23999999999998
4313 1.490129060577272 86.25999999999998
4314 1.499555131999461 86.27999999999997
4315 1.509128579253709 86.29999999999997
4316 1.518841927126696 86.31999999999996
4317 1.528503226687537 86.33999999999996
4318 1.538049885242095 86.35999999999996
4319 1.547503372561728 86.37999999999995
4320 1.556980543001496 86.39999999999995
4321 1.566387649042215 86.41999999999994
4322 1.575768543727812 86.43999999999994
4323 1.585073004986386 86.45999999999994
4324 1.594256353417721 86.47999999999993
4325 1.60324362424557 86.49999999999993
4326 1.612010079302402 86.51999999999992
4327 1.620568892433383 86.53999999999992
4328 1.628992263307639 86.55999999999992
4329 1.637368407411835 86.57999999999991
4330 1.645574806595646 86.59999999999991
4331 1.653475742465143 86.61999999999991
4332 1.661052523655287 86.6399999999999
4333 1.668397971343843 86.6599999999999
4334 1.675505508299497 86.67999999999989
4335 1.682278493528488 86.69999999999989
4336 1.68884000447224 86.71999999999989
4337 1.695031531789466 86.73999999999988
4338 1.701028213203741 86.75999999999988
4339 1.706677118099153 86.77999999999987
4340 1.711908341723217 86.79999999999987
4341 1.716841603322727 86.81999999999987
4342 1.721411679295054 86.83999999999986
4343 1.725651405528905 86.85999999999986
4344 1.729542518647918 86.87999999999985
4345 1.733059823237467 86.89999999999985
4346 1.736167426338908 86.91999999999985
4347 1.738774733464763 86.93999999999984
4348 1.741042039541916 86.95999999999984
4349 1.742991723306074 86.97999999999983
4350 1.744632735834933 86.99999999999983
4351 1.745929755337831 87.01999999999983
4352 1.746704927641945 87.03999999999982
4353 1.747032175293671 87.05999999999982
4354 1.746994979335327 87.07999999999981
4355 1.746593054041765 87.09999999999981
4356 1.745792711511444 87.11999999999981
4357 1.744591173706321 87.1399999999998
4358 1.74305991147753 87.1599999999998
4359 1.741117106383503 87.17999999999979
4360 1.738648946893234 87.19999999999979
4361 1.735773444739512 87.21999999999979
4362 1.732695864695857 87.23999999999978
4363 1.729283027555953 87.25999999999978
4364 1.725559603671557 87.27999999999977
4365 1.721577705938086 87.29999999999977
4366 1.717187567942721 87.31999999999977
4367 1.712439923047908 87.33999999999976
4368 1.707287081822056 87.35999999999976
4369 1.701938663149716 87.37999999999975
4370 1.696256874266317 87.39999999999975
4371 1.690418089251277 87.41999999999975
4372 1.684285174427354 87.43999999999974
4373 1.677881173522915 87.45999999999974
4374 1.671100969850473 87.47999999999973
4375 1.664228866923605 87.49999999999973
4376 1.657099470450901 87.51999999999973
4377 1.649773887767731 87.53999999999972
4378 1.642168634861441 87.55999999999972
4379 1.634357806379679 87.57999999999971
4380 1.626368628886005 87.59999999999971
4381 1.618264230634142 87.61999999999971
4382 1.609924957690302 87.6399999999997
4383 1.601405968439482 87.6599999999997
4384 1.592897335039623 87.67999999999969
4385 1.584233613426883 87.69999999999969
4386 1.575482710540486 87.71999999999969
4387 1.566648454045535 87.73999999999968
4388 1.557711472256734 87.75999999999968
4389 1.548730262185479 87.77999999999967
4390 1.53979745667505 87.79999999999967
4391 1.530839312538456 87.81999999999967
4392 1.52191420311524 87.83999999999966
4393 1.512931945832251 87.85999999999966
4394 1.503969844897141 87.87999999999965
4395 1.495010940445084 87.89999999999965
4396 1.48607347997599 87.91999999999965
4397 1.477230597736712 87.93999999999964
4398 1.468432875132129 87.95999999999964
4399 1.459659447405844 87.97999999999963
4400 1.451000457173033 87.99999999999963
4401 1.442423380771546 88.01999999999963
4402 1.433955317276061 88.03999999999962
4403 1.425575332275364 88.05999999999962
4404 1.417380569701367 88.07999999999961
4405 1.409379857632354 88.09999999999961
4406 1.401538509554952 88.11999999999961
4407 1.393860375182906 88.1399999999996
4408 1.386470109905216 88.1599999999996
4409 1.379198214283751 88.17999999999959
4410 1.372292648037283 88.19999999999959
4411 1.36545380606998 88.21999999999959
4412 1.358897536116357 88.23999999999958
4413 1.352626489073947 88.25999999999958
4414 1.346547521160723 88.27999999999957
4415 1.340752315915011 88.29999999999957
4416 1.335189306676883 88.31999999999957
4417 1.329877900005216 88.33999999999956
4418 1.324696268597882 88.35999999999956
4419 1.319799347986712 88.37999999999955
4420 1.315169867496771 88.39999999999955
4421 1.31082542024833 88.41999999999955
4422 1.306842121790551 88.43999999999954
4423 1.303207969696562 88.45999999999954
4424 1.30026998954732 88.47999999999954
4425 1.297581982280527 88.49999999999953
4426 1.295210924703583 88.51999999999953
4427 1.293090712258997 88.53999999999952
4428 1.291305395571249 88.55999999999952
4429 1.289692553169569 88.57999999999952
4430 1.288197020889839 88.59999999999951
4431 1.287041763029686 88.61999999999951
4432 1.286440758379838 88.6399999999995
4433 1.285946902834264 88.6599999999995
4434 1.285935904804966 88.6799999999995
4435 1.286554674967916 88.69999999999949
4436 1.287564245561548 88.71999999999949
4437 1.288964539211552 88.73999999999948
4438 1.290562481716698 88.75999999999948
4439 1.29262714308954 88.77999999999948
4440 1.295265558057837 88.79999999999947
4441 1.297737464527153 88.81999999999947
4442 1.300456949663286 88.83999999999946
4443 1.303739779331651 88.85999999999946
4444 1.307086150153477 88.87999999999946
4445 1.310802126439455 88.89999999999945
4446 1.315181415816268 88.91999999999945
4447 1.319892637974826 88.93999999999944
4448 1.324920016254926 88.95999999999944
4449 1.330240051567681 88.97999999999944
4450 1.335849846627933 88.99999999999943
4451 1.341543443150376 89.01999999999943
4452 1.347823148919064 89.03999999999942
4453 1.35408730131297 89.05999999999942
4454 1.360677490728123 89.07999999999942
4455 1.367491555223733 89.09999999999941
4456 1.374550278153497 89.11999999999941
4457 1.382155754614233 89.1399999999994
4458 1.389920756818577 89.1599999999994
4459 1.397692645256374 89.1799999999994
4460 1.405567700774993 89.19999999999939
4461 1.413919357710039 89.21999999999939
4462 1.422260344110474 89.23999999999938
4463 1.430736746165512 89.25999999999938
4464 1.439411593008005 89.27999999999938
4465 1.448390420931534 89.29999999999937
4466 1.45741936484201 89.31999999999937
4467 1.466441987160632 89.33999999999936
4468 1.475672384223488 89.35999999999936
4469 1.484874228776221 89.37999999999936
4470 1.494107215383112 89.39999999999935
4471 1.50338911926474 89.41999999999935
4472 1.51257050289489 89.43999999999934
4473 1.521854510048344 89.45999999999934
4474 1.530883598794836 89.47999999999934
4475 1.540159987340102 89.49999999999933
4476 1.549470571731608 89.51999999999933
4477 1.558639059261558 89.53999999999932
4478 1.567672667467112 89.55999999999932
4479 1.576599527609236 89.57999999999932
4480 1.585399612874618 89.59999999999931
4481 1.594051312360655 89.61999999999931
4482 1.602651197233158 89.6399999999993
4483 1.611082865130139 89.6599999999993
4484 1.619310840873222 89.6799999999993
4485 1.627189847608911 89.69999999999929
4486 1.634887318967386 89.71999999999929
4487 1.64250651650769 89.73999999999928
4488 1.649832609807503 89.75999999999928
4489 1.656932669049975 89.77999999999928
4490 1.663794288795001 89.79999999999927
4491 1.67046104023549 89.81999999999927
4492 1.676818451907405 89.83999999999926
4493 1.682850810029124 89.85999999999926
4494 1.688582569230664 89.87999999999926
4495 1.694024935760191 89.89999999999925
4496 1.699048297190319 89.91999999999925
4497 1.703870393114727 89.93999999999924
4498 1.70837009101888 89.95999999999924
4499 1.712604681454398 89.97999999999924
4500 1.716418718497646 89.99999999999923
4501 1.719776025762074 90.01999999999923
4502 1.722818844485041 90.03999999999922
4503 1.725422546163181 90.05999999999922
4504 1.727703559796998 90.07999999999922
4505 1.729688861109787 90.09999999999921
4506 1.73121449224646 90.11999999999921
4507 1.732325329206143 90.1399999999992
4508 1.733043490602482 90.1599999999992
4509 1.733319221459874 90.1799999999992
4510 1.733281238851527 90.19999999999919
4511 1.73295285242805 90.21999999999919
4512 1.732218383492963 90.23999999999918
4513 1.731171578477815 90.25999999999918
4514 1.729777889447468 90.27999999999918
4515 1.727906194002649 90.29999999999917
4516 1.725696599381674 90.31999999999917
4517 1.723116757829444 90.33999999999916
4518 1.720224060642755 90.35999999999916
4519 1.716996436292865 90.37999999999916
4520 1.713477954977155 90.39999999999915
4521 1.709587221626696 90.41999999999915
4522 1.705309233048518 90.43999999999915
4523 1.700730844352141 90.45999999999914
4524 1.695904096351383 90.47999999999914
4525 1.690632031727129 90.49999999999913
4526 1.685082997292789 90.51999999999913
4527 1.679291440151073 90.53999999999913
4528 1.673274141678987 90.55999999999912
4529 1.666934615126768 90.57999999999912
4530 1.660309559867084 90.59999999999911
4531 1.65341046028684 90.61999999999911
4532 1.646369011347866 90.63999999999911
4533 1.63913188927841 90.6599999999991
4534 1.631622153996985 90.6799999999991
4535 1.624038467777739 90.69999999999909
4536 1.616181233048187 90.71999999999909
4537 1.608172672024144 90.73999999999909
4538 1.600051187554818 90.75999999999908
4539 1.591742829418817 90.77999999999908
4540 1.583343989593392 90.79999999999907
4541 1.574860680312003 90.81999999999907
4542 1.566311758002587 90.83999999999907
4543 1.557600485784887 90.85999999999906
4544 1.548929131756112 90.87999999999906
4545 1.540104580176695 90.89999999999905
4546 1.531281697288099 90.91999999999905
4547 1.522471055275457 90.93999999999905
4548 1.513545875626594 90.95999999999904
4549 1.504624498693235 90.97999999999904
4550 1.495802509742716 90.99999999999903
4551 1.486980833342815 91.01999999999903
4552 1.478216435104954 91.03999999999903
4553 1.469530308023397 91.05999999999902
4554 1.460895467168591 91.07999999999902
4555 1.452276572809955 91.09999999999901
4556 1.443807697916933 91.11999999999901
4557 1.435476559167886 91.13999999999901
4558 1.427215776394411 91.159999999999
4559 1.419085336110727 91.179999999999
4560 1.4111591979006 91.19999999999899
4561 1.403293335096871 91.21999999999899
4562 1.395598258080875 91.23999999999899
4563 1.388124305689603 91.25999999999898
4564 1.380890699917359 91.27999999999898
4565 1.37380877886486 91.29999999999897
4566 1.367067347911448 91.31999999999897
4567 1.36044663628045 91.33999999999897
4568 1.354040924335117 91.35999999999896
4569 1.347989731105953 91.37999999999896
4570 1.342205245803939 91.39999999999895
4571 1.336596495998704 91.41999999999895
4572 1.331266045644544 91.43999999999895
4573 1.326156510224938 91.45999999999894
4574 1.321252099529329 91.47999999999894
4575 1.316717190110528 91.49999999999893
4576 1.312531042676889 91.51999999999893
4577 1.30868800607765 91.53999999999893
4578 1.305371943073005 91.55999999999892
4579 1.302365258328825 91.57999999999892
4580 1.299521755360384 91.59999999999891
4581 1.296935262078243 91.61999999999891
4582 1.294735335829784 91.63999999999891
4583 1.292941089132181 91.6599999999989
4584 1.291486348579639 91.6799999999989
4585 1.290351630139222 91.69999999999889
4586 1.289733043160076 91.71999999999889
4587 1.289416565453707 91.73999999999889
4588 1.289539317501143 91.75999999999888
4589 1.290178029279006 91.77999999999888
4590 1.291115930212798 91.79999999999887
4591 1.292228695907718 91.81999999999887
4592 1.293629062463171 91.83999999999887
4593 1.295474770858751 91.85999999999886
4594 1.297493186433598 91.87999999999886
4595 1.300208264808151 91.89999999999885
4596 1.303627831238162 91.91999999999885
4597 1.307781815282688 91.93999999999885
4598 1.311601360944207 91.95999999999884
4599 1.316047052215375 91.97999999999884
4600 1.320305815753128 91.99999999999883
4601 1.324933031883963 92.01999999999883
4602 1.329997393798451 92.03999999999883
4603 1.335375875042482 92.05999999999882
4604 1.341104069490665 92.07999999999882
4605 1.347368006362469 92.09999999999881
4606 1.353724789025997 92.11999999999881
4607 1.360544396010994 92.13999999999881
4608 1.367663038755023 92.1599999999988
4609 1.375034285216465 92.1799999999988
4610 1.382714570861449 92.19999999999879
4611 1.390563084949467 92.21999999999879
4612 1.398511246640674 92.23999999999879
4613 1.406765687332626 92.25999999999878
4614 1.415336061164258 92.27999999999878
4615 1.423827249013057 92.29999999999878
4616 1.432589802282766 92.31999999999877
4617 1.441430309483876 92.33999999999877
4618 1.450577261812195 92.35999999999876
4619 1.459907380522012 92.37999999999876
4620 1.469307283288278 92.39999999999876
4621 1.478775017558203 92.41999999999875
4622 1.488124888506921 92.43999999999875
4623 1.497522454100819 92.45999999999874
4624 1.507107680058072 92.47999999999874
4625 1.516800836099871 92.49999999999874
4626 1.526425010358891 92.51999999999873
4627 1.535905735793819 92.53999999999873
4628 1.545324823662452 92.55999999999872
4629 1.554769416071549 92.57999999999872
4630 1.564216640132986 92.59999999999872
4631 1.573599578906507 92.61999999999871
4632 1.582894689864283 92.63999999999871
4633 1.592006187012054 92.6599999999987
4634 1.600981762226753 92.6799999999987
4635 1.609742749489666 92.6999999999987
4636 1.618276202508067 92.71999999999869
4637 1.626722428242067 92.73999999999869
4638 1.635119535108951 92.75999999999868
4639 1.643339607956332 92.77999999999868
4640 1.651195147284316 92.79999999999868
4641 1.65879714040827 92.81999999999867
4642 1.666126684149906 92.83999999999867
4643 1.673213555944518 92.85999999999866
4644 1.680039676443914 92.87999999999866
4645 1.68656877752476 92.89999999999866
4646 1.692819910435154 92.91999999999865
4647 1.698764986436602 92.93999999999865
4648 1.704476287096668 92.95999999999864
4649 1.709667932221286 92.97999999999864
4650 1.714609441369501 92.99999999999864
4651 1.719266418018011 93.01999999999863
4652 1.723496338695792 93.03999999999863
4653 1.72742610047167 93.05999999999862
4654 1.730979792470162 93.07999999999862
4655 1.734102501922477 93.09999999999862
4656 1.736744842737187 93.11999999999861
4657 1.739052952890993 93.13999999999861
4658 1.741049763882714 93.1599999999986
4659 1.742737012801986 93.1799999999986
4660 1.744053644980326 93.1999999999986
4661 1.744812882142336 93.21999999999859
4662 1.745207372008334 93.23999999999859
4663 1.745256976995049 93.25999999999858
4664 1.744891285056772 93.27999999999858
4665 1.744134784518601 93.29999999999858
4666 1.742982524305396 93.31999999999857
4667 1.741504582479799 93.33999999999857
4668 1.739558454493284 93.35999999999856
4669 1.737125730213851 93.37999999999856
4670 1.734338438057749 93.39999999999856
4671 1.731346501775423 93.41999999999855
4672 1.727953545587777 93.43999999999855
4673 1.724281923115282 93.45999999999854
4674 1.7203460394054 93.47999999999854
4675 1.71601188679069 93.49999999999854
4676 1.711251903953728 93.51999999999853
4677 1.706243897608091 93.53999999999853
4678 1.700880883018325 93.55999999999852
4679 1.695293341354239 93.57999999999852
4680 1.68948939296206 93.59999999999852
4681 1.683401913205406 93.61999999999851
4682 1.676974433564479 93.63999999999851
4683 1.670227823372761 93.6599999999985
4684 1.66346332355592 93.6799999999985
4685 1.656415598843305 93.6999999999985
4686 1.649093581261362 93.71999999999849
4687 1.641519940490426 93.73999999999849
4688 1.633751608804749 93.75999999999848
4689 1.625846668782459 93.77999999999848
4690 1.617764389641041 93.79999999999848
4691 1.609408524820468 93.81999999999847
4692 1.601026029741642 93.83999999999847
4693 1.592544538352731 93.85999999999846
4694 1.583934837628274 93.87999999999846
4695 1.575238492205651 93.89999999999846
4696 1.566425233612887 93.91999999999845
4697 1.557509001921424 93.93999999999845
4698 1.54863397918189 93.95999999999844
4699 1.539721228472472 93.97999999999844
4700 1.530810338835698 93.99999999999844
4701 1.521890675078108 94.01999999999843
4702 1.512929999544554 94.03999999999843
4703 1.503991176725656 94.05999999999842
4704 1.495045320087336 94.07999999999842
4705 1.486144442545819 94.09999999999842
4706 1.477343915693335 94.11999999999841
4707 1.468544174445198 94.13999999999841
4708 1.459789662265302 94.1599999999984
4709 1.451154913960038 94.1799999999984
4710 1.442624613703912 94.1999999999984
4711 1.434121610904967 94.21999999999839
4712 1.425788905087805 94.23999999999839
4713 1.417611297818115 94.25999999999839
4714 1.409627287911225 94.27999999999838
4715 1.401776546777175 94.29999999999838
4716 1.394119841714164 94.31999999999837
4717 1.386683789928884 94.33999999999837
4718 1.379460411776021 94.35999999999837
4719 1.372518750981881 94.37999999999836
4720 1.365668055811463 94.39999999999836
4721 1.359137676318798 94.41999999999835
4722 1.352816806671653 94.43999999999835
4723 1.346768246096466 94.45999999999835
4724 1.340975961333909 94.47999999999834
4725 1.335415492967473 94.49999999999834
4726 1.330086820504335 94.51999999999833
4727 1.32488862718627 94.53999999999833
4728 1.319934184120469 94.55999999999833
4729 1.315267002230681 94.57999999999832
4730 1.310925549818142 94.59999999999832
4731 1.306878040002941 94.61999999999831
4732 1.303279918205263 94.63999999999831
4733 1.30029255923095 94.65999999999831
4734 1.297577512453402 94.6799999999983
4735 1.295176538320645 94.6999999999983
4736 1.293032627139109 94.71999999999829
4737 1.291153345908739 94.73999999999829
4738 1.289496952926567 94.75999999999829
4739 1.287996118618102 94.77999999999828
4740 1.286789526300401 94.79999999999828
4741 1.286155452002548 94.81999999999827
4742 1.285597621048959 94.83999999999827
4743 1.285542648961913 94.85999999999827
4744 1.28613228094912 94.87999999999826
4745 1.287026170356816 94.89999999999826
4746 1.288426716471545 94.91999999999825
4747 1.289965913276744 94.93999999999825
4748 1.291947341570663 94.95999999999825
4749 1.294541988619117 94.97999999999824
4750 1.296932009544049 94.99999999999824
4751 1.299583320875775 95.01999999999823
4752 1.302799986430722 95.03999999999823
4753 1.30611935434374 95.05999999999823
4754 1.309784450130044 95.07999999999822
4755 1.314058665413626 95.09999999999822
4756 1.318732446013106 95.11999999999821
4757 1.323688802491618 95.13999999999821
4758 1.328954040433699 95.15999999999821
4759 1.334485159674323 95.1799999999982
4760 1.3401349904881 95.1999999999982
4761 1.346349863269532 95.21999999999819
4762 1.35257764011431 95.23999999999819
4763 1.35911489127685 95.25999999999819
4764 1.36586176372401 95.27999999999818
4765 1.372848148945077 95.29999999999818
4766 1.38037999612792 95.31999999999817
4767 1.388106232484479 95.33999999999817
4768 1.39581087377227 95.35999999999817
4769 1.40367154835953 95.37999999999816
4770 1.411936096613553 95.39999999999816
4771 1.420218518536058 95.41999999999815
4772 1.428673210253838 95.43999999999815
4773 1.437285858767504 95.45999999999815
4774 1.446201957385946 95.47999999999814
4775 1.455209128312648 95.49999999999814
4776 1.464193363678939 95.51999999999813
4777 1.473359088937122 95.53999999999813
4778 1.482590122275247 95.55999999999813
4779 1.491785386316407 95.57999999999812
4780 1.501045213836456 95.59999999999812
4781 1.510203650645487 95.61999999999811
4782 1.519466014967349 95.63999999999811
4783 1.528469245277328 95.65999999999811
4784 1.537732867926928 95.6799999999981
4785 1.547032255146223 95.6999999999981
4786 1.556232553119232 95.71999999999809
4787 1.565214052404651 95.73999999999809
4788 1.57414550996136 95.75999999999809
4789 1.58298014550893 95.77999999999808
4790 1.591630531210378 95.79999999999808
4791 1.600237457038325 95.81999999999807
4792 1.608670663143195 95.83999999999807
4793 1.616881993448696 95.85999999999807
4794 1.624817864329514 95.87999999999806
4795 1.632559495673427 95.89999999999806
4796 1.640186843717198 95.91999999999805
4797 1.647541031613434 95.93999999999805
4798 1.654664916707929 95.95999999999805
4799 1.661580389944096 95.97999999999804
4800 1.668319614881562 95.99999999999804
4801 1.674705959508332 96.01999999999803
4802 1.680777787640325 96.03999999999803
4803 1.686545452006278 96.05999999999803
4804 1.692059706156563 96.07999999999802
4805 1.6971310321876 96.09999999999802
4806 1.702009615940129 96.11999999999802
4807 1.706558598358642 96.13999999999801
4808 1.710879788379591 96.15999999999801
4809 1.714775529436134 96.179999999998
4810 1.718209607763975 96.199999999998
4811 1.721328722877601 96.219999999998
4812 1.723989374357553 96.23999999999799
4813 1.726334538804021 96.25999999999799
4814 1.728394944202255 96.27999999999798
4815 1.730009822309643 96.29999999999798
4816 1.73121037850485 96.31999999999798
4817 1.731999564873402 96.33999999999797
4818 1.732352989132665 96.35999999999797
4819 1.732373213755415 96.37999999999796
4820 1.732116764291564 96.39999999999796
4821 1.731501767747278 96.41999999999796
4822 1.730539567729209 96.43999999999795
4823 1.72922599744841 96.45999999999795
4824 1.727438414539621 96.47999999999794
4825 1.725305386736596 96.49999999999794
4826 1.722800260563838 96.51999999999794
4827 1.720000330603427 96.53999999999793
4828 1.716860063306449 96.55999999999793
4829 1.713447249078553 96.57999999999792
4830 1.709606869086533 96.59999999999792
4831 1.705432886047521 96.61999999999792
4832 1.700919333341915 96.63999999999791
4833 1.696157776401842 96.65999999999791
4834 1.690983382445582 96.6799999999979
4835 1.685509474775154 96.6999999999979
4836 1.679812404447252 96.7199999999979
4837 1.673850934691765 96.73999999999789
4838 1.667591605894649 96.75999999999789
4839 1.661039614891505 96.77999999999788
4840 1.654203205007974 96.79999999999788
4841 1.647257120710025 96.81999999999788
4842 1.640068538360082 96.83999999999787
4843 1.632640784405244 96.85999999999787
4844 1.625100649815156 96.87999999999786
4845 1.61731278535372 96.89999999999786
4846 1.609339958812147 96.91999999999786
4847 1.601256473496092 96.93999999999785
4848 1.592994134947332 96.95999999999785
4849 1.584625482335535 96.97999999999784
4850 1.576199168291658 96.99999999999784
4851 1.567640978018825 97.01999999999784
4852 1.559006158536744 97.03999999999783
4853 1.5503488105387 97.05999999999783
4854 1.541567140892811 97.07999999999782
4855 1.532786284752561 97.09999999999782
4856 1.523985977330095 97.11999999999782
4857 1.515067979261608 97.13999999999781
4858 1.506177459714511 97.15999999999781
4859 1.497356290584102 97.1799999999978
4860 1.488558446279132 97.1999999999978
4861 1.479794495258244 97.2199999999978
4862 1.471116940457154 97.23999999999779
4863 1.462449023513015 97.25999999999779
4864 1.453849160801916 97.27999999999778
4865 1.445367236201046 97.29999999999778
4866 1.437016177679814 97.31999999999778
4867 1.428733656050823 97.33999999999777
4868 1.420578275506623 97.35999999999777
4869 1.412636646573197 97.37999999999776
4870 1.404723702104074 97.39999999999776
4871 1.39703586976201 97.41999999999776
4872 1.389556283849077 97.43999999999775
4873 1.382250043939616 97.45999999999775
4874 1.375118517891916 97.47999999999774
4875 1.368332420543325 97.49999999999774
4876 1.361664314132863 97.51999999999774
4877 1.355207158737179 97.53999999999773
4878 1.349101381889874 97.55999999999773
4879 1.343249343655408 97.57999999999772
4880 1.337612240452962 97.59999999999772
4881 1.33217944390802 97.61999999999772
4882 1.32704237223023 97.63999999999771
4883 1.322046675026626 97.65999999999771
4884 1.317456441459981 97.6799999999977
4885 1.313184765796557 97.6999999999977
4886 1.30923202539516 97.7199999999977
4887 1.305834104022632 97.73999999999769
4888 1.302754235747974 97.75999999999769
4889 1.299825708382805 97.77999999999768
4890 1.297175399704213 97.79999999999768
4891 1.294892320603629 97.81999999999768
4892 1.293001218443143 97.83999999999767
4893 1.291437082483032 97.85999999999767
4894 1.29022151616041 97.87999999999766
4895 1.289480041705625 97.89999999999766
4896 1.289099543518593 97.91999999999766
4897 1.289062991179519 97.93999999999765
4898 1.289586540065478 97.95999999999765
4899 1.290434386933445 97.97999999999764
4900 1.291478233256743 97.99999999999764
4901 1.292810390773517 98.01999999999764
4902 1.29453878425308 98.03999999999763
4903 1.29647676902919 98.05999999999763
4904 1.299046455821458 98.07999999999763
4905 1.302192532892399 98.09999999999762
4906 1.306389954055534 98.11999999999762
4907 1.310089617598277 98.13999999999761
4908 1.314492435611892 98.15999999999761
4909 1.318681356643479 98.17999999999761
4910 1.323186616987073 98.1999999999976
4911 1.328094811308116 98.2199999999976
4912 1.333439848263834 98.23999999999759
4913 1.339037317158228 98.25999999999759
4914 1.345200889290691 98.27999999999759
4915 1.351487914663972 98.29999999999758
4916 1.358212869849259 98.31999999999758
4917 1.365239546884837 98.33999999999757
4918 1.372540604340134 98.35999999999757
4919 1.380098816104298 98.37999999999757
4920 1.387930959299997 98.39999999999756
4921 1.395784433162001 98.41999999999756
4922 1.403943503186479 98.43999999999755
4923 1.412484639300943 98.45999999999755
4924 1.420927782619811 98.47999999999755
4925 1.429669985667941 98.49999999999754
4926 1.438452085070732 98.51999999999754
4927 1.447504609342132 98.53999999999753
4928 1.456808788158182 98.55999999999753
4929 1.46617065286306 98.57999999999753
4930 1.47562258963081 98.59999999999752
4931 1.484982159812741 98.61999999999752
4932 1.494363432528549 98.63999999999751
4933 1.503873566156398 98.65999999999751
4934 1.513572221119442 98.67999999999751
4935 1.523199433946875 98.6999999999975
4936 1.532704475546481 98.7199999999975
4937 1.542139144864108 98.73999999999749
4938 1.55158039629659 98.75999999999749
4939 1.561023892732425 98.77999999999749
4940 1.570426208155321 98.79999999999748
4941 1.579752740130213 98.81999999999748
4942 1.588911792875274 98.83999999999747
4943 1.597940878607323 98.85999999999747
4944 1.606743511179748 98.87999999999747
4945 1.615333997672606 98.89999999999746
4946 1.623822552913686 98.91999999999746
4947 1.632248248786352 98.93999999999745
4948 1.640525190222044 98.95999999999745
4949 1.648500001670134 98.97999999999745
4950 1.656170505553428 98.99999999999744
4951 1.663550758736344 99.01999999999744
4952 1.670735415083425 99.03999999999743
4953 1.677634715789371 99.05999999999743
4954 1.684237472641993 99.07999999999743
4955 1.690607410528436 99.09999999999742
4956 1.696642468582959 99.11999999999742
4957 1.702438361556403 99.13999999999741
4958 1.707736415100818 99.15999999999741
4959 1.712780680923647 99.17999999999741
4960 1.717527873982299 99.1999999999974
4961 1.721886157300287 99.2199999999974
4962 1.725914249783203 99.23999999999739
4963 1.729591667907493 99.25999999999739
4964 1.732858454465083 99.27999999999739
4965 1.73565073460876 99.29999999999738
4966 1.738055814748955 99.31999999999738
4967 1.740155725525868 99.33999999999737
4968 1.741944642037711 99.35999999999737
4969 1.743398622975808 99.37999999999737
4970 1.74430997328548 99.39999999999736
4971 1.7448105671651 99.41999999999736
4972 1.744979245008272 99.43999999999735
4973 1.744749677790889 99.45999999999735
4974 1.74412372116461 99.47999999999735
4975 1.743088031645606 99.49999999999734
4976 1.741734457903195 99.51999999999734
4977 1.739927690627425 99.53999999999733
4978 1.737633435747607 99.55999999999733
4979 1.734958775647945 99.57999999999733
4980 1.732060435238088 99.59999999999732
4981 1.72879377959613 99.61999999999732
4982 1.725203721854827 99.63999999999731
4983 1.721373097848411 99.65999999999731
4984 1.717156781551191 99.67999999999731
4985 1.712516823421267 99.6999999999973
4986 1.70760757593556 99.7199999999973
4987 1.70234951862177 99.73999999999729
4988 1.696834238771137 99.75999999999729
4989 1.691120247580392 99.77999999999729
4990 1.685127935484018 99.79999999999728
4991 1.67879144773156 99.81999999999728
4992 1.672118536129334 99.83999999999727
4993 1.66542091003201 99.85999999999727
4994 1.65846426458349 99.87999999999727
4995 1.651219245061273 99.89999999999726
4996 1.643715753090113 99.91999999999726
4997 1.636008943440181 99.93999999999726
4998 1.628154765184031 99.95999999999725
4999 1.620144829321484 99.97999999999725
5000 1.611847871905155 99.99999999999724
5001 1.60350826222504 100.0199999999972
5002 1.595063986339325 100.0399999999972
5003 1.586504108664986 100.0599999999972
5004 1.57785300597595 100.0799999999972
5005 1.569060578947567 100.0999999999972
5006 1.560174685231596 100.1199999999972
5007 1.551314150206727 100.1399999999972
5008 1.542417177790875 100.1599999999972
5009 1.533507113937475 100.1799999999972
5010 1.524605173194 100.1999999999972
5011 1.515645549817909 100.2199999999972
5012 1.506699052668954 100.2399999999972
5013 1.497762131449742 100.2599999999972
5014 1.488850986797613 100.2799999999972
5015 1.480028097190517 100.2999999999972
5016 1.471226617952692 100.3199999999972
5017 1.462456357107785 100.3399999999972
5018 1.453783423144992 100.3599999999972
5019 1.445240434107893 100.3799999999972
5020 1.436708837127028 100.3999999999972
5021 1.428348929508121 100.4199999999972
5022 1.420117502464342 100.4399999999972
5023 1.412074118177968 100.4599999999972
5024 1.404180464779512 100.4799999999971
5025 1.396473825153328 100.4999999999971
5026 1.388958515993912 100.5199999999971
5027 1.381668555553755 100.5399999999971
5028 1.374650392492225 100.5599999999971
5029 1.367744869002852 100.5799999999971
5030 1.361122211561913 100.5999999999971
5031 1.35473296676196 100.6199999999971
5032 1.348602684065929 100.6399999999971
5033 1.342746046213543 100.6599999999971
5034 1.337103378311581 100.6799999999971
5035 1.331702762300022 100.6999999999971
5036 1.326451429619185 100.7199999999971
5037 1.321419271757335 100.7399999999971
5038 1.316647656633529 100.7599999999971
5039 1.312194215482615 100.7799999999971
5040 1.308053210034088 100.7999999999971
5041 1.304319670890569 100.8199999999971
5042 1.301142628148546 100.8399999999971
5043 1.298339243910121 100.8599999999971
5044 1.295840138285501 100.8799999999971
5045 1.293626747382062 100.8999999999971
5046 1.29162080466756 100.9199999999971
5047 1.289912721850886 100.9399999999971
5048 1.288372937057144 100.9599999999971
5049 1.286998218244975 100.979999999997
5050 1.286254876186614 100.999999999997
5051 1.285642516309785 101.019999999997
5052 1.285385829656067 101.039999999997
5053 1.285773252023063 101.059999999997
5054 1.286598489683212 101.079999999997
5055 1.28778784358415 101.099999999997
5056 1.289308366889388 101.119999999997
5057 1.291134973431524 101.139999999997
5058 1.293492482712113 101.159999999997
5059 1.296091592585109 101.179999999997
5060 1.298470101194352 101.199999999997
5061 1.301546852499436 101.219999999997
5062 1.304871099119011 101.239999999997
5063 1.30835748477213 101.259999999997
5064 1.312410823889423 101.279999999997
5065 1.317022599415849 101.299999999997
5066 1.321849032045525 101.319999999997
5067 1.32701481756448 101.339999999997
5068 1.332456119658197 101.359999999997
5069 1.338015870911558 101.379999999997
5070 1.344092904417336 101.399999999997
5071 1.3503006434994 101.419999999997
5072 1.356737694298741 101.439999999997
5073 1.363437911185711 101.459999999997
5074 1.370236747485998 101.4799999999969
5075 1.377648006159177 101.4999999999969
5076 1.385346413965535 101.5199999999969
5077 1.393067078281077 101.5399999999969
5078 1.400765757773065 101.5599999999969
5079 1.408965618676195 101.5799999999969
5080 1.417227706245751 101.5999999999969
5081 1.425623771146603 101.6199999999969
5082 1.434161765507969 101.6399999999969
5083 1.442957775270076 101.6599999999969
5084 1.452041137373366 101.6799999999969
5085 1.460943617559474 101.6999999999969
5086 1.470049101399156 101.7199999999969
5087 1.479265590927657 101.7399999999969
5088 1.48850288518435 101.7599999999969
5089 1.497755371486732 101.7799999999969
5090 1.506905475222269 101.7999999999969
5091 1.51617704232237 101.8199999999969
5092 1.525186036162381 101.8399999999969
5093 1.534405078336359 101.8599999999969
5094 1.543706081792871 101.8799999999969
5095 1.552938921758171 101.8999999999969
5096 1.561977607565731 101.9199999999969
5097 1.570948803152867 101.9399999999969
5098 1.57980886889056 101.9599999999969
5099 1.588536438813712 101.9799999999968
5100 1.597146628091781 101.9999999999968
5101 1.605631466460968 102.0199999999968
5102 1.613947175886431 102.0399999999968
5103 1.621953802608815 102.0599999999968
5104 1.629755803586214 102.0799999999968
5105 1.637468187341331 102.0999999999968
5106 1.644897709583658 102.1199999999968
5107 1.652098705981289 102.1399999999968
5108 1.659103626533732 102.1599999999968
5109 1.665912867090098 102.1799999999968
5110 1.672436150032734 102.1999999999968
5111 1.67859806912087 102.2199999999968
5112 1.684466744544491 102.2399999999968
5113 1.690081120351085 102.2599999999968
5114 1.695325860780231 102.2799999999968
5115 1.700229445277994 102.2999999999968
5116 1.704939721676969 102.3199999999968
5117 1.709328044344128 102.3399999999968
5118 1.713417284232703 102.3599999999968
5119 1.716979931556175 102.3799999999968
5120 1.720230276352268 102.3999999999968
5121 1.72302703804351 102.4199999999968
5122 1.725494812295057 102.4399999999968
5123 1.727640504718048 102.4599999999968
5124 1.729474296553176 102.4799999999967
5125 1.730768356463111 102.4999999999967
5126 1.731728505553701 102.5199999999967
5127 1.732199650963543 102.5399999999967
5128 1.732358891943223 102.5599999999967
5129 1.732197623563661 102.5799999999967
5130 1.731725511836494 102.5999999999967
5131 1.730887254422848 102.6199999999967
5132 1.729707358229886 102.6399999999967
5133 1.728084344118102 102.6599999999967
5134 1.726080744516697 102.6799999999967
5135 1.723685912697565 102.6999999999967
5136 1.721035099752647 102.7199999999967
5137 1.717989945553547 102.7399999999967
5138 1.714695172048427 102.7599999999967
5139 1.711006532021524 102.7799999999967
5140 1.706936554226701 102.7999999999967
5141 1.702547905297182 102.8199999999967
5142 1.69788012588296 102.8399999999967
5143 1.692848170025906 102.8599999999967
5144 1.687474352803225 102.8799999999967
5145 1.68187337598919 102.8999999999967
5146 1.676009877457871 102.9199999999967
5147 1.669857001174547 102.9399999999967
5148 1.663411421024768 102.9599999999967
5149 1.656654920210468 102.9799999999967
5150 1.649781195766548 102.9999999999966
5151 1.642675891090383 103.0199999999966
5152 1.635331363128702 103.0399999999966
5153 1.627844883847173 103.0599999999966
5154 1.620137676552441 103.0799999999966
5155 1.61223180904071 103.0999999999966
5156 1.604187799353552 103.1199999999966
5157 1.595980131979472 103.1399999999966
5158 1.587652935943969 103.1599999999966
5159 1.579240424470084 103.1799999999966
5160 1.570741785685493 103.1999999999966
5161 1.562105319992891 103.2199999999966
5162 1.553497097577359 103.2399999999966
5163 1.54474266517376 103.2599999999966
5164 1.535956979029733 103.2799999999966
5165 1.527190564401229 103.2999999999966
5166 1.518283362175123 103.3199999999966
5167 1.509376438141156 103.3399999999966
5168 1.50055670479797 103.3599999999966
5169 1.491747393483276 103.3799999999966
5170 1.482956665204887 103.3999999999966
5171 1.474254116437395 103.4199999999966
5172 1.465594536517541 103.4399999999966
5173 1.456948251763514 103.4599999999966
5174 1.448430306921666 103.4799999999966
5175 1.440037107977362 103.4999999999965
5176 1.431721781339477 103.5199999999965
5177 1.423521529078862 103.5399999999965
5178 1.415489072340508 103.5599999999965
5179 1.40757497315421 103.5799999999965
5180 1.399802714399594 103.5999999999965
5181 1.392201062260384 103.6199999999965
5182 1.384833213552794 103.6399999999965
5183 1.377674394570353 103.6599999999965
5184 1.370760055457894 103.6799999999965
5185 1.364065903283467 103.6999999999965
5186 1.35750454670014 103.7199999999965
5187 1.351269047833227 103.7399999999965
5188 1.345344725285416 103.7599999999965
5189 1.339614650124128 103.7799999999965
5190 1.334103058329634 103.7999999999965
5191 1.328872202033932 103.8199999999965
5192 1.323777900442045 103.8399999999965
5193 1.319050263337942 103.8599999999965
5194 1.314683156760691 103.8799999999965
5195 1.310562938843577 103.8999999999965
5196 1.30699938250328 103.9199999999965
5197 1.303808491903648 103.9399999999965
5198 1.300799332347595 103.9599999999965
5199 1.298045758740118 103.9799999999965
5200 1.295633428150564 103.9999999999964
5201 1.293596760050562 104.0199999999964
5202 1.291904216852565 104.0399999999964
5203 1.29057414629204 104.0599999999964
5204 1.289594258596953 104.0799999999964
5205 1.28914609261543 104.0999999999964
5206 1.288897938807338 104.1199999999964
5207 1.289264249844046 104.1399999999964
5208 1.289986417288446 104.1599999999964
5209 1.290957481452926 104.1799999999964
5210 1.292188963343279 104.1999999999964
5211 1.293726875196086 104.2199999999964
5212 1.295629613572239 104.2399999999964
5213 1.297919298022217 104.2599999999964
5214 1.300808191162835 104.2799999999964
5215 1.304703558537043 104.2999999999964
5216 1.308553016454181 104.3199999999964
5217 1.312692529913327 104.3399999999964
5218 1.316955201944101 104.3599999999964
5219 1.321328996630227 104.3799999999964
5220 1.326086968287795 104.3999999999964
5221 1.331298365626123 104.4199999999964
5222 1.336732360947104 104.4399999999964
5223 1.342699515814992 104.4599999999964
5224 1.348971276224035 104.4799999999964
5225 1.355506268367423 104.4999999999963
5226 1.362448245395615 104.5199999999963
5227 1.369640344964506 104.5399999999963
5228 1.377063353556515 104.5599999999963
5229 1.384890122815397 104.5799999999963
5230 1.392671017738389 104.5999999999963
5231 1.400679278327048 104.6199999999963
5232 1.409128382548119 104.6399999999963
5233 1.417587201423157 104.6599999999963
5234 1.426228893216601 104.6799999999963
5235 1.435003218813521 104.6999999999963
5236 1.443909958844502 104.7199999999963
5237 1.453162276915336 104.7399999999963
5238 1.46249533953462 104.7599999999963
5239 1.471895997522315 104.7799999999963
5240 1.481337829474802 104.7999999999963
5241 1.490673426517228 104.8199999999963
5242 1.500102105621283 104.8399999999963
5243 1.509795747164935 104.8599999999963
5244 1.519450133049572 104.8799999999963
5245 1.528978153114039 104.8999999999963
5246 1.538463497329162 104.9199999999963
5247 1.547879249991847 104.9399999999963
5248 1.557337592802171 104.9599999999963
5249 1.566722812619942 104.9799999999963
5250 1.576096695837469 104.9999999999962
5251 1.585333437495208 105.0199999999962
5252 1.594420276547822 105.0399999999962
5253 1.603317975314187 105.0599999999962
5254 1.61195414093818 105.0799999999962
5255 1.620468743801278 105.0999999999962
5256 1.628970435998176 105.1199999999962
5257 1.637306753168938 105.1399999999962
5258 1.645392734175451 105.1599999999962
5259 1.653196086981614 105.1799999999962
5260 1.660671193546806 105.1999999999962
5261 1.667956142996024 105.2199999999962
5262 1.674961744760505 105.2399999999962
5263 1.681664734160669 105.2599999999962
5264 1.688169064553767 105.2799999999962
5265 1.694288340261082 105.2999999999962
5266 1.700232665720555 105.3199999999962
5267 1.705667240422466 105.3399999999962
5268 1.710833971268637 105.3599999999962
5269 1.715673519600096 105.3799999999962
5270 1.720226350971855 105.3999999999962
5271 1.724355471496565 105.4199999999962
5272 1.728188017539605 105.4399999999962
5273 1.731647893717216 105.4599999999962
5274 1.734627089218507 105.4799999999962
5275 1.73713770638073 105.4999999999961
5276 1.73937017627618 105.5199999999961
5277 1.741270077620419 105.5399999999961
5278 1.742885642350173 105.5599999999961
5279 1.744018840254894 105.5799999999961
5280 1.744631540747417 105.5999999999961
5281 1.74494756042672 105.6199999999961
5282 1.74490632763982 105.6399999999961
5283 1.744415190734308 105.6599999999961
5284 1.743538651351752 105.6799999999961
5285 1.742320503770459 105.6999999999961
5286 1.740699779240661 105.7199999999961
5287 1.738580020911636 105.7399999999961
5288 1.736059567860607 105.7599999999961
5289 1.733253391396719 105.7799999999961
5290 1.730130332845304 105.7999999999961
5291 1.726649934470096 105.8199999999961
5292 1.722936758744143 105.8399999999961
5293 1.718866827334472 105.8599999999961
5294 1.714396619264483 105.8799999999961
5295 1.709569583364823 105.8999999999961
5296 1.704474502289873 105.9199999999961
5297 1.69902719829419 105.9399999999961
5298 1.693418843591586 105.9599999999961
5299 1.687539120870663 105.9799999999961
5300 1.681329322279582 105.999999999996
5301 1.67477169972358 106.019999999996
5302 1.668085130372383 106.039999999996
5303 1.66126159259208 106.059999999996
5304 1.654112216218987 106.079999999996
5305 1.646716095150246 106.099999999996
5306 1.639068306119106 106.119999999996
5307 1.631273270065123 106.139999999996
5308 1.62334562776966 106.159999999996
5309 1.615150168699017 106.179999999996
5310 1.606805914900383 106.199999999996
5311 1.598429665999093 106.219999999996
5312 1.589905551937391 106.239999999996
5313 1.581302638033421 106.259999999996
5314 1.572563410862597 106.279999999996
5315 1.563697667055714 106.299999999996
5316 1.554823965876002 106.319999999996
5317 1.545962117143392 106.339999999996
5318 1.537033048596584 106.359999999996
5319 1.528152560196099 106.379999999996
5320 1.519203461751536 106.399999999996
5321 1.510241597734375 106.419999999996
5322 1.501305752646271 106.439999999996
5323 1.492382348597546 106.459999999996
5324 1.483522984561837 106.479999999996
5325 1.47472377124876 106.4999999999959
5326 1.465928157821199 106.5199999999959
5327 1.457209716545059 106.5399999999959
5328 1.448617975849938 106.5599999999959
5329 1.440077927116695 106.5799999999959
5330 1.431641071753612 106.5999999999959
5331 1.42337124572335 106.6199999999959
5332 1.415236274229046 106.6399999999959
5333 1.407293743731598 106.6599999999959
5334 1.399514144855967 106.6799999999959
5335 1.391908847715676 106.6999999999959
5336 1.384542521974715 106.7199999999959
5337 1.377377958144477 106.7399999999959
5338 1.370467898808608 106.7599999999959
5339 1.363709781625894 106.7799999999959
5340 1.357242677826042 106.7999999999959
5341 1.35099072158529 106.8199999999959
5342 1.345051985905619 106.8399999999959
5343 1.339308166654525 106.8599999999959
5344 1.33382009562227 106.8799999999959
5345 1.328524060942336 106.8999999999959
5346 1.323374600392354 106.9199999999959
5347 1.318487494970524 106.9399999999959
5348 1.313913796226312 106.9599999999959
5349 1.30965747241586 106.9799999999959
5350 1.305731380410507 106.9999999999959
5351 1.302307456686417 107.0199999999958
5352 1.299407396520826 107.0399999999958
5353 1.296788023835999 107.0599999999958
5354 1.294478764412393 107.0799999999958
5355 1.292362977314107 107.0999999999958
5356 1.290536125441629 107.1199999999958
5357 1.288959780241332 107.1399999999958
5358 1.287461496957631 107.1599999999958
5359 1.286435290678311 107.1799999999958
5360 1.285844503660113 107.1999999999958
5361 1.28536379939497 107.2199999999958
5362 1.285524263373246 107.2399999999958
5363 1.286204207426756 107.2599999999958
5364 1.287193924350137 107.2799999999958
5365 1.288672604547433 107.2999999999958
5366 1.290309251607141 107.3199999999958
5367 1.292409706354154 107.3399999999958
5368 1.295165774984699 107.3599999999958
5369 1.297358035867276 107.3799999999958
5370 1.300211494102142 107.3999999999958
5371 1.303501611739066 107.4199999999958
5372 1.306841450578715 107.4399999999958
5373 1.310646385367914 107.4599999999958
5374 1.315091323034777 107.4799999999958
5375 1.319821825550924 107.4999999999958
5376 1.324858453554449 107.5199999999957
5377 1.330185457698811 107.5399999999957
5378 1.335708193713281 107.5599999999957
5379 1.341530828525245 107.5799999999957
5380 1.347780521832166 107.5999999999957
5381 1.354068313190659 107.6199999999957
5382 1.360700488921715 107.6399999999957
5383 1.367391323322903 107.6599999999957
5384 1.374561558570117 107.6799999999957
5385 1.382178298226834 107.6999999999957
5386 1.389919683935924 107.7199999999957
5387 1.397564125897707 107.7399999999957
5388 1.405587859460117 107.7599999999957
5389 1.41386102279662 107.7799999999957
5390 1.422184297445519 107.7999999999957
5391 1.430661271471117 107.8199999999957
5392 1.439333938149756 107.8399999999957
5393 1.448331979389672 107.8599999999957
5394 1.457267649071775 107.8799999999957
5395 1.466292795469134 107.8999999999957
5396 1.475511128585393 107.9199999999957
5397 1.48474310390319 107.9399999999957
5398 1.493957746099908 107.9599999999957
5399 1.503159988456319 107.9799999999957
5400 1.512390289176292 107.9999999999957
5401 1.521494023999285 108.0199999999956
5402 1.530625302640111 108.0399999999956
5403 1.539912688246518 108.0599999999956
5404 1.549182780321228 108.0799999999956
5405 1.558317116760855 108.0999999999956
5406 1.567331572512392 108.1199999999956
5407 1.576184256615354 108.1399999999956
5408 1.585047176291045 108.1599999999956
5409 1.5936188639357 108.1799999999956
5410 1.602220872008976 108.1999999999956
5411 1.610606138745081 108.2199999999956
5412 1.618740851886995 108.2399999999956
5413 1.626601483103891 108.2599999999956
5414 1.634361543551211 108.2799999999956
5415 1.641912002192504 108.2999999999956
5416 1.649204136574525 108.3199999999956
5417 1.656288021055904 108.3399999999956
5418 1.663162557804327 108.3599999999956
5419 1.669840617152383 108.3799999999956
5420 1.676155635507819 108.3999999999956
5421 1.682123133243004 108.4199999999956
5422 1.687846891939969 108.4399999999956
5423 1.693263699724611 108.4599999999956
5424 1.698260159248254 108.4799999999956
5425 1.703126626613171 108.4999999999956
5426 1.707596875637645 108.5199999999955
5427 1.711840269395036 108.5399999999955
5428 1.715603508093356 108.5599999999955
5429 1.718986604239528 108.5799999999955
5430 1.721979667426432 108.5999999999955
5431 1.724563687498876 108.6199999999955
5432 1.726830932852903 108.6399999999955
5433 1.7288730502819 108.6599999999955
5434 1.730307794859568 108.6799999999955
5435 1.731437217272583 108.6999999999955
5436 1.73209536857821 108.7199999999955
5437 1.732396530743867 108.7399999999955
5438 1.732336890697959 108.7599999999955
5439 1.732020803993701 108.7799999999955
5440 1.731327944412127 108.7999999999955
5441 1.730291001457695 108.8199999999955
5442 1.728866627800243 108.8399999999955
5443 1.726997655349864 108.8599999999955
5444 1.724766387150803 108.8799999999955
5445 1.722222580912089 108.8999999999955
5446 1.719314852807716 108.9199999999955
5447 1.71613252201332 108.9399999999955
5448 1.712630123196007 108.9599999999955
5449 1.708686360634011 108.9799999999955
5450 1.704441694487367 108.9999999999955
5451 1.699878273184648 109.0199999999954
5452 1.695013413652638 109.0399999999954
5453 1.689766621368227 109.0599999999954
5454 1.684243454361417 109.0799999999954
5455 1.678513756530148 109.0999999999954
5456 1.672460460931136 109.1199999999954
5457 1.666156369835134 109.1399999999954
5458 1.659516398857882 109.1599999999954
5459 1.652667985495458 109.1799999999954
5460 1.645684714645706 109.1999999999954
5461 1.638439484188916 109.2199999999954
5462 1.630995633154172 109.2399999999954
5463 1.623387129047291 109.2599999999954
5464 1.615559687306184 109.2799999999954
5465 1.607555442272 109.2999999999954
5466 1.599419747550227 109.3199999999954
5467 1.591145661205689 109.3399999999954
5468 1.582749378053176 109.3599999999954
5469 1.574302811794033 109.3799999999954
5470 1.565705613605863 109.3999999999954
5471 1.55710232121425 109.4199999999954
5472 1.548401357502874 109.4399999999954
5473 1.539614699357996 109.4599999999954
5474 1.530861827413088 109.4799999999954
5475 1.52200083860334 109.4999999999954
5476 1.51307806282742 109.5199999999953
5477 1.504229772415375 109.5399999999953
5478 1.495417713133576 109.5599999999953
5479 1.486606463323427 109.5799999999953
5480 1.477882054425283 109.5999999999953
5481 1.469186104817376 109.6199999999953
5482 1.46051942645831 109.6399999999953
5483 1.451951342771686 109.6599999999953
5484 1.44350116635436 109.6799999999953
5485 1.435150700676905 109.6999999999953
5486 1.426903547395 109.7199999999953
5487 1.418805374264133 109.7399999999953
5488 1.410858419313999 109.7599999999953
5489 1.402998761960975 109.7799999999953
5490 1.395340776240493 109.7999999999953
5491 1.387866553076732 109.8199999999953
5492 1.380648916837562 109.8399999999953
5493 1.373571346341244 109.8599999999953
5494 1.366851460804814 109.8799999999953
5495 1.360195585505349 109.8999999999953
5496 1.353806921425638 109.9199999999953
5497 1.347770399205263 109.9399999999953
5498 1.341974444967804 109.9599999999953
5499 1.336368812168346 109.9799999999953
5500 1.331004954701051 109.9999999999953
5501 1.325869337202931 110.0199999999952
5502 1.320959381791807 110.0399999999952
5503 1.316456565709311 110.0599999999952
5504 1.31220384766476 110.0799999999952
5505 1.308411389261804 110.0999999999952
5506 1.305080446469851 110.1199999999952
5507 1.302014287561599 110.1399999999952
5508 1.299135309027715 110.1599999999952
5509 1.296550213181203 110.1799999999952
5510 1.294378463728308 110.1999999999952
5511 1.292535633865795 110.2199999999952
5512 1.291069663929873 110.2399999999952
5513 1.289908876971225 110.2599999999952
5514 1.289282397912698 110.2799999999952
5515 1.288929265687611 110.2999999999952
5516 1.289039499255249 110.3199999999952
5517 1.289616783618062 110.3399999999952
5518 1.29049927504404 110.3599999999952
5519 1.291584709816945 110.3799999999952
5520 1.293019413927886 110.3999999999952
5521 1.294798786032808 110.4199999999952
5522 1.296815137895444 110.4399999999952
5523 1.299511507028653 110.4599999999952
5524 1.302910173668824 110.4799999999952
5525 1.306998475560063 110.4999999999952
5526 1.310830536751735 110.5199999999952
5527 1.315194425252781 110.5399999999951
5528 1.319456960916053 110.5599999999951
5529 1.32403005717414 110.5799999999951
5530 1.329022658245757 110.5999999999951
5531 1.334393048786644 110.6199999999951
5532 1.340102694204483 110.6399999999951
5533 1.346376086419885 110.6599999999951
5534 1.352663049852334 110.6799999999951
5535 1.359498227568973 110.6999999999951
5536 1.366591588117589 110.7199999999951
5537 1.373895331562158 110.7399999999951
5538 1.381587440811153 110.7599999999951
5539 1.389361636222013 110.7799999999951
5540 1.397282398099087 110.7999999999951
5541 1.405533174855392 110.8199999999951
5542 1.414070024568361 110.8399999999951
5543 1.422549770654084 110.8599999999951
5544 1.43130440857697 110.8799999999951
5545 1.440113722390526 110.8999999999951
5546 1.449247295131213 110.9199999999951
5547 1.458578672921482 110.9399999999951
5548 1.467964264994432 110.9599999999951
5549 1.477416257609207 110.9799999999951
5550 1.48673973847243 110.9999999999951
5551 1.496119341428237 111.0199999999951
5552 1.505719253207695 111.039999999995
5553 1.51539945853657 111.059999999995
5554 1.524998588739767 111.079999999995
5555 1.534509129366877 111.099999999995
5556 1.543909126869295 111.119999999995
5557 1.553372393932654 111.139999999995
5558 1.562788269224782 111.159999999995
5559 1.572180624021018 111.179999999995
5560 1.581496579070696 111.199999999995
5561 1.590632011657078 111.219999999995
5562 1.599623297002941 111.239999999995
5563 1.608381701550821 111.259999999995
5564 1.616927150299292 111.279999999995
5565 1.62543057905402 111.299999999995
5566 1.633846295256757 111.319999999995
5567 1.642073797524069 111.339999999995
5568 1.64998889663263 111.359999999995
5569 1.657584919053829 111.379999999995
5570 1.664955046654022 111.399999999995
5571 1.672068271362737 111.419999999995
5572 1.678926727018457 111.439999999995
5573 1.685490708524874 111.459999999995
5574 1.691785078259872 111.479999999995
5575 1.697795070030717 111.499999999995
5576 1.703482436818883 111.519999999995
5577 1.708722664482812 111.5399999999949
5578 1.713717154321624 111.5599999999949
5579 1.718436233483099 111.5799999999949
5580 1.722695945389227 111.5999999999949
5581 1.726681581728768 111.6199999999949
5582 1.730297827358335 111.6399999999949
5583 1.73347492288092 111.6599999999949
5584 1.736170927007843 111.6799999999949
5585 1.738523942270959 111.6999999999949
5586 1.740566434274388 111.7199999999949
5587 1.742313453253516 111.7399999999949
5588 1.7436718844174 111.7599999999949
5589 1.744471646596244 111.7799999999949
5590 1.744924297565669 111.7999999999949
5591 1.745043772089602 111.8199999999949
5592 1.74472955126516 111.8399999999949
5593 1.744029129383013 111.8599999999949
5594 1.742924626923814 111.8799999999949
5595 1.74150356987452 111.8999999999949
5596 1.739594166162918 111.9199999999949
5597 1.737231656301835 111.9399999999949
5598 1.734520057303955 111.9599999999949
5599 1.731558200062776 111.9799999999949
5600 1.728216631234005 111.9999999999949
5601 1.724602705918621 112.0199999999949
5602 1.720697704869022 112.0399999999948
5603 1.716406080859258 112.0599999999948
5604 1.711693266742052 112.0799999999948
5605 1.706745515698008 112.0999999999948
5606 1.701422472934733 112.1199999999948
5607 1.695881413571703 112.1399999999948
5608 1.690115616641037 112.1599999999948
5609 1.684059038139872 112.1799999999948
5610 1.677629165751555 112.1999999999948
5611 1.670964652525615 112.2199999999948
5612 1.664240006301922 112.2399999999948
5613 1.6572197196318 112.2599999999948
5614 1.6499315417873 112.2799999999948
5615 1.642369384455878 112.2999999999948
5616 1.63463551904481 112.3199999999948
5617 1.626773643376531 112.3399999999948
5618 1.618706674758903 112.3599999999948
5619 1.61035857567466 112.3799999999948
5620 1.602051270531625 112.3999999999948
5621 1.593563796633444 112.4199999999948
5622 1.584998968618289 112.4399999999948
5623 1.576317443463598 112.4599999999948
5624 1.567489918004822 112.4799999999948
5625 1.558610232905326 112.4999999999948
5626 1.549765923724934 112.5199999999948
5627 1.540840471685043 112.5399999999947
5628 1.53194896410347 112.5599999999947
5629 1.523038957588079 112.5799999999947
5630 1.514062163149571 112.5999999999947
5631 1.505121628588519 112.6199999999947
5632 1.496191636468789 112.6399999999947
5633 1.487289280275638 112.6599999999947
5634 1.478482188607618 112.6799999999947
5635 1.469670164263555 112.6999999999947
5636 1.460911092659631 112.7199999999947
5637 1.452263644251697 112.7399999999947
5638 1.443717061074765 112.7599999999947
5639 1.4352144957163 112.7799999999947
5640 1.426883257059291 112.7999999999947
5641 1.418670284505302 112.8199999999947
5642 1.410660877560245 112.8399999999947
5643 1.402791142507986 112.8599999999947
5644 1.395120732980881 112.8799999999947
5645 1.387649132879759 112.8999999999947
5646 1.380399439645602 112.9199999999947
5647 1.373410310830514 112.9399999999947
5648 1.366540646890825 112.9599999999947
5649 1.359969073491725 112.9799999999947
5650 1.353614128017034 112.9999999999947
5651 1.347555187335556 113.0199999999947
5652 1.341725640794747 113.0399999999946
5653 1.336130483739422 113.0599999999946
5654 1.330760450062867 113.0799999999946
5655 1.325529654353999 113.0999999999946
5656 1.320524642936894 113.1199999999946
5657 1.315824009048341 113.1399999999946
5658 1.311431918325261 113.1599999999946
5659 1.307337483726558 113.1799999999946
5660 1.303687111307117 113.1999999999946
5661 1.300631832855511 113.2199999999946
5662 1.297876410139152 113.2399999999946
5663 1.295408995461514 113.2599999999946
5664 1.293253706531789 113.2799999999946
5665 1.291282111510863 113.2999999999946
5666 1.289605122050376 113.3199999999946
5667 1.288077252367939 113.3399999999946
5668 1.286791365421516 113.3599999999946
5669 1.286113452499117 113.3799999999946
5670 1.285525731789139 113.3999999999946
5671 1.285375774360859 113.4199999999946
5672 1.285869264934153 113.4399999999946
5673 1.286730727090009 113.4599999999946
5674 1.288049880774733 113.4799999999946
5675 1.289552132824924 113.4999999999946
5676 1.291472671153635 113.5199999999946
5677 1.293959305990333 113.5399999999945
5678 1.296392170059027 113.5599999999945
5679 1.298922959608999 113.5799999999945
5680 1.302094044899403 113.5999999999945
5681 1.305392671680599 113.6199999999945
5682 1.308975350467282 113.6399999999945
5683 1.313159063771369 113.6599999999945
5684 1.317793837958376 113.6799999999945
5685 1.32268897075558 113.6999999999945
5686 1.327900590523489 113.7199999999945
5687 1.333389605136349 113.7399999999945
5688 1.338992406062419 113.7599999999945
5689 1.345137829798612 113.7799999999945
5690 1.351347165120556 113.7999999999945
5691 1.357858413995631 113.8199999999945
5692 1.364551885137183 113.8399999999945
5693 1.371444003176515 113.8599999999945
5694 1.378929122485422 113.8799999999945
5695 1.386645828729892 113.8999999999945
5696 1.394339290501521 113.9199999999945
5697 1.402132207035445 113.9399999999945
5698 1.410365963237842 113.9599999999945
5699 1.418640586969543 113.9799999999945
5700 1.427045796086327 113.9999999999945
5701 1.435629918639145 114.0199999999945
5702 1.444507482686374 114.0399999999944
5703 1.453517056015038 114.0599999999944
5704 1.462469269916453 114.0799999999944
5705 1.471612740332133 114.0999999999944
5706 1.480853761865492 114.1199999999944
5707 1.490067288211179 114.1399999999944
5708 1.499319377329765 114.1599999999944
5709 1.508465867878535 114.1799999999944
5710 1.517743135888506 114.1999999999944
5711 1.526747338671061 114.2199999999944
5712 1.536004331503546 114.2399999999944
5713 1.545307728083354 114.2599999999944
5714 1.554526672716068 114.2799999999944
5715 1.5635206547022 114.2999999999944
5716 1.572473965413607 114.3199999999944
5717 1.581349350852085 114.3399999999944
5718 1.590029558817149 114.3599999999944
5719 1.598641703389025 114.3799999999944
5720 1.607090742133484 114.3999999999944
5721 1.615359588032383 114.4199999999944
5722 1.623333596594956 114.4399999999944
5723 1.631126775540822 114.4599999999944
5724 1.638785968319431 114.4799999999944
5725 1.646182634918261 114.4999999999944
5726 1.653349499811195 114.5199999999944
5727 1.660327486592856 114.5399999999944
5728 1.667108267605447 114.5599999999943
5729 1.673576926937112 114.5799999999943
5730 1.6796791815777 114.5999999999943
5731 1.685517288746105 114.6199999999943
5732 1.691084245544494 114.6399999999943
5733 1.696240365563028 114.6599999999943
5734 1.701145913903266 114.6799999999943
5735 1.705788070442356 114.6999999999943
5736 1.710154500960776 114.7199999999943
5737 1.714144707672206 114.7399999999943
5738 1.717653205214829 114.7599999999943
5739 1.720835777546511 114.7799999999943
5740 1.723570365593851 114.7999999999943
5741 1.725994331039483 114.8199999999943
5742 1.728097504620631 114.8399999999943
5743 1.729824035803304 114.8599999999943
5744 1.731079045954729 114.8799999999943
5745 1.73196062704641 114.8999999999943
5746 1.732374350823063 114.9199999999943
5747 1.732469787576423 114.9399999999943
5748 1.73226734205029 114.9599999999943
5749 1.731747402388679 114.9799999999943
5750 1.73086106545566 114.9999999999943
5751 1.729613908283261 115.0199999999943
5752 1.727913531606017 115.0399999999943
5753 1.725847160023281 115.0599999999942
5754 1.723398020016372 115.0799999999942
5755 1.720681185741126 115.0999999999942
5756 1.717598933270254 115.1199999999942
5757 1.714260149639534 115.1399999999942
5758 1.710483697285829 115.1599999999942
5759 1.706378212315949 115.1799999999942
5760 1.701926936925658 115.1999999999942
5761 1.697210343578721 115.2199999999942
5762 1.692111413973321 115.2399999999942
5763 1.686695366070868 115.2599999999942
5764 1.681066927224812 115.2799999999942
5765 1.675140296358482 115.2999999999942
5766 1.668958830270157 115.3199999999942
5767 1.662448962425578 115.3399999999942
5768 1.655654966556062 115.3599999999942
5769 1.648770505330052 115.3799999999942
5770 1.641618549187886 115.3999999999942
5771 1.634244552443608 115.4199999999942
5772 1.62673209599657 115.4399999999942
5773 1.618984561788483 115.4599999999942
5774 1.611041638140439 115.4799999999942
5775 1.602978281712949 115.4999999999942
5776 1.59473974565163 115.5199999999942
5777 1.586389786105636 115.5399999999942
5778 1.577978046562708 115.5599999999941
5779 1.569440948317287 115.5799999999941
5780 1.560822159420715 115.5999999999941
5781 1.55217600899439 115.6199999999941
5782 1.543419204521798 115.6399999999941
5783 1.534641002505223 115.6599999999941
5784 1.525845703434773 115.6799999999941
5785 1.516927384539863 115.6999999999941
5786 1.508037956501274 115.7199999999941
5787 1.499213290451594 115.7399999999941
5788 1.490404048063874 115.7599999999941
5789 1.481632734010055 115.7799999999941
5790 1.472935975498904 115.7999999999941
5791 1.464249765278913 115.8199999999941
5792 1.45565593082986 115.8399999999941
5793 1.447121311445792 115.8599999999941
5794 1.438738064117399 115.8799999999941
5795 1.430449396284814 115.8999999999941
5796 1.422270491470957 115.9199999999941
5797 1.41427724400564 115.9399999999941
5798 1.406346544581447 115.9599999999941
5799 1.398632569567305 115.9799999999941
5800 1.391043914909243 115.9999999999941
5801 1.383715078122311 116.0199999999941
5802 1.376581939962534 116.0399999999941
5803 1.369723851166887 116.059999999994
5804 1.36302892223652 116.079999999994
5805 1.35651695942728 116.099999999994
5806 1.350334174841527 116.119999999994
5807 1.344442185801942 116.139999999994
5808 1.338752356753915 116.159999999994
5809 1.333247486387391 116.179999999994
5810 1.328081779545487 116.199999999994
5811 1.322998558295821 116.219999999994
5812 1.318353064706485 116.239999999994
5813 1.314009075511877 116.259999999994
5814 1.309964765029193 116.279999999994
5815 1.306479688076672 116.299999999994
5816 1.303331473513482 116.319999999994
5817 1.300337377741085 116.339999999994
5818 1.297631811337643 116.359999999994
5819 1.295290723154999 116.379999999994
5820 1.293305525567879 116.399999999994
5821 1.29166397401731 116.419999999994
5822 1.290368529284177 116.439999999994
5823 1.289500356104313 116.459999999994
5824 1.289083671941236 116.479999999994
5825 1.288903276043386 116.499999999994
5826 1.289324058878803 116.519999999994
5827 1.290106239591183 116.539999999994
5828 1.291104245874829 116.5599999999939
5829 1.29238388641598 116.5799999999939
5830 1.294003233984331 116.5999999999939
5831 1.295900695663675 116.6199999999939
5832 1.298327732231891 116.6399999999939
5833 1.301306688473087 116.6599999999939
5834 1.305363949321069 116.6799999999939
5835 1.309149361431306 116.6999999999939
5836 1.31337784638964 116.7199999999939
5837 1.317608180284802 116.7399999999939
5838 1.322017726631253 116.7599999999939
5839 1.326847477949855 116.7799999999939
5840 1.33212145074852 116.7999999999939
5841 1.337604769891965 116.8199999999939
5842 1.343668674610052 116.8399999999939
5843 1.349925655070568 116.8599999999939
5844 1.356566557422922 116.8799999999939
5845 1.36354186194906 116.8999999999939
5846 1.370770893097734 116.9199999999939
5847 1.378249769367034 116.9399999999939
5848 1.386086313711708 116.9599999999939
5849 1.393886534245155 116.9799999999939
5850 1.401947747060278 116.9999999999939
5851 1.410453253115741 117.0199999999939
5852 1.418895563102142 117.0399999999939
5853 1.427591286570656 117.0599999999938
5854 1.436365797021024 117.0799999999938
5855 1.445322844140323 117.0999999999938
5856 1.454622349683942 117.1199999999938
5857 1.463951209610895 117.1399999999938
5858 1.473374123008566 117.1599999999938
5859 1.482783667363064 117.1799999999938
5860 1.492131820492235 117.1999999999938
5861 1.501597092038524 117.2199999999938
5862 1.511298662268327 117.2399999999938
5863 1.520932840416709 117.2599999999938
5864 1.530470077906813 117.2799999999938
5865 1.539917498975585 117.2999999999938
5866 1.549359655341058 117.3199999999938
5867 1.558806898784771 117.3399999999938
5868 1.56818266308247 117.3599999999938
5869 1.577583355219714 117.3799999999938
5870 1.58676965495994 117.3999999999938
5871 1.595845933115722 117.4199999999938
5872 1.604709325937514 117.4399999999938
5873 1.613312455268309 117.4599999999938
5874 1.621824916315865 117.4799999999938
5875 1.63028338763345 117.4999999999938
5876 1.638630658506873 117.5199999999938
5877 1.646672441594053 117.5399999999938
5878 1.654427576961769 117.5599999999937
5879 1.661856537180187 117.5799999999937
5880 1.66908742543823 117.5999999999937
5881 1.676060131650584 117.6199999999937
5882 1.68273801363022 117.6399999999937
5883 1.689195309322206 117.6599999999937
5884 1.695279949301084 117.6799999999937
5885 1.701172536454064 117.6999999999937
5886 1.706553793664801 117.7199999999937
5887 1.711661911813362 117.7399999999937
5888 1.716492160200386 117.7599999999937
5889 1.720962474888608 117.7799999999937
5890 1.72505480276538 117.7999999999937
5891 1.728830783138053 117.8199999999937
5892 1.732206868726015 117.8399999999937
5893 1.735123830632359 117.8599999999937
5894 1.737595755453389 117.8799999999937
5895 1.739779766123544 117.8999999999937
5896 1.74164198601256 117.9199999999937
5897 1.743189699686216 117.9399999999937
5898 1.744234614117279 117.9599999999937
5899 1.74480718144179 117.9799999999937
5900 1.745066779799598 117.9999999999937
5901 1.744953307888903 118.0199999999937
5902 1.74441395828904 118.0399999999937
5903 1.74348403631903 118.0599999999937
5904 1.742209416462128 118.0799999999936
5905 1.740513733218821 118.0999999999936
5906 1.738321687059317 118.1199999999936
5907 1.735747638875309 118.1399999999936
5908 1.732906066143737 118.1599999999936
5909 1.729729939386077 118.1799999999936
5910 1.726212497086457 118.1999999999936
5911 1.722450269799465 118.2199999999936
5912 1.718325950319811 118.2399999999936
5913 1.71378093692339 118.2599999999936
5914 1.708933239238243 118.2799999999936
5915 1.703764673235685 118.2999999999936
5916 1.698294693259899 118.3199999999936
5917 1.692654401555957 118.3399999999936
5918 1.686725837398725 118.3599999999936
5919 1.680457382830626 118.3799999999936
5920 1.673849913227823 118.3999999999936
5921 1.667176805184005 118.4199999999936
5922 1.66029862229046 118.4399999999936
5923 1.653106041293966 118.4599999999936
5924 1.645669745250721 118.4799999999936
5925 1.637994370068513 118.4999999999936
5926 1.630180806883012 118.5199999999936
5927 1.622218034229823 118.5399999999936
5928 1.613973892957493 118.5599999999936
5929 1.605648039552459 118.5799999999935
5930 1.597240407637925 118.5999999999935
5931 1.588704274133506 118.6199999999935
5932 1.58008388147915 118.6399999999935
5933 1.571312832353842 118.6599999999935
5934 1.562442984972158 118.6799999999935
5935 1.553579706386509 118.6999999999935
5936 1.544695320457585 118.7199999999935
5937 1.535780694740351 118.7399999999935
5938 1.526888833408793 118.7599999999935
5939 1.517928208021943 118.7799999999935
5940 1.508970081410713 118.7999999999935
5941 1.500033794243307 118.8199999999935
5942 1.491111406212909 118.8399999999935
5943 1.482270159146666 118.8599999999935
5944 1.4734628997686 118.8799999999935
5945 1.464671997799464 118.8999999999935
5946 1.455966637386562 118.9199999999935
5947 1.447395457293719 118.9399999999935
5948 1.438850194325833 118.9599999999935
5949 1.430446352759831 118.9799999999935
5950 1.422185853472486 118.9999999999935
5951 1.414085560662639 119.0199999999935
5952 1.406161578106786 119.0399999999935
5953 1.398409440775742 119.0599999999935
5954 1.390833042596817 119.0799999999934
5955 1.383500359728469 119.0999999999934
5956 1.376368635306603 119.1199999999934
5957 1.369472934601653 119.1399999999934
5958 1.362771124805956 119.1599999999934
5959 1.356325180591214 119.1799999999934
5960 1.350128349961214 119.1999999999934
5961 1.34421674706871 119.2199999999934
5962 1.338507164015407 119.2399999999934
5963 1.333044094460817 119.2599999999934
5964 1.327764007433241 119.2799999999934
5965 1.322655263344071 119.2999999999934
5966 1.317802879374577 119.3199999999934
5967 1.313279500668175 119.3399999999934
5968 1.309066397235763 119.3599999999934
5969 1.305217905472006 119.3799999999934
5970 1.301883086450911 119.3999999999934
5971 1.299019692294095 119.4199999999934
5972 1.296438811833291 119.4399999999934
5973 1.294173516416564 119.4599999999934
5974 1.292092205970622 119.4799999999934
5975 1.290296840917195 119.4999999999934
5976 1.28875211297233 119.5199999999934
5977 1.287272132745626 119.5399999999934
5978 1.286362749995513 119.5599999999934
5979 1.285761819526919 119.5799999999933
5980 1.285348127485824 119.5999999999933
5981 1.285608009873662 119.6199999999933
5982 1.286350132220384 119.6399999999933
5983 1.287398959229265 119.6599999999933
5984 1.288901279013623 119.6799999999933
5985 1.290600361235354 119.6999999999933
5986 1.292783045532291 119.7199999999933
5987 1.295543432273986 119.7399999999933
5988 1.297741966704984 119.7599999999933
5989 1.300677629955163 119.7799999999933
5990 1.303986430891857 119.7999999999933
5991 1.30738086492979 119.8199999999933
5992 1.311272550089786 119.8399999999933
5993 1.315788556828406 119.8599999999933
5994 1.320544439501099 119.8799999999933
5995 1.325640430632493 119.8999999999933
5996 1.330993919569761 119.9199999999933
5997 1.336523655367975 119.9399999999933
5998 1.342464344656404 119.9599999999933
5999 1.348684203319353 119.9799999999933
6000 1.355023974589433 119.9999999999933
6001 1.361700888912986 120.0199999999933
6002 1.368403247017936 120.0399999999933
6003 1.375678829912426 120.0599999999933
6004 1.38332822012921 120.0799999999932
6005 1.391079791769171 120.0999999999932
6006 1.398691351171616 120.1199999999932
6007 1.406822873745237 120.1399999999932
6008 1.415089251354354 120.1599999999932
6009 1.423440246006288 120.1799999999932
6010 1.431923920583716 120.1999999999932
6011 1.440643329719171 120.2199999999932
6012 1.449689075940822 120.2399999999932
6013 1.458602060685411 120.2599999999932
6014 1.467660170641271 120.2799999999932
6015 1.476886685038191 120.2999999999932
6016 1.486119301596209 120.3199999999932
6017 1.495356441640812 120.3399999999932
6018 1.504533804216225 120.3599999999932
6019 1.513784591542993 120.3799999999932
6020 1.522850153407992 120.3999999999932
6021 1.532024611700362 120.4199999999932
6022 1.541320784777495 120.4399999999932
6023 1.550570740549446 120.4599999999932
6024 1.559676443769973 120.4799999999932
6025 1.568687486798948 120.4999999999932
6026 1.577537976318228 120.5199999999932
6027 1.586365746133835 120.5399999999932
6028 1.594933947948727 120.5599999999932
6029 1.603510055226361 120.5799999999931
6030 1.61186507130337 120.5999999999931
6031 1.619947095287538 120.6199999999931
6032 1.627797606426102 120.6399999999931
6033 1.635546303497489 120.6599999999931
6034 1.643045599120585 120.6799999999931
6035 1.650319982679147 120.6999999999931
6036 1.657374363574184 120.7199999999931
6037 1.664225566496898 120.7399999999931
6038 1.670859818862915 120.7599999999931
6039 1.677111933712755 120.7799999999931
6040 1.68305438036056 120.7999999999931
6041 1.688744353828791 120.8199999999931
6042 1.694091176588427 120.8399999999931
6043 1.699060894353136 120.8599999999931
6044 1.703874162311116 120.8799999999931
6045 1.70831685890906 120.8999999999931
6046 1.712511682181538 120.9199999999931
6047 1.716204469321597 120.9399999999931
6048 1.719543757815636 120.9599999999931
6049 1.722463444309908 120.9799999999931
6050 1.725005413433107 120.9999999999931
6051 1.727224124748815 121.0199999999931
6052 1.729233489240462 121.0399999999931
6053 1.730586146543393 121.0599999999931
6054 1.731664850680399 121.079999999993
6055 1.732237239259882 121.099999999993
6056 1.732496036897643 121.119999999993
6057 1.732406739855342 121.139999999993
6058 1.732046852834712 121.159999999993
6059 1.731297966506966 121.179999999993
6060 1.730201823121325 121.199999999993
6061 1.728720178642738 121.219999999993
6062 1.726802612516595 121.239999999993
6063 1.724503121958028 121.259999999993
6064 1.72193103976745 121.279999999993
6065 1.71896862200608 121.299999999993
6066 1.715754896429386 121.319999999993
6067 1.712186434410736 121.339999999993
6068 1.70818868198423 121.359999999993
6069 1.703896732870877 121.379999999993
6070 1.699293618935185 121.399999999993
6071 1.694365738194373 121.419999999993
6072 1.689076692497161 121.439999999993
6073 1.68353235242927 121.459999999993
6074 1.677748150286683 121.479999999993
6075 1.671665920801483 121.499999999993
6076 1.665305599184028 121.519999999993
6077 1.658625812540358 121.539999999993
6078 1.651768096318191 121.559999999993
6079 1.644744037927331 121.5799999999929
6080 1.637467377366738 121.5999999999929
6081 1.630006585195416 121.6199999999929
6082 1.622355649793079 121.6399999999929
6083 1.614500576076531 121.6599999999929
6084 1.606484683867305 121.6799999999929
6085 1.598313738827532 121.6999999999929
6086 1.590018679644058 121.7199999999929
6087 1.581616234187552 121.7399999999929
6088 1.573157676462261 121.7599999999929
6089 1.564532380867127 121.7799999999929
6090 1.555934416893717 121.7999999999929
6091 1.547211176312438 121.8199999999929
6092 1.538425521248079 121.8399999999929
6093 1.529670766903843 121.8599999999929
6094 1.520781942876198 121.8799999999929
6095 1.511868811613044 121.8999999999929
6096 1.503027885578742 121.9199999999929
6097 1.494212315328977 121.9399999999929
6098 1.485403979553093 121.9599999999929
6099 1.476690535597125 121.9799999999929
6100 1.468002320910702 121.9999999999929
6101 1.459335893675531 122.0199999999929
6102 1.45078352412205 122.0399999999929
6103 1.442349211287169 122.0599999999929
6104 1.434024186657721 122.0799999999929
6105 1.425789661839196 122.0999999999928
6106 1.4176997296892 122.1199999999928
6107 1.409759491012569 122.1399999999928
6108 1.401948067379114 122.1599999999928
6109 1.394299971229346 122.1799999999928
6110 1.386854897879394 122.1999999999928
6111 1.37965802311002 122.2199999999928
6112 1.372630740600217 122.2399999999928
6113 1.365925003014661 122.2599999999928
6114 1.359289565323449 122.2799999999928
6115 1.3529651675642 122.2999999999928
6116 1.346954537866817 122.3199999999928
6117 1.341186492021097 122.3399999999928
6118 1.335602888620857 122.3599999999928
6119 1.330294700314832 122.3799999999928
6120 1.325159557221849 122.3999999999928
6121 1.320312881922381 122.4199999999928
6122 1.315862866187207 122.4399999999928
6123 1.311643175845069 122.4599999999928
6124 1.307930039937207 122.4799999999928
6125 1.30465281254871 122.4999999999928
6126 1.301593135185105 122.5199999999928
6127 1.298767168793912 122.5399999999928
6128 1.29623001355302 122.5599999999928
6129 1.294112778376133 122.5799999999928
6130 1.292323559205698 122.5999999999927
6131 1.290907900912017 122.6199999999927
6132 1.289795291222815 122.6399999999927
6133 1.28923885441734 122.6599999999927
6134 1.288905648482833 122.6799999999927
6135 1.289114982925322 122.6999999999927
6136 1.289733059370947 122.7199999999927
6137 1.290649006789655 122.7399999999927
6138 1.291781474797405 122.7599999999927
6139 1.293243207076001 122.7799999999927
6140 1.295076043190786 122.7999999999927
6141 1.297181231147549 122.8199999999927
6142 1.2999264440424 122.8399999999927
6143 1.303525344683731 122.8599999999927
6144 1.307521237824549 122.8799999999927
6145 1.311461348072584 122.8999999999927
6146 1.315769673527543 122.9199999999927
6147 1.320086732184472 122.9399999999927
6148 1.324713241688336 122.9599999999927
6149 1.329796322973966 122.9799999999927
6150 1.335175617666034 122.9999999999927
6151 1.34097323523832 123.0199999999927
6152 1.347262161336665 123.0399999999927
6153 1.353611115700188 123.0599999999927
6154 1.360498237672733 123.0799999999927
6155 1.367621931472838 123.0999999999926
6156 1.374968563019418 123.1199999999926
6157 1.38272036444495 123.1399999999926
6158 1.390482124853928 123.1599999999926
6159 1.398430946649084 123.1799999999926
6160 1.406759037289329 123.1999999999926
6161 1.415261737482334 123.2199999999926
6162 1.423802749704487 123.2399999999926
6163 1.432563871635256 123.2599999999926
6164 1.441401698239143 123.2799999999926
6165 1.45058272310492 123.2999999999926
6166 1.459923278333772 123.3199999999926
6167 1.469310849689663 123.3399999999926
6168 1.478761246622378 123.3599999999926
6169 1.488080877193821 123.3799999999926
6170 1.497488899767112 123.3999999999926
6171 1.507126250105444 123.4199999999926
6172 1.516795793358097 123.4399999999926
6173 1.526370733053354 123.4599999999926
6174 1.535869682212141 123.4799999999926
6175 1.545265868405211 123.4999999999926
6176 1.554738647738094 123.5199999999926
6177 1.564155368250684 123.5399999999926
6178 1.573542541245238 123.5599999999926
6179 1.582822603236778 123.5799999999926
6180 1.591952421886631 123.5999999999925
6181 1.600922365348945 123.6199999999925
6182 1.609634826233431 123.6399999999925
6183 1.618167234793324 123.6599999999925
6184 1.626660826010059 123.6799999999925
6185 1.635048834940107 123.6999999999925
6186 1.643236538888366 123.7199999999925
6187 1.651138447236038 123.7399999999925
6188 1.65868202521392 123.7599999999925
6189 1.666007605691429 123.7799999999925
6190 1.673110553752316 123.7999999999925
6191 1.679904425617844 123.8199999999925
6192 1.686464932349551 123.8399999999925
6193 1.692706280686918 123.8599999999925
6194 1.698693183869696 123.8799999999925
6195 1.70428174699714 123.8999999999925
6196 1.709505095097294 123.9199999999925
6197 1.71445591810398 123.9399999999925
6198 1.719121329473837 123.9599999999925
6199 1.72333321258652 123.9799999999925
6200 1.727268294658523 123.9999999999925
6201 1.730846716444181 124.0199999999925
6202 1.73395768597197 124.0399999999925
6203 1.736590590104227 124.0599999999925
6204 1.738896867738556 124.0799999999925
6205 1.740891834118373 124.0999999999924
6206 1.742599731369367 124.1199999999924
6207 1.743881781698307 124.1399999999924
6208 1.744622911308484 124.1599999999924
6209 1.745022917914894 124.1799999999924
6210 1.745103528991975 124.1999999999924
6211 1.744725009163377 124.2199999999924
6212 1.743968826617968 124.2399999999924
6213 1.742814886386761 124.2599999999924
6214 1.741330213601163 124.2799999999924
6215 1.739331577750714 124.2999999999924
6216 1.73694016104502 124.3199999999924
6217 1.734190757371664 124.3399999999924
6218 1.731182273516325 124.3599999999924
6219 1.727785090855092 124.3799999999924
6220 1.724142422726248 124.3999999999924
6221 1.720184312246624 124.4199999999924
6222 1.715835750797936 124.4399999999924
6223 1.711075239434867 124.4599999999924
6224 1.706082589578329 124.4799999999924
6225 1.700720141711704 124.4999999999924
6226 1.695152234898639 124.5199999999924
6227 1.689348883175023 124.5399999999924
6228 1.683239119132544 124.5599999999924
6229 1.676759856790794 124.5799999999924
6230 1.670093753608759 124.5999999999923
6231 1.663332552457782 124.6199999999923
6232 1.656270459618223 124.6399999999923
6233 1.648944922196979 124.6599999999923
6234 1.641352736018554 124.6799999999923
6235 1.633592741849543 124.6999999999923
6236 1.625715032065944 124.7199999999923
6237 1.617604756967015 124.7399999999923
6238 1.609250442548191 124.7599999999923
6239 1.600924519906331 124.7799999999923
6240 1.592421341638988 124.7999999999923
6241 1.583844898231462 124.8199999999923
6242 1.575142943261664 124.8399999999923
6243 1.56629569592397 124.8599999999923
6244 1.557419788198456 124.8799999999923
6245 1.548567618762292 124.8999999999923
6246 1.539641738738648 124.9199999999923
6247 1.530753313670449 124.9399999999923
6248 1.521825066661382 124.9599999999923
6249 1.512851980792844 124.9799999999923
6250 1.5039105806907 124.9999999999923
6251 1.494983329345939 125.0199999999923
6252 1.486089964265081 125.0399999999923
6253 1.477289019241246 125.0599999999923
6254 1.468472400666906 125.0799999999923
6255 1.459726690401304 125.0999999999922
6256 1.451097702563878 125.1199999999922
6257 1.442548248946271 125.1399999999922
6258 1.434065196665589 125.1599999999922
6259 1.425754907564712 125.1799999999922
6260 1.417558519555254 125.1999999999922
6261 1.409575954589337 125.2199999999922
6262 1.401730453738482 125.2399999999922
6263 1.394083303853255 125.2599999999922
6264 1.38664733125409 125.2799999999922
6265 1.379429455870258 125.2999999999922
6266 1.372463419096299 125.3199999999922
6267 1.365622764357373 125.3399999999922
6268 1.359089804968513 125.3599999999922
6269 1.352767208958085 125.3799999999922
6270 1.346750223311469 125.3999999999922
6271 1.340944595133048 125.4199999999922
6272 1.335382092330669 125.4399999999922
6273 1.3300485608998 125.4599999999922
6274 1.324830162917407 125.4799999999922
6275 1.319853729023756 125.4999999999922
6276 1.315202733042958 125.5199999999922
6277 1.310853294082367 125.5399999999922
6278 1.306813427673551 125.5599999999922
6279 1.303231237388274 125.5799999999922
6280 1.300238545728183 125.5999999999921
6281 1.29753182702492 125.6199999999921
6282 1.295122897692029 125.6399999999921
6283 1.292966752593926 125.6599999999921
6284 1.291029335944458 125.6799999999921
6285 1.289402938311291 125.6999999999921
6286 1.287879344913308 125.7199999999921
6287 1.286666503083608 125.7399999999921
6288 1.286035057988828 125.7599999999921
6289 1.285462737767615 125.7799999999921
6290 1.285415121931781 125.7999999999921
6291 1.285991147648041 125.8199999999921
6292 1.286878607705822 125.8399999999921
6293 1.288287816302922 125.8599999999921
6294 1.289801698970712 125.8799999999921
6295 1.291785732872775 125.8999999999921
6296 1.294370469170091 125.9199999999921
6297 1.296700086981442 125.9399999999921
6298 1.299355001305813 125.9599999999921
6299 1.302560242611808 125.9799999999921
6300 1.305869853962289 125.9999999999921
6301 1.309537419832775 126.0199999999921
6302 1.313788260060434 126.0399999999921
6303 1.318469070199118 126.0599999999921
6304 1.323419134966397 126.0799999999921
6305 1.328665655374939 126.0999999999921
6306 1.334166341811492 126.119999999992
6307 1.339826797325535 126.139999999992
6308 1.346027130087142 126.159999999992
6309 1.35225052709168 126.179999999992
6310 1.358810850530932 126.199999999992
6311 1.36550218862265 126.219999999992
6312 1.372492070067886 126.239999999992
6313 1.380021444690575 126.259999999992
6314 1.387752616027024 126.279999999992
6315 1.395413395751824 126.299999999992
6316 1.403285482924501 126.319999999992
6317 1.411549638577225 126.339999999992
6318 1.419832002215681 126.359999999992
6319 1.428271626870542 126.379999999992
6320 1.436883389886803 126.399999999992
6321 1.445801865840991 126.419999999992
6322 1.454784492095619 126.439999999992
6323 1.463761615766213 126.459999999992
6324 1.472935181117955 126.479999999992
6325 1.482176103315442 126.499999999992
6326 1.491381269061495 126.519999999992
6327 1.500636168185439 126.539999999992
6328 1.509797935919825 126.559999999992
6329 1.51903131271955 126.579999999992
6330 1.528072675540871 126.599999999992
6331 1.537345498504614 126.6199999999919
6332 1.54664690058782 126.6399999999919
6333 1.555846460047163 126.6599999999919
6334 1.564829057085405 126.6799999999919
6335 1.573759965952493 126.6999999999919
6336 1.582634157706136 126.7199999999919
6337 1.591281667643096 126.7399999999919
6338 1.599893595677869 126.7599999999919
6339 1.608325515737921 126.7799999999919
6340 1.616552097758905 126.7999999999919
6341 1.624490812152601 126.8199999999919
6342 1.632272885878216 126.8399999999919
6343 1.639901215683827 126.8599999999919
6344 1.647256939630432 126.8799999999919
6345 1.654405929583695 126.8999999999919
6346 1.661348810621351 126.9199999999919
6347 1.668095269378798 126.9399999999919
6348 1.67453107857224 126.9599999999919
6349 1.680582773160725 126.9799999999919
6350 1.686375955323069 126.9999999999919
6351 1.69191142275597 127.0199999999919
6352 1.697001369528342 127.0399999999919
6353 1.701900224689536 127.0599999999919
6354 1.706477782399718 127.0799999999919
6355 1.710821030543859 127.0999999999919
6356 1.714733740724261 127.1199999999918
6357 1.718204283126152 127.1399999999918
6358 1.721334751196166 127.1599999999918
6359 1.724010707923745 127.1799999999918
6360 1.7263818055166 127.1999999999918
6361 1.728461995721854 127.2199999999918
6362 1.730097796294296 127.2399999999918
6363 1.731315598019502 127.2599999999918
6364 1.732126000353277 127.2799999999918
6365 1.732501432668904 127.2999999999918
6366 1.73253738365588 127.3199999999918
6367 1.73230038296268 127.3399999999918
6368 1.731721426269754 127.3599999999918
6369 1.730793602714957 127.3799999999918
6370 1.729488558632541 127.3999999999918
6371 1.727724929212437 127.4199999999918
6372 1.725608551370041 127.4399999999918
6373 1.723126484119283 127.4599999999918
6374 1.720345802338536 127.4799999999918
6375 1.717229648048764 127.4999999999918
6376 1.713840251002456 127.5199999999918
6377 1.710009986055304 127.5399999999918
6378 1.705861862767318 127.5599999999918
6379 1.701357172476415 127.5799999999918
6380 1.696602181505189 127.5999999999918
6381 1.69145046647352 127.6199999999917
6382 1.685993948668901 127.6399999999917
6383 1.680337582258589 127.6599999999917
6384 1.674364395720699 127.6799999999917
6385 1.668147125048277 127.6999999999917
6386 1.661590567789818 127.7199999999917
6387 1.654774951927401 127.7399999999917
6388 1.647862823148747 127.7599999999917
6389 1.640675782344431 127.7799999999917
6390 1.633275836358766 127.7999999999917
6391 1.625739466444176 127.8199999999917
6392 1.617952409141284 127.8399999999917
6393 1.60999493952313 127.8599999999917
6394 1.601899142254107 127.8799999999917
6395 1.593651393819761 127.8999999999917
6396 1.585275395229764 127.9199999999917
6397 1.576861242257905 127.9399999999917
6398 1.568293388286858 127.9599999999917
6399 1.559683627222014 127.9799999999917
6400 1.551017669028272 127.9999999999917
6401 1.542247400196933 128.0199999999917
6402 1.533477626686509 128.0399999999917
6403 1.524654549454425 128.0599999999917
6404 1.515733936229617 128.0799999999917
6405 1.506855151222755 128.0999999999917
6406 1.498030384924959 128.1199999999917
6407 1.489230706401452 128.1399999999917
6408 1.480461980552903 128.1599999999918
6409 1.471764446319654 128.1799999999918
6410 1.463084211804566 128.1999999999918
6411 1.454501757877815 128.2199999999918
6412 1.445989866616402 128.2399999999918
6413 1.437626365185274 128.2599999999918
6414 1.429343289086719 128.2799999999918
6415 1.42117366184975 128.2999999999918
6416 1.413208660910179 128.3199999999918
6417 1.405289858740185 128.3399999999918
6418 1.397599272115683 128.3599999999919
6419 1.390045925820769 128.3799999999919
6420 1.382786081842433 128.3999999999919
6421 1.375617142826392 128.4199999999919
6422 1.368823750150751 128.4399999999919
6423 1.362126191052323 128.4599999999919
6424 1.355655265495504 128.4799999999919
6425 1.349516682471515 128.4999999999919
6426 1.343656619732366 128.5199999999919
6427 1.337995960826262 128.5399999999919
6428 1.332527387903952 128.559999999992
6429 1.327380159817228 128.579999999992
6430 1.322347827670115 128.599999999992
6431 1.317744558877209 128.619999999992
6432 1.31343759203272 128.639999999992
6433 1.309461441560602 128.659999999992
6434 1.30603660590831 128.679999999992
6435 1.302915897041444 128.699999999992
6436 1.29995845084213 128.719999999992
6437 1.297294168363226 128.7399999999921
6438 1.294991857712668 128.7599999999921
6439 1.293066647438297 128.7799999999921
6440 1.291484076072542 128.7999999999921
6441 1.290219901290305 128.8199999999921
6442 1.289450999938987 128.8399999999921
6443 1.28903607156904 128.8599999999921
6444 1.288955821117463 128.8799999999921
6445 1.289428809018604 128.8999999999921
6446 1.290248847749972 128.9199999999921
6447 1.291270482503287 128.9399999999922
6448 1.292589173481668 128.9599999999922
6449 1.294287040650461 128.9799999999922
6450 1.296189275174008 128.9999999999922
6451 1.298723361893927 129.0199999999922
6452 1.301824492627384 129.0399999999922
6453 1.305989135925267 129.0599999999922
6454 1.309656425806553 129.0799999999922
6455 1.314043988974116 129.0999999999922
6456 1.318223836411671 129.1199999999922
6457 1.322683805684035 129.1399999999923
6458 1.327570930298906 129.1599999999923
6459 1.332875034862764 129.1799999999923
6460 1.338440334590862 129.1999999999923
6461 1.344579608083237 129.2199999999923
6462 1.350843638128302 129.2399999999923
6463 1.357551875893457 129.2599999999923
6464 1.364563815252441 129.2799999999923
6465 1.371830167279987 129.2999999999923
6466 1.379367129705761 129.3199999999923
6467 1.387187079057073 129.3399999999924
6468 1.395025150962016 129.3599999999924
6469 1.403140045928985 129.3799999999924
6470 1.411685276311224 129.3999999999924
6471 1.42012189692916 129.4199999999924
6472 1.42885168711856 129.4399999999924
6473 1.437626705832204 129.4599999999924
6474 1.446651882478197 129.4799999999924
6475 1.455955606139378 129.4999999999924
6476 1.465309412190062 129.5199999999925
6477 1.474743744818588 129.5399999999925
6478 1.484135635123603 129.5599999999925
6479 1.493485419588658 129.5799999999925
6480 1.502999047155439 129.5999999999925
6481 1.512695565862821 129.6199999999925
6482 1.522320773600823 129.6399999999925
6483 1.531831151857322 129.6599999999925
6484 1.541282323713867 129.6799999999925
6485 1.550730420936536 129.6999999999925
6486 1.560177059051751 129.7199999999926
6487 1.569556896990845 129.7399999999926
6488 1.578936251835161 129.7599999999926
6489 1.588106499273354 129.7799999999926
6490 1.597159928369833 129.7999999999926
6491 1.605986152340279 129.8199999999926
6492 1.614566235510077 129.8399999999926
6493 1.623081687810286 129.8599999999926
6494 1.63152343936216 129.8799999999926
6495 1.639824315208465 129.8999999999926
6496 1.64784190224683 129.9199999999927
6497 1.655546531170195 129.9399999999927
6498 1.662936566187359 129.9599999999927
6499 1.670158235210603 129.9799999999927
6500 1.677080435256545 129.9999999999927
6501 1.683716419568512 130.0199999999927
6502 1.690140549911233 130.0399999999927
6503 1.696207917713408 130.0599999999927
6504 1.702030647693107 130.0799999999927
6505 1.707350410917219 130.0999999999927
6506 1.712436482033784 130.1199999999928
6507 1.717226030777566 130.1399999999928
6508 1.721629163201217 130.1599999999928
6509 1.725687726700269 130.1799999999928
6510 1.729402007948698 130.1999999999928
6511 1.732718951534032 130.2199999999928
6512 1.735569467863435 130.2399999999928
6513 1.738005272843516 130.2599999999928
6514 1.740136856771195 130.2799999999928
6515 1.741965534626757 130.2999999999928
6516 1.743451472669795 130.3199999999929
6517 1.744417571523034 130.3399999999929
6518 1.744950991915787 130.3599999999929
6519 1.745162301172101 130.3799999999929
6520 1.744982875703941 130.3999999999929
6521 1.744392949539431 130.4199999999929
6522 1.743402046787715 130.4399999999929
6523 1.742084231912385 130.4599999999929
6524 1.740312526378204 130.4799999999929
6525 1.73806488531856 130.499999999993
6526 1.735439534158073 130.519999999993
6527 1.73256613436966 130.539999999993
6528 1.729334166157342 130.559999999993
6529 1.72577900962879 130.579999999993
6530 1.721971702868472 130.599999999993
6531 1.717793220653135 130.619999999993
6532 1.71318536635676 130.639999999993
6533 1.708317019755486 130.659999999993
6534 1.703088814943484 130.679999999993
6535 1.697594228131435 130.6999999999931
6536 1.691911268247905 130.7199999999931
6537 1.685940948181669 130.7399999999931
6538 1.679620867405498 130.7599999999931
6539 1.672977872563679 130.7799999999931
6540 1.666301018809502 130.7999999999931
6541 1.659371865140289 130.8199999999931
6542 1.652145369001695 130.8399999999931
6543 1.644668156747376 130.8599999999931
6544 1.636970924256736 130.8799999999931
6545 1.629139283666942 130.8999999999932
6546 1.621142651822709 130.9199999999932
6547 1.612861436226627 130.9399999999932
6548 1.60454230926126 130.9599999999932
6549 1.596106610896926 130.9799999999932
6550 1.587559520926688 130.9999999999932
6551 1.57891606135672 131.0199999999932
6552 1.570125665278204 131.0399999999932
6553 1.561249423073344 131.0599999999932
6554 1.55239156544976 131.0799999999932
6555 1.543490159818773 131.0999999999933
6556 1.534586345374632 131.1199999999933
6557 1.525685202942091 131.1399999999933
6558 1.516714934750915 131.1599999999933
6559 1.507761875884539 131.1799999999933
6560 1.498823972272386 131.1999999999933
6561 1.489903527251111 131.2199999999933
6562 1.481074774501417 131.2399999999933
6563 1.472264343250248 131.2599999999933
6564 1.463476727258248 131.2799999999934
6565 1.454787019888185 131.2999999999934
6566 1.446227104796763 131.3199999999934
6567 1.437687233695829 131.3399999999934
6568 1.429307525624604 131.3599999999934
6569 1.421058730759135 131.3799999999934
6570 1.412989138959223 131.3999999999934
6571 1.40508414381099 131.4199999999934
6572 1.397358932888665 131.4399999999934
6573 1.38981201526515 131.4599999999934
6574 1.382502410345318 131.4799999999935
6575 1.375461848729287 131.4999999999935
6576 1.368529066948555 131.5199999999935
6577 1.361879462654681 131.5399999999935
6578 1.355456568606025 131.5599999999935
6579 1.349305143028382 131.5799999999935
6580 1.343419941760936 131.5999999999935
6581 1.337743012352388 131.6199999999935
6582 1.332307917110645 131.6399999999935
6583 1.327040921094318 131.6599999999935
6584 1.321963889505593 131.6799999999936
6585 1.317162682434809 131.6999999999936
6586 1.31268113916873 131.7199999999936
6587 1.308510980205668 131.7399999999936
6588 1.304723725010572 131.7599999999936
6589 1.301492058445996 131.7799999999936
6590 1.298657192645855 131.7999999999936
6591 1.296117882690459 131.8199999999936
6592 1.29389622606925 131.8399999999936
6593 1.291823588488598 131.8599999999936
6594 1.290088699656715 131.8799999999937
6595 1.288547140639177 131.8999999999937
6596 1.28713689975137 131.9199999999937
6597 1.286306547530657 131.9399999999937
6598 1.285690523862904 131.9599999999937
6599 1.285351255194811 131.9799999999937
6600 1.285692797938727 131.9999999999937
6601 1.286489379476862 132.0199999999937
6602 1.287622136359254 132.0399999999937
6603 1.28914676718061 132.0599999999937
6604 1.290896597930516 132.0799999999938
6605 1.293184413543998 132.0999999999938
6606 1.295835030495704 132.1199999999938
6607 1.298149091976593 132.1399999999938
6608 1.301154906975371 132.1599999999938
6609 1.304474330147455 132.1799999999938
6610 1.307920594477517 132.1999999999938
6611 1.311892343656469 132.2199999999938
6612 1.316477465550478 132.2399999999938
6613 1.321270439107082 132.2599999999939
6614 1.326412929514834 132.2799999999939
6615 1.331803072960638 132.2999999999939
6616 1.337350406146591 132.3199999999939
6617 1.343374563069236 132.3399999999939
6618 1.349584710815897 132.3599999999939
6619 1.355981547630547 132.3799999999939
6620 1.362668237405205 132.3999999999939
6621 1.369426967300138 132.4199999999939
6622 1.37678713921699 132.4399999999939
6623 1.384459341269881 132.459999999994
6624 1.392192337953368 132.479999999994
6625 1.399846393889163 132.499999999994
6626 1.408034644802867 132.519999999994
6627 1.416300274678946 132.539999999994
6628 1.424665430961942 132.559999999994
6629 1.433187137617771 132.579999999994
6630 1.441954135926748 132.599999999994
6631 1.451030015466812 132.619999999994
6632 1.459926742931443 132.639999999994
6633 1.46901823755605 132.6599999999941
6634 1.478243712495839 132.6799999999941
6635 1.487483777127296 132.6999999999941
6636 1.496740275243893 132.7199999999941
6637 1.505894035335866 132.7399999999941
6638 1.515169227092267 132.7599999999941
6639 1.52420048745715 132.7799999999941
6640 1.533407015224267 132.7999999999941
6641 1.54270934423111 132.8199999999941
6642 1.55194760437562 132.8399999999941
6643 1.561021081852098 132.8599999999942
6644 1.57000872173264 132.8799999999942
6645 1.578877524818379 132.8999999999942
6646 1.587658092292838 132.9199999999942
6647 1.596245930304691 132.9399999999942
6648 1.604774290642162 132.9599999999942
6649 1.613109740055558 132.9799999999942
6650 1.621153056522384 132.9999999999942
6651 1.628985021215322 133.0199999999942
6652 1.636717673658294 133.0399999999943
6653 1.644176056570946 133.0599999999943
6654 1.651414619495661 133.0799999999943
6655 1.658447918527247 133.0999999999943
6656 1.665282280212794 133.1199999999943
6657 1.671870619419763 133.1399999999943
6658 1.678066711690612 133.1599999999943
6659 1.683955735928744 133.1799999999943
6660 1.689624248652002 133.1999999999943
6661 1.694921601511345 133.2199999999943
6662 1.69984532903779 133.2399999999944
6663 1.704609163802778 133.2599999999944
6664 1.709023168208091 133.2799999999944
6665 1.713172051332841 133.2999999999944
6666 1.716788963019234 133.3199999999944
6667 1.720084596488338 133.3399999999944
6668 1.722938069005249 133.3599999999944
6669 1.725437578270707 133.3799999999944
6670 1.7276227437353 133.3999999999944
6671 1.729540036113534 133.4199999999944
6672 1.730856221244633 133.4399999999945
6673 1.731873984480118 133.4599999999945
6674 1.732389671686973 133.4799999999945
6675 1.732595956625863 133.4999999999945
6676 1.732463215645748 133.5199999999945
6677 1.732051401892071 133.5399999999945
6678 1.731255210468315 133.5599999999945
6679 1.730111928401177 133.5799999999945
6680 1.728562868372719 133.5999999999945
6681 1.726593396193065 133.6199999999945
6682 1.724233016868071 133.6399999999946
6683 1.721628758075942 133.6599999999946
6684 1.718616900243887 133.6799999999946
6685 1.715366812551108 133.6999999999946
6686 1.71172728213939 133.7199999999946
6687 1.707688398794888 133.7399999999946
6688 1.703345343707625 133.7599999999946
6689 1.698702308174258 133.7799999999946
6690 1.69371460309431 133.7999999999946
6691 1.688382285563657 133.8199999999946
6692 1.682811072785927 133.8399999999947
6693 1.676976787293672 133.8599999999947
6694 1.670863803272641 133.8799999999947
6695 1.664452842837784 133.8999999999947
6696 1.657725923406516 133.9199999999947
6697 1.650863423189781 133.9399999999947
6698 1.643796041501727 133.9599999999947
6699 1.636482225817301 133.9799999999947
6700 1.629005559032643 133.9999999999947
6701 1.62132082555886 134.0199999999948
6702 1.613441609689638 134.0399999999948
6703 1.605399870480478 134.0599999999948
6704 1.597205159221096 134.0799999999948
6705 1.588888779586327 134.0999999999948
6706 1.580473314503426 134.1199999999948
6707 1.57199773427978 134.1399999999948
6708 1.563361724545384 134.1599999999948
6709 1.554754791746932 134.1799999999948
6710 1.546017382346886 134.1999999999948
6711 1.537226851067182 134.2199999999949
6712 1.528464746925474 134.2399999999949
6713 1.519561633536738 134.2599999999949
6714 1.510653673919673 134.2799999999949
6715 1.501812796185616 134.2999999999949
6716 1.492995820689816 134.3199999999949
6717 1.484207343370949 134.3399999999949
6718 1.475487561291325 134.3599999999949
6719 1.466811011622798 134.3799999999949
6720 1.458156287793481 134.3999999999949
6721 1.449609963532031 134.419999999995
6722 1.441207734708273 134.439999999995
6723 1.432884653547051 134.459999999995
6724 1.424657411967065 134.479999999995
6725 1.416602921023707 134.499999999995
6726 1.40866233550344 134.519999999995
6727 1.400891594591449 134.539999999995
6728 1.39323911603008 134.559999999995
6729 1.385849543618019 134.579999999995
6730 1.378671711854077 134.599999999995
6731 1.371688657790434 134.6199999999951
6732 1.364989373986834 134.6399999999951
6733 1.358396912662678 134.6599999999951
6734 1.352104029245838 134.6799999999951
6735 1.346149844930834 134.6999999999951
6736 1.340393574220959 134.7199999999951
6737 1.334849129513307 134.7399999999951
6738 1.329588462028301 134.7599999999951
6739 1.324453403284265 134.7799999999951
6740 1.319678177467996 134.7999999999952
6741 1.315274191721111 134.8199999999952
6742 1.311092570591898 134.8399999999952
6743 1.307470129820689 134.8599999999952
6744 1.304231066013053 134.8799999999952
6745 1.301193129887183 134.8999999999952
6746 1.298406912485211 134.9199999999952
6747 1.295930842718814 134.9399999999952
6748 1.293860898864222 134.9599999999952
6749 1.292130143824617 134.9799999999952
6750 1.290745646891819 134.9999999999953
6751 1.289705426647814 135.0199999999953
6752 1.289200681267052 135.0399999999953
6753 1.288920199802214 135.0599999999953
6754 1.289208940180382 135.0799999999953
6755 1.289878972268037 135.0999999999953
6756 1.29082960376942 135.1199999999953
6757 1.291999517148966 135.1399999999953
6758 1.293511301992474 135.1599999999953
6759 1.295372515829296 135.1799999999953
6760 1.297579492541006 135.1999999999954
6761 1.300394473859166 135.2199999999954
6762 1.304177458250842 135.2399999999954
6763 1.308081690004115 135.2599999999954
6764 1.312122462928277 135.2799999999954
6765 1.316398908026028 135.2999999999954
6766 1.320756068439713 135.3199999999954
6767 1.325443518047264 135.3399999999954
6768 1.330612345955024 135.3599999999954
6769 1.336009499183102 135.3799999999954
6770 1.341891544376065 135.3999999999955
6771 1.348171091932504 135.4199999999955
6772 1.354620406154287 135.4399999999955
6773 1.36154483131972 135.4599999999955
6774 1.368706514929787 135.4799999999955
6775 1.376093455472454 135.4999999999955
6776 1.38389999312393 135.5199999999955
6777 1.391665171279931 135.5399999999955
6778 1.39963264604109 135.5599999999955
6779 1.408034570873467 135.5799999999956
6780 1.416515391439446 135.5999999999956
6781 1.425116200308714 135.6199999999956
6782 1.433884217589841 135.6399999999956
6783 1.442758092693178 135.6599999999956
6784 1.451982082727967 135.6799999999956
6785 1.4613173698374 135.6999999999956
6786 1.470713368533956 135.7199999999956
6787 1.480183730646882 135.7399999999956
6788 1.489496644412924 135.7599999999956
6789 1.498916188454076 135.7799999999957
6790 1.508590105387635 135.7999999999957
6791 1.518232314338544 135.8199999999957
6792 1.527796085777962 135.8399999999957
6793 1.537291794902873 135.8599999999957
6794 1.546703039011172 135.8799999999957
6795 1.556178263866409 135.8999999999957
6796 1.56558245731863 135.9199999999957
6797 1.574961676992894 135.9399999999957
6798 1.58421642560154 135.9599999999957
6799 1.593327271832889 135.9799999999958
6800 1.602265332077521 135.9999999999958
6801 1.6109406975278 136.0199999999958
6802 1.619461449884985 136.0399999999958
6803 1.627968317320692 136.0599999999958
6804 1.636311668563647 136.0799999999958
6805 1.644465581465965 136.0999999999958
6806 1.652308430468429 136.1199999999958
6807 1.659813321384788 136.1399999999958
6808 1.667122258751631 136.1599999999958
6809 1.674181513600179 136.1799999999959
6810 1.680933976854949 136.1999999999959
6811 1.687465258223378 136.2199999999959
6812 1.693665690587622 136.2399999999959
6813 1.699624225547037 136.2599999999959
6814 1.705120805408546 136.2799999999959
6815 1.710307247144869 136.2999999999959
6816 1.715231025024655 136.3199999999959
6817 1.719826198006428 136.3399999999959
6818 1.723996066177965 136.3599999999959
6819 1.727884035123389 136.379999999996
6820 1.731398556970759 136.399999999996
6821 1.73444770206074 136.419999999996
6822 1.737019452427498 136.439999999996
6823 1.73928085710685 136.459999999996
6824 1.741225455847418 136.479999999996
6825 1.74288949466729 136.499999999996
6826 1.744098370727348 136.519999999996
6827 1.744769924991612 136.539999999996
6828 1.745122729142615 136.5599999999961
6829 1.745150978531936 136.5799999999961
6830 1.744711593135308 136.5999999999961
6831 1.743887954906081 136.6199999999961
6832 1.742716452078963 136.6399999999961
6833 1.741144303959419 136.6599999999961
6834 1.739070428018813 136.6799999999961
6835 1.736627849695913 136.6999999999961
6836 1.73384887462812 136.7199999999961
6837 1.730778350326972 136.7399999999961
6838 1.727334930334266 136.7599999999962
6839 1.723656448352086 136.7799999999962
6840 1.719640835093291 136.7999999999962
6841 1.715227817355877 136.8199999999962
6842 1.710430119105407 136.8399999999962
6843 1.705384195236551 136.8599999999962
6844 1.699974234039648 136.8799999999962
6845 1.694387004994747 136.8999999999962
6846 1.688541158290208 136.9199999999962
6847 1.682375758574535 136.9399999999962
6848 1.675851263478248 136.9599999999963
6849 1.669179488734878 136.9799999999963
6850 1.662381359813972 136.9999999999963
6851 1.655272500964728 137.0199999999963
6852 1.647909861059575 137.0399999999963
6853 1.640287872297332 137.0599999999963
6854 1.632504928521064 137.0799999999963
6855 1.62460251227513 137.0999999999963
6856 1.616445370983077 137.1199999999963
6857 1.608097538014782 137.1399999999963
6858 1.599741589325459 137.1599999999964
6859 1.591228407790568 137.1799999999964
6860 1.582635416857484 137.1999999999964
6861 1.573911015966533 137.2199999999964
6862 1.565048646848553 137.2399999999964
6863 1.556176920696001 137.2599999999964
6864 1.547315601506015 137.2799999999964
6865 1.538387035790128 137.2999999999964
6866 1.529498908248571 137.3199999999964
6867 1.520557369727003 137.3399999999965
6868 1.511588592394832 137.3599999999965
6869 1.502643061064886 137.3799999999965
6870 1.493718209667249 137.3999999999965
6871 1.484837955469217 137.4199999999965
6872 1.476037806649037 137.4399999999965
6873 1.467226121107528 137.4599999999965
6874 1.458488052093873 137.4799999999965
6875 1.449878724315037 137.4999999999965
6876 1.441326884910687 137.5199999999965
6877 1.432866981915798 137.5399999999966
6878 1.424573447746077 137.5599999999966
6879 1.416405055218914 137.5799999999966
6880 1.408444828612808 137.5999999999966
6881 1.400629985840792 137.6199999999966
6882 1.393001125854762 137.6399999999966
6883 1.38560392004829 137.6599999999966
6884 1.37841482635659 137.6799999999966
6885 1.371477842485682 137.6999999999966
6886 1.364679111170727 137.7199999999966
6887 1.358176591908342 137.7399999999967
6888 1.351889316170725 137.7599999999967
6889 1.34591502628037 137.7799999999967
6890 1.340135287580109 137.7999999999967
6891 1.33460271355833 137.8199999999967
6892 1.329285316694548 137.8399999999967
6893 1.324098824633855 137.8599999999967
6894 1.319167901216187 137.8799999999967
6895 1.314558181674506 137.8999999999967
6896 1.31025615348622 137.9199999999967
6897 1.30628327404756 137.9399999999968
6898 1.302773152827628 137.9599999999968
6899 1.299840196437183 137.9799999999968
6900 1.297168279315281 137.9999999999968
6901 1.294820532424707 138.0199999999968
6902 1.292683849518491 138.0399999999968
6903 1.290786558500289 138.0599999999968
6904 1.28919075702371 138.0799999999968
6905 1.287680826206177 138.0999999999968
6906 1.286558788773093 138.1199999999968
6907 1.285962970874006 138.1399999999969
6908 1.285411446875254 138.1599999999969
6909 1.285476075882018 138.1799999999969
6910 1.286116448046667 138.1999999999969
6911 1.287066206627899 138.2199999999969
6912 1.288512524315075 138.2399999999969
6913 1.290082533299779 138.2599999999969
6914 1.292131165936984 138.2799999999969
6915 1.294813621301706 138.2999999999969
6916 1.297045974409429 138.319999999997
6917 1.299823609903237 138.339999999997
6918 1.303054649812551 138.359999999997
6919 1.306397990768296 138.379999999997
6920 1.310123278526208 138.399999999997
6921 1.314479163175105 138.419999999997
6922 1.319192824379217 138.439999999997
6923 1.32419087575586 138.459999999997
6924 1.329478566383161 138.479999999997
6925 1.334986391578524 138.499999999997
6926 1.340727978694752 138.5199999999971
6927 1.346977940781356 138.5399999999971
6928 1.353216032137496 138.5599999999971
6929 1.359824761564288 138.5799999999971
6930 1.366516638592766 138.5999999999971
6931 1.373606003585682 138.6199999999971
6932 1.381177387829732 138.6399999999971
6933 1.38890774547564 138.6599999999971
6934 1.39656439134125 138.6799999999971
6935 1.404532920263172 138.6999999999971
6936 1.41279516237554 138.7199999999972
6937 1.421096212340459 138.7399999999972
6938 1.429563045784756 138.7599999999972
6939 1.43820376353687 138.7799999999972
6940 1.447172644870864 138.7999999999972
6941 1.456123508705417 138.8199999999972
6942 1.465132849361805 138.8399999999972
6943 1.474327165222837 138.8599999999972
6944 1.483575903220128 138.8799999999972
6945 1.492787576666572 138.8999999999972
6946 1.502021380381903 138.9199999999973
6947 1.511217807232007 138.9399999999973
6948 1.520380650012367 138.9599999999973
6949 1.529481637234052 138.9799999999973
6950 1.538758210234909 138.9999999999973
6951 1.54804868733815 139.0199999999973
6952 1.557214711132421 139.0399999999973
6953 1.56622563789769 139.0599999999973
6954 1.575111283322286 139.0799999999973
6955 1.583994336622903 139.0999999999974
6956 1.592592946888621 139.1199999999974
6957 1.601215348027315 139.1399999999974
6958 1.609621355623266 139.1599999999974
6959 1.617802754012643 139.1799999999974
6960 1.62570703799774 139.1999999999974
6961 1.633471359170995 139.2199999999974
6962 1.641064038405793 139.2399999999974
6963 1.64839440950787 139.2599999999974
6964 1.655512756607098 139.2799999999974
6965 1.662419092475274 139.2999999999975
6966 1.669131335087335 139.3199999999975
6967 1.675518660373231 139.3399999999975
6968 1.681515489557916 139.3599999999975
6969 1.687274163187114 139.3799999999975
6970 1.692760230217674 139.3999999999975
6971 1.697791568683429 139.4199999999975
6972 1.702686899568193 139.4399999999975
6973 1.70720020742606 139.4599999999975
6974 1.711505053534917 139.4799999999975
6975 1.715334819836877 139.4999999999976
6976 1.718765486341612 139.5199999999976
6977 1.721827436305676 139.5399999999976
6978 1.724457588907987 139.5599999999976
6979 1.726766482245518 139.5799999999976
6980 1.728833319201666 139.5999999999976
6981 1.730365489245527 139.6199999999976
6982 1.731533719055351 139.6399999999976
6983 1.732277624779274 139.6599999999976
6984 1.732604095065512 139.6799999999976
6985 1.732590421498731 139.6999999999977
6986 1.732312091610711 139.7199999999977
6987 1.731675634140934 139.7399999999977
6988 1.730695685399671 139.7599999999977
6989 1.729330066400572 139.7799999999977
6990 1.727508888925577 139.7999999999977
6991 1.725329324729232 139.8199999999977
6992 1.72281180320544 139.8399999999977
6993 1.71996679290864 139.8599999999977
6994 1.716814487392841 139.8799999999978
6995 1.713368428083121 139.8999999999978
6996 1.709479369887476 139.9199999999978
6997 1.70528294728881 139.9399999999978
6998 1.700736819029506 139.9599999999978
6999 1.695930603620897 139.9799999999978
7000 1.690727900149246 139.9999999999978
7001 1.685230887533668 140.0199999999978
7002 1.679540134114848 140.0399999999978
7003 1.673523118544808 140.0599999999978
7004 1.667261969883516 140.0799999999979
7005 1.660655650150107 140.0999999999979
7006 1.653825268874824 140.1199999999979
7007 1.646879209561145 140.1399999999979
7008 1.639655258405788 140.1599999999979
7009 1.632232687396524 140.1799999999979
7010 1.6246557147515 140.1999999999979
7011 1.616848917462153 140.2199999999979
7012 1.608859326481741 140.2399999999979
7013 1.600737152624224 140.2599999999979
7014 1.592478151549727 140.279999999998
7015 1.584081722587425 140.299999999998
7016 1.575658684050246 140.319999999998
7017 1.567065412663657 140.339999999998
7018 1.558459550362855 140.359999999998
7019 1.549773070977414 140.379999999998
7020 1.540991693588563 140.399999999998
7021 1.532222745762756 140.419999999998
7022 1.523380488561704 140.439999999998
7023 1.514456232595526 140.459999999998
7024 1.505587509445444 140.4799999999981
7025 1.496783251764606 140.4999999999981
7026 1.487955757884661 140.5199999999981
7027 1.479213401063267 140.5399999999981
7028 1.4705110687517 140.5599999999981
7029 1.461837336139675 140.5799999999981
7030 1.453253538892483 140.5999999999981
7031 1.444775062898547 140.6199999999981
7032 1.436428522483187 140.6399999999981
7033 1.428159320858659 140.6599999999981
7034 1.420010580756099 140.6799999999982
7035 1.412055630961156 140.6999999999982
7036 1.404169602706655 140.7199999999982
7037 1.396495345483082 140.7399999999982
7038 1.38897415796516 140.7599999999982
7039 1.38173903156032 140.7799999999982
7040 1.374612527873872 140.7999999999982
7041 1.367856584563375 140.8199999999982
7042 1.361169324823033 140.8399999999982
7043 1.354751639726825 140.8599999999983
7044 1.348654183199509 140.8799999999983
7045 1.342834301088771 140.8999999999983
7046 1.337190642518625 140.9199999999983
7047 1.33177401155418 140.9399999999983
7048 1.326628064782237 140.9599999999983
7049 1.321667691835848 140.9799999999983
7050 1.317116273813986 140.9999999999983
7051 1.312832109381201 141.0199999999983
7052 1.308948243309355 141.0399999999983
7053 1.305571566652856 141.0599999999984
7054 1.302479035933899 141.0799999999984
7055 1.299567056135642 141.0999999999984
7056 1.296930641948921 141.1199999999984
7057 1.294704805503991 141.1399999999984
7058 1.292818707016909 141.1599999999984
7059 1.291295646917716 141.1799999999984
7060 1.290086280186003 141.1999999999984
7061 1.289382959751121 141.2199999999984
7062 1.289011555614335 141.2399999999984
7063 1.289023407629085 141.2599999999985
7064 1.289553127145008 141.2799999999985
7065 1.290406460882681 141.2999999999985
7066 1.29145936648252 141.3199999999985
7067 1.29283614505566 141.3399999999985
7068 1.294586109280252 141.3599999999985
7069 1.296518773896693 141.3799999999985
7070 1.299158341474413 141.3999999999985
7071 1.302418720948694 141.4199999999985
7072 1.306545870333101 141.4399999999985
7073 1.310286257045953 141.4599999999986
7074 1.314690030533648 141.4799999999986
7075 1.31888351345929 141.4999999999986
7076 1.323412814032399 141.5199999999986
7077 1.328352284942532 141.5399999999986
7078 1.33370394740324 141.5599999999986
7079 1.339337219266968 141.5799999999986
7080 1.345551162041048 141.5999999999986
7081 1.351819889370725 141.6199999999986
7082 1.358598973666074 141.6399999999987
7083 1.365660107458832 141.6599999999987
7084 1.372947090448337 141.6799999999987
7085 1.380572673042931 141.6999999999987
7086 1.388363424645308 141.7199999999987
7087 1.396247313944598 141.7399999999987
7088 1.404431402371711 141.7599999999987
7089 1.412988337500572 141.7799999999987
7090 1.421442454027276 141.7999999999987
7091 1.430187728397452 141.8199999999987
7092 1.438980041350415 141.8399999999988
7093 1.448069749590981 141.8599999999988
7094 1.457385764721689 141.8799999999988
7095 1.466758449859103 141.8999999999988
7096 1.476210925196901 141.9199999999988
7097 1.485568873638139 141.9399999999988
7098 1.494926158696663 141.9599999999988
7099 1.504489875815729 141.9799999999988
7100 1.514171151469391 141.9999999999988
7101 1.523782365120582 142.0199999999988
7102 1.533303826165574 142.0399999999989
7103 1.542732253191468 142.0599999999989
7104 1.552194166561812 142.0799999999989
7105 1.56163301497302 142.0999999999989
7106 1.571017360965896 142.1199999999989
7107 1.580366016516787 142.1399999999989
7108 1.589524461788352 142.1599999999989
7109 1.598548846909751 142.1799999999989
7110 1.607346699184485 142.1999999999989
7111 1.615894915439124 142.2199999999989
7112 1.624411411717381 142.239999999999
7113 1.632828910087533 142.259999999999
7114 1.641094580927329 142.279999999999
7115 1.649067905726864 142.299999999999
7116 1.656704706457012 142.319999999999
7117 1.66410923787285 142.339999999999
7118 1.671270848323279 142.359999999999
7119 1.678159389601031 142.379999999999
7120 1.684741363873216 142.399999999999
7121 1.691142367293077 142.419999999999
7122 1.697176664559712 142.4399999999991
7123 1.702906624016157 142.4599999999991
7124 1.708201039189899 142.4799999999991
7125 1.713229818282563 142.4999999999991
7126 1.717989186357974 142.5199999999991
7127 1.722320372193182 142.5399999999991
7128 1.726342489870691 142.5599999999991
7129 1.730005225133579 142.5799999999991
7130 1.733249302289472 142.5999999999991
7131 1.736022343845403 142.6199999999992
7132 1.738412702437867 142.6399999999992
7133 1.740494977412118 142.6599999999992
7134 1.742283711091004 142.6799999999992
7135 1.743706983363418 142.6999999999992
7136 1.744582684375516 142.7199999999992
7137 1.745078236980793 142.7399999999992
7138 1.745239740263709 142.7599999999992
7139 1.744989762490375 142.7799999999992
7140 1.744344036669248 142.7999999999992
7141 1.743287560221363 142.8199999999993
7142 1.741919855048149 142.8399999999993
7143 1.740071651899782 142.8599999999993
7144 1.737765875608512 142.8799999999993
7145 1.735091057430564 142.8999999999993
7146 1.732172525373173 142.9199999999993
7147 1.728882422107403 142.9399999999993
7148 1.72529113858913 142.9599999999993
7149 1.721436168175009 142.9799999999993
7150 1.717194676411747 142.9999999999993
7151 1.712533470116342 143.0199999999994
7152 1.70762303670916 143.0399999999994
7153 1.702345977479587 143.0599999999994
7154 1.696818545103542 143.0799999999994
7155 1.691093100089368 143.0999999999994
7156 1.685077721039528 143.1199999999994
7157 1.678696979781017 143.1399999999994
7158 1.672037153648472 143.1599999999994
7159 1.665337188099771 143.1799999999994
7160 1.658358557172813 143.1999999999994
7161 1.651097762950572 143.2199999999995
7162 1.643576495983346 143.2399999999995
7163 1.635856792405193 143.2599999999995
7164 1.628007896149402 143.2799999999995
7165 1.619972975872963 143.2999999999995
7166 1.611656457962679 143.3199999999995
7167 1.603341683997219 143.3399999999995
7168 1.59487870459668 143.3599999999995
7169 1.586317652237144 143.3799999999995
7170 1.577651153835032 143.3999999999996
7171 1.568841016293991 143.4199999999996
7172 1.559958290727677 143.4399999999996
7173 1.551105402599022 143.4599999999996
7174 1.542189679038344 143.4799999999996
7175 1.533291664694931 143.4999999999996
7176 1.52438164140089 143.5199999999996
7177 1.51540340247431 143.5399999999996
7178 1.506458903446837 143.5599999999996
7179 1.497518974609141 143.5799999999996
7180 1.488602089861182 143.5999999999997
7181 1.479786878034918 143.6199999999997
7182 1.470969308290162 143.6399999999997
7183 1.462189669882991 143.6599999999997
7184 1.45351839307509 143.6799999999997
7185 1.444963852262384 143.6999999999997
7186 1.43643919711311 143.7199999999997
7187 1.428092525118837 143.7399999999997
7188 1.419854099656154 143.7599999999997
7189 1.411812447908683 143.7799999999997
7190 1.403926490927848 143.7999999999998
7191 1.396230178778219 143.8199999999998
7192 1.38871772426874 143.8399999999998
7193 1.381439358483413 143.8599999999998
7194 1.374427835838796 143.8799999999998
7195 1.367525957130764 143.8999999999998
7196 1.360920876317618 143.9199999999998
7197 1.354527606987287 143.9399999999998
7198 1.348423680569108 143.9599999999998
7199 1.342563635744452 143.9799999999998
7200 1.336923974650135 143.9999999999999
7201 1.331521042380844 144.0199999999999
7202 1.326268202336516 144.0399999999999
7203 1.321228989126922 144.0599999999999
7204 1.316481557577794 144.0799999999999
7205 1.312045812989563 144.0999999999999
7206 1.307915999525527 144.1199999999999
7207 1.304200803749291 144.1399999999999
7208 1.301065857150893 144.1599999999999
7209 1.298269016767216 144.1799999999999
7210 1.295768665911614 144.2
7211 1.293587571974388 144.22
7212 1.291548863280002 144.24
7213 1.289859932223315 144.26
7214 1.288316821932914 144.28
7215 1.286971933007244 144.3
7216 1.286244949937293 144.32
7217 1.285619382365671 144.34
7218 1.285374386486796 144.36
7219 1.28580332144238 144.3800000000001
7220 1.286645543185775 144.4000000000001
7221 1.287876413221039 144.4200000000001
7222 1.289381737586151 144.4400000000001
7223 1.291232268474343 144.4600000000001
7224 1.293622291810268 144.4800000000001
7225 1.296152005786654 144.5000000000001
7226 1.298586618851263 144.5200000000001
7227 1.30167621131741 144.5400000000001
7228 1.304982097625784 144.5600000000001
7229 1.308509268184029 144.5800000000002
7230 1.312590400849427 144.6000000000002
7231 1.317206705921647 144.6200000000002
7232 1.322053484633802 144.6400000000002
7233 1.327236073445046 144.6600000000002
7234 1.332676508769389 144.6800000000002
7235 1.338255015825282 144.7000000000002
7236 1.344355824925013 144.7200000000002
7237 1.350555509715515 144.7400000000002
7238 1.357022885258267 144.7600000000002
7239 1.363710446851931 144.7800000000003
7240 1.370529215359505 144.8000000000003
7241 1.377969982289988 144.8200000000003
7242 1.385667283645362 144.8400000000003
7243 1.393386295101234 144.8600000000003
7244 1.401103381130517 144.8800000000003
7245 1.409331811872039 144.9000000000003
7246 1.41760002426586 144.9200000000003
7247 1.425977822518955 144.9400000000003
7248 1.43454370487801 144.9600000000003
7249 1.443359235433758 144.9800000000004
7250 1.452433294543263 145.0000000000004
7251 1.461350070154084 145.0200000000004
7252 1.470466475461505 145.0400000000004
7253 1.479702507086582 145.0600000000004
7254 1.488943237944335 145.0800000000004
7255 1.498200005028496 145.1000000000004
7256 1.507352061470819 145.1200000000004
7257 1.516633739176742 145.1400000000004
7258 1.525649831453279 145.1600000000005
7259 1.534884400711055 145.1800000000005
7260 1.544185862677864 145.2000000000005
7261 1.553422490861602 145.2200000000005
7262 1.562451775355834 145.2400000000005
7263 1.57142342817825 145.2600000000005
7264 1.580302495501332 145.2800000000005
7265 1.589028778573699 145.3000000000005
7266 1.597638662272898 145.3200000000005
7267 1.606121643657792 145.3400000000005
7268 1.614427368805993 145.3600000000006
7269 1.622438214123513 145.3800000000006
7270 1.6302474240892 145.4000000000006
7271 1.637947869023909 145.4200000000006
7272 1.64537620803651 145.4400000000006
7273 1.652572091522636 145.4600000000006
7274 1.659587835391886 145.4800000000006
7275 1.666391564396233 145.5000000000006
7276 1.672917087531763 145.5200000000006
7277 1.679075666663962 145.5400000000006
7278 1.684922067556803 145.5600000000007
7279 1.690550525372854 145.5800000000007
7280 1.695774727981119 145.6000000000007
7281 1.700678927585603 145.6200000000007
7282 1.705381954188263 145.6400000000007
7283 1.709766788474779 145.6600000000007
7284 1.713850733641658 145.6800000000007
7285 1.717409087783385 145.7000000000007
7286 1.720640025070926 145.7200000000007
7287 1.723430349304653 145.7400000000007
7288 1.725884390198707 145.7600000000008
7289 1.728034885677495 145.7800000000008
7290 1.729844848975888 145.8000000000008
7291 1.731128301959621 145.8200000000008
7292 1.73207819928606 145.8400000000008
7293 1.732540195111536 145.8600000000008
7294 1.732684415017092 145.8800000000008
7295 1.732508955427571 145.9000000000008
7296 1.732038203338598 145.9200000000008
7297 1.731193310486831 145.9400000000009
7298 1.730006797262127 145.9600000000009
7299 1.728372203878477 145.9800000000009
7300 1.726345587497335 146.0000000000009
7301 1.723932649088366 146.0200000000009
7302 1.721273046236675 146.0400000000009
7303 1.718222086167269 146.0600000000009
7304 1.714923611643484 146.0800000000009
7305 1.711215158272284 146.1000000000009
7306 1.707136962292513 146.1200000000009
7307 1.702734543762742 146.140000000001
7308 1.698045605532754 146.160000000001
7309 1.692999196535389 146.180000000001
7310 1.687619242028185 146.200000000001
7311 1.682016853005841 146.220000000001
7312 1.676131829937157 146.240000000001
7313 1.669982645298927 146.260000000001
7314 1.663515637794375 146.280000000001
7315 1.656744290935781 146.300000000001
7316 1.64987645076416 146.320000000001
7317 1.642761059774814 146.3400000000011
7318 1.635411551049968 146.3600000000011
7319 1.627916177282094 146.3800000000011
7320 1.62019985444772 146.4000000000011
7321 1.612281368603491 146.4200000000011
7322 1.604223952427007 146.4400000000011
7323 1.596002348703802 146.4600000000011
7324 1.587661900700579 146.4800000000011
7325 1.57924511658083 146.5000000000011
7326 1.570732943280369 146.5200000000011
7327 1.56210781198554 146.5400000000012
7328 1.553474342789348 146.5600000000012
7329 1.544726184080874 146.5800000000012
7330 1.535936249720621 146.6000000000012
7331 1.527153325866503 146.6200000000012
7332 1.518242884623697 146.6400000000012
7333 1.509337211999021 146.6600000000012
7334 1.500499344692065 146.6800000000012
7335 1.491698306462885 146.7000000000012
7336 1.48290211868808 146.7200000000012
7337 1.47420211401801 146.7400000000013
7338 1.465509513416832 146.7600000000013
7339 1.456890833550308 146.7800000000013
7340 1.448350111736986 146.8000000000013
7341 1.439964052671288 146.8200000000013
7342 1.431648771833118 146.8400000000013
7343 1.423440536382397 146.8600000000013
7344 1.415403881919913 146.8800000000013
7345 1.407480175947094 146.9000000000013
7346 1.399740374208861 146.9200000000014
7347 1.392122805323355 146.9400000000014
7348 1.384755367621031 146.9600000000014
7349 1.377607139072611 146.9800000000014
7350 1.370680348835369 147.0000000000014
7351 1.36398324038608 147.0200000000014
7352 1.357431051356928 147.0400000000014
7353 1.351199048125978 147.0600000000014
7354 1.345271063490811 147.0800000000014
7355 1.33954808993111 147.1000000000014
7356 1.334026445024159 147.1200000000015
7357 1.328813685192319 147.1400000000015
7358 1.323700422557777 147.1600000000015
7359 1.31899595888825 147.1800000000015
7360 1.314634748770294 147.2000000000015
7361 1.310516662374276 147.2200000000015
7362 1.306974163443261 147.2400000000015
7363 1.303783054990615 147.2600000000015
7364 1.300765471821734 147.2800000000015
7365 1.298025571931213 147.3000000000015
7366 1.29562449244882 147.3200000000016
7367 1.293602995437115 147.3400000000016
7368 1.291917391529456 147.3600000000016
7369 1.290584794443896 147.3800000000016
7370 1.289626202712183 147.4000000000016
7371 1.289170917231046 147.4200000000016
7372 1.288940937644809 147.4400000000016
7373 1.289302479834638 147.4600000000016
7374 1.290040547992541 147.4800000000016
7375 1.291008389291923 147.5000000000016
7376 1.292250794060935 147.5200000000017
7377 1.293806986860439 147.5400000000017
7378 1.295689120442426 147.5600000000017
7379 1.29801708550558 147.5800000000017
7380 1.300916919985293 147.6000000000017
7381 1.304868515006342 147.6200000000017
7382 1.308707987527343 147.6400000000017
7383 1.312845051314289 147.6600000000017
7384 1.317093461940664 147.6800000000017
7385 1.321468183705042 147.7000000000018
7386 1.326246281499439 147.7200000000018
7387 1.331475553545745 147.7400000000018
7388 1.336917737954204 147.7600000000018
7389 1.342896157044848 147.7800000000018
7390 1.349168856648554 147.8000000000018
7391 1.355724219793395 147.8200000000018
7392 1.362674742136444 147.8400000000018
7393 1.369881076064129 147.8600000000018
7394 1.377324937063053 147.8800000000018
7395 1.385149495485175 147.9000000000019
7396 1.392939777221452 147.9200000000019
7397 1.400949349246661 147.9400000000019
7398 1.409419790580062 147.9600000000019
7399 1.417879518437748 147.9800000000019
7400 1.426539312058314 148.0000000000019
7401 1.435320429038315 148.0200000000019
7402 1.444230954942774 148.0400000000019
7403 1.453497206193787 148.0600000000019
7404 1.462833263090631 148.0800000000019
7405 1.472229274111681 148.100000000002
7406 1.48169162536282 148.120000000002
7407 1.491024235418844 148.140000000002
7408 1.500463887637598 148.160000000002
7409 1.510143030162248 148.180000000002
7410 1.519791870756181 148.200000000002
7411 1.529338612002002 148.220000000002
7412 1.538824394148531 148.240000000002
7413 1.548255490208683 148.260000000002
7414 1.557716372030169 148.280000000002
7415 1.567106360006326 148.3000000000021
7416 1.57649654788161 148.3200000000021
7417 1.585717079469068 148.3400000000021
7418 1.594817791242467 148.3600000000021
7419 1.603718764171723 148.3800000000021
7420 1.612351548726334 148.4000000000021
7421 1.620863064824261 148.4200000000021
7422 1.62935673604453 148.4400000000021
7423 1.637687086676941 148.4600000000021
7424 1.645793679133279 148.4800000000021
7425 1.653587408440838 148.5000000000022
7426 1.661040941035922 148.5200000000022
7427 1.66831778584869 148.5400000000022
7428 1.675330437190889 148.5600000000022
7429 1.68205932464361 148.5800000000022
7430 1.688552331049046 148.6000000000022
7431 1.694659360744101 148.6200000000022
7432 1.700628043519036 148.6400000000022
7433 1.706034040062772 148.6600000000022
7434 1.711185946012225 148.6800000000023
7435 1.716054990951595 148.7000000000023
7436 1.720583258253889 148.7200000000023
7437 1.72470795540747 148.7400000000023
7438 1.728539799815075 148.7600000000023
7439 1.731985338576834 148.7800000000023
7440 1.734967296690637 148.8000000000023
7441 1.737470161557794 148.8200000000023
7442 1.739692168816526 148.8400000000023
7443 1.741588766212573 148.8600000000023
7444 1.743192587185029 148.8800000000024
7445 1.744318325416395 148.9000000000024
7446 1.744923986650088 148.9200000000024
7447 1.745228794424962 148.9400000000024
7448 1.745182747359329 148.9600000000024
7449 1.744686540138675 148.9800000000024
7450 1.743802820540584 149.0000000000024
7451 1.742570785116921 149.0200000000024
7452 1.740934553986773 149.0400000000024
7453 1.738802420912028 149.0600000000024
7454 1.736280730839312 149.0800000000025
7455 1.733465058364483 149.1000000000025
7456 1.730334724543698 149.1200000000025
7457 1.726843942495091 149.1400000000025
7458 1.723125269433762 149.1600000000025
7459 1.719042117231475 149.1800000000025
7460 1.714559565929973 149.2000000000025
7461 1.709730096612306 149.2200000000025
7462 1.704620398385471 149.2400000000025
7463 1.6991651477228 149.2600000000025
7464 1.693552266209602 149.2800000000026
7465 1.68766206451275 149.3000000000026
7466 1.681434616643369 149.3200000000026
7467 1.67486358651203 149.3400000000026
7468 1.668186708669517 149.3600000000026
7469 1.661345637524583 149.3800000000026
7470 1.654187979937494 149.4000000000026
7471 1.64678471786091 149.4200000000026
7472 1.639130584007048 149.4400000000026
7473 1.631330347987542 149.4600000000027
7474 1.623391964456597 149.4800000000027
7475 1.615186753310348 149.5000000000027
7476 1.606848815554787 149.5200000000027
7477 1.598460602969756 149.5400000000027
7478 1.589935378089893 149.5600000000027
7479 1.581323408813808 149.5800000000027
7480 1.572573360675537 149.6000000000027
7481 1.563703569511904 149.6200000000027
7482 1.554832256906117 149.6400000000027
7483 1.545957640965199 149.6600000000028
7484 1.537029762564823 149.6800000000028
7485 1.528140128738084 149.7000000000028
7486 1.519184841144443 149.7200000000028
7487 1.510220061086786 149.7400000000028
7488 1.501275934357801 149.7600000000028
7489 1.492347133121948 149.7800000000028
7490 1.483487871920577 149.8000000000028
7491 1.474682026200576 149.8200000000028
7492 1.465875291856011 149.8400000000028
7493 1.457148143437948 149.8600000000029
7494 1.448560219001423 149.8800000000029
7495 1.440007741199236 149.9000000000029
7496 1.431574271695181 149.9200000000029
7497 1.423298588081442 149.9400000000029
7498 1.415161997666039 149.9600000000029
7499 1.407223156892295 149.9800000000029
7500 1.399445203738942 150.0000000000029
7501 1.391842263018061 150.0200000000029
7502 1.384477201482236 150.0400000000029
7503 1.377323726966876 150.060000000003
7504 1.370416386168143 150.080000000003
7505 1.363664560966321 150.100000000003
7506 1.357193690741903 150.120000000003
7507 1.350950631673085 150.140000000003
7508 1.345011968404072 150.160000000003
7509 1.339266297739887 150.180000000003
7510 1.333763043898064 150.200000000003
7511 1.328465544938555 150.220000000003
7512 1.323316822143672 150.2400000000031
7513 1.318435408553762 150.2600000000031
7514 1.313869328019611 150.2800000000031
7515 1.309621545669573 150.3000000000031
7516 1.305706644656234 150.3200000000031
7517 1.302305230992032 150.3400000000031
7518 1.299412290622737 150.3600000000031
7519 1.296783649828374 150.3800000000031
7520 1.29449211730395 150.4000000000031
7521 1.292374441081866 150.4200000000031
7522 1.290538222614066 150.4400000000032
7523 1.288977007120153 150.4600000000032
7524 1.287486972241168 150.4800000000032
7525 1.286472610803961 150.5000000000032
7526 1.285866865666699 150.5200000000032
7527 1.285389782536972 150.5400000000032
7528 1.285568531873228 150.5600000000032
7529 1.286271336539004 150.5800000000032
7530 1.287264823058603 150.6000000000032
7531 1.288768905105453 150.6200000000032
7532 1.290399769482971 150.6400000000033
7533 1.292508304073055 150.6600000000033
7534 1.295296283968418 150.6800000000033
7535 1.297452452789614 150.7000000000033
7536 1.300327032279841 150.7200000000033
7537 1.303617752276756 150.7400000000033
7538 1.306961722514908 150.7600000000033
7539 1.31078796144575 150.7800000000033
7540 1.31524776053512 150.8000000000033
7541 1.319982659397564 150.8200000000033
7542 1.325036379617631 150.8400000000034
7543 1.330362669840635 150.8600000000034
7544 1.33588984707625 150.8800000000034
7545 1.341734794891078 150.9000000000034
7546 1.347971108475394 150.9200000000034
7547 1.354273432766582 150.9400000000034
7548 1.360929467282683 150.9600000000034
7549 1.367617852302402 150.9800000000034
7550 1.374812020316064 151.0000000000034
7551 1.382432552704628 151.0200000000034
7552 1.390180025889925 151.0400000000035
7553 1.397806557356891 151.0600000000035
7554 1.405874100944925 151.0800000000035
7555 1.414149648970009 151.1000000000035
7556 1.42247146214227 151.1200000000035
7557 1.430959235494003 151.1400000000035
7558 1.439638077612655 151.1600000000035
7559 1.448653829897768 151.1800000000035
7560 1.457583879569477 151.2000000000035
7561 1.466616994754202 151.2200000000036
7562 1.475846161199588 151.2400000000036
7563 1.485088778492301 151.2600000000036
7564 1.494308515029733 151.2800000000036
7565 1.50351721890824 151.3000000000036
7566 1.512753110597767 151.3200000000036
7567 1.521862979037766 151.3400000000036
7568 1.531008814926826 151.3600000000036
7569 1.54029706875988 151.3800000000036
7570 1.549566320309164 151.4000000000036
7571 1.558701454546063 151.4200000000037
7572 1.567728644487841 151.4400000000037
7573 1.576580980327929 151.4600000000037
7574 1.585450961077046 151.4800000000037
7575 1.594026468190565 151.5000000000037
7576 1.602624023595154 151.5200000000037
7577 1.611015894778197 151.5400000000037
7578 1.619138808829433 151.5600000000037
7579 1.627012070644739 151.5800000000037
7580 1.634767209915381 151.6000000000037
7581 1.642316455522541 151.6200000000038
7582 1.649618729137639 151.6400000000038
7583 1.656693322073899 151.6600000000038
7584 1.663572100549451 151.6800000000038
7585 1.670248169353082 151.7000000000038
7586 1.676573784547737 151.7200000000038
7587 1.682519175467588 151.7400000000038
7588 1.688238678058583 151.7600000000038
7589 1.693667387506399 151.7800000000038
7590 1.698648460248895 151.8000000000038
7591 1.703515250783815 151.8200000000039
7592 1.70797572813056 151.8400000000039
7593 1.712218800974368 151.8600000000039
7594 1.715979174145248 151.8800000000039
7595 1.719361063096846 151.9000000000039
7596 1.722346326744218 151.9200000000039
7597 1.724921085336505 151.9400000000039
7598 1.727176534326278 151.9600000000039
7599 1.729216485285867 151.9800000000039
7600 1.730643970062393 152.000000000004
7601 1.731762094660775 152.020000000004
7602 1.732414294418209 152.040000000004
7603 1.732698830357045 152.060000000004
7604 1.732640477263708 152.080000000004
7605 1.732311651738819 152.100000000004
7606 1.731612438542968 152.120000000004
7607 1.730569060285732 152.140000000004
7608 1.729141145694607 152.160000000004
7609 1.727260922831853 152.180000000004
7610 1.725013341355544 152.2000000000041
7611 1.722460166289474 152.2200000000041
7612 1.719550072553404 152.2400000000041
7613 1.716361550581111 152.2600000000041
7614 1.712847198925911 152.2800000000041
7615 1.708893920493902 152.3000000000041
7616 1.704644167679787 152.3200000000041
7617 1.700059023037889 152.3400000000041
7618 1.695183400571626 152.3600000000041
7619 1.689932972509348 152.3800000000041
7620 1.684402940010868 152.4000000000042
7621 1.678662633147516 152.4200000000042
7622 1.672605205113491 152.4400000000042
7623 1.6662889177182 152.4600000000042
7624 1.659637500917989 152.4800000000042
7625 1.652785008530384 152.5000000000042
7626 1.645803738135245 152.5200000000042
7627 1.638541472266363 152.5400000000042
7628 1.63109579257088 152.5600000000042
7629 1.623473214543572 152.5800000000042
7630 1.615640282875762 152.6000000000043
7631 1.607633761651286 152.6200000000043
7632 1.599471913131644 152.6400000000043
7633 1.591198325810427 152.6600000000043
7634 1.582787644468024 152.6800000000043
7635 1.574344670778913 152.7000000000043
7636 1.565735459758523 152.7200000000043
7637 1.557127744445961 152.7400000000043
7638 1.548420039758409 152.7600000000043
7639 1.539632582060477 152.7800000000043
7640 1.530866777037471 152.8000000000044
7641 1.521998373378548 152.8200000000044
7642 1.513071290661415 152.8400000000044
7643 1.504220851595554 152.8600000000044
7644 1.495406184854337 152.8800000000044
7645 1.486582118698367 152.9000000000044
7646 1.477855962079855 152.9200000000044
7647 1.469164521850497 152.9400000000044
7648 1.460483644437987 152.9600000000044
7649 1.451922863964804 152.9800000000045
7650 1.443465366247237 153.0000000000045
7651 1.435129353246843 153.0200000000045
7652 1.426875495217263 153.0400000000045
7653 1.418760214920475 153.0600000000045
7654 1.410808912789421 153.0800000000045
7655 1.402963461124535 153.1000000000045
7656 1.395302729697099 153.1200000000045
7657 1.387817741264888 153.1400000000045
7658 1.380602217841562 153.1600000000045
7659 1.373527854745421 153.1800000000046
7660 1.366807757672781 153.2000000000046
7661 1.360139297736107 153.2200000000046
7662 1.353775283357151 153.2400000000046
7663 1.347727449390215 153.2600000000046
7664 1.341935571706403 153.2800000000046
7665 1.33632224923351 153.3000000000046
7666 1.330975928332685 153.3200000000046
7667 1.325825407961422 153.3400000000046
7668 1.320934137029733 153.3600000000046
7669 1.316443054300823 153.3800000000047
7670 1.312187654604942 153.4000000000047
7671 1.308402639727317 153.4200000000047
7672 1.305083335968323 153.4400000000047
7673 1.30200784330574 153.4600000000047
7674 1.299143856145234 153.4800000000047
7675 1.29655667261811 153.5000000000047
7676 1.294402696790994 153.5200000000047
7677 1.292574301324174 153.5400000000047
7678 1.291114908495919 153.5600000000047
7679 1.289945152757702 153.5800000000048
7680 1.289334397600973 153.6000000000048
7681 1.288984500829538 153.6200000000048
7682 1.289110827341057 153.6400000000048
7683 1.289697217356763 153.6600000000048
7684 1.290585797736943 153.6800000000048
7685 1.291676148245887 153.7000000000048
7686 1.293108479169913 153.7200000000048
7687 1.294894781123504 153.7400000000048
7688 1.296930653973749 153.7600000000049
7689 1.299629648032385 153.7800000000049
7690 1.303094348125897 153.8000000000049
7691 1.307152034333346 153.8200000000049
7692 1.311001923972517 153.8400000000049
7693 1.315344639494803 153.8600000000049
7694 1.31962167461882 153.8800000000049
7695 1.324209488119747 153.9000000000049
7696 1.329225851879729 153.9200000000049
7697 1.334593813530361 153.9400000000049
7698 1.340322689425142 153.960000000005
7699 1.346596753113167 153.980000000005
7700 1.352897887799006 154.000000000005
7701 1.359745549318604 154.020000000005
7702 1.366848889906603 154.040000000005
7703 1.374170704078564 154.060000000005
7704 1.381876545682855 154.080000000005
7705 1.389653759629591 154.100000000005
7706 1.397576406884426 154.120000000005
7707 1.40584691333022 154.140000000005
7708 1.414380748673861 154.1600000000051
7709 1.422884599600105 154.1800000000051
7710 1.431637076771554 154.2000000000051
7711 1.44044640428621 154.2200000000051
7712 1.449596596264719 154.2400000000051
7713 1.458938674728365 154.2600000000051
7714 1.468328579028084 154.2800000000051
7715 1.477775732580765 154.3000000000051
7716 1.487130295994501 154.3200000000051
7717 1.496500181635949 154.3400000000051
7718 1.506103289929407 154.3600000000052
7719 1.515788655540795 154.3800000000052
7720 1.525377549038702 154.4000000000052
7721 1.534899596971222 154.4200000000052
7722 1.544307424841725 154.4400000000052
7723 1.553773628368983 154.4600000000052
7724 1.563209366331527 154.4800000000052
7725 1.572598040443685 154.5000000000052
7726 1.581907352275358 154.5200000000052
7727 1.591054707457976 154.5400000000053
7728 1.600048663372887 154.5600000000053
7729 1.60880485816699 154.5800000000053
7730 1.617345742956867 154.6000000000053
7731 1.625850123859609 154.6200000000053
7732 1.634245747167976 154.6400000000053
7733 1.642469591621166 154.6600000000053
7734 1.650395432408878 154.6800000000053
7735 1.657983230848497 154.7000000000053
7736 1.665352661364383 154.7200000000053
7737 1.672475810170814 154.7400000000054
7738 1.679314454879777 154.7600000000054
7739 1.685876453244349 154.7800000000054
7740 1.692199104279669 154.8000000000054
7741 1.698219016022172 154.8200000000054
7742 1.703849522236454 154.8400000000054
7743 1.709095315391397 154.8600000000054
7744 1.714100386610411 154.8800000000054
7745 1.718797877405981 154.9000000000054
7746 1.723060023944742 154.9200000000054
7747 1.727038705581596 154.9400000000055
7748 1.730649409422742 154.9600000000055
7749 1.733817734316615 154.9800000000055
7750 1.736506925757346 155.0000000000055
7751 1.738847499872596 155.0200000000055
7752 1.740883053706419 155.0400000000055
7753 1.742618941831759 155.0600000000055
7754 1.743968078424484 155.0800000000055
7755 1.744760502717935 155.1000000000055
7756 1.745196740716591 155.1200000000055
7757 1.745312308110402 155.1400000000056
7758 1.744990209186463 155.1600000000056
7759 1.744282913050486 155.1800000000056
7760 1.743156444652139 155.2000000000056
7761 1.741726389228982 155.2200000000056
7762 1.739800096801176 155.2400000000056
7763 1.737433260464109 155.2600000000056
7764 1.734709487629724 155.2800000000056
7765 1.731740377292109 155.3000000000056
7766 1.728384231383616 155.3200000000056
7767 1.72476100760426 155.3400000000057
7768 1.72084701035643 155.3600000000057
7769 1.716541092277395 155.3800000000057
7770 1.711820947799252 155.4000000000057
7771 1.706860546542447 155.4200000000057
7772 1.701530983372795 155.4400000000057
7773 1.695976536873289 155.4600000000057
7774 1.690202525811376 155.4800000000057
7775 1.684132691677001 155.5000000000057
7776 1.67768987119544 155.5200000000058
7777 1.671023790187386 155.5400000000058
7778 1.664281102469209 155.5600000000058
7779 1.657254908853135 155.5800000000058
7780 1.649959212809493 155.6000000000058
7781 1.642390057549777 155.6200000000058
7782 1.63464531589202 155.6400000000058
7783 1.626778869636781 155.6600000000058
7784 1.618701921899474 155.6800000000058
7785 1.610351143197086 155.7000000000058
7786 1.602034813152023 155.7200000000059
7787 1.593543356781734 155.7400000000059
7788 1.584970708037124 155.7600000000059
7789 1.576282700127422 155.7800000000059
7790 1.567445819081394 155.8000000000059
7791 1.55856409486697 155.8200000000059
7792 1.549711017449283 155.8400000000059
7793 1.540781031307382 155.8600000000059
7794 1.53188863146066 155.8800000000059
7795 1.522968899769339 155.9000000000059
7796 1.513986281911632 155.920000000006
7797 1.505042789026935 155.940000000006
7798 1.496103460745806 155.960000000006
7799 1.487197809987289 155.980000000006
7800 1.478390426353187 156.000000000006
7801 1.469568239085202 156.020000000006
7802 1.460801728060976 156.040000000006
7803 1.45214925305918 156.060000000006
7804 1.443598559542723 156.080000000006
7805 1.435093455750892 156.100000000006
7806 1.4267620876234 156.1200000000061
7807 1.418549223799005 156.1400000000061
7808 1.410538748218888 156.1600000000061
7809 1.402673094595474 156.1800000000061
7810 1.395003520917933 156.2000000000061
7811 1.387539895160932 156.2200000000061
7812 1.380299346146879 156.2400000000061
7813 1.373315082293874 156.2600000000061
7814 1.366445872685238 156.2800000000061
7815 1.359884194821792 156.3000000000062
7816 1.353528868192015 156.3200000000062
7817 1.347476230770766 156.3400000000062
7818 1.34164237548537 156.3600000000062
7819 1.336042382803559 156.3800000000062
7820 1.330670020658817 156.4000000000062
7821 1.325440477211821 156.4200000000062
7822 1.320441334877474 156.4400000000062
7823 1.315750269958062 156.4600000000062
7824 1.311370781866755 156.4800000000062
7825 1.307293262991859 156.5000000000063
7826 1.303648017314308 156.5200000000063
7827 1.300613540473782 156.5400000000063
7828 1.29785644264183 156.5600000000063
7829 1.295402942791872 156.5800000000063
7830 1.293253099108428 156.6000000000063
7831 1.291275854569782 156.6200000000063
7832 1.289616126766125 156.6400000000063
7833 1.288080034555525 156.6600000000063
7834 1.28681475374683 156.6800000000063
7835 1.286142680855025 156.7000000000064
7836 1.285562068933842 156.7200000000064
7837 1.285418351518408 156.7400000000064
7838 1.285933742947745 156.7600000000064
7839 1.286812562234681 156.7800000000064
7840 1.288170764933083 156.8000000000064
7841 1.289656656418262 156.8200000000064
7842 1.291597426951508 156.8400000000064
7843 1.29411245654746 156.8600000000064
7844 1.296505087665117 156.8800000000064
7845 1.299077790828729 156.9000000000065
7846 1.302248971678565 156.9200000000065
7847 1.305538532405783 156.9400000000065
7848 1.309156620441013 156.9600000000065
7849 1.313356152500069 156.9800000000065
7850 1.317998331284725 157.0000000000065
7851 1.322910005303496 157.0200000000065
7852 1.328142497421278 157.0400000000065
7853 1.333624462243911 157.0600000000065
7854 1.33924410757763 157.0800000000065
7855 1.345407699611993 157.1000000000066
7856 1.351618745388808 157.1200000000066
7857 1.358148355450858 157.1400000000066
7858 1.364844591089571 157.1600000000066
7859 1.371767385359454 157.1800000000066
7860 1.379264368509342 157.2000000000066
7861 1.386978158485416 157.2200000000066
7862 1.394668353459737 157.2400000000066
7863 1.402481808428747 157.2600000000066
7864 1.410737839279488 157.2800000000067
7865 1.419010367930194 157.3000000000067
7866 1.427432590635356 157.3200000000067
7867 1.436020625935024 157.3400000000067
7868 1.444916736205152 157.3600000000067
7869 1.453914607847537 157.3800000000067
7870 1.462887144927271 157.4000000000067
7871 1.472043336354723 157.4200000000067
7872 1.481282991767962 157.4400000000067
7873 1.490509738741273 157.4600000000067
7874 1.49976517795024 157.4800000000068
7875 1.508923028072466 157.5000000000068
7876 1.518202815105666 157.5200000000068
7877 1.527220742365277 157.5400000000068
7878 1.536483984640595 157.5600000000068
7879 1.545787028304592 157.5800000000068
7880 1.555006646176569 157.6000000000068
7881 1.564004218081593 157.6200000000068
7882 1.572959717320674 157.6400000000068
7883 1.581839941316847 157.6600000000068
7884 1.590525617894491 157.6800000000069
7885 1.599134793675978 157.7000000000069
7886 1.607586541783562 157.7200000000069
7887 1.615850448590994 157.7400000000069
7888 1.62382701814132 157.7600000000069
7889 1.631616834176272 157.7800000000069
7890 1.639273287366221 157.8000000000069
7891 1.646669351639822 157.8200000000069
7892 1.653826415695947 157.8400000000069
7893 1.660808548412744 157.8600000000069
7894 1.667594690514087 157.880000000007
7895 1.674038287365816 157.900000000007
7896 1.680151180115561 157.920000000007
7897 1.685969244431821 157.940000000007
7898 1.691533151315685 157.960000000007
7899 1.696691419004981 157.980000000007
7900 1.70158059752168 158.000000000007
7901 1.70621397850264 158.020000000007
7902 1.710565971615774 158.040000000007
7903 1.714558337464286 158.0600000000071
7904 1.718059634421802 158.0800000000071
7905 1.721233747785967 158.1000000000071
7906 1.723955012306429 158.1200000000071
7907 1.726359388566691 158.1400000000071
7908 1.728465746218403 158.1600000000071
7909 1.730169434358138 158.1800000000071
7910 1.731415216543147 158.2000000000071
7911 1.73228575042902 158.2200000000071
7912 1.732687116002538 158.2400000000071
7913 1.732765477723072 158.2600000000072
7914 1.732553129152806 158.2800000000072
7915 1.732025037852713 158.3000000000072
7916 1.731122705571471 158.3200000000072
7917 1.729869207288894 158.3400000000072
7918 1.728151739805262 158.3600000000072
7919 1.726065833078439 158.3800000000072
7920 1.723603424822173 158.4000000000072
7921 1.720876099104396 158.4200000000072
7922 1.7177860176786 158.4400000000072
7923 1.714431034487212 158.4600000000073
7924 1.710644869987296 158.4800000000073
7925 1.706525288313068 158.5000000000073
7926 1.70205746068017 158.5200000000073
7927 1.697323926429924 158.5400000000073
7928 1.692213059179681 158.5600000000073
7929 1.686784589586021 158.5800000000073
7930 1.681145597691428 158.6000000000073
7931 1.675207538403438 158.6200000000073
7932 1.669018679431269 158.6400000000073
7933 1.662489933974427 158.6600000000074
7934 1.655685536783841 158.6800000000074
7935 1.648795416063538 158.7000000000074
7936 1.641633184796933 158.7200000000074
7937 1.634250317093747 158.7400000000074
7938 1.626726451280926 158.7600000000074
7939 1.6189687020228 158.7800000000074
7940 1.6110199444626 158.8000000000074
7941 1.60293663162693 158.8200000000074
7942 1.594696750346476 158.8400000000074
7943 1.586328083683584 158.8600000000075
7944 1.57791014239865 158.8800000000075
7945 1.569364419898291 158.9000000000075
7946 1.560741834513295 158.9200000000075
7947 1.552087949063838 158.9400000000075
7948 1.54332425284917 158.9600000000075
7949 1.534539352632594 158.9800000000075
7950 1.525732992107031 159.0000000000075
7951 1.516810889075819 159.0200000000075
7952 1.507917585017633 159.0400000000076
7953 1.499090993763392 159.0600000000076
7954 1.490277132181399 159.0800000000076
7955 1.481501105713 159.1000000000076
7956 1.472796635990572 159.1200000000076
7957 1.464110410424513 159.1400000000076
7958 1.45551192703085 159.1600000000076
7959 1.446986428654685 159.1800000000076
7960 1.438611585762543 159.2000000000076
7961 1.430313573428016 159.2200000000076
7962 1.422124798878488 159.2400000000077
7963 1.414121880349036 159.2600000000077
7964 1.406202708621495 159.2800000000077
7965 1.398497628413687 159.3000000000077
7966 1.390915230674555 159.3200000000077
7967 1.383627440403326 159.3400000000077
7968 1.376434282136444 159.3600000000077
7969 1.369602897380742 159.3800000000077
7970 1.362895404522819 159.4000000000077
7971 1.356389940907534 159.4200000000077
7972 1.350215552449372 159.4400000000078
7973 1.344330486578978 159.4600000000078
7974 1.338643023466404 159.4800000000078
7975 1.333155643331591 159.5000000000078
7976 1.327981730517122 159.5200000000078
7977 1.322906659625697 159.5400000000078
7978 1.318271764211947 159.5600000000078
7979 1.313944916028933 159.5800000000078
7980 1.309908013712686 159.6000000000078
7981 1.306439436994693 159.6200000000078
7982 1.303293071475546 159.6400000000079
7983 1.300307711424562 159.6600000000079
7984 1.297613222516919 159.6800000000079
7985 1.295287229358526 159.7000000000079
7986 1.293317805177363 159.7200000000079
7987 1.29170265835064 159.7400000000079
7988 1.290402853011699 159.7600000000079
7989 1.289558278179451 159.7800000000079
7990 1.289130570224275 159.8000000000079
7991 1.288983225579165 159.820000000008
7992 1.2894153629667 159.840000000008
7993 1.290215545567708 159.860000000008
7994 1.291211803955014 159.880000000008
7995 1.292496253619713 159.900000000008
7996 1.294142810437546 159.920000000008
7997 1.296034361510315 159.940000000008
7998 1.298497557183981 159.960000000008
7999 1.301532627154117 159.980000000008
8000 1.305619829787873 160.000000000008
8001 1.309360823212407 160.0200000000081
8002 1.313640486154271 160.0400000000081
8003 1.317848232339845 160.0600000000081
8004 1.322267131811647 160.0800000000081
8005 1.3271231544912 160.1000000000081
8006 1.33241178553526 160.1200000000081
8007 1.33791109812161 160.1400000000081
8008 1.344000872474129 160.1600000000081
8009 1.350257625253245 160.1800000000081
8010 1.356916628567994 160.2000000000081
8011 1.363909460535826 160.2200000000082
8012 1.371159480490356 160.2400000000082
8013 1.378657833248921 160.2600000000082
8014 1.386504591043948 160.2800000000082
8015 1.394305398966724 160.3000000000082
8016 1.402383032780741 160.3200000000082
8017 1.410912363167595 160.3400000000082
8018 1.419353628082896 160.3600000000082
8019 1.428068801786471 160.3800000000082
8020 1.436846485573091 160.4000000000082
8021 1.445825590149461 160.4200000000083
8022 1.455125534591041 160.4400000000083
8023 1.464468519872902 160.4600000000083
8024 1.473891304082367 160.4800000000083
8025 1.483319141391344 160.5000000000083
8026 1.49266690841349 160.5200000000083
8027 1.502127403614202 160.5400000000083
8028 1.511838840918073 160.5600000000083
8029 1.521465332089368 160.5800000000083
8030 1.53100629226749 160.6000000000084
8031 1.540476626102981 160.6200000000084
8032 1.549925804551743 160.6400000000084
8033 1.55937767877954 160.6600000000084
8034 1.568757513748011 160.6800000000084
8035 1.5781497044666 160.7000000000084
8036 1.587340589729564 160.7200000000084
8037 1.596413663361012 160.7400000000084
8038 1.605277261344142 160.7600000000084
8039 1.613868678621918 160.7800000000084
8040 1.622395722732984 160.8000000000085
8041 1.630843135059138 160.8200000000085
8042 1.639165376224879 160.8400000000085
8043 1.647220839915252 160.8600000000085
8044 1.654959902989683 160.8800000000085
8045 1.662374278673283 160.9000000000085
8046 1.669614710049218 160.9200000000085
8047 1.676568797115005 160.9400000000085
8048 1.683232094337644 160.9600000000085
8049 1.689717236262478 160.9800000000085
8050 1.695765626967889 161.0000000000086
8051 1.701683602334474 161.0200000000086
8052 1.707015297215864 161.0400000000086
8053 1.712124178219948 161.0600000000086
8054 1.716943061161017 161.0800000000086
8055 1.721398442618009 161.1000000000086
8056 1.725482824053241 161.1200000000086
8057 1.729242835586747 161.1400000000086
8058 1.732601726917126 161.1600000000086
8059 1.735508702538023 161.1800000000086
8060 1.737962587751379 161.2000000000087
8061 1.740132257347536 161.2200000000087
8062 1.741984063830756 161.2400000000087
8063 1.74351408087472 161.2600000000087
8064 1.744546947643443 161.2800000000087
8065 1.745099204377532 161.3000000000087
8066 1.74534317332001 161.3200000000087
8067 1.745218024517447 161.3400000000087
8068 1.744658520911393 161.3600000000087
8069 1.743710729744707 161.3800000000087
8070 1.742417269898975 161.4000000000088
8071 1.740701068541275 161.4200000000088
8072 1.738493566378136 161.4400000000088
8073 1.735904345379732 161.4600000000088
8074 1.733047522869253 161.4800000000088
8075 1.729854415271202 161.5000000000088
8076 1.726317824827825 161.5200000000088
8077 1.722545286531646 161.5400000000088
8078 1.718403423453516 161.5600000000088
8079 1.713837595027902 161.5800000000089
8080 1.708978527788584 161.6000000000089
8081 1.703793938000296 161.6200000000089
8082 1.698307366150388 161.6400000000089
8083 1.692652444527795 161.6600000000089
8084 1.686709611840665 161.6800000000089
8085 1.680425315086833 161.7000000000089
8086 1.673795980336324 161.7200000000089
8087 1.667120960410935 161.7400000000089
8088 1.660224340127495 161.7600000000089
8089 1.653019891190208 161.780000000009
8090 1.645570976511082 161.800000000009
8091 1.637886509223892 161.820000000009
8092 1.630062579448338 161.840000000009
8093 1.622086290863003 161.860000000009
8094 1.613832340652437 161.880000000009
8095 1.605502511376536 161.900000000009
8096 1.59708281931774 161.920000000009
8097 1.588541372000209 161.940000000009
8098 1.579906676408891 161.960000000009
8099 1.571130293719039 161.9800000000091
8100 1.562252232803311 162.0000000000091
8101 1.553385105345203 162.0200000000091
8102 1.544490877667226 162.0400000000091
8103 1.535573510109534 162.0600000000091
8104 1.526674218973336 162.0800000000091
8105 1.51770825488818 162.1000000000091
8106 1.508746195429499 162.1200000000091
8107 1.499802973156035 162.1400000000091
8108 1.490872932243032 162.1600000000091
8109 1.482031873389087 162.1800000000092
8110 1.473219766142082 162.2000000000092
8111 1.464420057485237 162.2200000000092
8112 1.455706595773118 162.2400000000092
8113 1.447140253591989 162.2600000000092
8114 1.438588025614496 162.2800000000092
8115 1.430185784590631 162.3000000000092
8116 1.421924992941469 162.3200000000092
8117 1.413830368180831 162.3400000000092
8118 1.405911043460968 162.3600000000093
8119 1.398164921931865 162.3800000000093
8120 1.390595805875901 162.4000000000093
8121 1.383267282987296 162.4200000000093
8122 1.376210129724565 162.4400000000093
8123 1.369256234550265 162.4600000000093
8124 1.362578924320765 162.4800000000093
8125 1.356128783107931 162.5000000000093
8126 1.3499468791136 162.5200000000093
8127 1.344037399452974 162.5400000000093
8128 1.338333108826041 162.5600000000094
8129 1.33286292263791 162.5800000000094
8130 1.327582926634657 162.6000000000094
8131 1.322481757185144 162.6200000000094
8132 1.317650011582693 162.6400000000094
8133 1.313139418954473 162.6600000000094
8134 1.308946733751302 162.6800000000094
8135 1.305107454064966 162.7000000000094
8136 1.301820683950823 162.7200000000094
8137 1.298962840161452 162.7400000000094
8138 1.296382132531586 162.7600000000095
8139 1.294145351411815 162.7800000000095
8140 1.292045934875146 162.8000000000095
8141 1.290281484800194 162.8200000000095
8142 1.288728715236755 162.8400000000095
8143 1.287284101656232 162.8600000000095
8144 1.286395014212573 162.8800000000095
8145 1.285783598080741 162.9000000000095
8146 1.28538407481686 162.9200000000095
8147 1.285676895389363 162.9400000000095
8148 1.286451280343514 162.9600000000096
8149 1.287526897721877 162.9800000000096
8150 1.289045454729952 163.0000000000096
8151 1.290753230545546 163.0200000000096
8152 1.292980569298575 163.0400000000096
8153 1.2956991087863 163.0600000000096
8154 1.297926905644783 163.0800000000096
8155 1.300896810400819 163.1000000000096
8156 1.3042019646735 163.1200000000096
8157 1.307616655237653 163.1400000000096
8158 1.311549885096632 163.1600000000097
8159 1.316081083334107 163.1800000000097
8160 1.32085665474031 163.2000000000097
8161 1.325971072130842 163.2200000000097
8162 1.331343240368554 163.2400000000097
8163 1.336871265109496 163.2600000000097
8164 1.342848330789875 163.2800000000097
8165 1.349063238393305 163.3000000000097
8166 1.355427288208552 163.3200000000097
8167 1.362111942873381 163.3400000000098
8168 1.368843577356635 163.3600000000098
8169 1.376151217150807 163.3800000000098
8170 1.383803141388916 163.4000000000098
8171 1.391556314222984 163.4200000000098
8172 1.399185694608907 163.4400000000098
8173 1.40734388756792 163.4600000000098
8174 1.415620872625783 163.4800000000098
8175 1.423970096433232 163.5000000000098
8176 1.432475458389368 163.5200000000098
8177 1.44121261925186 163.5400000000099
8178 1.450278804987156 163.5600000000099
8179 1.459184274401855 163.5800000000099
8180 1.468264684688561 163.6000000000099
8181 1.477492374172511 163.6200000000099
8182 1.48673730063565 163.6400000000099
8183 1.4959824804664 163.6600000000099
8184 1.50516372463737 163.6800000000099
8185 1.514427318234234 163.7000000000099
8186 1.523492378734189 163.7200000000099
8187 1.532682791409335 163.74000000001
8188 1.541983317745538 163.76000000001
8189 1.551225915324562 163.78000000001
8190 1.56032949717377 163.80000000001
8191 1.569339072619696 163.82000000001
8192 1.578198141928993 163.84000000001
8193 1.587028805633099 163.86000000001
8194 1.595594838648687 163.88000000001
8195 1.604169474178049 163.90000000001
8196 1.612517390787307 163.92000000001
8197 1.620593452191616 163.9400000000101
8198 1.628440066547963 163.9600000000101
8199 1.636185137769938 163.9800000000101
8200 1.643676398475688 164.0000000000101
8201 1.650938221336027 164.0200000000101
8202 1.657988216181866 164.0400000000101
8203 1.664843376309915 164.0600000000101
8204 1.671456861239356 164.0800000000101
8205 1.677720419542229 164.1000000000101
8206 1.683611629708723 164.1200000000102
8207 1.689309213782307 164.1400000000102
8208 1.694646707955913 164.1600000000102
8209 1.699595770097994 164.1800000000102
8210 1.704397042420778 164.2000000000102
8211 1.708822341945473 164.2200000000102
8212 1.713008765943382 164.2400000000102
8213 1.716679108103607 164.2600000000102
8214 1.720013422634476 164.2800000000102
8215 1.722901009623942 164.3000000000102
8216 1.725425278408997 164.3200000000103
8217 1.727639198692916 164.3400000000103
8218 1.729613260270894 164.3600000000103
8219 1.730954863926921 164.3800000000103
8220 1.732012634079302 164.4000000000103
8221 1.732566846759642 164.4200000000103
8222 1.732806800995585 164.4400000000103
8223 1.732691619512277 164.4600000000103
8224 1.732323210918619 164.4800000000103
8225 1.731552522684181 164.5000000000103
8226 1.730442370793118 164.5200000000104
8227 1.728933314824898 164.5400000000104
8228 1.726994122008134 164.5600000000104
8229 1.724669506511105 164.5800000000104
8230 1.722078441035331 164.6000000000104
8231 1.719104738169074 164.6200000000104
8232 1.715875503054262 164.6400000000104
8233 1.712284676786125 164.6600000000104
8234 1.708266987155028 164.6800000000104
8235 1.703953073028219 164.7000000000104
8236 1.699324949409066 164.7200000000105
8237 1.694378214077692 164.7400000000105
8238 1.689072601717916 164.7600000000105
8239 1.683511402832416 164.7800000000105
8240 1.677709399578496 164.8000000000105
8241 1.671614202395896 164.8200000000105
8242 1.66523204897724 164.8400000000105
8243 1.658531743278624 164.8600000000105
8244 1.651666000530468 164.8800000000105
8245 1.644632103090333 164.9000000000106
8246 1.637334619927732 164.9200000000106
8247 1.629864008036427 164.9400000000106
8248 1.622196104716986 164.9600000000106
8249 1.614332026862038 164.9800000000106
8250 1.606299860832248 165.0000000000106
8251 1.598108583930929 165.0200000000106
8252 1.589810020716894 165.0400000000106
8253 1.581385506054419 165.0600000000106
8254 1.572927086266168 165.0800000000106
8255 1.564289830959142 165.1000000000107
8256 1.555682767551652 165.1200000000107
8257 1.546950911934922 165.1400000000107
8258 1.538163406333267 165.1600000000107
8259 1.529391931762612 165.1800000000107
8260 1.520500286406805 165.2000000000107
8261 1.511579145377772 165.2200000000107
8262 1.50272434585018 165.2400000000107
8263 1.493926614279915 165.2600000000107
8264 1.485102523700389 165.2800000000107
8265 1.476389506551834 165.3000000000108
8266 1.467697859624062 165.3200000000108
8267 1.45902829087652 165.3400000000108
8268 1.450485113382638 165.3600000000108
8269 1.442050822682368 165.3800000000108
8270 1.433723003519172 165.4000000000108
8271 1.425490751322577 165.4200000000108
8272 1.417407740308549 165.4400000000108
8273 1.409459350395627 165.4600000000108
8274 1.401659531694375 165.4800000000108
8275 1.39401994932707 165.5000000000109
8276 1.386577171918163 165.5200000000109
8277 1.379382882968639 165.5400000000109
8278 1.372368763498194 165.5600000000109
8279 1.365662918284138 165.5800000000109
8280 1.359035488156413 165.6000000000109
8281 1.352724176613528 165.6200000000109
8282 1.346734716000749 165.6400000000109
8283 1.340963960508784 165.6600000000109
8284 1.335389888897435 165.6800000000109
8285 1.330105877014502 165.700000000011
8286 1.324958276317046 165.720000000011
8287 1.320142945865373 165.740000000011
8288 1.315717318547488 165.760000000011
8289 1.311509264287102 165.780000000011
8290 1.307823718839952 165.800000000011
8291 1.304563071371589 165.820000000011
8292 1.301505217364429 165.840000000011
8293 1.298697376848986 165.860000000011
8294 1.296175353691894 165.8800000000111
8295 1.294088128413787 165.9000000000111
8296 1.292324487255546 165.9200000000111
8297 1.290922095546944 165.9400000000111
8298 1.289818269676645 165.9600000000111
8299 1.289291259366195 165.9800000000111
8300 1.288977327011599 166.0000000000111
8301 1.28921896626295 166.0200000000111
8302 1.289865493997744 166.0400000000111
8303 1.290793863574681 166.0600000000111
8304 1.291928597601547 166.0800000000112
8305 1.293416132153013 166.1000000000112
8306 1.295256629336815 166.1200000000112
8307 1.29740073448843 166.1400000000112
8308 1.300170347255439 166.1600000000112
8309 1.303877107300445 166.1800000000112
8310 1.307820964441055 166.2000000000112
8311 1.31179752744592 166.2200000000112
8312 1.316090941051169 166.2400000000112
8313 1.320422288649364 166.2600000000112
8314 1.325085273768611 166.2800000000113
8315 1.330210085918347 166.3000000000113
8316 1.335594984657947 166.3200000000113
8317 1.341418147953175 166.3400000000113
8318 1.347714263356723 166.3600000000113
8319 1.354101194765198 166.3800000000113
8320 1.361007311972591 166.4000000000113
8321 1.368154102435515 166.4200000000113
8322 1.375530046591997 166.4400000000113
8323 1.383305377667556 166.4600000000113
8324 1.391065221710332 166.4800000000114
8325 1.39902353557524 166.5000000000114
8326 1.407388939708868 166.5200000000114
8327 1.415888844038417 166.5400000000114
8328 1.424462446810302 166.5600000000114
8329 1.433229080715935 166.5800000000114
8330 1.442083814869774 166.6000000000114
8331 1.451282822737625 166.6200000000114
8332 1.460621437822211 166.6400000000114
8333 1.470023972175178 166.6600000000115
8334 1.479479181799612 166.6800000000115
8335 1.488818401650227 166.7000000000115
8336 1.498213315960503 166.7200000000115
8337 1.507871555324233 166.7400000000115
8338 1.517533963691756 166.7600000000115
8339 1.527111279623146 166.7800000000115
8340 1.536622910296839 166.8000000000115
8341 1.54603014525167 166.8200000000115
8342 1.555508087866564 166.8400000000115
8343 1.564928217498708 166.8600000000116
8344 1.57430797079483 166.8800000000116
8345 1.583587941756636 166.9000000000116
8346 1.592711681968483 166.9200000000116
8347 1.601677455393319 166.9400000000116
8348 1.610379677189798 166.9600000000116
8349 1.618902790458869 166.9800000000116
8350 1.627415452199451 167.0000000000116
8351 1.635775588515534 167.0200000000116
8352 1.64395238658934 167.0400000000116
8353 1.651836052189937 167.0600000000117
8354 1.659367992398869 167.0800000000117
8355 1.666691686377525 167.1000000000117
8356 1.673774902260219 167.1200000000117
8357 1.680558261998418 167.1400000000117
8358 1.687102223675276 167.1600000000117
8359 1.693336177567656 167.1800000000117
8360 1.699340932629774 167.2000000000117
8361 1.704868940185834 167.2200000000117
8362 1.710073045203873 167.2400000000117
8363 1.715018996283284 167.2600000000118
8364 1.719651146128538 167.2800000000118
8365 1.723851657402249 167.3000000000118
8366 1.7277731728953 167.3200000000118
8367 1.731318914185463 167.3400000000118
8368 1.734412740502637 167.3600000000118
8369 1.737020293917736 167.3800000000118
8370 1.739302311399646 167.4000000000118
8371 1.741275078172877 167.4200000000118
8372 1.742965348064447 167.4400000000118
8373 1.744221648596761 167.4600000000119
8374 1.74493521253197 167.4800000000119
8375 1.745308773320569 167.5000000000119
8376 1.745372930208374 167.5200000000119
8377 1.744966023984286 167.5400000000119
8378 1.744180234592692 167.5600000000119
8379 1.743004099608076 167.5800000000119
8380 1.741493653652567 167.6000000000119
8381 1.739460666234592 167.6200000000119
8382 1.737049571577913 167.640000000012
8383 1.734280518887845 167.660000000012
8384 1.731245495970701 167.680000000012
8385 1.727824168743377 167.700000000012
8386 1.724163689300103 167.720000000012
8387 1.720181709327696 167.740000000012
8388 1.715803148987545 167.760000000012
8389 1.7110225446317 167.780000000012
8390 1.706007066890862 167.800000000012
8391 1.700621808600652 167.820000000012
8392 1.695038037143159 167.8400000000121
8393 1.689214554401072 167.8600000000121
8394 1.683080146849155 167.8800000000121
8395 1.676577453366446 167.9000000000121
8396 1.66990281180765 167.9200000000121
8397 1.663115853411153 167.9400000000121
8398 1.656038421366949 167.9600000000121
8399 1.648695253980777 167.9800000000121
8400 1.641089027579819 168.0000000000121
8401 1.633312749072211 168.0200000000121
8402 1.625422291023907 168.0400000000122
8403 1.617293107192224 168.0600000000122
8404 1.608934341760777 168.0800000000122
8405 1.600593795413674 168.1000000000122
8406 1.592081546825756 168.1200000000122
8407 1.583492070828327 168.1400000000122
8408 1.574778397207909 168.1600000000122
8409 1.565921524819049 168.1800000000122
8410 1.557040559769665 168.2000000000122
8411 1.548181090154093 168.2200000000122
8412 1.539247135722858 168.2400000000123
8413 1.530355548420341 168.2600000000123
8414 1.521418218087228 168.2800000000123
8415 1.512442442155101 168.3000000000123
8416 1.503493311706098 168.3200000000123
8417 1.494558404956899 168.3400000000123
8418 1.485667455821036 168.3600000000123
8419 1.476863231979643 168.3800000000123
8420 1.468040706296359 168.4000000000123
8421 1.45928935503015 168.4200000000124
8422 1.450660628826126 168.4400000000124
8423 1.44210908825424 168.4600000000124
8424 1.433628295958117 168.4800000000124
8425 1.4253230752743 168.5000000000124
8426 1.417131964395425 168.5200000000124
8427 1.409157307621756 168.5400000000124
8428 1.401322030208006 168.5600000000124
8429 1.393681613208655 168.5800000000124
8430 1.386259588934167 168.6000000000124
8431 1.379063241770119 168.6200000000125
8432 1.372106912714226 168.6400000000125
8433 1.3652842838903 168.6600000000125
8434 1.35876237467003 168.6800000000125
8435 1.352451263496627 168.7000000000125
8436 1.346451277070113 168.7200000000125
8437 1.340647619017394 168.7400000000125
8438 1.335085049064521 168.7600000000125
8439 1.329760433537591 168.7800000000125
8440 1.324549812144272 168.8000000000125
8441 1.319593837102497 168.8200000000126
8442 1.314962288896153 168.8400000000126
8443 1.310636000763001 168.8600000000126
8444 1.306629395612202 168.8800000000126
8445 1.303077463869804 168.9000000000126
8446 1.300117290665397 168.9200000000126
8447 1.29740285785512 168.9400000000126
8448 1.295031299534463 168.9600000000126
8449 1.292896782453546 168.9800000000126
8450 1.290966877766613 169.0000000000126
8451 1.289347677215102 169.0200000000127
8452 1.28782733933248 169.0400000000127
8453 1.286664031022384 169.0600000000127
8454 1.28604187205113 169.0800000000127
8455 1.285479761899032 169.1000000000127
8456 1.285481943230134 169.1200000000127
8457 1.286099813022777 169.1400000000127
8458 1.287020935697126 169.1600000000127
8459 1.288450005595095 169.1800000000127
8460 1.289985591261324 169.2000000000127
8461 1.292002551897767 169.2200000000128
8462 1.294644027771853 169.2400000000128
8463 1.296915986922113 169.2600000000128
8464 1.299625940822191 169.2800000000128
8465 1.302846295245883 169.3000000000128
8466 1.306165938846746 169.3200000000128
8467 1.3098635932305 169.3400000000128
8468 1.314173145302015 169.3600000000128
8469 1.318868883013739 169.3800000000128
8470 1.323847656212109 169.4000000000129
8471 1.329120875759068 169.4200000000129
8472 1.334617727663746 169.4400000000129
8473 1.340322066013548 169.4600000000129
8474 1.346555101257991 169.4800000000129
8475 1.352778177902776 169.5000000000129
8476 1.359369991358991 169.5200000000129
8477 1.366068642896973 169.5400000000129
8478 1.373110866662631 169.5600000000129
8479 1.38065958708121 169.5800000000129
8480 1.388393666713239 169.600000000013
8481 1.396054178098721 169.620000000013
8482 1.403987220177801 169.640000000013
8483 1.41224774661025 169.660000000013
8484 1.420542140034388 169.680000000013
8485 1.428997355315408 169.700000000013
8486 1.43762651499562 169.720000000013
8487 1.446573860537976 169.740000000013
8488 1.455540022791997 169.760000000013
8489 1.464545991084403 169.780000000013
8490 1.473728534519795 169.8000000000131
8491 1.482982662888515 169.8200000000131
8492 1.492193387703721 169.8400000000131
8493 1.501451719768791 169.8600000000131
8494 1.510629578609291 169.8800000000131
8495 1.519839546358003 169.9000000000131
8496 1.52891906857779 169.9200000000131
8497 1.538193651368287 169.9400000000131
8498 1.547491019863096 169.9600000000131
8499 1.556680355882645 169.9800000000131
8500 1.565685661314423 170.0000000000132
8501 1.57459907569285 170.0200000000132
8502 1.583481252160542 170.0400000000132
8503 1.592126250254501 170.0600000000132
8504 1.600726475822721 170.0800000000132
8505 1.609156471924596 170.1000000000132
8506 1.61736246878564 170.1200000000132
8507 1.625297774986383 170.1400000000132
8508 1.633081429852028 170.1600000000132
8509 1.640680457242929 170.1800000000133
8510 1.648037878126859 170.2000000000133
8511 1.655165881066462 170.2200000000133
8512 1.662101430728272 170.2400000000133
8513 1.66883130522295 170.2600000000133
8514 1.675249106183172 170.2800000000133
8515 1.68127743213233 170.3000000000133
8516 1.687054613007227 170.3200000000133
8517 1.692571359230464 170.3400000000133
8518 1.697647788598831 170.3600000000133
8519 1.702534285755237 170.3800000000134
8520 1.707084271229805 170.4000000000134
8521 1.711400155877324 170.4200000000134
8522 1.715283727696186 170.4400000000134
8523 1.718743276027071 170.4600000000134
8524 1.721834247790065 170.4800000000134
8525 1.724488562450766 170.5000000000134
8526 1.726832974382195 170.5200000000134
8527 1.728903668714416 170.5400000000134
8528 1.730494015296205 170.5600000000134
8529 1.73168421828752 170.5800000000135
8530 1.732465345098482 170.6000000000135
8531 1.732819581307446 170.6200000000135
8532 1.732822129490107 170.6400000000135
8533 1.732568572735958 170.6600000000135
8534 1.731956616675231 170.6800000000135
8535 1.731003265235612 170.7000000000135
8536 1.729680425460632 170.7200000000135
8537 1.727877128413746 170.7400000000135
8538 1.725729710501829 170.7600000000135
8539 1.723221033366442 170.7800000000136
8540 1.720413928619986 170.8000000000136
8541 1.717277427800878 170.8200000000136
8542 1.713860997006225 170.8400000000136
8543 1.71000139576835 170.8600000000136
8544 1.705825940999942 170.8800000000136
8545 1.701291719323415 170.9000000000136
8546 1.696505416317771 170.9200000000136
8547 1.69133320031846 170.9400000000136
8548 1.685851388433305 170.9600000000137
8549 1.680176075370609 170.9800000000137
8550 1.674181351515592 171.0000000000137
8551 1.66793981028835 171.0200000000137
8552 1.661355418329521 171.0400000000137
8553 1.654520823196546 171.0600000000137
8554 1.647601379404606 171.0800000000137
8555 1.640387115717499 171.1000000000137
8556 1.632975686993018 171.1200000000137
8557 1.625413076183827 171.1400000000137
8558 1.617613846225018 171.1600000000138
8559 1.609635227226712 171.1800000000138
8560 1.601523561543162 171.2000000000138
8561 1.593265651969344 171.2200000000138
8562 1.584870649563911 171.2400000000138
8563 1.576444246421764 171.2600000000138
8564 1.567865686029506 171.2800000000138
8565 1.559248871537014 171.3000000000138
8566 1.550569863502638 171.3200000000138
8567 1.541792538217955 171.3400000000138
8568 1.533013354902984 171.3600000000139
8569 1.524181053782649 171.3800000000139
8570 1.515250770181835 171.4000000000139
8571 1.506367775117044 171.4200000000139
8572 1.497562106284167 171.4400000000139
8573 1.48872513495398 171.4600000000139
8574 1.479971155942568 171.4800000000139
8575 1.471273658030057 171.5000000000139
8576 1.462585722957341 171.5200000000139
8577 1.454012065312131 171.5400000000139
8578 1.445510091401148 171.560000000014
8579 1.437144877027431 171.580000000014
8580 1.42886392346299 171.600000000014
8581 1.420703442214869 171.620000000014
8582 1.412737928806601 171.640000000014
8583 1.404836634482191 171.660000000014
8584 1.397147984503391 171.680000000014
8585 1.389606832608487 171.700000000014
8586 1.382349961671618 171.720000000014
8587 1.375199929962403 171.740000000014
8588 1.368423636143325 171.7600000000141
8589 1.361722739362272 171.7800000000141
8590 1.355276878186365 171.8000000000141
8591 1.349155717422609 171.8200000000141
8592 1.343312384177102 171.8400000000141
8593 1.337662987228263 171.8600000000141
8594 1.332216066460772 171.8800000000141
8595 1.327065094787661 171.9000000000141
8596 1.322070105167897 171.9200000000141
8597 1.31749601562056 171.9400000000142
8598 1.313201386894597 171.9600000000142
8599 1.309269885943714 171.9800000000142
8600 1.305864983515029 172.0000000000142
8601 1.302752401569649 172.0200000000142
8602 1.299828069705533 172.0400000000142
8603 1.297164568643129 172.0600000000142
8604 1.294910842149258 172.0800000000142
8605 1.293014248613111 172.1000000000142
8606 1.291460843286159 172.1200000000142
8607 1.290212488272052 172.1400000000143
8608 1.289479241976188 172.1600000000143
8609 1.289087571981631 172.1800000000143
8610 1.289056498303689 172.2000000000143
8611 1.289560615054649 172.2200000000143
8612 1.290400937437836 172.2400000000143
8613 1.291435533971094 172.2600000000143
8614 1.292770224808067 172.2800000000143
8615 1.294513024006948 172.3000000000143
8616 1.296417769354224 172.3200000000143
8617 1.299017840921485 172.3400000000144
8618 1.302212015328079 172.3600000000144
8619 1.306359542002929 172.3800000000144
8620 1.31005559239397 172.4000000000144
8621 1.314475720549348 172.4200000000144
8622 1.318638278639347 172.4400000000144
8623 1.323144841401974 172.4600000000144
8624 1.328066251160662 172.4800000000144
8625 1.333395383043142 172.5000000000144
8626 1.338999044446125 172.5200000000144
8627 1.345180277794 172.5400000000145
8628 1.351447242220937 172.5600000000145
8629 1.358193323080388 172.5800000000145
8630 1.365238884215651 172.6000000000145
8631 1.372527672177794 172.6200000000145
8632 1.3801213949324 172.6400000000145
8633 1.387922289642172 172.6600000000145
8634 1.395784382915023 172.6800000000145
8635 1.403938090662071 172.7000000000145
8636 1.412498901523064 172.7200000000146
8637 1.420949718611401 172.7400000000146
8638 1.429694234637606 172.7600000000146
8639 1.438484859682651 172.7800000000146
8640 1.447543563244533 172.8000000000146
8641 1.456852529544153 172.8200000000146
8642 1.466223742590169 172.8400000000146
8643 1.475673943995494 172.8600000000146
8644 1.485049128553188 172.8800000000146
8645 1.494417342329254 172.9000000000146
8646 1.503947028063151 172.9200000000147
8647 1.513642473461417 172.9400000000147
8648 1.523261577042612 172.9600000000147
8649 1.532789397059166 172.9800000000147
8650 1.542236975162768 173.0000000000147
8651 1.551696218837336 173.0200000000147
8652 1.561144476088169 173.0400000000147
8653 1.570531441607697 173.0600000000147
8654 1.579890135362258 173.0800000000147
8655 1.589064701462229 173.1000000000147
8656 1.598106012466847 173.1200000000148
8657 1.606927299929629 173.1400000000148
8658 1.615490078263679 173.1600000000148
8659 1.62400941239959 173.1800000000148
8660 1.632433743225822 173.2000000000148
8661 1.640718633778661 173.2200000000148
8662 1.648720540887152 173.2400000000148
8663 1.656396283944441 173.2600000000148
8664 1.663785133270123 173.2800000000148
8665 1.670984112869826 173.3000000000148
8666 1.677886266971061 173.3200000000149
8667 1.684486884319596 173.3400000000149
8668 1.690918439532913 173.3600000000149
8669 1.696974585026338 173.3800000000149
8670 1.702746291544418 173.4000000000149
8671 1.708040056402123 173.4200000000149
8672 1.71313309268176 173.4400000000149
8673 1.717896764161694 173.4600000000149
8674 1.722262715233103 173.4800000000149
8675 1.72628154637293 173.5000000000149
8676 1.729973255543984 173.520000000015
8677 1.733243069177427 173.540000000015
8678 1.73606293819664 173.560000000015
8679 1.738465660258268 173.580000000015
8680 1.74057371654008 173.600000000015
8681 1.742375649772991 173.620000000015
8682 1.743826609755122 173.640000000015
8683 1.744752894246273 173.660000000015
8684 1.745261418515441 173.680000000015
8685 1.745440653053666 173.7000000000151
8686 1.74522582701582 173.7200000000151
8687 1.744602080273664 173.7400000000151
8688 1.74357472553552 173.7600000000151
8689 1.742226460846878 173.7800000000151
8690 1.740413456777233 173.8000000000151
8691 1.738130249693223 173.8200000000151
8692 1.735475661884525 173.8400000000151
8693 1.73257311082015 173.8600000000151
8694 1.729309782000383 173.8800000000151
8695 1.725726009073186 173.9000000000152
8696 1.721895659277035 173.9200000000152
8697 1.717677942482153 173.9400000000152
8698 1.713039829441827 173.9600000000152
8699 1.708145390564657 173.9800000000152
8700 1.70288725707625 174.0000000000152
8701 1.697366622451753 174.0200000000152
8702 1.691658905421145 174.0400000000152
8703 1.685662703733009 174.0600000000152
8704 1.679308657223281 174.0800000000152
8705 1.672643177497163 174.1000000000153
8706 1.665949501664532 174.1200000000153
8707 1.658996862812998 174.1400000000153
8708 1.651745485499228 174.1600000000153
8709 1.644243365185325 174.1800000000153
8710 1.636531610791387 174.2000000000153
8711 1.628685088423492 174.2200000000153
8712 1.620662749878519 174.2400000000153
8713 1.612365155792106 174.2600000000153
8714 1.604039154689471 174.2800000000153
8715 1.595588899711005 174.3000000000154
8716 1.587026732541718 174.3200000000154
8717 1.578368464177896 174.3400000000154
8718 1.569564279149942 174.3600000000154
8719 1.560679412939733 174.3800000000154
8720 1.551819141910473 174.4000000000154
8721 1.54290127836848 174.4200000000154
8722 1.534000840035859 174.4400000000154
8723 1.525088678396204 174.4600000000154
8724 1.516110182917799 174.4800000000155
8725 1.507157063491014 174.5000000000155
8726 1.498210691839824 174.5200000000155
8727 1.48928584710335 174.5400000000155
8728 1.48046048547219 174.5600000000155
8729 1.471644452504633 174.5800000000155
8730 1.462851063718378 174.6000000000155
8731 1.454161535929065 174.6200000000155
8732 1.445602434658864 174.6400000000155
8733 1.437064270333048 174.6600000000155
8734 1.428696284723315 174.6800000000156
8735 1.420451259539642 174.7000000000156
8736 1.412394363774398 174.7200000000156
8737 1.404499953662225 174.7400000000156
8738 1.396789010178096 174.7600000000156
8739 1.389259443322099 174.7800000000156
8740 1.381970100115382 174.8000000000156
8741 1.374949970412774 174.8200000000156
8742 1.368027856789267 174.8400000000156
8743 1.361409439951368 174.8600000000156
8744 1.35499445986667 174.8800000000157
8745 1.348867772441486 174.9000000000157
8746 1.342991106598891 174.9200000000157
8747 1.337326933091571 174.9400000000157
8748 1.331901721261749 174.9600000000157
8749 1.32664134485062 174.9800000000157
8750 1.321584225845675 175.0000000000157
8751 1.316815321298004 175.0200000000157
8752 1.312362174653442 175.0400000000157
8753 1.308219021946357 175.0600000000157
8754 1.304463417309686 175.0800000000158
8755 1.301302945786972 175.1000000000158
8756 1.298488423291653 175.1200000000158
8757 1.295963368509914 175.1400000000158
8758 1.293765134863067 175.1600000000158
8759 1.291715754196375 175.1800000000158
8760 1.290001686811945 175.2000000000158
8761 1.288438587847271 175.2200000000158
8762 1.287075680399492 175.2400000000158
8763 1.286323396726778 175.2600000000159
8764 1.285688900286597 175.2800000000159
8765 1.285404339530089 175.3000000000159
8766 1.285804215796661 175.3200000000159
8767 1.286629534650419 175.3400000000159
8768 1.287830304941047 175.3600000000159
8769 1.289330699120235 175.3800000000159
8770 1.291149423689698 175.4000000000159
8771 1.293507891262542 175.4200000000159
8772 1.29607211715183 175.4400000000159
8773 1.298462495056274 175.460000000016
8774 1.30152118340875 175.480000000016
8775 1.304822742354111 175.500000000016
8776 1.308322026474118 175.520000000016
8777 1.312367863021534 175.540000000016
8778 1.316974978633189 175.560000000016
8779 1.321797932854877 175.580000000016
8780 1.326971810539948 175.600000000016
8781 1.332391684635428 175.620000000016
8782 1.337962544820054 175.640000000016
8783 1.344041401074735 175.6600000000161
8784 1.350236393282346 175.6800000000161
8785 1.356679226398257 175.7000000000161
8786 1.363373572559956 175.7200000000161
8787 1.370176679652159 175.7400000000161
8788 1.37758482412882 175.7600000000161
8789 1.385273673628494 175.7800000000161
8790 1.3930011974913 175.8000000000161
8791 1.400699094821905 175.8200000000161
8792 1.408918459355791 175.8400000000161
8793 1.417190608343809 175.8600000000162
8794 1.425563501279299 175.8800000000162
8795 1.434113943504276 175.9000000000162
8796 1.442917165009664 175.9200000000162
8797 1.452004139337787 175.9400000000162
8798 1.460907418696007 175.9600000000162
8799 1.470023195553373 175.9800000000162
8800 1.47925420771826 176.0000000000162
8801 1.488509378391437 176.0200000000162
8802 1.497769053746867 176.0400000000162
8803 1.506929397646218 176.0600000000163
8804 1.516216895147191 176.0800000000163
8805 1.52524098273021 176.1000000000163
8806 1.53447066621586 176.1200000000163
8807 1.543772442183552 176.1400000000163
8808 1.553012383547274 176.1600000000163
8809 1.562066327655585 176.1800000000163
8810 1.571052103939586 176.2000000000163
8811 1.579927648254834 176.2200000000163
8812 1.588690176150641 176.2400000000164
8813 1.597286973590918 176.2600000000164
8814 1.605796086350546 176.2800000000164
8815 1.614110575445837 176.3000000000164
8816 1.622154865827408 176.3200000000164
8817 1.629965784046174 176.3400000000164
8818 1.637689852989302 176.3600000000164
8819 1.645129329429674 176.3800000000164
8820 1.652343935443122 176.4000000000164
8821 1.659370790547402 176.4200000000164
8822 1.666190410623968 176.4400000000165
8823 1.672747462911789 176.4600000000165
8824 1.678912574898071 176.4800000000165
8825 1.684783400663315 176.5000000000165
8826 1.690428474338991 176.5200000000165
8827 1.695696569606456 176.5400000000165
8828 1.700595103943773 176.5600000000165
8829 1.705329703615472 176.5800000000165
8830 1.709716948077171 176.6000000000165
8831 1.713841441656752 176.6200000000165
8832 1.717426140249272 176.6400000000166
8833 1.720684522033021 176.6600000000166
8834 1.723494268656631 176.6800000000166
8835 1.725962537201071 176.7000000000166
8836 1.728130650816063 176.7200000000166
8837 1.729985763597494 176.7400000000166
8838 1.731280758313845 176.7600000000166
8839 1.732259358991103 176.7800000000166
8840 1.732740204922893 176.8000000000166
8841 1.732909676395044 176.8200000000166
8842 1.732742980497945 176.8400000000167
8843 1.732329145756715 176.8600000000167
8844 1.731467598090469 176.8800000000167
8845 1.730304032251128 176.9000000000167
8846 1.728696908560077 176.9200000000167
8847 1.726690490607441 176.9400000000167
8848 1.724291626695587 176.9600000000167
8849 1.721653961701592 176.9800000000167
8850 1.718618839194145 177.0000000000167
8851 1.715336121681503 177.0200000000168
8852 1.711652317568641 177.0400000000168
8853 1.707587431029612 177.0600000000168
8854 1.703203796764217 177.0800000000168
8855 1.698524751937722 177.1000000000168
8856 1.693502253837476 177.1200000000168
8857 1.688138647260426 177.1400000000168
8858 1.682542154096307 177.1600000000168
8859 1.676678362826346 177.1800000000168
8860 1.67053604520722 177.2000000000168
8861 1.664091928734778 177.2200000000169
8862 1.65733038921089 177.2400000000169
8863 1.650460910694683 177.2600000000169
8864 1.643367189350136 177.2800000000169
8865 1.636025971413337 177.3000000000169
8866 1.62853173459379 177.3200000000169
8867 1.62082178229539 177.3400000000169
8868 1.612916021643217 177.3600000000169
8869 1.604862806129157 177.3800000000169
8870 1.596645744329878 177.4000000000169
8871 1.588308346559925 177.420000000017
8872 1.579883230189369 177.440000000017
8873 1.57138717964587 177.460000000017
8874 1.562748984406984 177.480000000017
8875 1.554122708035694 177.500000000017
8876 1.545372817294721 177.520000000017
8877 1.536580455955613 177.540000000017
8878 1.527800014649238 177.560000000017
8879 1.518888421464121 177.580000000017
8880 1.509976774177431 177.600000000017
8881 1.501137742091802 177.6200000000171
8882 1.492319610905851 177.6400000000171
8883 1.483520357326409 177.6600000000171
8884 1.474812359669316 177.6800000000171
8885 1.466114116504154 177.7000000000171
8886 1.457484878155056 177.7200000000171
8887 1.448943878166167 177.7400000000171
8888 1.440543627586107 177.7600000000171
8889 1.432221664745961 177.7800000000171
8890 1.424002276809568 177.8000000000171
8891 1.41594907711481 177.8200000000172
8892 1.408025513851835 177.8400000000172
8893 1.400270527776747 177.8600000000172
8894 1.392627162572285 177.8800000000172
8895 1.38525122833248 177.9000000000172
8896 1.378088708358292 177.9200000000172
8897 1.371137196942976 177.9400000000172
8898 1.364433869956919 177.9600000000172
8899 1.357863222090395 177.9800000000172
8900 1.351608840190879 178.0000000000173
8901 1.345665638485795 178.0200000000173
8902 1.339932633596332 178.0400000000173
8903 1.334395751636829 178.0600000000173
8904 1.329162738113075 178.0800000000173
8905 1.324033278174888 178.1000000000173
8906 1.319310217253423 178.1200000000173
8907 1.314941672705171 178.1400000000173
8908 1.310791114553649 178.1600000000173
8909 1.307220334446503 178.1800000000173
8910 1.304010467418955 178.2000000000174
8911 1.300980804335526 178.2200000000174
8912 1.298222811585701 178.2400000000174
8913 1.295798910640094 178.2600000000174
8914 1.293762934360041 178.2800000000174
8915 1.292067495553727 178.3000000000174
8916 1.290709645008319 178.3200000000174
8917 1.289714913162048 178.3400000000174
8918 1.289243999488681 178.3600000000174
8919 1.288997438656012 178.3800000000174
8920 1.289333035804148 178.4000000000175
8921 1.290053729934165 178.4200000000175
8922 1.291003668477092 178.4400000000175
8923 1.292223750151886 178.4600000000175
8924 1.293764734879999 178.4800000000175
8925 1.295636212470104 178.5000000000175
8926 1.297930192299395 178.5200000000175
8927 1.300805534252713 178.5400000000175
8928 1.304717010207531 178.5600000000175
8929 1.308563326796512 178.5800000000175
8930 1.312668639502384 178.6000000000176
8931 1.316920864441272 178.6200000000176
8932 1.321283728775275 178.6400000000176
8933 1.326047508438113 178.6600000000176
8934 1.331257971602803 178.6800000000176
8935 1.33668539593727 178.7000000000176
8936 1.342630982687573 178.7200000000176
8937 1.348906121329834 178.7400000000176
8938 1.355427063855406 178.7600000000176
8939 1.362372376551243 178.7800000000177
8940 1.369571663678019 178.8000000000177
8941 1.377004308633472 178.8200000000177
8942 1.38483022309874 178.8400000000177
8943 1.392612385771404 178.8600000000177
8944 1.400602571757912 178.8800000000177
8945 1.40905789412261 178.9000000000177
8946 1.417531921079005 178.9200000000177
8947 1.426179567344094 178.9400000000177
8948 1.434960669564497 178.9600000000177
8949 1.443858407471959 178.9800000000178
8950 1.453108228100781 179.0000000000178
8951 1.462447807747729 179.0200000000178
8952 1.471851840961901 179.0400000000178
8953 1.481306549263113 179.0600000000178
8954 1.490657292315079 179.0800000000178
8955 1.500077439924633 179.1000000000178
8956 1.509769663572542 179.1200000000178
8957 1.519419740721689 179.1400000000178
8958 1.528977138977547 179.1600000000178
8959 1.538471614859682 179.1800000000179
8960 1.547898959411562 179.2000000000179
8961 1.557371206569117 179.2200000000179
8962 1.566768619773256 179.2400000000179
8963 1.57616054496267 179.2600000000179
8964 1.585394555760318 179.2800000000179
8965 1.594501694695676 179.3000000000179
8966 1.603422526335881 179.3200000000179
8967 1.612074101030356 179.3400000000179
8968 1.620589214623541 179.3600000000179
8969 1.629088205470054 179.380000000018
8970 1.63742737745459 179.400000000018
8971 1.645552663589683 179.420000000018
8972 1.653377159248053 179.440000000018
8973 1.660845828136568 179.460000000018
8974 1.668128451980232 179.480000000018
8975 1.675160355682342 179.500000000018
8976 1.68188288302977 179.520000000018
8977 1.688410179685508 179.540000000018
8978 1.694539147178494 179.5600000000181
8979 1.700527013692166 179.5800000000181
8980 1.705956544244981 179.6000000000181
8981 1.711128718616723 179.6200000000181
8982 1.716022907444618 179.6400000000181
8983 1.720575854475321 179.6600000000181
8984 1.724721659099322 179.6800000000181
8985 1.728577843594857 179.7000000000181
8986 1.732022896417092 179.7200000000181
8987 1.7350132942499 179.7400000000181
8988 1.737546841289908 179.7600000000182
8989 1.739776096388767 179.7800000000182
8990 1.74168989194493 179.8000000000182
8991 1.743311704432932 179.8200000000182
8992 1.744473122837112 179.8400000000182
8993 1.745100805098927 179.8600000000182
8994 1.745421092029939 179.8800000000182
8995 1.745402937941068 179.9000000000182
8996 1.744921653460646 179.9200000000182
8997 1.744054242404773 179.9400000000182
8998 1.742836387620941 179.9600000000183
8999 1.741226075156553 179.9800000000183
9000 1.739114482764444 180.0000000000183
9001 1.736613369347798 180.0200000000183
9002 1.733805033500576 180.0400000000183
9003 1.730694733578765 180.0600000000183
9004 1.727213997348894 180.0800000000183
9005 1.723507291602411 180.1000000000183
9006 1.719442907235649 180.1200000000183
9007 1.714984350505405 180.1400000000183
9008 1.710159941568521 180.1600000000184
9009 1.705069020876864 180.1800000000184
9010 1.69962565089717 180.2000000000184
9011 1.694013203054856 180.2200000000184
9012 1.688137836638113 180.2400000000184
9013 1.681927522933594 180.2600000000184
9014 1.6753680731949 180.2800000000184
9015 1.668686712224837 180.3000000000184
9016 1.661851150642587 180.3200000000184
9017 1.654712628682867 180.3400000000184
9018 1.64732084052261 180.3600000000185
9019 1.639678181090143 180.3800000000185
9020 1.631875607509098 180.4000000000185
9021 1.623946063963218 180.4200000000185
9022 1.615757867261756 180.4400000000185
9023 1.607408792406404 180.4600000000185
9024 1.599030206383931 180.4800000000185
9025 1.590502523352394 180.5000000000185
9026 1.581892694234605 180.5200000000185
9027 1.573150558692416 180.5400000000186
9028 1.564278441011391 180.5600000000186
9029 1.555400440998236 180.5800000000186
9030 1.546527678049995 180.6000000000186
9031 1.537592280585674 180.6200000000186
9032 1.528700461920512 180.6400000000186
9033 1.519744405030369 180.6600000000186
9034 1.510777143092854 180.6800000000186
9035 1.50182521361287 180.7000000000186
9036 1.492890751133216 180.7200000000186
9037 1.48402120538132 180.7400000000187
9038 1.475214098722718 180.7600000000187
9039 1.466397421162745 180.7800000000187
9040 1.457656827247221 180.8000000000187
9041 1.449056982279184 180.8200000000187
9042 1.440502643428498 180.8400000000187
9043 1.432055690010448 180.8600000000187
9044 1.423771326102352 180.8800000000187
9045 1.415616922982581 180.9000000000187
9046 1.407673344263292 180.9200000000187
9047 1.399883219036362 180.9400000000188
9048 1.392268768642533 180.9600000000188
9049 1.384889694316646 180.9800000000188
9050 1.377733548930099 181.0000000000188
9051 1.370813510839071 181.0200000000188
9052 1.364048936577279 181.0400000000188
9053 1.357563408928722 181.0600000000188
9054 1.351304136271437 181.0800000000188
9055 1.345353504789164 181.1000000000188
9056 1.339588276792087 181.1200000000188
9057 1.334063732713636 181.1400000000189
9058 1.328759085054418 181.1600000000189
9059 1.323593344872666 181.1800000000189
9060 1.318700758079152 181.2000000000189
9061 1.314118237864635 181.2200000000189
9062 1.309859557695519 181.2400000000189
9063 1.30592846753976 181.2600000000189
9064 1.302493594427649 181.2800000000189
9065 1.299591507582513 181.3000000000189
9066 1.296946811242359 181.320000000019
9067 1.294635007156872 181.340000000019
9068 1.292512124549484 181.360000000019
9069 1.290658856232942 181.380000000019
9070 1.289080924564319 181.400000000019
9071 1.287581549541869 181.420000000019
9072 1.286543456783824 181.440000000019
9073 1.285930961088999 181.460000000019
9074 1.285442282131636 181.480000000019
9075 1.285579425683962 181.500000000019
9076 1.286272735323728 181.5200000000191
9077 1.287250377539983 181.5400000000191
9078 1.288742616204293 181.5600000000191
9079 1.290360458046081 181.5800000000191
9080 1.292450400055656 181.6000000000191
9081 1.295223547788267 181.6200000000191
9082 1.297384736453537 181.6400000000191
9083 1.300232399599522 181.6600000000191
9084 1.303514821566006 181.6800000000191
9085 1.306842047951367 181.7000000000191
9086 1.310648898285036 181.7200000000192
9087 1.315088812758077 181.7400000000192
9088 1.319816406287671 181.7600000000192
9089 1.324862740553542 181.7800000000192
9090 1.330178654067018 181.8000000000192
9091 1.335702115287918 181.8200000000192
9092 1.341517619498134 181.8400000000192
9093 1.34776302100742 181.8600000000192
9094 1.354047726733198 181.8800000000192
9095 1.360695743897384 181.9000000000192
9096 1.367391153343516 181.9200000000193
9097 1.374556280638166 181.9400000000193
9098 1.382169860556768 181.9600000000193
9099 1.389910384678503 181.9800000000193
9100 1.3975517778692 182.0000000000193
9101 1.405596165692911 182.0200000000193
9102 1.413877610981617 182.0400000000193
9103 1.422190163187045 182.0600000000193
9104 1.430681625575744 182.0800000000193
9105 1.439346807715278 182.1000000000193
9106 1.448357068091208 182.1200000000194
9107 1.457295965764442 182.1400000000194
9108 1.466331020593404 182.1600000000194
9109 1.475546453967879 182.1800000000194
9110 1.484804864496501 182.2000000000194
9111 1.494021299113204 182.2200000000194
9112 1.503250428661359 182.2400000000194
9113 1.51247494611828 182.2600000000194
9114 1.521611550187485 182.2800000000194
9115 1.530751342342027 182.3000000000195
9116 1.540034369225598 182.3200000000195
9117 1.549310628980594 182.3400000000195
9118 1.55846262746662 182.3600000000195
9119 1.567493314481061 182.3800000000195
9120 1.576354155691231 182.4000000000195
9121 1.585235353091409 182.4200000000195
9122 1.593822978717188 182.4400000000195
9123 1.602439691287509 182.4600000000195
9124 1.610833273149551 182.4800000000195
9125 1.618981074036982 182.5000000000196
9126 1.626862312171135 182.5200000000196
9127 1.634629986046472 182.5400000000196
9128 1.642184827947877 182.5600000000196
9129 1.649502757167421 182.5800000000196
9130 1.656591241730635 182.6000000000196
9131 1.663478552564835 182.6200000000196
9132 1.670171832062355 182.6400000000196
9133 1.676513451003825 182.6600000000196
9134 1.682475176800255 182.6800000000196
9135 1.688209806986102 182.7000000000197
9136 1.693657863161862 182.7200000000197
9137 1.698657964633151 182.7400000000197
9138 1.703526159494312 182.7600000000197
9139 1.708001719467615 182.7800000000197
9140 1.712263509279564 182.8000000000197
9141 1.716047533162445 182.8200000000197
9142 1.719449577378618 182.8400000000197
9143 1.722458337983911 182.8600000000197
9144 1.725040247811738 182.8800000000197
9145 1.727318448674434 182.9000000000198
9146 1.729357225707143 182.9200000000198
9147 1.730821416160283 182.9400000000198
9148 1.731949119430471 182.9600000000198
9149 1.732630843443038 182.9800000000198
9150 1.732923205513653 183.0000000000198
9151 1.732869495299364 183.0200000000198
9152 1.732558509653688 183.0400000000198
9153 1.731876825899907 183.0600000000198
9154 1.730847220116245 183.0800000000199
9155 1.729432196688355 183.1000000000199
9156 1.727568455560219 183.1200000000199
9157 1.725336944180572 183.1400000000199
9158 1.722785788292384 183.1600000000199
9159 1.719895718633374 183.1800000000199
9160 1.716714287408361 183.2000000000199
9161 1.713220683589662 183.2200000000199
9162 1.7092817938594 183.2400000000199
9163 1.705042392215541 183.2600000000199
9164 1.700458732678451 183.28000000002
9165 1.695601254602645 183.30000000002
9166 1.690365672455109 183.32000000002
9167 1.684834853376276 183.34000000002
9168 1.679108344468452 183.36000000002
9169 1.673058819667069 183.38000000002
9170 1.666757037728278 183.40000000002
9171 1.660109520822667 183.42000000002
9172 1.653261216046133 183.44000000002
9173 1.646291558101537 183.46000000002
9174 1.639031904650582 183.4800000000201
9175 1.631590397472464 183.5000000000201
9176 1.623976263448269 183.5200000000201
9177 1.616144483418729 183.5400000000201
9178 1.608143264096146 183.5600000000201
9179 1.599983409801456 183.5800000000201
9180 1.591709998808063 183.6000000000201
9181 1.583296760859199 183.6200000000201
9182 1.574849869040402 183.6400000000201
9183 1.566247932632826 183.6600000000201
9184 1.557632358711257 183.6800000000202
9185 1.548927319301146 183.7000000000202
9186 1.540139156824942 183.7200000000202
9187 1.531364948320578 183.7400000000202
9188 1.522504201520106 183.7600000000202
9189 1.513566318471776 183.7800000000202
9190 1.504703208712523 183.8000000000202
9191 1.495902144706874 183.8200000000202
9192 1.48705986927514 183.8400000000202
9193 1.478327999225243 183.8600000000202
9194 1.469634542877246 183.8800000000203
9195 1.46093515528361 183.9000000000203
9196 1.452386392872457 183.9200000000203
9197 1.443911889462536 183.9400000000203
9198 1.435569790997043 183.9600000000203
9199 1.427306158419221 183.9800000000203
9200 1.419178663653163 184.0000000000203
9201 1.411226541779599 184.0200000000203
9202 1.403367497805079 184.0400000000203
9203 1.395699796547652 184.0600000000204
9204 1.388196523156957 184.0800000000204
9205 1.380972862053436 184.1000000000204
9206 1.373881045766959 184.1200000000204
9207 1.367150869788648 184.1400000000204
9208 1.360470717947724 184.1600000000204
9209 1.354093121073374 184.1800000000204
9210 1.3480294540734 184.2000000000204
9211 1.342229610484372 184.2200000000204
9212 1.336602660045456 184.2400000000204
9213 1.331246601168113 184.2600000000205
9214 1.326085306831047 184.2800000000205
9215 1.321178216661831 184.3000000000205
9216 1.316679219346075 184.3200000000205
9217 1.312410152298714 184.3400000000205
9218 1.308601019742946 184.3600000000205
9219 1.305266893992941 184.3800000000205
9220 1.302181394541362 184.4000000000205
9221 1.299306246587314 184.4200000000205
9222 1.296705131870846 184.4400000000205
9223 1.29454281300709 184.4600000000206
9224 1.292698748175106 184.4800000000206
9225 1.291225158239231 184.5000000000206
9226 1.290033532340324 184.5200000000206
9227 1.289409205941443 184.5400000000206
9228 1.289048432044314 184.5600000000206
9229 1.289153723803893 184.5800000000206
9230 1.289727792462145 184.6000000000206
9231 1.290609342058966 184.6200000000206
9232 1.29168475615583 184.6400000000206
9233 1.293101720279917 184.6600000000207
9234 1.294876714896428 184.6800000000207
9235 1.296893577791304 184.7000000000207
9236 1.299575496555639 184.7200000000207
9237 1.303016204176183 184.7400000000207
9238 1.30707602968217 184.7600000000207
9239 1.310907989940077 184.7800000000207
9240 1.31525960780011 184.8000000000207
9241 1.319521888551865 184.8200000000207
9242 1.324100430581519 184.8400000000208
9243 1.329096619594491 184.8600000000208
9244 1.334471756235103 184.8800000000208
9245 1.340173816316605 184.9000000000208
9246 1.346438600975028 184.9200000000208
9247 1.352729695384292 184.9400000000208
9248 1.359564603000982 184.9600000000208
9249 1.366664939681388 184.9800000000208
9250 1.373989137018506 185.0000000000208
9251 1.381680509523946 185.0200000000208
9252 1.389463441531652 185.0400000000209
9253 1.397380442455409 185.0600000000209
9254 1.405627967537783 185.0800000000209
9255 1.414179958093793 185.1000000000209
9256 1.422674907335763 185.1200000000209
9257 1.431429868510342 185.1400000000209
9258 1.440247981077395 185.1600000000209
9259 1.449378382039127 185.1800000000209
9260 1.458713468702736 185.2000000000209
9261 1.468106184156515 185.2200000000209
9262 1.477557049740947 185.240000000021
9263 1.486906725326343 185.260000000021
9264 1.496280385370419 185.280000000021
9265 1.505889756808619 185.300000000021
9266 1.515574794678351 185.320000000021
9267 1.525174119037252 185.340000000021
9268 1.534699912121179 185.360000000021
9269 1.544118147823523 185.380000000021
9270 1.553589489010849 185.400000000021
9271 1.563029366770395 185.420000000021
9272 1.572418885809489 185.4400000000211
9273 1.581739049831853 185.4600000000211
9274 1.590895045916378 185.4800000000211
9275 1.59989916486123 185.5000000000211
9276 1.608671482158556 185.5200000000211
9277 1.617216586319576 185.5400000000211
9278 1.625721055427493 185.5600000000211
9279 1.63412427916932 185.5800000000211
9280 1.642376714605748 185.6000000000211
9281 1.650306618734606 185.6200000000212
9282 1.657910101956932 185.6400000000212
9283 1.665281520175596 185.6600000000212
9284 1.672414839724502 185.6800000000212
9285 1.679262644910359 185.7000000000212
9286 1.685829529438597 185.7200000000212
9287 1.692177178873234 185.7400000000212
9288 1.698204877358171 185.7600000000212
9289 1.70386823659961 185.7800000000212
9290 1.709113379223387 185.8000000000212
9291 1.714148687147797 185.8200000000213
9292 1.718863874336377 185.8400000000213
9293 1.723139360581338 185.8600000000213
9294 1.727130428748261 185.8800000000213
9295 1.730752030644362 185.9000000000213
9296 1.733903994084726 185.9200000000213
9297 1.736622961784646 185.9400000000213
9298 1.738965492372179 185.9600000000213
9299 1.741010263844623 185.9800000000213
9300 1.742768190975143 186.0000000000213
9301 1.744124068504112 186.0200000000214
9302 1.744940490122935 186.0400000000214
9303 1.745385981916555 186.0600000000214
9304 1.745513258974223 186.0800000000214
9305 1.745207967233905 186.1000000000214
9306 1.74451452891267 186.1200000000214
9307 1.743395046721156 186.1400000000214
9308 1.741979257145651 186.1600000000214
9309 1.740069280164502 186.1800000000214
9310 1.7377161321272 186.2000000000214
9311 1.734996461471856 186.2200000000215
9312 1.732036443466741 186.2400000000215
9313 1.728691742612776 186.2600000000215
9314 1.725070145783472 186.2800000000215
9315 1.721170808825907 186.3000000000215
9316 1.716873302300351 186.3200000000215
9317 1.7121657341093 186.3400000000215
9318 1.70721553002363 186.3600000000215
9319 1.701889478816468 186.3800000000215
9320 1.696337470950784 186.4000000000215
9321 1.690572289763097 186.4200000000216
9322 1.684511465484187 186.4400000000216
9323 1.678079491814235 186.4600000000216
9324 1.671408522416119 186.4800000000216
9325 1.664665510281122 186.5000000000216
9326 1.657651237630657 186.5200000000216
9327 1.650363018412661 186.5400000000216
9328 1.642800418835031 186.5600000000216
9329 1.6350595911573 186.5800000000216
9330 1.627191064718137 186.6000000000217
9331 1.619121560054392 186.6200000000217
9332 1.610777453325729 186.6400000000217
9333 1.602456430906956 186.6600000000217
9334 1.593968390365854 186.6800000000217
9335 1.585391667168576 186.7000000000217
9336 1.576707780998591 186.7200000000217
9337 1.567872920264551 186.7400000000217
9338 1.558985183653384 186.7600000000217
9339 1.550129233482864 186.7800000000217
9340 1.54119339280343 186.8000000000218
9341 1.532299611712206 186.8200000000218
9342 1.523378642709595 186.8400000000218
9343 1.514392947084692 186.8600000000218
9344 1.505444053882132 186.8800000000218
9345 1.49649657061203 186.9000000000218
9346 1.487584958393934 186.9200000000218
9347 1.478772845910402 186.9400000000218
9348 1.469946409636384 186.9600000000218
9349 1.461168437868469 186.9800000000218
9350 1.452505394505488 187.0000000000219
9351 1.443950637463608 187.0200000000219
9352 1.435436007210381 187.0400000000219
9353 1.427097675266156 187.0600000000219
9354 1.41887787371149 187.0800000000219
9355 1.410855906275463 187.1000000000219
9356 1.402984570133755 187.1200000000219
9357 1.395306889134261 187.1400000000219
9358 1.387833188283676 187.1600000000219
9359 1.380591277844404 187.1800000000219
9360 1.373601239254015 187.200000000022
9361 1.366721521893018 187.220000000022
9362 1.360154809716057 187.240000000022
9363 1.353785661080952 187.260000000022
9364 1.34772123819357 187.280000000022
9365 1.341875047845149 187.300000000022
9366 1.336255062614688 187.320000000022
9367 1.33087618425381 187.340000000022
9368 1.325637769245483 187.360000000022
9369 1.320637612810958 187.3800000000221
9370 1.315928578083134 187.4000000000221
9371 1.311544309657607 187.4200000000221
9372 1.307457775090436 187.4400000000221
9373 1.303792635638727 187.4600000000221
9374 1.300749831320109 187.4800000000221
9375 1.297984086801505 187.5000000000221
9376 1.295525926888262 187.5200000000221
9377 1.293353471840012 187.5400000000221
9378 1.291370582033587 187.5600000000221
9379 1.2897002205968 187.5800000000222
9380 1.288161151836814 187.6000000000222
9381 1.286882637415363 187.6200000000222
9382 1.286195321120709 187.6400000000222
9383 1.285611999419575 187.6600000000222
9384 1.285450860380244 187.6800000000222
9385 1.285957893206854 187.7000000000222
9386 1.286825804995416 187.7200000000222
9387 1.288170965210302 187.7400000000222
9388 1.289654331355253 187.7600000000222
9389 1.291583987545634 187.7800000000223
9390 1.29408671564737 187.8000000000223
9391 1.296488792176524 187.8200000000223
9392 1.299041093623517 187.8400000000223
9393 1.302201370035997 187.8600000000223
9394 1.305482060082546 187.8800000000223
9395 1.30909171226494 187.9000000000223
9396 1.313282697738852 187.9200000000223
9397 1.317915525496458 187.9400000000223
9398 1.322820408227267 187.9600000000223
9399 1.328049410844636 187.9800000000224
9400 1.333528671938718 188.0000000000224
9401 1.339137222305707 188.0200000000224
9402 1.345296416073729 188.0400000000224
9403 1.351501610442402 188.0600000000224
9404 1.358027960515943 188.0800000000224
9405 1.364730637733314 188.1000000000224
9406 1.371638185674378 188.1200000000224
9407 1.379126955895699 188.1400000000224
9408 1.386839824930142 188.1600000000224
9409 1.394536963034883 188.1800000000225
9410 1.402340016454941 188.2000000000225
9411 1.410596423720237 188.2200000000225
9412 1.418872384228625 188.2400000000225
9413 1.427287127347428 188.2600000000225
9414 1.435873440133739 188.2800000000225
9415 1.44476803837254 188.3000000000225
9416 1.45377234336521 188.3200000000225
9417 1.462745781996778 188.3400000000225
9418 1.471896738840526 188.3600000000226
9419 1.481145522616981 188.3800000000226
9420 1.490385186678083 188.4000000000226
9421 1.499635595918709 188.4200000000226
9422 1.508800482793864 188.4400000000226
9423 1.518089995096013 188.4600000000226
9424 1.527114195404124 188.4800000000226
9425 1.536374182571456 188.5000000000226
9426 1.545678325345972 188.5200000000226
9427 1.554905084013496 188.5400000000226
9428 1.563911720007461 188.5600000000227
9429 1.572878248647378 188.5800000000227
9430 1.581757270630453 188.6000000000227
9431 1.590463025945102 188.6200000000227
9432 1.599067156385282 188.6400000000227
9433 1.607532479830995 188.6600000000227
9434 1.615799294305185 188.6800000000227
9435 1.623799670442654 188.7000000000227
9436 1.631597517715497 188.7200000000227
9437 1.639254515255801 188.7400000000227
9438 1.646661370379286 188.7600000000228
9439 1.653825708030585 188.7800000000228
9440 1.660820054924407 188.8000000000228
9441 1.66761167866324 188.8200000000228
9442 1.674063174956801 188.8400000000228
9443 1.680209813146353 188.8600000000228
9444 1.686006308415556 188.8800000000228
9445 1.691597373496087 188.9000000000228
9446 1.696771392066779 188.9200000000228
9447 1.701655255061753 188.9400000000228
9448 1.706305349412417 188.9600000000229
9449 1.710655355999914 188.9800000000229
9450 1.714676589435118 189.0000000000229
9451 1.718188288384898 189.0200000000229
9452 1.721369139245668 189.0400000000229
9453 1.724102979133607 189.0600000000229
9454 1.726518759532856 189.0800000000229
9455 1.728627486683728 189.1000000000229
9456 1.730353393477146 189.1200000000229
9457 1.731603644596265 189.140000000023
9458 1.73248800898919 189.160000000023
9459 1.732898710167079 189.180000000023
9460 1.732987018299838 189.200000000023
9461 1.732776788443032 189.220000000023
9462 1.732259973891002 189.240000000023
9463 1.731358664796007 189.260000000023
9464 1.730124614730073 189.280000000023
9465 1.728413788752289 189.300000000023
9466 1.726335557297563 189.320000000023
9467 1.723872963408176 189.3400000000231
9468 1.721161060633744 189.3600000000231
9469 1.718073933380449 189.3800000000231
9470 1.714731261935286 189.4000000000231
9471 1.710954596071648 189.4200000000231
9472 1.706837092461345 189.4400000000231
9473 1.702375777948738 189.4600000000231
9474 1.697639854705097 189.4800000000231
9475 1.692544143690686 189.5000000000231
9476 1.687120243537986 189.5200000000231
9477 1.681481763772379 189.5400000000232
9478 1.675554614240219 189.5600000000232
9479 1.669363738019043 189.5800000000232
9480 1.662847915594775 189.6000000000232
9481 1.656040250762092 189.6200000000232
9482 1.649151311889821 189.6400000000232
9483 1.641996134745512 189.6600000000232
9484 1.634616540061426 189.6800000000232
9485 1.627092658913886 189.7000000000232
9486 1.619336443404855 189.7200000000232
9487 1.611391289572427 189.7400000000233
9488 1.603307518673279 189.7600000000233
9489 1.595061980914788 189.7800000000233
9490 1.5866940767609 189.8000000000233
9491 1.578269964920616 189.8200000000233
9492 1.569731189461459 189.8400000000233
9493 1.561099437139378 189.8600000000233
9494 1.552445661553878 189.8800000000233
9495 1.543680330835491 189.9000000000233
9496 1.534891751260703 189.9200000000234
9497 1.526085797159277 189.9400000000234
9498 1.517158092584268 189.9600000000234
9499 1.508253521353827 189.9800000000234
9500 1.499436619456093 190.0000000000234
9501 1.490610230327522 190.0200000000234
9502 1.481827383614411 190.0400000000234
9503 1.473116063927939 190.0600000000234
9504 1.464431493316377 190.0800000000234
9505 1.455823061700527 190.1000000000234
9506 1.447297903555015 190.1200000000235
9507 1.438914510109522 190.1400000000235
9508 1.430615128640642 190.1600000000235
9509 1.422407764264843 190.1800000000235
9510 1.414404291786738 190.2000000000235
9511 1.406484828259033 190.2200000000235
9512 1.398770055184004 190.2400000000235
9513 1.39117944186724 190.2600000000235
9514 1.383879061572364 190.2800000000235
9515 1.376679148036237 190.3000000000235
9516 1.369835472332643 190.3200000000236
9517 1.363122982813504 190.3400000000236
9518 1.356608397398036 190.3600000000236
9519 1.350423524732904 190.3800000000236
9520 1.344528758582256 190.4000000000236
9521 1.338834514390193 190.4200000000236
9522 1.33334282277033 190.4400000000236
9523 1.328157995900666 190.4600000000236
9524 1.323077142161213 190.4800000000236
9525 1.318427272575853 190.5000000000236
9526 1.314107958957909 190.5200000000237
9527 1.310053516866317 190.5400000000237
9528 1.306572331859662 190.5600000000237
9529 1.303417017673389 190.5800000000237
9530 1.300427312474781 190.6000000000237
9531 1.297723717518412 190.6200000000237
9532 1.295393451391335 190.6400000000237
9533 1.293420363933441 190.6600000000237
9534 1.291797252951126 190.6800000000237
9535 1.29048697005534 190.7000000000237
9536 1.289627029303083 190.7200000000238
9537 1.28919154468062 190.7400000000238
9538 1.289033677058564 190.7600000000238
9539 1.289459781670142 190.7800000000238
9540 1.290257878628166 190.8000000000238
9541 1.291242635757925 190.8200000000238
9542 1.292516378516763 190.8400000000238
9543 1.294156344545219 190.8600000000238
9544 1.296043515424425 190.8800000000238
9545 1.29849458192888 190.9000000000239
9546 1.301520557344478 190.9200000000239
9547 1.305604487279349 190.9400000000239
9548 1.309347929775297 190.9600000000239
9549 1.313611681010015 190.9800000000239
9550 1.31782025792832 191.0000000000239
9551 1.322238839461252 191.0200000000239
9552 1.327087588213867 191.0400000000239
9553 1.332373910863451 191.0600000000239
9554 1.337863305689984 191.0800000000239
9555 1.343943521476045 191.100000000024
9556 1.350198997377126 191.120000000024
9557 1.356846675450363 191.140000000024
9558 1.363839158575737 191.160000000024
9559 1.371092335339987 191.180000000024
9560 1.378588573150039 191.200000000024
9561 1.38644478260713 191.220000000024
9562 1.394236925371312 191.240000000024
9563 1.402309561544211 191.260000000024
9564 1.410836166641075 191.280000000024
9565 1.419286764311721 191.3000000000241
9566 1.428000644104966 191.3200000000241
9567 1.436784056257035 191.3400000000241
9568 1.445755950852979 191.3600000000241
9569 1.455051897532432 191.3800000000241
9570 1.464397729105599 191.4000000000241
9571 1.473815264097591 191.4200000000241
9572 1.483235132610828 191.4400000000241
9573 1.492611701648721 191.4600000000241
9574 1.502070248168388 191.4800000000241
9575 1.511780863680355 191.5000000000242
9576 1.52141380865754 191.5200000000242
9577 1.530957528309879 191.5400000000242
9578 1.540437971641232 191.5600000000242
9579 1.549891122791117 191.5800000000242
9580 1.559347578468243 191.6000000000242
9581 1.568726781437633 191.6200000000242
9582 1.578125401499489 191.6400000000242
9583 1.587323045451608 191.6600000000242
9584 1.596401061897691 191.6800000000243
9585 1.605277508294992 191.7000000000243
9586 1.613879436388695 191.7200000000243
9587 1.62239647324534 191.7400000000243
9588 1.630857934007665 191.7600000000243
9589 1.639181812936177 191.7800000000243
9590 1.647246437304509 191.8000000000243
9591 1.655003321697626 191.8200000000243
9592 1.662422211321517 191.8400000000243
9593 1.669655067609038 191.8600000000243
9594 1.676626834506628 191.8800000000244
9595 1.683296811905457 191.9000000000244
9596 1.689776593417893 191.9200000000244
9597 1.695854859184875 191.9400000000244
9598 1.701767624805606 191.9600000000244
9599 1.707112307798595 191.9800000000244
9600 1.712240315224802 192.0000000000244
9601 1.717072045747803 192.0200000000244
9602 1.721538081719489 192.0400000000244
9603 1.72562825257642 192.0600000000244
9604 1.729401742066009 192.0800000000245
9605 1.732743458557989 192.1000000000245
9606 1.735658031786579 192.1200000000245
9607 1.738109444130352 192.1400000000245
9608 1.740287851581671 192.1600000000245
9609 1.742144462492489 192.1800000000245
9610 1.743678350771135 192.2000000000245
9611 1.744731949914907 192.2200000000245
9612 1.745287258227845 192.2400000000245
9613 1.745539000954548 192.2600000000245
9614 1.745424610296728 192.2800000000246
9615 1.744869031531743 192.3000000000246
9616 1.743926853501191 192.3200000000246
9617 1.742637460836992 192.3400000000246
9618 1.740929943966413 192.3600000000246
9619 1.738729802613655 192.3800000000246
9620 1.736147898040868 192.4000000000246
9621 1.73328832961654 192.4200000000246
9622 1.73010221473834 192.4400000000246
9623 1.726564507514602 192.4600000000246
9624 1.722799702774849 192.4800000000247
9625 1.718659919324329 192.5000000000247
9626 1.714101968834756 192.5200000000247
9627 1.709242028944411 192.5400000000247
9628 1.704063148918278 192.5600000000247
9629 1.69857594362709 192.5800000000247
9630 1.692922488822979 192.6000000000247
9631 1.686983024695254 192.6200000000247
9632 1.680702649691937 192.6400000000247
9633 1.674076551644425 192.6600000000248
9634 1.667396227690695 192.6800000000248
9635 1.660496748740244 192.7000000000248
9636 1.653300881791345 192.7200000000248
9637 1.645854429572348 192.7400000000248
9638 1.638172350811119 192.7600000000248
9639 1.630345267195073 192.7800000000248
9640 1.622370724532344 192.8000000000248
9641 1.614122573048832 192.8200000000248
9642 1.605787133835808 192.8400000000248
9643 1.597368162876035 192.8600000000249
9644 1.58882091165047 192.8800000000249
9645 1.580189137051154 192.9000000000249
9646 1.571411751709223 192.9200000000249
9647 1.562529262460288 192.9400000000249
9648 1.55365763417755 192.9600000000249
9649 1.544761450046898 192.9800000000249
9650 1.535837146529748 193.0000000000249
9651 1.526936808608407 193.0200000000249
9652 1.517968554912001 193.0400000000249
9653 1.509002469526936 193.060000000025
9654 1.500052617914248 193.080000000025
9655 1.491117460170611 193.100000000025
9656 1.482271062047797 193.120000000025
9657 1.473455714906178 193.140000000025
9658 1.464648392769479 193.160000000025
9659 1.455924193948236 193.180000000025
9660 1.447350636982486 193.200000000025
9661 1.438796715150143 193.220000000025
9662 1.430386791831455 193.240000000025
9663 1.422125619162157 193.2600000000251
9664 1.414018243551357 193.2800000000251
9665 1.406097799610458 193.3000000000251
9666 1.398345527127955 193.3200000000251
9667 1.390772208386915 193.3400000000251
9668 1.383439470494658 193.3600000000251
9669 1.37638549236432 193.3800000000251
9670 1.369423800266793 193.4000000000251
9671 1.362744761902911 193.4200000000251
9672 1.356285391446289 193.4400000000252
9673 1.350096709322373 193.4600000000252
9674 1.344178769187458 193.4800000000252
9675 1.33846748040473 193.5000000000252
9676 1.332981047052933 193.5200000000252
9677 1.327700094547378 193.5400000000252
9678 1.322592126969313 193.5600000000252
9679 1.317758186240814 193.5800000000252
9680 1.313243288285346 193.6000000000252
9681 1.309048305014823 193.6200000000252
9682 1.305200311329316 193.6400000000253
9683 1.301908940949129 193.6600000000253
9684 1.299049247542634 193.6800000000253
9685 1.296462615706085 193.7000000000253
9686 1.294215149379008 193.7200000000253
9687 1.292122157593444 193.7400000000253
9688 1.290344418562016 193.7600000000253
9689 1.28878499219536 193.7800000000253
9690 1.287333538701363 193.8000000000253
9691 1.286444716608988 193.8200000000253
9692 1.285825720976343 193.8400000000254
9693 1.285421407703951 193.8600000000254
9694 1.285715700821902 193.8800000000254
9695 1.286478034583988 193.9000000000254
9696 1.287558002386269 193.9200000000254
9697 1.289069448082899 193.9400000000254
9698 1.290774912813957 193.9600000000254
9699 1.292999345464804 193.9800000000254
9700 1.295717516816739 194.0000000000254
9701 1.297939996239232 194.0200000000254
9702 1.300905248929081 194.0400000000255
9703 1.304205664025967 194.0600000000255
9704 1.307616262089568 194.0800000000255
9705 1.311548558445781 194.1000000000255
9706 1.316073410480566 194.1200000000255
9707 1.320848666420608 194.1400000000255
9708 1.325968124967003 194.1600000000255
9709 1.33133784822775 194.1800000000255
9710 1.336860657722956 194.2000000000255
9711 1.342837925167866 194.2200000000255
9712 1.349050771397464 194.2400000000256
9713 1.355415152674079 194.2600000000256
9714 1.362101964151827 194.2800000000256
9715 1.368839143716311 194.3000000000256
9716 1.376137264518785 194.3200000000256
9717 1.383790646208999 194.3400000000256
9718 1.391548327173373 194.3600000000256
9719 1.399176249601287 194.3800000000256
9720 1.407339190210946 194.4000000000256
9721 1.415620647995137 194.4200000000257
9722 1.423966717247555 194.4400000000257
9723 1.432474640030455 194.4600000000257
9724 1.441209956244707 194.4800000000257
9725 1.450278412507368 194.5000000000257
9726 1.459187092737132 194.5200000000257
9727 1.468270610466746 194.5400000000257
9728 1.477502404014015 194.5600000000257
9729 1.486754174553868 194.5800000000257
9730 1.495999137799151 194.6000000000257
9731 1.505192095867517 194.6200000000258
9732 1.514454703360483 194.6400000000258
9733 1.523534591532696 194.6600000000258
9734 1.532725859864794 194.6800000000258
9735 1.542023710219291 194.7000000000258
9736 1.551271838214699 194.7200000000258
9737 1.56038217826526 194.7400000000258
9738 1.569403301882319 194.7600000000258
9739 1.578259004768614 194.7800000000258
9740 1.587101018638894 194.8000000000258
9741 1.595671787566725 194.8200000000259
9742 1.604253043863034 194.8400000000259
9743 1.612606082174005 194.8600000000259
9744 1.620690250454071 194.8800000000259
9745 1.628542037907756 194.9000000000259
9746 1.636286996803806 194.9200000000259
9747 1.643788230300536 194.9400000000259
9748 1.651059717788231 194.9600000000259
9749 1.658107689621491 194.9800000000259
9750 1.664969582665299 195.0000000000259
9751 1.671591782211797 195.020000000026
9752 1.677845015045976 195.040000000026
9753 1.683759149836246 195.060000000026
9754 1.689455318809645 195.080000000026
9755 1.694806085514494 195.100000000026
9756 1.699754258332461 195.120000000026
9757 1.704563304921822 195.140000000026
9758 1.70898349078856 195.160000000026
9759 1.713178694543791 195.180000000026
9760 1.716859800692991 195.2000000000261
9761 1.720197624577172 195.2200000000261
9762 1.723096022765367 195.2400000000261
9763 1.725621204593497 195.2600000000261
9764 1.727834079404172 195.2800000000261
9765 1.729818489073955 195.3000000000261
9766 1.731163281979804 195.3200000000261
9767 1.732223448635267 195.3400000000261
9768 1.732786357429381 195.3600000000261
9769 1.733021434347664 195.3800000000261
9770 1.732918738864384 195.4000000000262
9771 1.732538913312794 195.4200000000262
9772 1.731781349336677 195.4400000000262
9773 1.730670331182179 195.4600000000262
9774 1.729161811326394 195.4800000000262
9775 1.727227660767885 195.5000000000262
9776 1.724905055682406 195.5200000000262
9777 1.722307545560736 195.5400000000262
9778 1.719342502402023 195.5600000000262
9779 1.716114228180134 195.5800000000262
9780 1.712528176007615 195.6000000000263
9781 1.708510174328068 195.6200000000263
9782 1.704196996876519 195.6400000000263
9783 1.699563207077458 195.6600000000263
9784 1.694620871411124 195.6800000000263
9785 1.68931864479325 195.7000000000263
9786 1.683753255493947 195.7200000000263
9787 1.677953793545666 195.7400000000263
9788 1.67185778777176 195.7600000000263
9789 1.665477964822235 195.7800000000263
9790 1.658776173539922 195.8000000000264
9791 1.651907102553498 195.8200000000264
9792 1.644881187135767 195.8400000000264
9793 1.637575893963411 195.8600000000264
9794 1.630106367054025 195.8800000000264
9795 1.622435291113228 195.9000000000264
9796 1.614569561746343 195.9200000000264
9797 1.606536576306773 195.9400000000264
9798 1.598347212195207 195.9600000000264
9799 1.590032748106933 195.9800000000265
9800 1.581616889849943 196.0000000000265
9801 1.573142461317719 196.0200000000265
9802 1.564516475990572 196.0400000000265
9803 1.555897094503077 196.0600000000265
9804 1.547165761662509 196.0800000000265
9805 1.538374439706729 196.1000000000265
9806 1.529603184816903 196.1200000000265
9807 1.520705255921072 196.1400000000265
9808 1.511775966841175 196.1600000000265
9809 1.502919000568863 196.1800000000266
9810 1.494118995083187 196.2000000000266
9811 1.485288774781924 196.2200000000266
9812 1.476566592934095 196.2400000000266
9813 1.467879482998571 196.2600000000266
9814 1.459199109332598 196.2800000000266
9815 1.450651837820083 196.3000000000266
9816 1.442219374010619 196.3200000000266
9817 1.433886856068841 196.3400000000266
9818 1.425649780680728 196.3600000000266
9819 1.417561518854803 196.3800000000267
9820 1.409612692919227 196.4000000000267
9821 1.401813524464603 196.4200000000267
9822 1.394155864536339 196.4400000000267
9823 1.386711786156211 196.4600000000267
9824 1.379513181005094 196.4800000000267
9825 1.372494153468871 196.5000000000267
9826 1.365782779896487 196.5200000000267
9827 1.3591493876136 196.5400000000267
9828 1.352836551251217 196.5600000000267
9829 1.34683935730432 196.5800000000268
9830 1.341067655102562 196.6000000000268
9831 1.335486312276253 196.6200000000268
9832 1.330204602472916 196.6400000000268
9833 1.325046610765472 196.6600000000268
9834 1.320237462002835 196.6800000000268
9835 1.315807822055919 196.7000000000268
9836 1.311595926006505 196.7200000000268
9837 1.307904335153836 196.7400000000268
9838 1.304640644966203 196.7600000000268
9839 1.301576553602105 196.7800000000269
9840 1.298767106921351 196.8000000000269
9841 1.296247727857549 196.8200000000269
9842 1.294159694084311 196.8400000000269
9843 1.292391643022883 196.8600000000269
9844 1.290990455075728 196.8800000000269
9845 1.289875034091502 196.9000000000269
9846 1.289348270291404 196.9200000000269
9847 1.289034402575814 196.9400000000269
9848 1.289270625706872 196.960000000027
9849 1.289920719420663 196.980000000027
9850 1.290842910111032 197.000000000027
9851 1.291973535721332 197.020000000027
9852 1.293459947161215 197.040000000027
9853 1.295295836259089 197.060000000027
9854 1.297444299801989 197.080000000027
9855 1.300209214360667 197.100000000027
9856 1.303932370997667 197.120000000027
9857 1.307866835897995 197.140000000027
9858 1.311841645897691 197.1600000000271
9859 1.316132624174049 197.1800000000271
9860 1.320463071913207 197.2000000000271
9861 1.325131674554256 197.2200000000271
9862 1.330257407727312 197.2400000000271
9863 1.335641637379276 197.2600000000271
9864 1.341463678021521 197.2800000000271
9865 1.347758344041996 197.3000000000271
9866 1.354145613680309 197.3200000000271
9867 1.361052271248025 197.3400000000271
9868 1.368205195241944 197.3600000000272
9869 1.375588945044334 197.3800000000272
9870 1.38336363761941 197.4000000000272
9871 1.39112618837195 197.4200000000272
9872 1.399086499267696 197.4400000000272
9873 1.407450781741322 197.4600000000272
9874 1.415958522877311 197.4800000000272
9875 1.424537498492036 197.5000000000272
9876 1.433306270673665 197.5200000000272
9877 1.442160873873267 197.5400000000272
9878 1.451360279315412 197.5600000000273
9879 1.460703178985916 197.5800000000273
9880 1.470108733855319 197.6000000000273
9881 1.479565216016345 197.6200000000273
9882 1.488913935616198 197.6400000000273
9883 1.498309980634531 197.6600000000273
9884 1.50797168828734 197.6800000000273
9885 1.517635772173967 197.7000000000273
9886 1.527217695872092 197.7200000000273
9887 1.536735873184301 197.7400000000274
9888 1.546147317409577 197.7600000000274
9889 1.555629397087662 197.7800000000274
9890 1.565053089292884 197.8000000000274
9891 1.574433604171889 197.8200000000274
9892 1.583717770155006 197.8400000000274
9893 1.592848295377663 197.8600000000274
9894 1.601818350125245 197.8800000000274
9895 1.610526539041626 197.9000000000274
9896 1.61905059016691 197.9200000000274
9897 1.627562445388571 197.9400000000275
9898 1.635925366425192 197.9600000000275
9899 1.644111140675113 197.9800000000275
9900 1.651997263254558 198.0000000000275
9901 1.659535791620155 198.0200000000275
9902 1.666857699413517 198.0400000000275
9903 1.673940947119429 198.0600000000275
9904 1.680725134600533 198.0800000000275
9905 1.687273210303789 198.1000000000275
9906 1.693512650708483 198.1200000000275
9907 1.699519980989981 198.1400000000276
9908 1.705049779742433 198.1600000000276
9909 1.710267379637012 198.1800000000276
9910 1.715222483016911 198.2000000000276
9911 1.719867296836873 198.2200000000276
9912 1.724065102697787 198.2400000000276
9913 1.727992777911938 198.2600000000276
9914 1.731538057058688 198.2800000000276
9915 1.73460257303998 198.3000000000276
9916 1.737213097078785 198.3200000000276
9917 1.739492350281245 198.3400000000277
9918 1.741467866995916 198.3600000000277
9919 1.743156248216889 198.3800000000277
9920 1.744416857754851 198.4000000000277
9921 1.745136338719821 198.4200000000277
9922 1.74550742700422 198.4400000000277
9923 1.745573150543405 198.4600000000277
9924 1.74516993981701 198.4800000000277
9925 1.744383003010169 198.5000000000277
9926 1.743202285460409 198.5200000000277
9927 1.741692700725324 198.5400000000278
9928 1.739678205876116 198.5600000000278
9929 1.737246826162747 198.5800000000278
9930 1.734475520195086 198.6000000000278
9931 1.731440401141138 198.6200000000278
9932 1.728016565188715 198.6400000000278
9933 1.724354143976206 198.6600000000278
9934 1.7203715435141 198.6800000000278
9935 1.715990821243095 198.7000000000278
9936 1.711211301117364 198.7200000000279
9937 1.706192140274992 198.7400000000279
9938 1.700805291751063 198.7600000000279
9939 1.695215787954877 198.7800000000279
9940 1.689391999754719 198.8000000000279
9941 1.683255519167512 198.8200000000279
9942 1.676750645250061 198.8400000000279
9943 1.670072763977473 198.8600000000279
9944 1.663277461042528 198.8800000000279
9945 1.656198537152523 198.9000000000279
9946 1.648858697353436 198.920000000028
9947 1.641249477886851 198.940000000028
9948 1.633470833618474 198.960000000028
9949 1.625576526262762 198.980000000028
9950 1.617447846457515 199.000000000028
9951 1.6090834986121 199.020000000028
9952 1.600744589323872 199.040000000028
9953 1.592224808311403 199.060000000028
9954 1.583633489395967 199.080000000028
9955 1.574919739300756 199.100000000028
9956 1.566057550244413 199.1200000000281
9957 1.557171677105653 199.1400000000281
9958 1.548310941427409 199.1600000000281
9959 1.539366286596507 199.1800000000281
9960 1.530475639463306 199.2000000000281
9961 1.52153315599051 199.2200000000281
9962 1.512556113905062 199.2400000000281
9963 1.503601097473922 199.2600000000281
9964 1.494658787345053 199.2800000000281
9965 1.485765686835081 199.3000000000281
9966 1.476960308293136 199.3200000000282
9967 1.468127743226127 199.3400000000282
9968 1.459368978850345 199.3600000000282
9969 1.450735861907425 199.3800000000282
9970 1.442180104901551 199.4000000000282
9971 1.43369620999364 199.4200000000282
9972 1.425387582716722 199.4400000000282
9973 1.41719361365274 199.4600000000282
9974 1.409215584011271 199.4800000000282
9975 1.401377564273516 199.5000000000283
9976 1.393738381416739 199.5200000000283
9977 1.386311886358033 199.5400000000283
9978 1.379123065170646 199.5600000000283
9979 1.372164524986391 199.5800000000283
9980 1.36534304691089 199.6000000000283
9981 1.358818774383404 199.6200000000283
9982 1.352504236754634 199.6400000000283
9983 1.346502833176092 199.6600000000283
9984 1.340692001046676 199.6800000000283
9985 1.335118700508876 199.7000000000284
9986 1.329790926407176 199.7200000000284
9987 1.324578369377745 199.7400000000284
9988 1.319627280682136 199.7600000000284
9989 1.314992395743955 199.7800000000284
9990 1.310671044696452 199.8000000000284
9991 1.306668091282449 199.8200000000284
9992 1.30311239551926 199.8400000000284
9993 1.300158524122004 199.8600000000284
9994 1.297448102097515 199.8800000000284
9995 1.295068037528279 199.9000000000285
9996 1.292926183232123 199.9200000000285
9997 1.290995962129645 199.9400000000285
9998 1.2893811407451 199.9600000000285
9999 1.287858159196707 199.9800000000285
10000 1.286701188369481 200.0000000000285
10001 1.286073926314117 200.0200000000285
10002 1.285512610317718 200.0400000000285
10003 1.28552374524911 200.0600000000285
10004 1.286142692882589 200.0800000000285
10005 1.287071108787807 200.1000000000286
10006 1.288502107351299 200.1200000000286
10007 1.290039434582694 200.1400000000286
10008 1.292058840634003 200.1600000000286
10009 1.29471245814395 200.1800000000286
10010 1.296966445438262 200.2000000000286
10011 1.299693104333985 200.2200000000286
10012 1.302907710413278 200.2400000000286
10013 1.306222298335233 200.2600000000286
10014 1.309925617875904 200.2800000000287
10015 1.314244813693875 200.3000000000287
10016 1.318939919993511 200.3200000000287
10017 1.323929558693883 200.3400000000287
10018 1.329204842251117 200.3600000000287
10019 1.334701511677667 200.3800000000287
10020 1.340411718384733 200.4000000000287
10021 1.346651694709986 200.4200000000287
10022 1.352872756953935 200.4400000000287
10023 1.359471517873766 200.4600000000287
10024 1.366176447091743 200.4800000000288
10025 1.373225008518367 200.5000000000288
10026 1.3807774572013 200.5200000000288
10027 1.388510022309398 200.5400000000288
10028 1.396173065635892 200.5600000000288
10029 1.404117417351004 200.5800000000288
10030 1.412381733615743 200.6000000000288
10031 1.420676617330804 200.6200000000288
10032 1.429138182579395 200.6400000000288
10033 1.437771183021499 200.6600000000288
10034 1.446726181325266 200.6800000000289
10035 1.455692799986482 200.7000000000289
10036 1.464705704182509 200.7200000000289
10037 1.473889382104397 200.7400000000289
10038 1.483149630736874 200.7600000000289
10039 1.492369669600026 200.7800000000289
10040 1.50163142362518 200.8000000000289
10041 1.510811931223192 200.8200000000289
10042 1.520029198326612 200.8400000000289
10043 1.529117386347588 200.8600000000289
10044 1.538392604481523 200.880000000029
10045 1.547689669015494 200.900000000029
10046 1.556885796693769 200.920000000029
10047 1.565893260297456 200.940000000029
10048 1.574814003815407 200.960000000029
10049 1.583695675729131 200.980000000029
10050 1.592343953166544 201.000000000029
10051 1.600948663054298 201.020000000029
10052 1.609385591330921 201.040000000029
10053 1.617599236814983 201.060000000029
10054 1.625531690821377 201.0800000000291
10055 1.633314631781335 201.1000000000291
10056 1.640913856784781 201.1200000000291
10057 1.648277309414409 201.1400000000291
10058 1.655402814807815 201.1600000000291
10059 1.662343791667291 201.1800000000291
10060 1.669085495790237 201.2000000000291
10061 1.675468274781982 201.2200000000291
10062 1.681537895335617 201.2400000000291
10063 1.687295548823802 201.2600000000292
10064 1.692810163555006 201.2800000000292
10065 1.697896942937999 201.3000000000292
10066 1.702773891711411 201.3200000000292
10067 1.707325840331824 201.3400000000292
10068 1.711635515279532 201.3600000000292
10069 1.715527416709918 201.3800000000292
10070 1.718985216037642 201.4000000000292
10071 1.722073196548559 201.4200000000292
10072 1.724727348198661 201.4400000000292
10073 1.727068472938549 201.4600000000293
10074 1.729138079023916 201.4800000000293
10075 1.730726135432518 201.5000000000293
10076 1.731911780330591 201.5200000000293
10077 1.732697982988959 201.5400000000293
10078 1.733039997586638 201.5600000000293
10079 1.73304872805509 201.5800000000293
10080 1.732784452072742 201.6000000000293
10081 1.732172902156137 201.6200000000293
10082 1.731220317476487 201.6400000000293
10083 1.729885596603333 201.6600000000294
10084 1.728080021304851 201.6800000000294
10085 1.725928503121993 201.7000000000294
10086 1.723410949260541 201.7200000000294
10087 1.720605230559847 201.7400000000294
10088 1.717465541294959 201.7600000000294
10089 1.714043480411621 201.7800000000294
10090 1.71018245677879 201.8000000000294
10091 1.706001515164974 201.8200000000294
10092 1.701458449913186 201.8400000000294
10093 1.696667581503529 201.8600000000295
10094 1.691492739967738 201.8800000000295
10095 1.686005837178972 201.9000000000295
10096 1.68032462385597 201.9200000000295
10097 1.674328910248206 201.9400000000295
10098 1.668084210637958 201.9600000000295
10099 1.661492445733151 201.9800000000295
10100 1.654650606378067 202.0000000000295
10101 1.647732480783766 202.0200000000295
10102 1.640511419471875 202.0400000000296
10103 1.633097603580381 202.0600000000296
10104 1.625530335376842 202.0800000000296
10105 1.617724411333016 202.1000000000296
10106 1.609743942436531 202.1200000000296
10107 1.601626251174022 202.1400000000296
10108 1.593360143588532 202.1600000000296
10109 1.58496170690855 202.1800000000296
10110 1.576528239812663 202.2000000000296
10111 1.567949426708952 202.2200000000296
10112 1.559325003938648 202.2400000000297
10113 1.550642868965931 202.2600000000297
10114 1.541860594148571 202.2800000000297
10115 1.533082974453096 202.3000000000297
10116 1.524242591715366 202.3200000000297
10117 1.515304038755351 202.3400000000297
10118 1.506419156344796 202.3600000000297
10119 1.497610303548833 202.3800000000297
10120 1.488775025179702 202.4000000000297
10121 1.480012254613902 202.4200000000297
10122 1.471308010711271 202.4400000000298
10123 1.46261890026848 202.4600000000298
10124 1.454045357933001 202.4800000000298
10125 1.445542278007678 202.5000000000298
10126 1.43717386878053 202.5200000000298
10127 1.428893586783237 202.5400000000298
10128 1.420719539954909 202.5600000000298
10129 1.412759434965255 202.5800000000298
10130 1.404858994243658 202.6000000000298
10131 1.397168699700462 202.6200000000298
10132 1.389622062334001 202.6400000000299
10133 1.382365020315963 202.6600000000299
10134 1.375212429408601 202.6800000000299
10135 1.36843698971482 202.7000000000299
10136 1.361730132252534 202.7200000000299
10137 1.355287171625428 202.7400000000299
10138 1.349166331343433 202.7600000000299
10139 1.343323514754728 202.7800000000299
10140 1.337665054363841 202.8000000000299
10141 1.332232130543719 202.8200000000299
10142 1.327070626338724 202.84000000003
10143 1.322082452378008 202.86000000003
10144 1.31751607953314 202.88000000003
10145 1.313220957915497 202.90000000003
10146 1.309296378841293 202.92000000003
10147 1.305890797124524 202.94000000003
10148 1.302775852143962 202.96000000003
10149 1.299855122940417 202.98000000003
10150 1.297190995252208 203.00000000003
10151 1.294948542229843 203.0200000000301
10152 1.293055843644255 203.0400000000301
10153 1.291511563019767 203.0600000000301
10154 1.290254560708355 203.0800000000301
10155 1.289529428246773 203.1000000000301
10156 1.289134830295575 203.1200000000301
10157 1.289118722814117 203.1400000000301
10158 1.289626372494301 203.1600000000301
10159 1.290473133389854 203.1800000000301
10160 1.291500359516333 203.2000000000301
10161 1.292841548200227 203.2200000000302
10162 1.294585452069058 203.2400000000302
10163 1.296502303637387 203.2600000000302
10164 1.299105313563763 203.2800000000302
10165 1.302331297381507 203.3000000000302
10166 1.306465020167128 203.3200000000302
10167 1.310173186092293 203.3400000000302
10168 1.314583206941268 203.3600000000302
10169 1.318752795000679 203.3800000000302
10170 1.323273764763456 203.4000000000302
10171 1.328200583252589 203.4200000000303
10172 1.333537212536348 203.4400000000303
10173 1.339143155109744 203.4600000000303
10174 1.34533206065429 203.4800000000303
10175 1.351600579984404 203.5000000000303
10176 1.35835229450516 203.5200000000303
10177 1.365408738897795 203.5400000000303
10178 1.372708162593768 203.5600000000303
10179 1.380315805935791 203.5800000000303
10180 1.38811416005823 203.6000000000303
10181 1.395983649591736 203.6200000000304
10182 1.404141285241018 203.6400000000304
10183 1.412707576940772 203.6600000000304
10184 1.4211668567773 203.6800000000304
10185 1.429917233200375 203.7000000000304
10186 1.43871457056517 203.7200000000304
10187 1.447777836092106 203.7400000000304
10188 1.457087657825484 203.7600000000304
10189 1.466464275839872 203.7800000000304
10190 1.475911857618754 203.8000000000305
10191 1.485293902407039 203.8200000000305
10192 1.494674217183628 203.8400000000305
10193 1.504208680445802 203.8600000000305
10194 1.513908301089574 203.8800000000305
10195 1.523527317470372 203.9000000000305
10196 1.533057928740475 203.9200000000305
10197 1.542511326594425 203.9400000000305
10198 1.551977159762443 203.9600000000305
10199 1.561426557095783 203.9800000000305
10200 1.570813646768999 204.0000000000306
10201 1.580172870947043 204.0200000000306
10202 1.589351656458916 204.0400000000306
10203 1.5983931299361 204.0600000000306
10204 1.607218747492732 204.0800000000306
10205 1.615782348807715 204.1000000000306
10206 1.62429849039673 204.1200000000306
10207 1.632723860974574 204.1400000000306
10208 1.641008546529878 204.1600000000306
10209 1.649010558847307 204.1800000000306
10210 1.656682421498502 204.2000000000307
10211 1.664069977169927 204.2200000000307
10212 1.671268644750073 204.2400000000307
10213 1.678164052130604 204.2600000000307
10214 1.684766641445513 204.2800000000307
10215 1.69119637099608 204.3000000000307
10216 1.697251118326857 204.3200000000307
10217 1.703024592179339 204.3400000000307
10218 1.708308194557514 204.3600000000307
10219 1.713400038690707 204.3800000000307
10220 1.718160872482576 204.4000000000308
10221 1.722522694564839 204.4200000000308
10222 1.726564781574634 204.4400000000308
10223 1.730246722144092 204.4600000000308
10224 1.733483703616137 204.4800000000308
10225 1.736298862492084 204.5000000000308
10226 1.738689716550443 204.5200000000308
10227 1.740799499162313 204.5400000000308
10228 1.742596721690537 204.5600000000308
10229 1.744035580061481 204.5800000000309
10230 1.744963031148767 204.6000000000309
10231 1.745463574328373 204.6200000000309
10232 1.745638160805952 204.6400000000309
10233 1.745420732551331 204.6600000000309
10234 1.744788973396855 204.6800000000309
10235 1.74375585090948 204.7000000000309
10236 1.742398138848422 204.7200000000309
10237 1.740577253244665 204.7400000000309
10238 1.738287623479604 204.7600000000309
10239 1.735627786697818 204.780000000031
10240 1.732713235230271 204.800000000031
10241 1.729444698034431 204.820000000031
10242 1.725851739432128 204.840000000031
10243 1.722019628396969 204.860000000031
10244 1.717791279616906 204.880000000031
10245 1.7131460735395 204.900000000031
10246 1.708246403916554 204.920000000031
10247 1.702979836487484 204.940000000031
10248 1.697450045220647 204.960000000031
10249 1.691737612945045 204.9800000000311
10250 1.685735088775064 205.0000000000311
10251 1.679371491733206 205.0200000000311
10252 1.672702128150685 205.0400000000311
10253 1.665997314645948 205.0600000000311
10254 1.659037848000737 205.0800000000311
10255 1.651784360977023 205.1000000000311
10256 1.644277063321077 205.1200000000311
10257 1.63655891321192 205.1400000000311
10258 1.628707056561564 205.1600000000311
10259 1.62067904058228 205.1800000000312
10260 1.612376750701076 205.2000000000312
10261 1.604050989853829 205.2200000000312
10262 1.595591326402208 205.2400000000312
10263 1.587023673014221 205.2600000000312
10264 1.578362036262379 205.2800000000312
10265 1.569552507694379 205.3000000000312
10266 1.560664202106461 205.3200000000312
10267 1.551799569351614 205.3400000000312
10268 1.542874096728071 205.3600000000312
10269 1.533971908385103 205.3800000000313
10270 1.525055535661044 205.4000000000313
10271 1.516073494742512 205.4200000000313
10272 1.507116458525051 205.4400000000313
10273 1.498163619361215 205.4600000000313
10274 1.489235999978724 205.4800000000313
10275 1.48040835829775 205.5000000000313
10276 1.471587416851567 205.5200000000313
10277 1.462788735318128 205.5400000000313
10278 1.454094084531174 205.5600000000314
10279 1.445531764282713 205.5800000000314
10280 1.436991530961478 205.6000000000314
10281 1.428622661859414 205.6200000000314
10282 1.420377038787004 205.6400000000314
10283 1.412322050393963 205.6600000000314
10284 1.404425446839062 205.6800000000314
10285 1.396715989621926 205.7000000000314
10286 1.389192761914935 205.7200000000314
10287 1.381908640132876 205.7400000000314
10288 1.374891709677516 205.7600000000315
10289 1.367969931346173 205.7800000000315
10290 1.361358953619978 205.8000000000315
10291 1.354941473855463 205.8200000000315
10292 1.348820088108029 205.8400000000315
10293 1.342939926074488 205.8600000000315
10294 1.337273731146265 205.8800000000315
10295 1.331842291511762 205.9000000000315
10296 1.326583719208899 205.9200000000315
10297 1.321534879908999 205.9400000000315
10298 1.31676935689902 205.9600000000316
10299 1.312323988462715 205.9800000000316
10300 1.308192070640127 206.0000000000316
10301 1.304435577197248 206.0200000000316
10302 1.301298492373775 206.0400000000316
10303 1.298485988038974 206.0600000000316
10304 1.295954164954569 206.0800000000316
10305 1.293759520629063 206.1000000000316
10306 1.291729638908963 206.1200000000316
10307 1.290002768194828 206.1400000000316
10308 1.288441493866114 206.1600000000317
10309 1.287087004972943 206.1800000000317
10310 1.286342974523405 206.2000000000317
10311 1.285716621986665 206.2200000000317
10312 1.285443008198251 206.2400000000317
10313 1.285862278619133 206.2600000000317
10314 1.286685998761925 206.2800000000317
10315 1.287911783888192 206.3000000000317
10316 1.289407875857302 206.3200000000317
10317 1.291238352614938 206.3400000000318
10318 1.293620520116274 206.3600000000318
10319 1.29615698867872 206.3800000000318
10320 1.298568331552479 206.4000000000318
10321 1.301638087964348 206.4200000000318
10322 1.304933237083461 206.4400000000318
10323 1.308446160904544 206.4600000000318
10324 1.312517092868771 206.4800000000318
10325 1.317120772768031 206.5000000000318
10326 1.32196161370675 206.5200000000318
10327 1.327143848359222 206.5400000000319
10328 1.332572188138246 206.5600000000319
10329 1.338142501802106 206.5800000000319
10330 1.344242684573645 206.6000000000319
10331 1.350431258253773 206.6200000000319
10332 1.356885488719562 206.6400000000319
10333 1.363587153196907 206.6600000000319
10334 1.370405864112092 206.6800000000319
10335 1.377826248871806 206.7000000000319
10336 1.385519010462646 206.7200000000319
10337 1.393245053360898 206.740000000032
10338 1.400959013434337 206.760000000032
10339 1.409186732117896 206.780000000032
10340 1.417464914472621 206.800000000032
10341 1.425836784299392 206.820000000032
10342 1.434397294168488 206.840000000032
10343 1.443214552517281 206.860000000032
10344 1.452301636125084 206.880000000032
10345 1.461212750092952 206.900000000032
10346 1.470336004698866 206.920000000032
10347 1.479571268211175 206.9400000000321
10348 1.488834416249428 206.9600000000321
10349 1.49809785747229 206.9800000000321
10350 1.507262812235398 207.0000000000321
10351 1.516553785568309 207.0200000000321
10352 1.525591399621173 207.0400000000321
10353 1.534820567861211 207.0600000000321
10354 1.544124991967386 207.0800000000321
10355 1.553368355056747 207.1000000000321
10356 1.562418405068818 207.1200000000321
10357 1.571410649455747 207.1400000000322
10358 1.580287259145078 207.1600000000322
10359 1.589052167624831 207.1800000000322
10360 1.597647710609764 207.2000000000322
10361 1.606157653292159 207.2200000000322
10362 1.614469703948148 207.2400000000322
10363 1.622516799486968 207.2600000000322
10364 1.63032547061938 207.2800000000322
10365 1.638045942365453 207.3000000000322
10366 1.645485563511365 207.3200000000323
10367 1.652695779222257 207.3400000000323
10368 1.65972287579972 207.3600000000323
10369 1.666549270134079 207.3800000000323
10370 1.673087289166032 207.4000000000323
10371 1.679262958198874 207.4200000000323
10372 1.685117329750866 207.4400000000323
10373 1.690758798372432 207.4600000000323
10374 1.696025012808452 207.4800000000323
10375 1.700914794143931 207.5000000000323
10376 1.705643859747936 207.5200000000324
10377 1.7100209319246 207.5400000000324
10378 1.71414503616714 207.5600000000324
10379 1.717722435926545 207.5800000000324
10380 1.720971910211784 207.6000000000324
10381 1.723771232233249 207.6200000000324
10382 1.726237112159104 207.6400000000324
10383 1.728394240099263 207.6600000000324
10384 1.730239219242657 207.6800000000324
10385 1.731528184196961 207.7000000000324
10386 1.732496454462018 207.7200000000325
10387 1.732969872900588 207.7400000000325
10388 1.733130132290374 207.7600000000325
10389 1.732956272499807 207.7800000000325
10390 1.732525655229652 207.8000000000325
10391 1.731660962906054 207.8200000000325
10392 1.730486630848445 207.8400000000325
10393 1.728867352075478 207.8600000000325
10394 1.726853085602847 207.8800000000325
10395 1.724440790714219 207.9000000000325
10396 1.721792442491954 207.9200000000326
10397 1.718752165981298 207.9400000000326
10398 1.715462699980317 207.9600000000326
10399 1.711768094392511 207.9800000000326
10400 1.707691792471377 208.0000000000326
10401 1.703295717903676 208.0200000000326
10402 1.698601010488213 208.0400000000326
10403 1.693573854139693 208.0600000000326
10404 1.688201563732584 208.0800000000326
10405 1.682594393320902 208.1000000000327
10406 1.676723479593718 208.1200000000327
10407 1.670574014300483 208.1400000000327
10408 1.664120228421377 208.1600000000327
10409 1.657347229695562 208.1800000000327
10410 1.650471183878268 208.2000000000327
10411 1.643373522406151 208.2200000000327
10412 1.636023117956149 208.2400000000327
10413 1.628522350406345 208.2600000000327
10414 1.620802614680807 208.2800000000327
10415 1.612889382111538 208.3000000000328
10416 1.604832322143803 208.3200000000328
10417 1.596600377384602 208.3400000000328
10418 1.588260108319869 208.3600000000328
10419 1.579826294073617 208.3800000000328
10420 1.571325018347382 208.4000000000328
10421 1.562683046840238 208.4200000000328
10422 1.554049698560639 208.4400000000328
10423 1.545295483312357 208.4600000000328
10424 1.536499611053233 208.4800000000328
10425 1.527718104567605 208.5000000000329
10426 1.518792664707587 208.5200000000329
10427 1.509880615574468 208.5400000000329
10428 1.501033442535437 208.5600000000329
10429 1.492226896885077 208.5800000000329
10430 1.483412904221225 208.6000000000329
10431 1.474698557961911 208.6200000000329
10432 1.466010057991481 208.6400000000329
10433 1.457371452089927 208.6600000000329
10434 1.448836807605868 208.6800000000329
10435 1.440433496863768 208.700000000033
10436 1.432111532072575 208.720000000033
10437 1.423890602311632 208.740000000033
10438 1.415836517143465 208.760000000033
10439 1.407916477883087 208.780000000033
10440 1.400159351936691 208.800000000033
10441 1.392527190382659 208.820000000033
10442 1.385140926353879 208.840000000033
10443 1.377983279327228 208.860000000033
10444 1.371038096042784 208.880000000033
10445 1.364330498682574 208.9000000000331
10446 1.357764284100413 208.9200000000331
10447 1.351520002757182 208.9400000000331
10448 1.345575040424766 208.9600000000331
10449 1.339852460282862 208.9800000000331
10450 1.334314056300309 209.0000000000331
10451 1.329091273204809 209.0200000000331
10452 1.323960355529185 209.0400000000331
10453 1.319250647984786 209.0600000000331
10454 1.314892291043555 209.0800000000332
10455 1.310747544038508 209.1000000000332
10456 1.307189137116276 209.1200000000332
10457 1.303986298813137 209.1400000000332
10458 1.300955989971727 209.1600000000332
10459 1.298205873192942 209.1800000000332
10460 1.29580248367027 209.2000000000332
10461 1.2937706333669 209.2200000000332
10462 1.292091533618025 209.2400000000332
10463 1.290733757362674 209.2600000000332
10464 1.289755679789528 209.2800000000333
10465 1.289288386451011 209.3000000000333
10466 1.289054493993415 209.3200000000333
10467 1.28940322808096 209.3400000000333
10468 1.290139397428235 209.3600000000333
10469 1.291086992339197 209.3800000000333
10470 1.292314138501669 209.4000000000333
10471 1.293871580687853 209.4200000000333
10472 1.295741410259286 209.4400000000333
10473 1.298058631330429 209.4600000000333
10474 1.300956971919285 209.4800000000334
10475 1.304915150207096 209.5000000000334
10476 1.30873990603528 209.5200000000334
10477 1.312863222807437 209.5400000000334
10478 1.317106251241479 209.5600000000334
10479 1.321478416762236 209.5800000000334
10480 1.326261862576667 209.6000000000334
10481 1.331488076198721 209.6200000000334
10482 1.33692164978254 209.6400000000334
10483 1.342886417165444 209.6600000000334
10484 1.349159955920147 209.6800000000335
10485 1.355700096386636 209.7000000000335
10486 1.362654584882733 209.7200000000335
10487 1.369869539581379 209.7400000000335
10488 1.37731967774728 209.7600000000335
10489 1.385151996761867 209.7800000000335
10490 1.392934802694213 209.8000000000335
10491 1.400940415017411 209.8200000000335
10492 1.409409001891878 209.8400000000335
10493 1.41788564955827 209.8600000000336
10494 1.426548837852799 209.8800000000336
10495 1.435335741639092 209.9000000000336
10496 1.444241055045923 209.9200000000336
10497 1.453497771618802 209.9400000000336
10498 1.462838497953513 209.9600000000336
10499 1.47224791714154 209.9800000000336
10500 1.481700607736023 210.0000000000336
10501 1.491065273801232 210.0200000000336
10502 1.500495419682267 210.0400000000336
10503 1.510190932773605 210.0600000000337
10504 1.519843086216551 210.0800000000337
10505 1.529400585045856 210.1000000000337
10506 1.538900457584833 210.1200000000337
10507 1.548334201685653 210.1400000000337
10508 1.557806946379219 210.1600000000337
10509 1.567204115758366 210.1800000000337
10510 1.57659964897304 210.2000000000337
10511 1.585831899755473 210.2200000000337
10512 1.594938674655307 210.2400000000337
10513 1.603858916532791 210.2600000000338
10514 1.612505486152273 210.2800000000338
10515 1.621020017927737 210.3000000000338
10516 1.629516584857908 210.3200000000338
10517 1.637856273221168 210.3400000000338
10518 1.645975031758536 210.3600000000338
10519 1.653790954248651 210.3800000000338
10520 1.661253129320574 210.4000000000338
10521 1.668545379638975 210.4200000000338
10522 1.67554564807682 210.4400000000338
10523 1.682270446731738 210.4600000000339
10524 1.688784896581901 210.4800000000339
10525 1.694929140376215 210.5000000000339
10526 1.700892458070486 210.5200000000339
10527 1.706311893996973 210.5400000000339
10528 1.711481776069676 210.5600000000339
10529 1.7163644589647 210.5800000000339
10530 1.720905201413038 210.6000000000339
10531 1.725045268064806 210.6200000000339
10532 1.728891969243212 210.640000000034
10533 1.732324161874079 210.660000000034
10534 1.735300720996414 210.680000000034
10535 1.737823097412603 210.700000000034
10536 1.740040041907701 210.720000000034
10537 1.741943614686119 210.740000000034
10538 1.743551843939806 210.760000000034
10539 1.744702471989246 210.780000000034
10540 1.745315679893311 210.800000000034
10541 1.745623700606819 210.820000000034
10542 1.745594639257858 210.8400000000341
10543 1.745099294732649 210.8600000000341
10544 1.744217557371507 210.8800000000341
10545 1.742984375671478 210.9000000000341
10546 1.741361368009751 210.9200000000341
10547 1.739233329766122 210.9400000000341
10548 1.736722233215342 210.9600000000341
10549 1.733898026571923 210.9800000000341
10550 1.730776484975205 211.0000000000341
10551 1.727282769625318 211.0200000000341
10552 1.72356704356839 211.0400000000342
10553 1.719487574926302 211.0600000000342
10554 1.715014471000909 211.0800000000342
10555 1.710181574779802 211.1000000000342
10556 1.705073296079257 211.1200000000342
10557 1.699622927196661 211.1400000000342
10558 1.693996710817648 211.1600000000342
10559 1.688112193458474 211.1800000000342
10560 1.681887175596119 211.2000000000342
10561 1.675314954167261 211.2200000000342
10562 1.668629331318474 211.2400000000343
10563 1.661777753382424 211.2600000000343
10564 1.654625845883991 211.2800000000343
10565 1.647231060423014 211.3000000000343
10566 1.639578957242724 211.3200000000343
10567 1.631769449358873 211.3400000000343
10568 1.623828684473294 211.3600000000343
10569 1.61563264718989 211.3800000000343
10570 1.607279323610805 211.4000000000343
10571 1.59889453352279 211.4200000000343
10572 1.590357605564025 211.4400000000344
10573 1.581741465926395 211.4600000000344
10574 1.572992476255163 211.4800000000344
10575 1.564115330522708 211.5000000000344
10576 1.555233962356166 211.5200000000344
10577 1.546356317223244 211.5400000000344
10578 1.537413438657908 211.5600000000344
10579 1.528523358431693 211.5800000000344
10580 1.519558055425132 211.6000000000344
10581 1.510589295313506 211.6200000000345
10582 1.501630438583752 211.6400000000345
10583 1.492691766319601 211.6600000000345
10584 1.483823236041148 211.6800000000345
10585 1.475011174867084 211.7000000000345
10586 1.466190307192159 211.7200000000345
10587 1.457441933699224 211.7400000000345
10588 1.448843542316149 211.7600000000345
10589 1.440287805502902 211.7800000000345
10590 1.431842873684176 211.8000000000345
10591 1.423560484610037 211.8200000000346
10592 1.415406979927111 211.8400000000346
10593 1.407469018141377 211.8600000000346
10594 1.399681288628226 211.8800000000346
10595 1.392073976615709 211.9000000000346
10596 1.384700593578758 211.9200000000346
10597 1.37755823057956 211.9400000000346
10598 1.370641040831551 211.9600000000346
10599 1.363888212074028 211.9800000000346
10600 1.357401835246481 212.0000000000346
10601 1.35115402282368 212.0200000000347
10602 1.34520918900597 212.0400000000347
10603 1.339444953654075 212.0600000000347
10604 1.333915507673174 212.0800000000347
10605 1.328613012003994 212.1000000000347
10606 1.323454727855956 212.1200000000347
10607 1.318574495488836 212.1400000000347
10608 1.314002894006962 212.1600000000347
10609 1.309758034440445 212.1800000000347
10610 1.305839543593784 212.2000000000347
10611 1.302433782353716 212.2200000000348
10612 1.299538783018355 212.2400000000348
10613 1.296903493761111 212.2600000000348
10614 1.2945897907629 212.2800000000348
10615 1.292479450056902 212.3000000000348
10616 1.290637008818774 212.3200000000348
10617 1.289064747316919 212.3400000000348
10618 1.287567159794578 212.3600000000348
10619 1.286561758683883 212.3800000000348
10620 1.285940900556412 212.4000000000349
10621 1.28547319166048 212.4200000000349
10622 1.285642061564482 212.4400000000349
10623 1.286347658358041 212.4600000000349
10624 1.287346731615814 212.4800000000349
10625 1.288830950353488 212.5000000000349
10626 1.290479769765121 212.5200000000349
10627 1.292586481490839 212.5400000000349
10628 1.295380146347853 212.5600000000349
10629 1.297520500419426 212.5800000000349
10630 1.300397188158787 212.600000000035
10631 1.303682610502774 212.620000000035
10632 1.307021463540269 212.640000000035
10633 1.310857542371809 212.660000000035
10634 1.315312820438368 212.680000000035
10635 1.32004935146145 212.700000000035
10636 1.325120321806734 212.720000000035
10637 1.330443449454585 212.740000000035
10638 1.335967607698614 212.760000000035
10639 1.341817584952593 212.780000000035
10640 1.348050780744587 212.8000000000351
10641 1.354357923365035 212.8200000000351
10642 1.361021903644789 212.8400000000351
10643 1.367722812848526 212.8600000000351
10644 1.374917399873837 212.8800000000351
10645 1.382541931633636 212.9000000000351
10646 1.390289249859346 212.9200000000351
10647 1.397925284176803 212.9400000000351
10648 1.405997615959338 212.9600000000351
10649 1.414287970132774 212.9800000000351
10650 1.4226038475034 213.0000000000352
10651 1.431106711551419 213.0200000000352
10652 1.439780776786948 213.0400000000352
10653 1.448809000171039 213.0600000000352
10654 1.457744649760675 213.0800000000352
10655 1.466790721125284 213.1000000000352
10656 1.476013134902557 213.1200000000352
10657 1.485278382467335 213.1400000000352
10658 1.494499779368467 213.1600000000352
10659 1.50373274705282 213.1800000000352
10660 1.512964737556188 213.2000000000353
10661 1.522101445431888 213.2200000000353
10662 1.531254800636071 213.2400000000353
10663 1.540538166959974 213.2600000000353
10664 1.549813044162576 213.2800000000353
10665 1.558963888465203 213.3000000000353
10666 1.568000720129682 213.3200000000353
10667 1.576858998245768 213.3400000000353
10668 1.585736764086168 213.3600000000353
10669 1.594326557144442 213.3800000000354
10670 1.602943612724972 213.4000000000354
10671 1.611319160920607 213.4200000000354
10672 1.619483021254823 213.4400000000354
10673 1.627347067785191 213.4600000000354
10674 1.63511410388115 213.4800000000354
10675 1.642666906732321 213.5000000000354
10676 1.649975900057264 213.5200000000354
10677 1.657056826023227 213.5400000000354
10678 1.663943087923947 213.5600000000354
10679 1.670623614121167 213.5800000000355
10680 1.676954808254062 213.6000000000355
10681 1.682907730920822 213.6200000000355
10682 1.688632643537507 213.6400000000355
10683 1.694073294933262 213.6600000000355
10684 1.699061381357149 213.6800000000355
10685 1.70391808264478 213.7000000000355
10686 1.708382021664508 213.7200000000355
10687 1.712634459817302 213.7400000000355
10688 1.716404773452812 213.7600000000355
10689 1.71979415072204 213.7800000000356
10690 1.722782490498032 213.8000000000356
10691 1.725358680881891 213.8200000000356
10692 1.727615976400707 213.8400000000356
10693 1.729645796816756 213.8600000000356
10694 1.731091391673214 213.8800000000356
10695 1.732202996595164 213.9000000000356
10696 1.73286091008039 213.9200000000356
10697 1.733147816994954 213.9400000000356
10698 1.733079137085012 213.9600000000356
10699 1.732753520419177 213.9800000000357
10700 1.732057496308579 214.0000000000357
10701 1.731010250343383 214.0200000000357
10702 1.729576275249643 214.0400000000357
10703 1.727699431970039 214.0600000000357
10704 1.725449302577573 214.0800000000357
10705 1.722881005099808 214.1000000000357
10706 1.71998034755964 214.1200000000357
10707 1.716789463908273 214.1400000000357
10708 1.713278127434607 214.1600000000358
10709 1.709320284771987 214.1800000000358
10710 1.705065663710124 214.2000000000358
10711 1.70046210857408 214.2200000000358
10712 1.695589811885316 214.2400000000358
10713 1.69034077694396 214.2600000000358
10714 1.684797005675337 214.2800000000358
10715 1.679059075913782 214.3000000000358
10716 1.672996470858646 214.3200000000358
10717 1.666680547056474 214.3400000000358
10718 1.660017173999657 214.3600000000359
10719 1.653157860035781 214.3800000000359
10720 1.646184695120732 214.4000000000359
10721 1.638906809124147 214.4200000000359
10722 1.631461061508262 214.4400000000359
10723 1.623830262446659 214.4600000000359
10724 1.615989978245808 214.4800000000359
10725 1.607976702846186 214.5000000000359
10726 1.59981148658932 214.5200000000359
10727 1.591519457154537 214.5400000000359
10728 1.583104036529619 214.560000000036
10729 1.574652924751729 214.580000000036
10730 1.566040604916749 214.600000000036
10731 1.557419662932525 214.620000000036
10732 1.548706760523558 214.640000000036
10733 1.539915667547771 214.660000000036
10734 1.531139913537639 214.680000000036
10735 1.522266570622434 214.700000000036
10736 1.513322961113772 214.720000000036
10737 1.504459163320601 214.740000000036
10738 1.495656625178076 214.7600000000361
10739 1.486810173364722 214.7800000000361
10740 1.478078180398074 214.8000000000361
10741 1.46937476140874 214.8200000000361
10742 1.460689477550466 214.8400000000361
10743 1.452135628381519 214.8600000000361
10744 1.443664337436416 214.8800000000361
10745 1.43532157764645 214.9000000000361
10746 1.427060162256979 214.9200000000361
10747 1.418935127894906 214.9400000000362
10748 1.410984342039041 214.9600000000362
10749 1.40313677574594 214.9800000000362
10750 1.395469146582267 215.0000000000362
10751 1.387964145638851 215.0200000000362
10752 1.380747644703919 215.0400000000362
10753 1.37366536819658 215.0600000000362
10754 1.366937772820601 215.0800000000362
10755 1.360259877960503 215.1000000000362
10756 1.353900151641219 215.1200000000362
10757 1.347841568814558 215.1400000000363
10758 1.342046162006058 215.1600000000363
10759 1.336431778859068 215.1800000000363
10760 1.331088868563079 215.2000000000363
10761 1.325920123066228 215.2200000000363
10762 1.321036096520086 215.2400000000363
10763 1.316556680085938 215.2600000000363
10764 1.312295078026827 215.2800000000363
10765 1.308509025469326 215.3000000000363
10766 1.305187740247071 215.3200000000363
10767 1.302101736790097 215.3400000000364
10768 1.299244548320556 215.3600000000364
10769 1.296652308959199 215.3800000000364
10770 1.294513121035033 215.4000000000364
10771 1.292692125062398 215.4200000000364
10772 1.291235815272297 215.4400000000364
10773 1.290036130016163 215.4600000000364
10774 1.289453937717601 215.4800000000364
10775 1.289086607819635 215.5000000000364
10776 1.289233912349936 215.5200000000364
10777 1.289817280411215 215.5400000000365
10778 1.290709126389918 215.5600000000365
10779 1.291793178451952 215.5800000000365
10780 1.293223279384513 215.6000000000365
10781 1.295009209834153 215.6200000000365
10782 1.297059731103556 215.6400000000365
10783 1.299755805225103 215.6600000000365
10784 1.303274853977303 215.6800000000365
10785 1.307305693163976 215.7000000000365
10786 1.311164564540804 215.7200000000365
10787 1.315498527392715 215.7400000000366
10788 1.319776388762684 215.7600000000366
10789 1.324382490439248 215.7800000000366
10790 1.329414532951465 215.8000000000366
10791 1.334788671853343 215.8200000000366
10792 1.340516022177695 215.8400000000366
10793 1.346792603194944 215.8600000000366
10794 1.353100845807555 215.8800000000366
10795 1.359953289339229 215.9000000000366
10796 1.367070688362656 215.9200000000367
10797 1.374416719140192 215.9400000000367
10798 1.382132699976292 215.9600000000367
10799 1.389908322237879 215.9800000000367
10800 1.397843252288655 216.0000000000367
10801 1.406112867762875 216.0200000000367
10802 1.414660294138658 216.0400000000367
10803 1.423180448645967 216.0600000000367
10804 1.431937568258476 216.0800000000367
10805 1.440767588641063 216.1000000000367
10806 1.449914721686984 216.1200000000368
10807 1.459251417257474 216.1400000000368
10808 1.468652141524001 216.1600000000368
10809 1.478106225878989 216.1800000000368
10810 1.487469148823055 216.2000000000368
10811 1.49684744953964 216.2200000000368
10812 1.506470440416467 216.2400000000368
10813 1.516155747702554 216.2600000000368
10814 1.52575250185248 216.2800000000368
10815 1.535282154416267 216.3000000000368
10816 1.544701249111315 216.3200000000369
10817 1.55417872265028 216.3400000000369
10818 1.563618108280785 216.3600000000369
10819 1.573008628500093 216.3800000000369
10820 1.582322925645431 216.4000000000369
10821 1.591477601429997 216.4200000000369
10822 1.600478498546594 216.4400000000369
10823 1.609244362494429 216.4600000000369
10824 1.617787191255801 216.4800000000369
10825 1.626286403031687 216.5000000000369
10826 1.634681832177372 216.520000000037
10827 1.642915137827459 216.540000000037
10828 1.650843220503824 216.560000000037
10829 1.65844168672086 216.580000000037
10830 1.665802144046613 216.600000000037
10831 1.672932997246707 216.620000000037
10832 1.67975815228062 216.640000000037
10833 1.686323255793958 216.660000000037
10834 1.692654622635336 216.680000000037
10835 1.698674079085155 216.7000000000371
10836 1.704321011840895 216.7200000000371
10837 1.709545873800395 216.7400000000371
10838 1.714573589180526 216.7600000000371
10839 1.719271521133937 216.7800000000371
10840 1.723533434773068 216.8000000000371
10841 1.727511931412181 216.8200000000371
10842 1.731115638625878 216.8400000000371
10843 1.734248217535107 216.8600000000371
10844 1.736946045025975 216.8800000000371
10845 1.739270238037749 216.9000000000372
10846 1.741298862758538 216.9200000000372
10847 1.743041810410961 216.9400000000372
10848 1.744376195064679 216.9600000000372
10849 1.745173628490099 216.9800000000372
10850 1.745599951476534 217.0000000000372
10851 1.745710737337798 217.0200000000372
10852 1.745386350393097 217.0400000000372
10853 1.744669880795077 217.0600000000372
10854 1.743529126668994 217.0800000000372
10855 1.742094594529022 217.1000000000373
10856 1.740161251267175 217.1200000000373
10857 1.73778985184162 217.1400000000373
10858 1.735052532518832 217.1600000000373
10859 1.732075332189152 217.1800000000373
10860 1.728708263184691 217.2000000000373
10861 1.725078104144695 217.2200000000373
10862 1.721156994734702 217.2400000000373
10863 1.716837593235899 217.2600000000373
10864 1.712114499304958 217.2800000000373
10865 1.707143774351498 217.3000000000374
10866 1.701804264149757 217.3200000000374
10867 1.696237125510123 217.3400000000374
10868 1.6904562426409 217.3600000000374
10869 1.68437793141922 217.3800000000374
10870 1.677925681852449 217.4000000000374
10871 1.671248285239519 217.4200000000374
10872 1.664488595030204 217.4400000000374
10873 1.65745892428722 217.4600000000374
10874 1.650153183561828 217.4800000000374
10875 1.642584590655478 217.5000000000375
10876 1.634829992778733 217.5200000000375
10877 1.626951733745364 217.5400000000375
10878 1.61886860449195 217.5600000000375
10879 1.610513650995713 217.5800000000375
10880 1.602192665226451 217.6000000000375
10881 1.593690698862955 217.6200000000375
10882 1.585105332907276 217.6400000000375
10883 1.576414177134582 217.6600000000375
10884 1.567568687273485 217.6800000000376
10885 1.558679492100259 217.7000000000376
10886 1.549819948868259 217.7200000000376
10887 1.540871293344697 217.7400000000376
10888 1.531982439771068 217.7600000000376
10889 1.52304969947469 217.7800000000376
10890 1.514063942037518 217.8000000000376
10891 1.505108968995983 217.8200000000376
10892 1.496155691871593 217.8400000000376
10893 1.487245948994747 217.8600000000376
10894 1.478432089635483 217.8800000000377
10895 1.469598463358857 217.9000000000377
10896 1.460818611124325 217.9200000000377
10897 1.452156832182582 217.9400000000377
10898 1.443597825574782 217.9600000000377
10899 1.435087680471076 217.9800000000377
10900 1.426753335392437 218.0000000000377
10901 1.418537159477125 218.0200000000377
10902 1.410521491201521 218.0400000000377
10903 1.402657160397385 218.0600000000377
10904 1.39498807592898 218.0800000000378
10905 1.3875223912808 218.1000000000378
10906 1.380297514011394 218.1200000000378
10907 1.373316143672974 218.1400000000378
10908 1.366446521778033 218.1600000000378
10909 1.359890819904754 218.1800000000378
10910 1.353531246455691 218.2000000000378
10911 1.347480128172933 218.2200000000378
10912 1.341636172766441 218.2400000000378
10913 1.336016414143053 218.2600000000378
10914 1.330646394823494 218.2800000000379
10915 1.325414063323584 218.3000000000379
10916 1.320424529965928 218.3200000000379
10917 1.315734102616559 218.3400000000379
10918 1.311369331937589 218.3600000000379
10919 1.307305888673902 218.3800000000379
10920 1.303662571006293 218.4000000000379
10921 1.30064928408536 218.4200000000379
10922 1.297891380607244 218.4400000000379
10923 1.295444802165452 218.460000000038
10924 1.293289583437328 218.480000000038
10925 1.291314461053844 218.500000000038
10926 1.289648621756851 218.520000000038
10927 1.288119473724112 218.540000000038
10928 1.286867912210774 218.560000000038
10929 1.286194583417524 218.580000000038
10930 1.285625018262271 218.600000000038
10931 1.285501602877545 218.620000000038
10932 1.286037435062563 218.640000000038
10933 1.286925820268841 218.6600000000381
10934 1.28829757951664 218.6800000000381
10935 1.289788607780533 218.7000000000381
10936 1.291745353888023 218.7200000000381
10937 1.294298275445393 218.7400000000381
10938 1.29664344339438 218.7600000000381
10939 1.299250836071088 218.7800000000381
10940 1.302425452790822 218.8000000000381
10941 1.305701030804261 218.8200000000381
10942 1.309346935060844 218.8400000000381
10943 1.313563609916022 218.8600000000382
10944 1.318221403765617 218.8800000000382
10945 1.323153053150832 218.9000000000382
10946 1.328396039206106 218.9200000000382
10947 1.333879804847644 218.9400000000382
10948 1.339513462428054 218.9600000000382
10949 1.345698398920487 218.9800000000382
10950 1.351907532714567 219.0000000000382
10951 1.358458690880265 219.0200000000382
10952 1.365166000537171 219.0400000000382
10953 1.372113885597101 219.0600000000383
10954 1.379622328488449 219.0800000000383
10955 1.387334972428638 219.1000000000383
10956 1.395027562598484 219.1200000000383
10957 1.402871165315058 219.1400000000383
10958 1.411137014763267 219.1600000000383
10959 1.419420481196274 219.1800000000383
10960 1.427850693322054 219.2000000000383
10961 1.436448810008609 219.2200000000383
10962 1.445365354627789 219.2400000000383
10963 1.454360141884539 219.2600000000384
10964 1.46335338665356 219.2800000000384
10965 1.472513682356705 219.3000000000384
10966 1.481763596672252 219.3200000000384
10967 1.491007526979736 219.3400000000384
10968 1.500265955534969 219.3600000000384
10969 1.50943908267867 219.3800000000384
10970 1.518725618258596 219.4000000000384
10971 1.52776146882897 219.4200000000384
10972 1.537031450891278 219.4400000000385
10973 1.546333794505975 219.4600000000385
10974 1.555560587896595 219.4800000000385
10975 1.564563699795394 219.5000000000385
10976 1.573529467348185 219.5200000000385
10977 1.582406133627013 219.5400000000385
10978 1.591109751478017 219.5600000000385
10979 1.599709629338485 219.5800000000385
10980 1.608170776710437 219.6000000000385
10981 1.616426906722178 219.6200000000385
10982 1.624423741463356 219.6400000000386
10983 1.632215311210035 219.6600000000386
10984 1.639859798373128 219.6800000000386
10985 1.647257540188768 219.7000000000386
10986 1.654415552397585 219.7200000000386
10987 1.661399135599102 219.7400000000386
10988 1.66818097636768 219.7600000000386
10989 1.674624787734554 219.7800000000386
10990 1.680745970195469 219.8000000000386
10991 1.686535172831448 219.8200000000386
10992 1.692103749106191 219.8400000000387
10993 1.697264218681616 219.8600000000387
10994 1.702139025649106 219.8800000000387
10995 1.706768598382472 219.9000000000387
10996 1.711101738291783 219.9200000000387
10997 1.715104328151805 219.9400000000387
10998 1.718597320045476 219.9600000000387
10999 1.721755769386075 219.9800000000387
11000 1.724474550847361 220.0000000000387
11001 1.726864565294946 220.0200000000387
11002 1.728964025220285 220.0400000000388
11003 1.73065561830013 220.0600000000388
11004 1.731886237137254 220.0800000000388
11005 1.732747473824308 220.1000000000388
11006 1.733140901257607 220.1200000000388
11007 1.733205479239786 220.1400000000388
11008 1.732980410903035 220.1600000000388
11009 1.73244232030192 220.1800000000388
11010 1.73152671831531 220.2000000000388
11011 1.730259416442876 220.2200000000389
11012 1.728523949300404 220.2400000000389
11013 1.726426703702077 220.2600000000389
11014 1.723939776475408 220.2800000000389
11015 1.721208590498692 220.3000000000389
11016 1.718107770242527 220.3200000000389
11017 1.714744439345787 220.3400000000389
11018 1.710940298748435 220.3600000000389
11019 1.706804753312621 220.3800000000389
11020 1.702315428536183 220.4000000000389
11021 1.697563150515807 220.420000000039
11022 1.692445428657697 220.440000000039
11023 1.687001945255537 220.460000000039
11024 1.681349186476242 220.480000000039
11025 1.67540423706388 220.500000000039
11026 1.669196280447281 220.520000000039
11027 1.662658941341494 220.540000000039
11028 1.65583771236374 220.560000000039
11029 1.648937370573308 220.580000000039
11030 1.641764240152796 220.600000000039
11031 1.63437459512234 220.6200000000391
11032 1.626835218403044 220.6400000000391
11033 1.61906137554568 220.6600000000391
11034 1.611105148468552 220.6800000000391
11035 1.603008583499552 220.7000000000391
11036 1.59475519432306 220.7200000000391
11037 1.586371732089619 220.7400000000391
11038 1.577940346144334 220.7600000000391
11039 1.56938897157064 220.7800000000391
11040 1.56075463351994 220.8000000000391
11041 1.552091181445183 220.8200000000392
11042 1.543317785334104 220.8400000000392
11043 1.534527364213271 220.8600000000392
11044 1.525710596008711 220.8800000000392
11045 1.516773539654588 220.9000000000392
11046 1.507869861680532 220.9200000000392
11047 1.499053482226344 220.9400000000392
11048 1.490220537781133 220.9600000000392
11049 1.481440636642629 220.9800000000392
11050 1.472722003405118 221.0000000000393
11051 1.464032973074752 221.0200000000393
11052 1.455435325401266 221.0400000000393
11053 1.446915760010545 221.0600000000393
11054 1.438533035213301 221.0800000000393
11055 1.430231564110646 221.1000000000393
11056 1.422038312928633 221.1200000000393
11057 1.414034686308203 221.1400000000393
11058 1.406119390825382 221.1600000000393
11059 1.398413860643258 221.1800000000393
11060 1.39082776403712 221.2000000000394
11061 1.383537142212194 221.2200000000394
11062 1.376344384556481 221.2400000000394
11063 1.36951960731944 221.2600000000394
11064 1.362801309613723 221.2800000000394
11065 1.356305128286052 221.3000000000394
11066 1.35013519261354 221.3200000000394
11067 1.344254982573049 221.3400000000394
11068 1.338571501368325 221.3600000000394
11069 1.333089041558306 221.3800000000394
11070 1.327908762445364 221.4000000000395
11071 1.322852044806162 221.4200000000395
11072 1.318225943260885 221.4400000000395
11073 1.313917104990437 221.4600000000395
11074 1.309897212488522 221.4800000000395
11075 1.306432911330214 221.5000000000395
11076 1.303286799436464 221.5200000000395
11077 1.300314431292817 221.5400000000395
11078 1.297622474247281 221.5600000000395
11079 1.295323178727092 221.5800000000395
11080 1.293369319723181 221.6000000000396
11081 1.291772836208123 221.6200000000396
11082 1.290468688967253 221.6400000000396
11083 1.28965433311066 221.6600000000396
11084 1.289219981802 221.6800000000396
11085 1.289111708091582 221.7000000000396
11086 1.289551932851892 221.7200000000396
11087 1.290370108910533 221.7400000000396
11088 1.291364307555735 221.7600000000396
11089 1.292646917848017 221.7800000000396
11090 1.294330739387036 221.8000000000397
11091 1.296211085945794 221.8200000000397
11092 1.298717025370365 221.8400000000397
11093 1.30178912339588 221.8600000000397
11094 1.305947003391764 221.8800000000397
11095 1.3096192860896 221.9000000000397
11096 1.313967093297805 221.9200000000397
11097 1.318138038520712 221.9400000000397
11098 1.32258840693312 221.9600000000397
11099 1.327464629770326 221.9800000000398
11100 1.332780583152734 222.0000000000398
11101 1.33829081059797 222.0200000000398
11102 1.344409615830666 222.0400000000398
11103 1.350665793530664 222.0600000000398
11104 1.357342665488876 222.0800000000398
11105 1.364358552532049 222.1000000000398
11106 1.371636422086554 222.1200000000398
11107 1.379168922743164 222.1400000000398
11108 1.387009276896923 222.1600000000398
11109 1.394824397882965 222.1800000000399
11110 1.402924335786594 222.2000000000399
11111 1.411471102902123 222.2200000000399
11112 1.419922283787881 222.2400000000399
11113 1.428658779288027 222.2600000000399
11114 1.437445939680852 222.2800000000399
11115 1.446441347548655 222.3000000000399
11116 1.455739047666592 222.3200000000399
11117 1.465102557173649 222.3400000000399
11118 1.474532960225892 222.3600000000399
11119 1.483950248650395 222.38000000004
11120 1.493326015023688 222.40000000004
11121 1.502811867745744 222.42000000004
11122 1.512521985195337 222.44000000004
11123 1.522154615359441 222.46000000004
11124 1.531699136224496 222.48000000004
11125 1.541176305805286 222.50000000004
11126 1.55063530580244 222.52000000004
11127 1.560098836021732 222.54000000004
11128 1.569477068295499 222.56000000004
11129 1.578868826143713 222.5800000000401
11130 1.588062795043377 222.6000000000401
11131 1.597135583342427 222.6200000000401
11132 1.606002399738351 222.6400000000401
11133 1.614596703936958 222.6600000000401
11134 1.623108954580401 222.6800000000401
11135 1.631565353879798 222.7000000000401
11136 1.639883682954312 222.7200000000401
11137 1.647930674798709 222.7400000000401
11138 1.655668147742999 222.7600000000402
11139 1.66307337269545 222.7800000000402
11140 1.670320576362346 222.8000000000402
11141 1.677243503445895 222.8200000000402
11142 1.683903173397635 222.8400000000402
11143 1.690368080638977 222.8600000000402
11144 1.69645680657477 222.8800000000402
11145 1.702309451922982 222.9000000000402
11146 1.70765160611279 222.9200000000402
11147 1.712759111974205 222.9400000000402
11148 1.717571863982978 222.9600000000403
11149 1.722011034423265 222.9800000000403
11150 1.726089443070539 223.0000000000403
11151 1.729838584662598 223.0200000000403
11152 1.733147697727393 223.0400000000403
11153 1.736035379128558 223.0600000000403
11154 1.738467679826858 223.0800000000403
11155 1.740621621583868 223.1000000000403
11156 1.742461734304789 223.1200000000403
11157 1.743969171120267 223.1400000000403
11158 1.744991294096892 223.1600000000404
11159 1.745525905753015 223.1800000000404
11160 1.74575250603574 223.2000000000404
11161 1.745608991503846 223.2200000000404
11162 1.745029240992447 223.2400000000404
11163 1.744060101873836 223.2600000000404
11164 1.742748370168463 223.2800000000404
11165 1.741005875178276 223.3000000000404
11166 1.738778814232728 223.3200000000404
11167 1.736170247060662 223.3400000000404
11168 1.733288851315102 223.3600000000405
11169 1.730080203800753 223.3800000000405
11170 1.726520108640695 223.4000000000405
11171 1.722737568771076 223.4200000000405
11172 1.718568067639843 223.4400000000405
11173 1.71398428638156 223.4600000000405
11174 1.709106846845201 223.4800000000405
11175 1.70390046282127 223.5000000000405
11176 1.698396892065005 223.5200000000405
11177 1.69272235078346 223.5400000000405
11178 1.686763568821592 223.5600000000406
11179 1.680458181794526 223.5800000000406
11180 1.673809032264637 223.6000000000406
11181 1.667123499075155 223.6200000000406
11182 1.66019859397653 223.6400000000406
11183 1.652981006524996 223.6600000000406
11184 1.645522908867193 223.6800000000406
11185 1.637828163883296 223.7000000000406
11186 1.629985116858832 223.7200000000406
11187 1.621994642311489 223.7400000000407
11188 1.613728847636069 223.7600000000407
11189 1.605394310398 223.7800000000407
11190 1.596958278924459 223.8000000000407
11191 1.588400917646782 223.8200000000407
11192 1.579758286208426 223.8400000000407
11193 1.570968744009179 223.8600000000407
11194 1.562080690656867 223.8800000000407
11195 1.55320707666586 223.9000000000407
11196 1.544300339159945 223.9200000000407
11197 1.535374606957728 223.9400000000408
11198 1.52646902697234 223.9600000000408
11199 1.517493993150567 223.9800000000408
11200 1.508525303725648 224.0000000000408
11201 1.499569222386164 224.0200000000408
11202 1.490632486812983 224.0400000000408
11203 1.481788895469796 224.0600000000408
11204 1.472967975405587 224.0800000000408
11205 1.464158119464888 224.1000000000408
11206 1.455433088828495 224.1200000000408
11207 1.446862705205566 224.1400000000409
11208 1.438307308221506 224.1600000000409
11209 1.429907631407644 224.1800000000409
11210 1.421646500045461 224.2000000000409
11211 1.413552246254239 224.2200000000409
11212 1.405640120474934 224.2400000000409
11213 1.397896235121352 224.2600000000409
11214 1.390338928812857 224.2800000000409
11215 1.383022211917322 224.3000000000409
11216 1.375982548248234 224.3200000000409
11217 1.369029408939743 224.340000000041
11218 1.362373833843503 224.360000000041
11219 1.355921712361503 224.380000000041
11220 1.349753885963998 224.400000000041
11221 1.343840014998143 224.420000000041
11222 1.338141515631562 224.440000000041
11223 1.332660594537072 224.460000000041
11224 1.327385329810579 224.480000000041
11225 1.32229476590161 224.500000000041
11226 1.317483103645364 224.5200000000411
11227 1.31298963674422 224.5400000000411
11228 1.308823231636928 224.5600000000411
11229 1.304993645388494 224.5800000000411
11230 1.301763133930121 224.6000000000411
11231 1.298910895098309 224.6200000000411
11232 1.296339512873945 224.6400000000411
11233 1.294105905699862 224.6600000000411
11234 1.292031214306323 224.6800000000411
11235 1.290274182516041 224.7000000000411
11236 1.28871364053376 224.7200000000412
11237 1.287285729074149 224.7400000000412
11238 1.286454170883545 224.7600000000412
11239 1.285820872565413 224.7800000000412
11240 1.285457479418495 224.8000000000412
11241 1.285791012745422 224.8200000000412
11242 1.286576606943287 224.8400000000412
11243 1.287711586447357 224.8600000000412
11244 1.289219642697518 224.8800000000412
11245 1.290960970887926 224.9000000000412
11246 1.293247592306043 224.9200000000413
11247 1.295895568688709 224.9400000000413
11248 1.298179907254785 224.9600000000413
11249 1.301179640585761 224.9800000000413
11250 1.304484992401618 225.0000000000413
11251 1.307919822384755 225.0200000000413
11252 1.311895600884375 225.0400000000413
11253 1.316455854449692 225.0600000000413
11254 1.321256261533347 225.0800000000413
11255 1.326399361977681 225.1000000000413
11256 1.33178875951664 225.1200000000414
11257 1.337333224376198 225.1400000000414
11258 1.343340310693999 225.1600000000414
11259 1.349550026208037 225.1800000000414
11260 1.355947242180471 225.2000000000414
11261 1.36264189294287 225.2200000000414
11262 1.369414705398994 225.2400000000414
11263 1.376749881771498 225.2600000000414
11264 1.384418459733259 225.2800000000414
11265 1.392170338580957 225.3000000000415
11266 1.399827435612658 225.3200000000415
11267 1.408018193217111 225.3400000000415
11268 1.416303918486364 225.3600000000415
11269 1.424655159946495 225.3800000000415
11270 1.433184723524644 225.4000000000415
11271 1.441948381501874 225.4200000000415
11272 1.451035419785906 225.4400000000415
11273 1.459938962003264 225.4600000000415
11274 1.469042148123567 225.4800000000415
11275 1.478275564878631 225.5000000000416
11276 1.487538107359906 225.5200000000416
11277 1.496794989258298 225.5400000000416
11278 1.50598378215041 225.5600000000416
11279 1.515261868769656 225.5800000000416
11280 1.524331965272473 225.6000000000416
11281 1.533540593824028 225.6200000000416
11282 1.542840112727083 225.6400000000416
11283 1.552089055330685 225.6600000000416
11284 1.561186985038752 225.6800000000416
11285 1.570202304556548 225.7000000000417
11286 1.579067315883473 225.7200000000417
11287 1.587892368898455 225.7400000000417
11288 1.596467441165998 225.7600000000417
11289 1.60502976299404 225.7800000000417
11290 1.613379634515064 225.8000000000417
11291 1.621450468619076 225.8200000000417
11292 1.62929406248161 225.8400000000417
11293 1.637030502283584 225.8600000000417
11294 1.644515914130349 225.8800000000417
11295 1.651774161705643 225.9000000000418
11296 1.658809513620846 225.9200000000418
11297 1.665680213387994 225.9400000000418
11298 1.672253279487037 225.9600000000418
11299 1.678493984360655 225.9800000000418
11300 1.684387052989978 226.0000000000418
11301 1.690067670617835 226.0200000000418
11302 1.69539844184344 226.0400000000418
11303 1.700322657471748 226.0600000000418
11304 1.70510872450827 226.0800000000418
11305 1.709509542429272 226.1000000000419
11306 1.713692190600808 226.1200000000419
11307 1.717336853346301 226.1400000000419
11308 1.720653825485114 226.1600000000419
11309 1.723510108861755 226.1800000000419
11310 1.726019628178385 226.2000000000419
11311 1.728213361716476 226.2200000000419
11312 1.730155273133114 226.2400000000419
11313 1.731479307169957 226.2600000000419
11314 1.732514056093125 226.280000000042
11315 1.73304092096153 226.300000000042
11316 1.733255889368297 226.320000000042
11317 1.733118925657581 226.340000000042
11318 1.732725458516535 226.360000000042
11319 1.731936423499207 226.380000000042
11320 1.730797973953155 226.400000000042
11321 1.729259280681926 226.420000000042
11322 1.727293230196969 226.440000000042
11323 1.724939754092917 226.460000000042
11324 1.722319668414502 226.4800000000421
11325 1.719332519561272 226.5000000000421
11326 1.716084570051745 226.5200000000421
11327 1.712458604504345 226.5400000000421
11328 1.708418904272746 226.5600000000421
11329 1.70407619614753 226.5800000000421
11330 1.699414240308633 226.6000000000421
11331 1.694444940118348 226.6200000000421
11332 1.689118939358029 226.6400000000421
11333 1.683534984394374 226.6600000000421
11334 1.677711125534198 226.6800000000422
11335 1.671595794743803 226.7000000000422
11336 1.665191847521077 226.7200000000422
11337 1.658459107531789 226.7400000000422
11338 1.651584649229618 226.7600000000422
11339 1.644538276070228 226.7800000000422
11340 1.63721157467304 226.8000000000422
11341 1.629730508718096 226.8200000000422
11342 1.622037641781778 226.8400000000422
11343 1.6141549712235 226.8600000000422
11344 1.606111622643205 226.8800000000423
11345 1.597904007100782 226.9000000000423
11346 1.589578706013161 226.9200000000423
11347 1.581141398594268 226.9400000000423
11348 1.572666580137533 226.9600000000423
11349 1.564023301845166 226.9800000000423
11350 1.555401321000379 227.0000000000423
11351 1.546658304036399 227.0200000000423
11352 1.537860581715557 227.0400000000423
11353 1.529080285799401 227.0600000000424
11354 1.520171823875533 227.0800000000424
11355 1.511244711821028 227.1000000000424
11356 1.50238707054052 227.1200000000424
11357 1.493584641204182 227.1400000000424
11358 1.484752905451689 227.1600000000424
11359 1.476029984228195 227.1800000000424
11360 1.467343788597917 227.2000000000424
11361 1.45866632076834 227.2200000000424
11362 1.450125190974735 227.2400000000424
11363 1.441700013530839 227.2600000000425
11364 1.433367018929343 227.2800000000425
11365 1.425135617549265 227.3000000000425
11366 1.417056647697953 227.3200000000425
11367 1.409118891406639 227.3400000000425
11368 1.401324737330037 227.3600000000425
11369 1.393681300444377 227.3800000000425
11370 1.386243536438425 227.4000000000425
11371 1.37905449207235 227.4200000000425
11372 1.372060594074537 227.4400000000425
11373 1.365347493696119 227.4600000000426
11374 1.358731650349661 227.4800000000426
11375 1.352447725036623 227.5000000000426
11376 1.346457615069993 227.5200000000426
11377 1.340704182871341 227.5400000000426
11378 1.33513862723822 227.5600000000426
11379 1.32988232277796 227.5800000000426
11380 1.324717311544372 227.6000000000426
11381 1.319951371527968 227.6200000000426
11382 1.315545286180282 227.6400000000426
11383 1.311355155038542 227.6600000000427
11384 1.30770375096175 227.6800000000427
11385 1.304465697636127 227.7000000000427
11386 1.301405961166354 227.7200000000427
11387 1.298615310328849 227.7400000000427
11388 1.296142224055967 227.7600000000427
11389 1.29407027410808 227.7800000000427
11390 1.292341892165312 227.8000000000427
11391 1.290952832656085 227.8200000000427
11392 1.289871256755874 227.8400000000427
11393 1.28937654917222 227.8600000000428
11394 1.289084309769535 227.8800000000428
11395 1.289362612433422 227.9000000000428
11396 1.290043623115317 227.9200000000428
11397 1.290972409993683 227.9400000000428
11398 1.292135110329612 227.9600000000428
11399 1.293648158853989 227.9800000000428
11400 1.295494741690751 228.0000000000428
11401 1.29770706467317 228.0200000000428
11402 1.300515826999104 228.0400000000429
11403 1.304340794778011 228.0600000000429
11404 1.308224041574572 228.0800000000429
11405 1.312253594142389 228.1000000000429
11406 1.316522755700738 228.1200000000429
11407 1.32087408144065 228.1400000000429
11408 1.325589888112791 228.1600000000429
11409 1.330755908928356 228.1800000000429
11410 1.336153925581755 228.2000000000429
11411 1.342029325536265 228.2200000000429
11412 1.348306921946996 228.240000000043
11413 1.354754253615175 228.260000000043
11414 1.361682931823996 228.280000000043
11415 1.368864828483621 228.300000000043
11416 1.376274622006544 228.320000000043
11417 1.384079203838955 228.340000000043
11418 1.391849860295989 228.360000000043
11419 1.399821450492255 228.380000000043
11420 1.408227765438398 228.400000000043
11421 1.416724092871051 228.420000000043
11422 1.425340772490106 228.4400000000431
11423 1.434118429258334 228.4600000000431
11424 1.442978549010271 228.4800000000431
11425 1.452211481133064 228.5000000000431
11426 1.461555407947749 228.5200000000431
11427 1.470968012276797 228.5400000000431
11428 1.480435382806581 228.5600000000431
11429 1.489797987019581 228.5800000000431
11430 1.49920016020075 228.6000000000431
11431 1.50888222877856 228.6200000000431
11432 1.518540378514861 228.6400000000432
11433 1.528115270145035 228.6600000000432
11434 1.537633604397543 228.6800000000432
11435 1.547056100694337 228.7000000000432
11436 1.556545577949066 228.7200000000432
11437 1.565961327278829 228.7400000000432
11438 1.575341026233541 228.7600000000432
11439 1.584612087378452 228.7800000000432
11440 1.593734778828898 228.8000000000432
11441 1.602695420047654 228.8200000000433
11442 1.611384766185077 228.8400000000433
11443 1.619908026117686 228.8600000000433
11444 1.628413544320889 228.8800000000433
11445 1.636770480377824 228.9000000000433
11446 1.644934603279298 228.9200000000433
11447 1.652799187528441 228.9400000000433
11448 1.660318715878018 228.9600000000433
11449 1.667615735401115 228.9800000000433
11450 1.674701253824924 229.0000000000433
11451 1.681437529198511 229.0200000000434
11452 1.687981860914651 229.0400000000434
11453 1.69419156635808 229.0600000000434
11454 1.700187376449347 229.0800000000434
11455 1.705688267826249 229.1000000000434
11456 1.710873552865844 229.1200000000434
11457 1.715807528934431 229.1400000000434
11458 1.72041390856151 229.1600000000434
11459 1.724593434369613 229.1800000000434
11460 1.728495847624913 229.2000000000434
11461 1.732006230373015 229.2200000000435
11462 1.735036649420073 229.2400000000435
11463 1.737616733020134 229.2600000000435
11464 1.739865701491074 229.2800000000435
11465 1.741814975582251 229.3000000000435
11466 1.743475230438976 229.3200000000435
11467 1.74470191222189 229.3400000000435
11468 1.745381971525766 229.3600000000435
11469 1.745727847269292 229.3800000000435
11470 1.745761566188295 229.4000000000435
11471 1.745323097939536 229.4200000000436
11472 1.744498536461927 229.4400000000436
11473 1.74329114339976 229.4600000000436
11474 1.741752433988651 229.4800000000436
11475 1.739670517093077 229.5000000000436
11476 1.737233352383663 229.5200000000436
11477 1.734433307093714 229.5400000000436
11478 1.731367742772935 229.5600000000436
11479 1.727914132438442 229.5800000000436
11480 1.724232591119125 229.6000000000437
11481 1.720213168479509 229.6200000000437
11482 1.715796993699674 229.6400000000437
11483 1.710993791568214 229.6600000000437
11484 1.705942442159195 229.6800000000437
11485 1.700528745857071 229.7000000000437
11486 1.694922490660211 229.7200000000437
11487 1.689075277044615 229.7400000000437
11488 1.682905978256746 229.7600000000437
11489 1.676372462024371 229.7800000000437
11490 1.669688468345929 229.8000000000438
11491 1.662866617250318 229.8200000000438
11492 1.655761473121198 229.8400000000438
11493 1.648395966162191 229.8600000000438
11494 1.640776323007425 229.8800000000438
11495 1.632978273388736 229.9000000000438
11496 1.625066638776564 229.9200000000438
11497 1.616913231749884 229.9400000000438
11498 1.608547662989175 229.9600000000438
11499 1.600194421298266 229.9800000000438
11500 1.59166013693384 230.0000000000439
11501 1.583057869819685 230.0200000000439
11502 1.574331771587245 230.0400000000439
11503 1.565456571302859 230.0600000000439
11504 1.556570836002206 230.0800000000439
11505 1.547700760887814 230.1000000000439
11506 1.53874934567189 230.1200000000439
11507 1.529861189284029 230.1400000000439
11508 1.520904157397099 230.1600000000439
11509 1.511927845383416 230.1800000000439
11510 1.50296451834442 230.200000000044
11511 1.494020085309364 230.220000000044
11512 1.485132608250185 230.240000000044
11513 1.476321225971193 230.260000000044
11514 1.467487955746115 230.280000000044
11515 1.458727049992463 230.300000000044
11516 1.450099071885476 230.320000000044
11517 1.441542875246749 230.340000000044
11518 1.433069582420379 230.360000000044
11519 1.424766821655202 230.380000000044
11520 1.416585380322986 230.4000000000441
11521 1.408621321229071 230.4200000000441
11522 1.400797795918068 230.4400000000441
11523 1.393171115345132 230.4600000000441
11524 1.385761251342748 230.4800000000441
11525 1.378593007103332 230.5000000000441
11526 1.371650321157513 230.5200000000441
11527 1.364856364538944 230.5400000000441
11528 1.358339551983769 230.5600000000441
11529 1.352049329926993 230.5800000000442
11530 1.346070086537335 230.6000000000442
11531 1.340268770215489 230.6200000000442
11532 1.334701425473409 230.6400000000442
11533 1.329380068211168 230.6600000000442
11534 1.324186975686573 230.6800000000442
11535 1.319265366993931 230.7000000000442
11536 1.314649050240462 230.7200000000442
11537 1.310362514605247 230.7400000000442
11538 1.306393069108906 230.7600000000442
11539 1.302889232895445 230.7800000000443
11540 1.299962453136273 230.8000000000443
11541 1.297275623082897 230.8200000000443
11542 1.294920835130826 230.8400000000443
11543 1.292795427260786 230.8600000000443
11544 1.290892899839762 230.8800000000443
11545 1.289283760394951 230.9000000000443
11546 1.287759385473193 230.9200000000443
11547 1.286677676891013 230.9400000000443
11548 1.286052987367269 230.9600000000443
11549 1.285526690896294 230.9800000000444
11550 1.285597472347355 231.0000000000444
11551 1.286255195174021 231.0200000000444
11552 1.287205561653408 231.0400000000444
11553 1.2886630140108 231.0600000000444
11554 1.290246586595031 231.0800000000444
11555 1.292299838266164 231.1000000000444
11556 1.29501790519664 231.1200000000444
11557 1.297211817949905 231.1400000000444
11558 1.30000528201371 231.1600000000444
11559 1.303244315380108 231.1800000000445
11560 1.306566115469136 231.2000000000445
11561 1.310316465014168 231.2200000000445
11562 1.314694277919552 231.2400000000445
11563 1.319416763122172 231.2600000000445
11564 1.324435883848552 231.2800000000445
11565 1.329733814091502 231.3000000000445
11566 1.335240338337924 231.3200000000445
11567 1.341003125147799 231.3400000000445
11568 1.347250806770713 231.3600000000446
11569 1.353500794991689 231.3800000000446
11570 1.360128636293936 231.4000000000446
11571 1.36684250167038 231.4200000000446
11572 1.373950875508801 231.4400000000446
11573 1.381528416563264 231.4600000000446
11574 1.389261971849593 231.4800000000446
11575 1.396942103442125 231.5000000000446
11576 1.40492115672569 231.5200000000446
11577 1.413203370864313 231.5400000000446
11578 1.421502889665997 231.5600000000447
11579 1.429989383663139 231.5800000000447
11580 1.43863797642684 231.6000000000447
11581 1.447629403109343 231.6200000000447
11582 1.456580973800547 231.6400000000447
11583 1.465617265952257 231.6600000000447
11584 1.474811127962636 231.6800000000447
11585 1.484083013659937 231.7000000000447
11586 1.493305302026041 231.7200000000447
11587 1.502569732950883 231.7400000000447
11588 1.511763641218295 231.7600000000448
11589 1.520954995197885 231.7800000000448
11590 1.530074399960205 231.8000000000448
11591 1.539355239523932 231.8200000000448
11592 1.548646059426083 231.8400000000448
11593 1.557831415393953 231.8600000000448
11594 1.566857985525415 231.8800000000448
11595 1.575754222287196 231.9000000000448
11596 1.584638398849087 231.9200000000448
11597 1.593264295159726 231.9400000000448
11598 1.601874643867845 231.9600000000449
11599 1.610297703726296 231.9800000000449
11600 1.618486561248784 232.0000000000449
11601 1.626413346113094 232.0200000000449
11602 1.634182613706984 232.0400000000449
11603 1.641767366077701 232.0600000000449
11604 1.649111982321969 232.0800000000449
11605 1.656222530642198 232.1000000000449
11606 1.663152653048893 232.1200000000449
11607 1.669856862586047 232.1400000000449
11608 1.67624711187385 232.160000000045
11609 1.682245101718348 232.180000000045
11610 1.688004303933403 232.200000000045
11611 1.693489471273111 232.220000000045
11612 1.698544085353482 232.240000000045
11613 1.703412158829404 232.260000000045
11614 1.707928693449742 232.280000000045
11615 1.712213293422847 232.300000000045
11616 1.716065894586106 232.320000000045
11617 1.719491179839651 232.3400000000451
11618 1.722550400222934 232.3600000000451
11619 1.725174550589071 232.3800000000451
11620 1.727478028901862 232.4000000000451
11621 1.729536703060211 232.4200000000451
11622 1.731061118775578 232.4400000000451
11623 1.732228204370802 232.4600000000451
11624 1.732964759483143 232.4800000000451
11625 1.73327832021961 232.5000000000451
11626 1.733251981425061 232.5200000000451
11627 1.732965185012626 232.5400000000452
11628 1.732324940215975 232.5600000000452
11629 1.731327960233829 232.5800000000452
11630 1.729951770370821 232.6000000000452
11631 1.728117142139188 232.6200000000452
11632 1.725929000092171 232.6400000000452
11633 1.723382353347195 232.6600000000452
11634 1.720540113291466 232.6800000000452
11635 1.717381945686845 232.7000000000452
11636 1.713925737886108 232.7200000000452
11637 1.710022656602454 232.7400000000453
11638 1.705811500542533 232.7600000000453
11639 1.701236404570265 232.7800000000453
11640 1.696413103859399 232.8000000000453
11641 1.691207791771185 232.8200000000453
11642 1.685692918127839 232.8400000000453
11643 1.679990028322267 232.8600000000453
11644 1.673966691153612 232.8800000000453
11645 1.667693542599807 232.9000000000453
11646 1.661069614908797 232.9200000000453
11647 1.654212397395455 232.9400000000454
11648 1.647278110880118 232.9600000000454
11649 1.640027702286406 232.9800000000454
11650 1.632602147965176 233.0000000000454
11651 1.62500475914358 233.0200000000454
11652 1.61717796116246 233.0400000000454
11653 1.609189940898458 233.0600000000454
11654 1.601042906024784 233.0800000000454
11655 1.59276486277272 233.1000000000454
11656 1.584354447530877 233.1200000000455
11657 1.575909708774582 233.1400000000455
11658 1.567315519818154 233.1600000000455
11659 1.558688562412677 233.1800000000455
11660 1.549991564537471 233.2000000000455
11661 1.541201162828477 233.2200000000455
11662 1.532421885020202 233.2400000000455
11663 1.523562500090965 233.2600000000455
11664 1.514626718402647 233.2800000000455
11665 1.505736757146294 233.3000000000455
11666 1.496932232069502 233.3200000000456
11667 1.488083071233774 233.3400000000456
11668 1.479332323911305 233.3600000000456
11669 1.47062312996129 233.3800000000456
11670 1.461935953440645 233.4000000000456
11671 1.453361804752263 233.4200000000456
11672 1.444870122316953 233.4400000000456
11673 1.436515209164306 233.4600000000456
11674 1.428235919140204 233.4800000000456
11675 1.420084979637047 233.5000000000456
11676 1.412121920634234 233.5200000000457
11677 1.404241115119067 233.5400000000457
11678 1.396557510952526 233.5600000000457
11679 1.389019048383714 233.5800000000457
11680 1.381774448666351 233.6000000000457
11681 1.374650440652131 233.6200000000457
11682 1.367897530226925 233.6400000000457
11683 1.361190706667561 233.6600000000457
11684 1.354783272918425 233.6800000000457
11685 1.348685534529265 233.7000000000457
11686 1.342859183249026 233.7200000000458
11687 1.337216744832695 233.7400000000458
11688 1.331817167667364 233.7600000000458
11689 1.326644327834749 233.7800000000458
11690 1.321705605457878 233.8000000000458
11691 1.317179878410096 233.8200000000458
11692 1.312892102080248 233.8400000000458
11693 1.309026199424275 233.8600000000458
11694 1.305651012380969 233.8800000000458
11695 1.302547167436623 233.9000000000458
11696 1.299651854264033 233.9200000000459
11697 1.297013409526373 233.9400000000459
11698 1.294817595044994 233.9600000000459
11699 1.292956866598388 233.9800000000459
11700 1.291448324686376 234.0000000000459
11701 1.290202330454585 234.0200000000459
11702 1.289547430959236 234.0400000000459
11703 1.289155115681931 234.0600000000459
11704 1.2892143304991 234.0800000000459
11705 1.289752830132594 234.100000000046
11706 1.290614942882203 234.120000000046
11707 1.291667081369541 234.140000000046
11708 1.293048800433676 234.160000000046
11709 1.294806092452099 234.180000000046
11710 1.296777307838493 234.200000000046
11711 1.299414071837121 234.220000000046
11712 1.302781927020493 234.240000000046
11713 1.306864376648072 234.260000000046
11714 1.310636195565477 234.280000000046
11715 1.315011119182018 234.3000000000461
11716 1.319232240916061 234.3200000000461
11717 1.323789703441407 234.3400000000461
11718 1.32875014940182 234.3600000000461
11719 1.334134603650463 234.3800000000461
11720 1.339769702669542 234.4000000000461
11721 1.346006597286563 234.4200000000461
11722 1.352283774100146 234.4400000000461
11723 1.359078696586094 234.4600000000461
11724 1.366170769530648 234.4800000000461
11725 1.373495878201132 234.5000000000462
11726 1.381151206896678 234.5200000000462
11727 1.388940399447908 234.5400000000462
11728 1.396839355292916 234.5600000000462
11729 1.405043475742783 234.5800000000462
11730 1.413613358058095 234.6000000000462
11731 1.422095084844579 234.6200000000462
11732 1.4308526928777 234.6400000000462
11733 1.439661675915045 234.6600000000462
11734 1.44876696461613 234.6800000000462
11735 1.458087486424352 234.7000000000463
11736 1.467479580076855 234.7200000000463
11737 1.476943997771013 234.7400000000463
11738 1.486316574194739 234.7600000000463
11739 1.495684152336047 234.7800000000463
11740 1.505264328869215 234.8000000000463
11741 1.514967573133503 234.8200000000463
11742 1.524579679568528 234.8400000000463
11743 1.5341119888225 234.8600000000463
11744 1.543555682549911 234.8800000000464
11745 1.553035738986098 234.9000000000464
11746 1.562482773727079 234.9200000000464
11747 1.571869105785105 234.9400000000464
11748 1.581211973721266 234.9600000000464
11749 1.590385549081287 234.9800000000464
11750 1.59941110525173 235.0000000000464
11751 1.608219761690055 235.0200000000464
11752 1.616770068697427 235.0400000000464
11753 1.625278169583134 235.0600000000464
11754 1.633693723125933 235.0800000000465
11755 1.641965281821565 235.1000000000465
11756 1.649935462685109 235.1200000000465
11757 1.657580076223692 235.1400000000465
11758 1.664958346460597 235.1600000000465
11759 1.672146786586989 235.1800000000465
11760 1.678995816219587 235.2000000000465
11761 1.685578036572462 235.2200000000465
11762 1.69197329993854 235.2400000000465
11763 1.698014439241859 235.2600000000465
11764 1.703744932112462 235.2800000000466
11765 1.709001271978533 235.3000000000466
11766 1.714061673195615 235.3200000000466
11767 1.718800313985134 235.3400000000466
11768 1.723120179293006 235.3600000000466
11769 1.727138369531079 235.3800000000466
11770 1.730785505290981 235.4000000000466
11771 1.733979167838323 235.4200000000466
11772 1.736746823986688 235.4400000000466
11773 1.739107260850178 235.4600000000466
11774 1.741179087141306 235.4800000000467
11775 1.742951890387554 235.5000000000467
11776 1.744351066531095 235.5200000000467
11777 1.745225842384321 235.5400000000467
11778 1.745692849106423 235.5600000000467
11779 1.745839823510911 235.5800000000467
11780 1.745575803932715 235.6000000000467
11781 1.744906624212622 235.6200000000467
11782 1.743829501272522 235.6400000000467
11783 1.742442094193027 235.6600000000468
11784 1.740571692169656 235.6800000000468
11785 1.738239552673017 235.7000000000468
11786 1.735546094513754 235.7200000000468
11787 1.732602941951638 235.7400000000468
11788 1.729289746098886 235.7600000000468
11789 1.725675982129796 235.7800000000468
11790 1.721808786730492 235.8000000000468
11791 1.717537759130351 235.8200000000468
11792 1.712858377184801 235.8400000000468
11793 1.707929164239432 235.8600000000469
11794 1.702629056992856 235.8800000000469
11795 1.697075442681509 235.9000000000469
11796 1.691335188273355 235.9200000000469
11797 1.685297795375452 235.9400000000469
11798 1.678895466769945 235.9600000000469
11799 1.672213496791616 235.9800000000469
11800 1.665486836046142 236.0000000000469
11801 1.658493878822256 236.0200000000469
11802 1.651213192336614 236.0400000000469
11803 1.643678246886344 236.060000000047
11804 1.635951976956724 236.080000000047
11805 1.628077447089713 236.100000000047
11806 1.620026557026971 236.120000000047
11807 1.61169976491441 236.140000000047
11808 1.603375673547053 236.160000000047
11809 1.594891820074585 236.180000000047
11810 1.586314159159064 236.200000000047
11811 1.577636487100819 236.220000000047
11812 1.568810758035833 236.240000000047
11813 1.559917203020155 236.2600000000471
11814 1.551051438632667 236.2800000000471
11815 1.542113647278929 236.3000000000471
11816 1.533209220716783 236.3200000000471
11817 1.524284917214191 236.3400000000471
11818 1.515301652493946 236.3600000000471
11819 1.506340992781279 236.3800000000471
11820 1.497381381939492 236.4000000000471
11821 1.488457746358693 236.4200000000471
11822 1.479634103547178 236.4400000000471
11823 1.470802002064699 236.4600000000472
11824 1.462006466181562 236.4800000000472
11825 1.453320520463129 236.5000000000472
11826 1.444756507724992 236.5200000000472
11827 1.436225086468211 236.5400000000472
11828 1.427877694084229 236.5600000000472
11829 1.419636433043722 236.5800000000472
11830 1.411591132671926 236.6000000000472
11831 1.403710569641029 236.6200000000472
11832 1.396015944510399 236.6400000000473
11833 1.388513287174218 236.6600000000473
11834 1.381261912330973 236.6800000000473
11835 1.374258586188424 236.7000000000473
11836 1.367355530943743 236.7200000000473
11837 1.360772425398841 236.7400000000473
11838 1.354374608886584 236.7600000000473
11839 1.348283433225448 236.7800000000473
11840 1.342412852047802 236.8000000000473
11841 1.336758575226127 236.8200000000473
11842 1.331349972695197 236.8400000000474
11843 1.326100250826683 236.8600000000474
11844 1.32107983272588 236.8800000000474
11845 1.316346571253246 236.9000000000474
11846 1.311938373184413 236.9200000000474
11847 1.307837158085542 236.9400000000474
11848 1.3041177493954 236.9600000000474
11849 1.301056659771197 236.9800000000474
11850 1.298259251861126 237.0000000000474
11851 1.295763613840059 237.0200000000474
11852 1.293577389852657 237.0400000000475
11853 1.291583011963646 237.0600000000475
11854 1.289869717529602 237.0800000000475
11855 1.2883236805149 237.1000000000475
11856 1.287017932948319 237.1200000000475
11857 1.286304189467787 237.1400000000475
11858 1.285699045221241 237.1600000000475
11859 1.285495794388589 237.1800000000475
11860 1.285970732308853 237.2000000000475
11861 1.2868251972634 237.2200000000475
11862 1.288124582498725 237.2400000000476
11863 1.289610361958485 237.2600000000476
11864 1.291500479706817 237.2800000000476
11865 1.293964866805874 237.3000000000476
11866 1.296407811053393 237.3200000000476
11867 1.298904367681744 237.3400000000476
11868 1.302037189825608 237.3600000000476
11869 1.305302711378967 237.3800000000476
11870 1.30888274732033 237.4000000000476
11871 1.313034487052229 237.4200000000477
11872 1.317649693421735 237.4400000000477
11873 1.322542261864933 237.4600000000477
11874 1.327746784782589 237.4800000000477
11875 1.33321217456345 237.5000000000477
11876 1.33880438054003 237.5200000000477
11877 1.344944204999694 237.5400000000477
11878 1.351141522998705 237.5600000000477
11879 1.357645892726184 237.5800000000477
11880 1.364358239204952 237.6000000000477
11881 1.371222590271435 237.6200000000478
11882 1.378694946222911 237.6400000000478
11883 1.386401826318969 237.6600000000478
11884 1.394116720787239 237.6800000000478
11885 1.40188791741244 237.7000000000478
11886 1.410135481085537 237.7200000000478
11887 1.418423700663378 237.7400000000478
11888 1.426812671811041 237.7600000000478
11889 1.435396280015914 237.7800000000478
11890 1.444255176045595 237.8000000000478
11891 1.45330551162589 237.8200000000479
11892 1.462260621020308 237.8400000000479
11893 1.471407662053309 237.8600000000479
11894 1.480655543852513 237.8800000000479
11895 1.489920161069137 237.9000000000479
11896 1.499183005601855 237.9200000000479
11897 1.508352475367501 237.9400000000479
11898 1.517650494171731 237.9600000000479
11899 1.526690113283315 237.9800000000479
11900 1.535939472441665 238.0000000000479
11901 1.545243834979776 238.020000000048
11902 1.554486121581563 238.040000000048
11903 1.563512719788611 238.060000000048
11904 1.572499591672014 238.080000000048
11905 1.58138028431761 238.100000000048
11906 1.590128540504966 238.120000000048
11907 1.598715482983894 238.140000000048
11908 1.607209219385592 238.160000000048
11909 1.615505106361835 238.180000000048
11910 1.623535226898822 238.200000000048
11911 1.631333951443785 238.2200000000481
11912 1.639022000868207 238.2400000000481
11913 1.646449217710884 238.2600000000481
11914 1.653630887218918 238.2800000000481
11915 1.66064844658894 238.3000000000481
11916 1.667457396290857 238.3200000000481
11917 1.673938133416871 238.3400000000481
11918 1.68011631937387 238.3600000000481
11919 1.685927775234092 238.3800000000481
11920 1.69153959192219 238.4000000000482
11921 1.696765959120827 238.4200000000482
11922 1.701639976311928 238.4400000000482
11923 1.706330089908814 238.4600000000482
11924 1.710682949611918 238.4800000000482
11925 1.714764744789698 238.5000000000482
11926 1.718300294820898 238.5200000000482
11927 1.721515952632967 238.5400000000482
11928 1.724267827995814 238.5600000000482
11929 1.726706726066205 238.5800000000482
11930 1.728836095901749 238.6000000000483
11931 1.7306132885074 238.6200000000483
11932 1.731877487446899 238.6400000000483
11933 1.732791965431791 238.6600000000483
11934 1.733230107167116 238.6800000000483
11935 1.73335287582215 238.7000000000483
11936 1.733146486456039 238.7200000000483
11937 1.732670704351548 238.7400000000483
11938 1.731779582321658 238.7600000000483
11939 1.730562047491061 238.7800000000483
11940 1.7288903982363 238.8000000000484
11941 1.72683760800793 238.8200000000484
11942 1.724381102785234 238.8400000000484
11943 1.721703936750732 238.8600000000484
11944 1.718630205749133 238.8800000000484
11945 1.715310014834298 238.9000000000484
11946 1.711560262996823 238.9200000000484
11947 1.707458241296013 238.9400000000484
11948 1.70301419362288 238.9600000000484
11949 1.698289964189265 238.9800000000484
11950 1.693219131912241 239.0000000000485
11951 1.687813557398281 239.0200000000485
11952 1.68218362286028 239.0400000000485
11953 1.67627801566482 239.0600000000485
11954 1.670100316019281 239.0800000000485
11955 1.663607533354508 239.1000000000485
11956 1.656804245506346 239.1200000000485
11957 1.649916525930677 239.1400000000485
11958 1.642786106342167 239.1600000000485
11959 1.635414119716375 239.1800000000486
11960 1.627892572277359 239.2000000000486
11961 1.620145785395117 239.2200000000486
11962 1.612207418147154 239.2400000000486
11963 1.604139016806632 239.2600000000486
11964 1.595886776052809 239.2800000000486
11965 1.587521385110562 239.3000000000486
11966 1.57908188500171 239.3200000000486
11967 1.570562164701516 239.3400000000486
11968 1.56191575214867 239.3600000000486
11969 1.553265154346066 239.3800000000487
11970 1.54449988019315 239.4000000000487
11971 1.535703862559988 239.4200000000487
11972 1.52689521894691 239.4400000000487
11973 1.517974550089802 239.4600000000487
11974 1.509048016677502 239.4800000000487
11975 1.500226487281857 239.5000000000487
11976 1.491391330926501 239.5200000000487
11977 1.482596005349988 239.5400000000487
11978 1.473874987948889 239.5600000000487
11979 1.465185738879516 239.5800000000488
11980 1.456562992100719 239.6000000000488
11981 1.448036081254479 239.6200000000488
11982 1.439639935586288 239.6400000000488
11983 1.431321298580852 239.6600000000488
11984 1.423109076374258 239.6800000000488
11985 1.415075245276366 239.7000000000488
11986 1.407159343707458 239.7200000000488
11987 1.399426594630114 239.7400000000488
11988 1.391809148613679 239.7600000000488
11989 1.384433446951448 239.7800000000489
11990 1.377280171090237 239.8000000000489
11991 1.370397129490331 239.8200000000489
11992 1.363677428006562 239.8400000000489
11993 1.357139834936378 239.8600000000489
11994 1.350929399714694 239.8800000000489
11995 1.345010104713831 239.9000000000489
11996 1.339304185074348 239.9200000000489
11997 1.333791819058978 239.9400000000489
11998 1.328589551261849 239.960000000049
11999 1.32348902873929 239.980000000049
12000 1.318808974772482 240.000000000049
12001 1.314488806016841 240.020000000049
12002 1.310395660627437 240.040000000049
12003 1.306880323498802 240.060000000049
12004 1.303704208368566 240.080000000049
12005 1.300698864698185 240.100000000049
12006 1.297975302582714 240.120000000049
12007 1.295618161467607 240.140000000049
12008 1.293633961947081 240.1600000000491
12009 1.291991711795653 240.1800000000491
12010 1.290654899697684 240.2000000000491
12011 1.289745247907169 240.2200000000491
12012 1.289306585948925 240.2400000000491
12013 1.289121826437275 240.2600000000491
12014 1.289517156681409 240.2800000000491
12015 1.290301888481032 240.3000000000491
12016 1.291257263533724 240.3200000000491
12017 1.292511721585282 240.3400000000491
12018 1.294123997145424 240.3600000000492
12019 1.296002433001491 240.3800000000492
12020 1.298413420711458 240.4000000000492
12021 1.301401741555006 240.4200000000492
12022 1.305457255783584 240.4400000000492
12023 1.309227601043868 240.4600000000492
12024 1.313433973812641 240.4800000000492
12025 1.317652330447476 240.5000000000492
12026 1.322049284141382 240.5200000000492
12027 1.326887269502729 240.5400000000492
12028 1.332163521078518 240.5600000000493
12029 1.337628431636436 240.5800000000493
12030 1.34367163830613 240.6000000000493
12031 1.34993007233952 240.6200000000493
12032 1.356545664181868 240.6400000000493
12033 1.363533110231495 240.6600000000493
12034 1.370774598726473 240.6800000000493
12035 1.378264806401491 240.7000000000493
12036 1.386123828705911 240.7200000000493
12037 1.393907653909887 240.7400000000493
12038 1.401957768292051 240.7600000000494
12039 1.410471627723954 240.7800000000494
12040 1.418938803038252 240.8000000000494
12041 1.427643195228818 240.8200000000494
12042 1.436436050458181 240.8400000000494
12043 1.445374061890177 240.8600000000494
12044 1.454669261548182 240.8800000000494
12045 1.464010799961962 240.9000000000494
12046 1.473434743387392 240.9200000000494
12047 1.48288035579208 240.9400000000495
12048 1.492257382475831 240.9600000000495
12049 1.501705902335404 240.9800000000495
12050 1.511413727602931 241.0000000000495
12051 1.5210601398569 241.0200000000495
12052 1.530613031757791 241.0400000000495
12053 1.540109658932882 241.0600000000495
12054 1.549564209456073 241.0800000000495
12055 1.559028682272682 241.1000000000495
12056 1.568414368317911 241.1200000000495
12057 1.57781696736827 241.1400000000496
12058 1.587032970015877 241.1600000000496
12059 1.596123349257687 241.1800000000496
12060 1.605027684548954 241.2000000000496
12061 1.613645117724533 241.2200000000496
12062 1.622167202157374 241.2400000000496
12063 1.630638584547634 241.2600000000496
12064 1.638972429216327 241.2800000000496
12065 1.647059499117737 241.3000000000496
12066 1.654844489203454 241.3200000000496
12067 1.662275278012156 241.3400000000497
12068 1.669546325888323 241.3600000000497
12069 1.676517073008911 241.3800000000497
12070 1.683216321743167 241.4000000000497
12071 1.689681824089754 241.4200000000497
12072 1.695807963565373 241.4400000000497
12073 1.701743598480233 241.4600000000497
12074 1.707115809505468 241.4800000000497
12075 1.712258409895337 241.5000000000497
12076 1.717105570105877 241.5200000000497
12077 1.721596264943993 241.5400000000498
12078 1.725707391309692 241.5600000000498
12079 1.729512487109575 241.5800000000498
12080 1.732887419313433 241.6000000000498
12081 1.735824050959325 241.6200000000498
12082 1.738296881356002 241.6400000000498
12083 1.740484538888452 241.6600000000498
12084 1.742354460069777 241.6800000000498
12085 1.743914878439766 241.7000000000498
12086 1.745008040881163 241.7200000000499
12087 1.745579768037466 241.7400000000499
12088 1.745846790597829 241.7600000000499
12089 1.745763436143775 241.7800000000499
12090 1.745225787824834 241.8000000000499
12091 1.744300759881378 241.8200000000499
12092 1.743028917133269 241.8400000000499
12093 1.741353015088106 241.8600000000499
12094 1.739172517873352 241.8800000000499
12095 1.73661333169784 241.9000000000499
12096 1.733756130526387 241.92000000005
12097 1.730592072345329 241.94000000005
12098 1.727060563533535 241.96000000005
12099 1.723315542702175 241.98000000005
12100 1.719188842684501 242.00000000005
12101 1.714662584830957 242.02000000005
12102 1.709802037600167 242.04000000005
12103 1.704645331460343 242.06000000005
12104 1.699166420005936 242.08000000005
12105 1.693514045246067 242.10000000005
12106 1.687593479740502 242.1200000000501
12107 1.681326245573104 242.1400000000501
12108 1.674714777151996 242.1600000000501
12109 1.668028171274363 242.1800000000501
12110 1.661134471465619 242.2000000000501
12111 1.653948723007365 242.2200000000501
12112 1.646520057490091 242.2400000000501
12113 1.638852725364754 242.2600000000501
12114 1.631019771627883 242.2800000000501
12115 1.623052262085721 242.3000000000501
12116 1.614821908414372 242.3200000000502
12117 1.606476177827444 242.3400000000502
12118 1.598063591921072 242.3600000000502
12119 1.589511200780668 242.3800000000502
12120 1.580882407993562 242.4000000000502
12121 1.572110336883354 242.4200000000502
12122 1.563225258536195 242.4400000000502
12123 1.554343701003513 242.4600000000502
12124 1.545451575576033 242.4800000000502
12125 1.53650704662408 242.5000000000502
12126 1.527612186954911 242.5200000000503
12127 1.518638148116708 242.5400000000503
12128 1.509665515717639 242.5600000000503
12129 1.500701822356002 242.5800000000503
12130 1.491760933409869 242.6000000000503
12131 1.48290342082021 242.6200000000503
12132 1.474082953060353 242.6400000000503
12133 1.465262974602628 242.6600000000503
12134 1.456517650666679 242.6800000000503
12135 1.447929653346959 242.7000000000504
12136 1.439372849021311 242.7200000000504
12137 1.430943221388644 242.7400000000504
12138 1.422673462570735 242.7600000000504
12139 1.414544113024506 242.7800000000504
12140 1.406618607442562 242.8000000000504
12141 1.398850184197295 242.8200000000504
12142 1.391263540324938 242.8400000000504
12143 1.383924267981246 242.8600000000504
12144 1.37686087863869 242.8800000000504
12145 1.369885813717928 242.9000000000505
12146 1.363190839168269 242.9200000000505
12147 1.35671656233891 242.9400000000505
12148 1.350507537268833 242.9600000000505
12149 1.344574665185719 242.9800000000505
12150 1.33884040776784 243.0000000000505
12151 1.333323441490274 243.0200000000505
12152 1.32803131729605 243.0400000000505
12153 1.322908209345792 243.0600000000505
12154 1.318062849783673 243.0800000000505
12155 1.313529845338816 243.1000000000506
12156 1.309323911454098 243.1200000000506
12157 1.305451154682895 243.1400000000506
12158 1.302134433223597 243.1600000000506
12159 1.299261749180696 243.1800000000506
12160 1.29665634379029 243.2000000000506
12161 1.294377341603788 243.2200000000506
12162 1.292289726873834 243.2400000000506
12163 1.290486538132856 243.2600000000506
12164 1.288905024679214 243.2800000000506
12165 1.287440084600603 243.3000000000507
12166 1.286539003265494 243.3200000000507
12167 1.285904515006746 243.3400000000507
12168 1.28549286403806 243.3600000000507
12169 1.285747206463624 243.3800000000507
12170 1.286495477433643 243.4000000000507
12171 1.287566288087633 243.4200000000507
12172 1.289050255599902 243.4400000000507
12173 1.290756343593564 243.4600000000507
12174 1.292950375179128 243.4800000000508
12175 1.295690211580194 243.5000000000508
12176 1.297880269131381 243.5200000000508
12177 1.300826698261545 243.5400000000508
12178 1.304115852232268 243.5600000000508
12179 1.307508004140458 243.5800000000508
12180 1.311422383421723 243.6000000000508
12181 1.315924767153995 243.6200000000508
12182 1.32069707273013 243.6400000000508
12183 1.325806744318713 243.6600000000508
12184 1.331165074813715 243.6800000000509
12185 1.336690790919996 243.7000000000509
12186 1.342641284203241 243.7200000000509
12187 1.348848854957212 243.7400000000509
12188 1.355208181586225 243.7600000000509
12189 1.36189478336178 243.7800000000509
12190 1.368631880780529 243.8000000000509
12191 1.375901660298129 243.8200000000509
12192 1.383548642398864 243.8400000000509
12193 1.391318220781271 243.8600000000509
12194 1.39894056515808 243.880000000051
12195 1.40709003763354 243.900000000051
12196 1.415385135230811 243.920000000051
12197 1.423721321926243 243.940000000051
12198 1.432229477167482 243.960000000051
12199 1.440949559409515 243.980000000051
12200 1.450018015010936 244.000000000051
12201 1.458935120953421 244.020000000051
12202 1.468016721964475 244.040000000051
12203 1.477249804119779 244.060000000051
12204 1.486517697872192 244.0800000000511
12205 1.495757145636651 244.1000000000511
12206 1.504977289974331 244.1200000000511
12207 1.514227806750416 244.1400000000511
12208 1.523341986744008 244.1600000000511
12209 1.532530796960394 244.1800000000511
12210 1.541816874236235 244.2000000000511
12211 1.551085708304474 244.2200000000511
12212 1.560213363336162 244.2400000000511
12213 1.569254186167573 244.2600000000511
12214 1.578105294791252 244.2800000000512
12215 1.586971532775695 244.3000000000512
12216 1.595543633303721 244.3200000000512
12217 1.604138146316876 244.3400000000512
12218 1.61251394294057 244.3600000000512
12219 1.620622580834744 244.3800000000512
12220 1.628485390798851 244.4000000000512
12221 1.636234229334754 244.4200000000512
12222 1.643763031602623 244.4400000000512
12223 1.651041958355912 244.4600000000513
12224 1.658105194283713 244.4800000000513
12225 1.664983814176608 244.5000000000513
12226 1.67161126518054 244.5200000000513
12227 1.677909297052887 244.5400000000513
12228 1.683819200896104 244.5600000000513
12229 1.689530811432356 244.5800000000513
12230 1.694917492943699 244.6000000000513
12231 1.699870612912077 244.6200000000513
12232 1.704699986376588 244.6400000000513
12233 1.709125853902008 244.6600000000514
12234 1.713343405597708 244.6800000000514
12235 1.717052975162685 244.7000000000514
12236 1.720412734419876 244.7200000000514
12237 1.723322219128773 244.7400000000514
12238 1.725871698983751 244.7600000000514
12239 1.728090183803184 244.7800000000514
12240 1.730099349072938 244.8000000000514
12241 1.73146475782714 244.8200000000514
12242 1.732541520930687 244.8400000000514
12243 1.733131915977556 244.8600000000515
12244 1.733373724243491 244.8800000000515
12245 1.73328021922828 244.9000000000515
12246 1.732911978340568 244.9200000000515
12247 1.732169665904702 244.9400000000515
12248 1.731071966028474 244.9600000000515
12249 1.729581519960383 244.9800000000515
12250 1.727662961130139 245.0000000000515
12251 1.725359787241589 245.0200000000515
12252 1.722758398991322 245.0400000000515
12253 1.719815158536603 245.0600000000516
12254 1.716593156602243 245.0800000000516
12255 1.713024073934408 245.1000000000516
12256 1.709023378145357 245.1200000000516
12257 1.704720666872505 245.1400000000516
12258 1.700081744651086 245.1600000000516
12259 1.69515854249628 245.1800000000516
12260 1.689868021728942 245.2000000000516
12261 1.68430250078902 245.2200000000516
12262 1.678519903885232 245.2400000000517
12263 1.672427884030202 245.2600000000517
12264 1.66606577451567 245.2800000000517
12265 1.659362180253703 245.3000000000517
12266 1.652491828089568 245.3200000000517
12267 1.64548535093157 245.3400000000517
12268 1.63817752314713 245.3600000000517
12269 1.630712709169322 245.3800000000517
12270 1.623042721400279 245.4000000000517
12271 1.615180642912997 245.4200000000517
12272 1.607152176464491 245.4400000000518
12273 1.598954222288789 245.4600000000518
12274 1.590649801688046 245.4800000000518
12275 1.582215617880139 245.5000000000518
12276 1.573747944594293 245.5200000000518
12277 1.565117018618488 245.5400000000518
12278 1.556494771433432 245.5600000000518
12279 1.547762478731155 245.5800000000518
12280 1.538966820566723 245.6000000000518
12281 1.530176526091053 245.6200000000518
12282 1.521294084766258 245.6400000000519
12283 1.512347519359301 245.6600000000519
12284 1.503483331139182 245.6800000000519
12285 1.494681959586396 245.7000000000519
12286 1.48583705231066 245.7200000000519
12287 1.477105039700077 245.7400000000519
12288 1.468404551765917 245.7600000000519
12289 1.459733418133482 245.7800000000519
12290 1.451175201122512 245.8000000000519
12291 1.442727237681846 245.8200000000519
12292 1.434388197028943 245.840000000052
12293 1.426138687417677 245.860000000052
12294 1.418031610093879 245.880000000052
12295 1.410092369387876 245.900000000052
12296 1.40226364181354 245.920000000052
12297 1.394616909973529 245.940000000052
12298 1.387127724255 245.960000000052
12299 1.379928239848302 245.980000000052
12300 1.3728905484806 246.000000000052
12301 1.366166582541215 246.0200000000521
12302 1.359516551211722 246.0400000000521
12303 1.353198804066912 246.0600000000521
12304 1.347168101527701 246.0800000000521
12305 1.341398782548763 246.1000000000521
12306 1.335797785461783 246.1200000000521
12307 1.330509021028344 246.1400000000521
12308 1.325332876762154 246.1600000000521
12309 1.320514653223186 246.1800000000521
12310 1.316079400133014 246.2000000000521
12311 1.311849361068707 246.2200000000522
12312 1.308131757485583 246.2400000000522
12313 1.304852028172964 246.2600000000522
12314 1.301778305103482 246.2800000000522
12315 1.298959227938655 246.3000000000522
12316 1.29641412919278 246.3200000000522
12317 1.294331386832943 246.3400000000522
12318 1.292549495751813 246.3600000000522
12319 1.291135272445811 246.3800000000522
12320 1.289980875474323 246.4000000000522
12321 1.289457884682894 246.4200000000523
12322 1.289124445831444 246.4400000000523
12323 1.289343689593328 246.4600000000523
12324 1.289981497680675 246.4800000000523
12325 1.290884810106412 246.5000000000523
12326 1.292010843259631 246.5200000000523
12327 1.293478108529797 246.5400000000523
12328 1.295303816451845 246.5600000000523
12329 1.297440459197321 246.5800000000523
12330 1.300186443559762 246.6000000000523
12331 1.303898575869113 246.6200000000524
12332 1.30783520419538 246.6400000000524
12333 1.311788279514579 246.6600000000524
12334 1.316079752603067 246.6800000000524
12335 1.32039970903404 246.7000000000524
12336 1.325067107183296 246.7200000000524
12337 1.330176590780454 246.7400000000524
12338 1.335561249206017 246.7600000000524
12339 1.341369477495409 246.7800000000524
12340 1.347653683967761 246.8000000000524
12341 1.354028006562946 246.8200000000525
12342 1.360925524095681 246.8400000000525
12343 1.368081184789239 246.8600000000525
12344 1.375471786615386 246.8800000000525
12345 1.383236330046533 246.9000000000525
12346 1.391003214963288 246.9200000000525
12347 1.398961395266718 246.9400000000525
12348 1.407307873837616 246.9600000000525
12349 1.415834285156976 246.9800000000525
12350 1.42441494233955 247.0000000000526
12351 1.43318112192972 247.0200000000526
12352 1.442026467336596 247.0400000000526
12353 1.45122034140312 247.0600000000526
12354 1.460570056134851 247.0800000000526
12355 1.469981373155487 247.1000000000526
12356 1.479447606821502 247.1200000000526
12357 1.488812193928853 247.1400000000526
12358 1.498203624526454 247.1600000000526
12359 1.507853515948746 247.1800000000526
12360 1.517530808490206 247.2000000000527
12361 1.527121402785135 247.2200000000527
12362 1.536651302886518 247.2400000000527
12363 1.546069029850118 247.2600000000527
12364 1.555559744775976 247.2800000000527
12365 1.564985422943646 247.3000000000527
12366 1.574374089169057 247.3200000000527
12367 1.58366934883741 247.3400000000527
12368 1.592810957825594 247.3600000000527
12369 1.601797762744921 247.3800000000527
12370 1.610526374471727 247.4000000000528
12371 1.619051203097345 247.4200000000528
12372 1.627564476598879 247.4400000000528
12373 1.635928841259352 247.4600000000528
12374 1.644145493373645 247.4800000000528
12375 1.652033312676738 247.5000000000528
12376 1.659590364755834 247.5200000000528
12377 1.666929388807933 247.5400000000528
12378 1.674030246187707 247.5600000000528
12379 1.68080978918366 247.5800000000528
12380 1.687367325823624 247.6000000000529
12381 1.693628045824689 247.6200000000529
12382 1.699628221992167 247.6400000000529
12383 1.705207784470877 247.6600000000529
12384 1.710418628518004 247.6800000000529
12385 1.715391855422301 247.7000000000529
12386 1.720045790069251 247.7200000000529
12387 1.724263643477417 247.7400000000529
12388 1.728203254840932 247.7600000000529
12389 1.731761558684113 247.780000000053
12390 1.734843499454925 247.800000000053
12391 1.73747102507288 247.820000000053
12392 1.739753645026458 247.840000000053
12393 1.741738450607086 247.860000000053
12394 1.743434652272984 247.880000000053
12395 1.744716710810745 247.900000000053
12396 1.745454807022943 247.920000000053
12397 1.745829282263252 247.940000000053
12398 1.745900753015763 247.960000000053
12399 1.745519178462328 247.9800000000531
12400 1.744742408898145 248.0000000000531
12401 1.743557637141274 248.0200000000531
12402 1.742071977767428 248.0400000000531
12403 1.740071659461368 248.0600000000531
12404 1.737652272077217 248.0800000000531
12405 1.73487256170269 248.1000000000531
12406 1.731850173108903 248.1200000000531
12407 1.728432214582911 248.1400000000531
12408 1.724775190165935 248.1600000000531
12409 1.720797371848848 248.1800000000532
12410 1.716427667419245 248.2000000000532
12411 1.711657069162596 248.2200000000532
12412 1.706643137742708 248.2400000000532
12413 1.701261453373627 248.2600000000532
12414 1.695667807289925 248.2800000000532
12415 1.689849849785714 248.3000000000532
12416 1.683721985288247 248.3200000000532
12417 1.677223346306077 248.3400000000532
12418 1.670538174731206 248.3600000000532
12419 1.663739162272732 248.3800000000533
12420 1.656670857254948 248.4000000000533
12421 1.64933076553061 248.4200000000533
12422 1.641727384496421 248.4400000000533
12423 1.633954677616273 248.4600000000533
12424 1.626051397961207 248.4800000000533
12425 1.617933587823314 248.5000000000533
12426 1.609563109853584 248.5200000000533
12427 1.601229835249934 248.5400000000533
12428 1.592699947775041 248.5600000000533
12429 1.584107210685627 248.5800000000534
12430 1.57539456523023 248.6000000000534
12431 1.566530713544083 248.6200000000534
12432 1.557638526111594 248.6400000000534
12433 1.548772208645823 248.6600000000534
12434 1.539817055031971 248.6800000000534
12435 1.530925000050827 248.7000000000534
12436 1.521977972246465 248.7200000000534
12437 1.512992434190615 248.7400000000534
12438 1.504029966016474 248.7600000000535
12439 1.495076043865918 248.7800000000535
12440 1.486176950053814 248.8000000000535
12441 1.47736131750709 248.8200000000535
12442 1.468521571907253 248.8400000000535
12443 1.459744722613453 248.8600000000535
12444 1.451099666584347 248.8800000000535
12445 1.442538241349119 248.9000000000535
12446 1.434044656770506 248.9200000000535
12447 1.425727324085798 248.9400000000535
12448 1.417525289485621 248.9600000000536
12449 1.409533834861117 248.9800000000536
12450 1.401690102933877 249.0000000000536
12451 1.394046777779112 249.0200000000536
12452 1.386605124314489 249.0400000000536
12453 1.379418479564135 249.0600000000536
12454 1.37245533298672 249.0800000000536
12455 1.365627203890635 249.1000000000536
12456 1.359090484426148 249.1200000000536
12457 1.35276663538875 249.1400000000536
12458 1.3467533480723 249.1600000000537
12459 1.340925693643601 249.1800000000537
12460 1.335327135213507 249.2000000000537
12461 1.329990406457855 249.2200000000537
12462 1.324771221342474 249.2400000000537
12463 1.319814776716153 249.2600000000537
12464 1.315170139006545 249.2800000000537
12465 1.310847199804105 249.3000000000537
12466 1.306839657536996 249.3200000000537
12467 1.303261498847472 249.3400000000537
12468 1.300309019570339 249.3600000000538
12469 1.297583324934568 249.3800000000538
12470 1.295189544872481 249.4000000000538
12471 1.293050297087186 249.4200000000538
12472 1.291113366626412 249.4400000000538
12473 1.289465410362043 249.4600000000538
12474 1.287943387757347 249.4800000000538
12475 1.286780651925871 249.5000000000538
12476 1.286145276520551 249.5200000000538
12477 1.285583471091937 249.5400000000539
12478 1.28557700307098 249.5600000000539
12479 1.286191685057254 249.5800000000539
12480 1.287109661476254 249.6000000000539
12481 1.288540731653883 249.6200000000539
12482 1.290075494903347 249.6400000000539
12483 1.292089748372754 249.6600000000539
12484 1.294743415980495 249.6800000000539
12485 1.296992443447867 249.7000000000539
12486 1.299702042683047 249.7200000000539
12487 1.302916587210684 249.740000000054
12488 1.306211532074538 249.760000000054
12489 1.309917487662968 249.780000000054
12490 1.314229233020897 249.800000000054
12491 1.318926680801528 249.820000000054
12492 1.323909188799991 249.840000000054
12493 1.32919019429048 249.860000000054
12494 1.334681899371837 249.880000000054
12495 1.340386098617637 249.900000000054
12496 1.346627123387283 249.920000000054
12497 1.352842345241666 249.9400000000541
12498 1.359444861794217 249.9600000000541
12499 1.366160754664361 249.9800000000541
12500 1.373199727841225 250.0000000000541
12501 1.380750950177628 250.0200000000541
12502 1.38847646971657 250.0400000000541
12503 1.396150934323674 250.0600000000541
12504 1.404093929080433 250.0800000000541
12505 1.412361384787951 250.1000000000541
12506 1.420659965725268 250.1200000000541
12507 1.429124109896276 250.1400000000542
12508 1.437755136563381 250.1600000000542
12509 1.446714166234296 250.1800000000542
12510 1.455685953664246 250.2000000000542
12511 1.464710609295842 250.2200000000542
12512 1.473891366596203 250.2400000000542
12513 1.483157036307718 250.2600000000542
12514 1.492393993528305 250.2800000000542
12515 1.501656490770036 250.3000000000542
12516 1.510849285483051 250.3200000000543
12517 1.520084536686062 250.3400000000543
12518 1.529174468034558 250.3600000000543
12519 1.53845359575809 250.3800000000543
12520 1.547751309531627 250.4000000000543
12521 1.556963577863495 250.4200000000543
12522 1.565967545256041 250.4400000000543
12523 1.574910940459312 250.4600000000543
12524 1.583796108031296 250.4800000000543
12525 1.592454770049343 250.5000000000543
12526 1.601064430628844 250.5200000000544
12527 1.609506169904196 250.5400000000544
12528 1.617733162370324 250.5600000000544
12529 1.625692086945911 250.5800000000544
12530 1.633471708552808 250.6000000000544
12531 1.641079569240085 250.6200000000544
12532 1.64845840172539 250.6400000000544
12533 1.655585587542016 250.6600000000544
12534 1.662549683940486 250.6800000000544
12535 1.669280699216162 250.7000000000544
12536 1.675691117230831 250.7200000000545
12537 1.681754439697027 250.7400000000545
12538 1.687530747773355 250.7600000000545
12539 1.69305705317072 250.7800000000545
12540 1.698159676057565 250.8000000000545
12541 1.703026940508383 250.8200000000545
12542 1.707592517198916 250.8400000000545
12543 1.711897365853671 250.8600000000545
12544 1.715825083012645 250.8800000000545
12545 1.719277465488055 250.9000000000545
12546 1.722385760095469 250.9200000000546
12547 1.725047194432192 250.9400000000546
12548 1.727388352658997 250.9600000000546
12549 1.729464268566943 250.9800000000546
12550 1.731066165439439 251.0000000000546
12551 1.732257418635111 251.0200000000546
12552 1.733054400986327 251.0400000000546
12553 1.733401315636282 251.0600000000546
12554 1.733410747797915 251.0800000000546
12555 1.733149966559534 251.1000000000546
12556 1.732548070930357 251.1200000000547
12557 1.731590133320961 251.1400000000547
12558 1.730265152893229 251.1600000000547
12559 1.728466177552776 251.1800000000547
12560 1.726320110036625 251.2000000000547
12561 1.72379402482873 251.2200000000547
12562 1.721002088278123 251.2400000000547
12563 1.717870947182458 251.2600000000547
12564 1.714448613715647 251.2800000000547
12565 1.710590251152025 251.3000000000548
12566 1.706412570279682 251.3200000000548
12567 1.70186035384051 251.3400000000548
12568 1.697072654062935 251.3600000000548
12569 1.691902814682131 251.3800000000548
12570 1.686415875726531 251.4000000000548
12571 1.68073394166476 251.4200000000548
12572 1.67474305738664 251.4400000000548
12573 1.668498154239427 251.4600000000548
12574 1.661909768152587 251.4800000000548
12575 1.655062960274598 251.5000000000549
12576 1.648139414119511 251.5200000000549
12577 1.640926674422707 251.5400000000549
12578 1.633510217853945 251.5600000000549
12579 1.625939537669098 251.5800000000549
12580 1.61812845366073 251.6000000000549
12581 1.610148747290914 251.6200000000549
12582 1.602027108755212 251.6400000000549
12583 1.59375771827225 251.6600000000549
12584 1.585348054200974 251.6800000000549
12585 1.576906605487153 251.700000000055
12586 1.568328444166255 251.720000000055
12587 1.55969558568945 251.740000000055
12588 1.551011247823026 251.760000000055
12589 1.542223551374272 251.780000000055
12590 1.533434779802031 251.800000000055
12591 1.524592722684424 251.820000000055
12592 1.515655730031752 251.840000000055
12593 1.506750195477672 251.860000000055
12594 1.497941018280804 251.880000000055
12595 1.489093197138223 251.9000000000551
12596 1.48032537272227 251.9200000000551
12597 1.471613077536047 251.9400000000551
12598 1.462921060895212 251.9600000000551
12599 1.454343566012097 251.9800000000551
12600 1.445833768320851 252.0000000000551
12601 1.437458916881584 252.0200000000551
12602 1.429168347189978 252.0400000000551
12603 1.420991975351022 252.0600000000551
12604 1.413023746908742 252.0800000000552
12605 1.40511653636039 252.1000000000552
12606 1.397419907130337 252.1200000000552
12607 1.389857616026696 252.1400000000552
12608 1.382586452387432 252.1600000000552
12609 1.375432648534806 252.1800000000552
12610 1.368650216443966 252.2000000000552
12611 1.361930742026497 252.2200000000552
12612 1.355481954341681 252.2400000000552
12613 1.349352277286686 252.2600000000552
12614 1.343499190222502 252.2800000000553
12615 1.337843335847758 252.3000000000553
12616 1.332403652630598 252.3200000000553
12617 1.327222666093444 252.3400000000553
12618 1.322237509965313 252.3600000000553
12619 1.317673576720097 252.3800000000553
12620 1.31337337292299 252.4000000000553
12621 1.309441809817488 252.4200000000553
12622 1.306022911556579 252.4400000000553
12623 1.302904900259832 252.4600000000553
12624 1.299972516277408 252.4800000000554
12625 1.297310938871407 252.5000000000554
12626 1.295062969354944 252.5200000000554
12627 1.293175434822381 252.5400000000554
12628 1.291633191308876 252.5600000000554
12629 1.290348598233988 252.5800000000554
12630 1.289630452624073 252.6000000000554
12631 1.289220116647123 252.6200000000554
12632 1.289211332020078 252.6400000000554
12633 1.28971238627032 252.6600000000554
12634 1.290552134035633 252.6800000000555
12635 1.291583683801786 252.7000000000555
12636 1.292907830106816 252.7200000000555
12637 1.294652332982551 252.7400000000555
12638 1.296571459712555 252.7600000000555
12639 1.299166422633073 252.7800000000555
12640 1.302410136517119 252.8000000000555
12641 1.306530687260291 252.8200000000555
12642 1.310249388676709 252.8400000000555
12643 1.314642389210851 252.8600000000555
12644 1.31881340242987 252.8800000000556
12645 1.323336809827952 252.9000000000556
12646 1.328263999195616 252.9200000000556
12647 1.333626600281454 252.9400000000556
12648 1.339206483436059 252.9600000000556
12649 1.345397400037015 252.9800000000556
12650 1.351665919659928 253.0000000000556
12651 1.35841261289066 253.0200000000556
12652 1.365472913907527 253.0400000000556
12653 1.372788807193767 253.0600000000557
12654 1.380402383697677 253.0800000000557
12655 1.388206837644321 253.1000000000557
12656 1.396073814979634 253.1200000000557
12657 1.404232735667642 253.1400000000557
12658 1.412800391373785 253.1600000000557
12659 1.421270629672554 253.1800000000557
12660 1.430043152152718 253.2000000000557
12661 1.438821506890476 253.2200000000557
12662 1.447892225469166 253.2400000000557
12663 1.457197741813604 253.2600000000558
12664 1.466585811791872 253.2800000000558
12665 1.476039964594104 253.3000000000558
12666 1.485438065887396 253.3200000000558
12667 1.494819547286717 253.3400000000558
12668 1.504354373276211 253.3600000000558
12669 1.514059850866306 253.3800000000558
12670 1.523683621472784 253.4000000000558
12671 1.533221577430272 253.4200000000558
12672 1.54268668613354 253.4400000000558
12673 1.552161554178994 253.4600000000559
12674 1.561617480299776 253.4800000000559
12675 1.571001762580862 253.5000000000559
12676 1.580368696607236 253.5200000000559
12677 1.589553883361466 253.5400000000559
12678 1.59860315626908 253.5600000000559
12679 1.607441356584823 253.5800000000559
12680 1.616012199418208 253.6000000000559
12681 1.624525678916452 253.6200000000559
12682 1.632953133383938 253.6400000000559
12683 1.641246694391662 253.660000000056
12684 1.649257636851299 253.680000000056
12685 1.65693478247877 253.700000000056
12686 1.664329792499325 253.720000000056
12687 1.671544201034515 253.740000000056
12688 1.678427700061566 253.760000000056
12689 1.68503897439004 253.780000000056
12690 1.691462848192426 253.800000000056
12691 1.697529217012315 253.820000000056
12692 1.703321409312942 253.8400000000561
12693 1.708601258873349 253.8600000000561
12694 1.713695166330488 253.8800000000561
12695 1.718454592344568 253.9000000000561
12696 1.722827601987231 253.9200000000561
12697 1.72687126583185 253.9400000000561
12698 1.730557345365559 253.9600000000561
12699 1.733798808939943 253.9800000000561
12700 1.736622660115978 254.0000000000561
12701 1.739007747765656 254.0200000000561
12702 1.741113254654808 254.0400000000562
12703 1.742913169723864 254.0600000000562
12704 1.744355308973489 254.0800000000562
12705 1.74529532099635 254.1000000000562
12706 1.745790839962394 254.1200000000562
12707 1.745963529908577 254.1400000000562
12708 1.745751328423465 254.1600000000562
12709 1.745117770612713 254.1800000000562
12710 1.744086350350105 254.2000000000562
12711 1.742725890864185 254.2200000000562
12712 1.74090985334078 254.2400000000563
12713 1.738620852513434 254.2600000000563
12714 1.735956872848869 254.2800000000563
12715 1.733032094362394 254.3000000000563
12716 1.729766084451346 254.3200000000563
12717 1.726167090347015 254.3400000000563
12718 1.722337241208396 254.3600000000563
12719 1.718105429993083 254.3800000000563
12720 1.713461132363038 254.4000000000563
12721 1.708556955453099 254.4200000000563
12722 1.703287766326413 254.4400000000564
12723 1.697750994199173 254.4600000000564
12724 1.69203686063734 254.4800000000564
12725 1.686031894665058 254.5000000000564
12726 1.679666550021573 254.5200000000564
12727 1.67299118512585 254.5400000000564
12728 1.666280297219211 254.5600000000564
12729 1.65931231842543 254.5800000000564
12730 1.652054224358154 254.6000000000564
12731 1.644549872999957 254.6200000000565
12732 1.636837759042632 254.6400000000565
12733 1.628969749539051 254.6600000000565
12734 1.620941469859348 254.6800000000565
12735 1.612640101172154 254.7000000000565
12736 1.604309371923079 254.7200000000565
12737 1.595840912739447 254.7400000000565
12738 1.587267454929363 254.7600000000565
12739 1.578603177116762 254.7800000000565
12740 1.569789318534098 254.8000000000565
12741 1.560896045490525 254.8200000000566
12742 1.552024537098866 254.8400000000566
12743 1.543092702580684 254.8600000000566
12744 1.534177879987128 254.8800000000566
12745 1.525259220717024 254.9000000000566
12746 1.516275774966849 254.9200000000566
12747 1.507307458555104 254.9400000000566
12748 1.49834555652261 254.9600000000566
12749 1.48941204826064 254.9800000000566
12750 1.48057705458782 255.0000000000566
12751 1.471749363846652 255.0200000000567
12752 1.462941325026052 255.0400000000567
12753 1.45423207339193 255.0600000000567
12754 1.445663319330089 255.0800000000567
12755 1.437117228484836 255.1000000000567
12756 1.428743217300975 255.1200000000567
12757 1.42049254249861 255.1400000000567
12758 1.412430633264974 255.1600000000567
12759 1.404534481086829 255.1800000000567
12760 1.396818640701613 255.2000000000567
12761 1.389293686199797 255.2200000000568
12762 1.382014176500061 255.2400000000568
12763 1.37500026981269 255.2600000000568
12764 1.368072168334626 255.2800000000568
12765 1.36146348122634 255.3000000000568
12766 1.355039248300216 255.3200000000568
12767 1.348914983463405 255.3400000000568
12768 1.343023747650864 255.3600000000568
12769 1.33734510362885 255.3800000000568
12770 1.331898080439181 255.4000000000568
12771 1.326642089905532 255.4200000000569
12772 1.321593196733761 255.4400000000569
12773 1.316827106924694 255.4600000000569
12774 1.31238607935208 255.4800000000569
12775 1.308262974806607 255.5000000000569
12776 1.304492420299391 255.5200000000569
12777 1.301373134913214 255.5400000000569
12778 1.298556767716136 255.5600000000569
12779 1.296019913004506 255.5800000000569
12780 1.293815643928065 255.600000000057
12781 1.291800555534157 255.620000000057
12782 1.290055445972383 255.640000000057
12783 1.288496211028095 255.660000000057
12784 1.28714708487013 255.680000000057
12785 1.286390215301018 255.700000000057
12786 1.285773202676767 255.720000000057
12787 1.285503960218413 255.740000000057
12788 1.285927485101967 255.760000000057
12789 1.28676056320844 255.780000000057
12790 1.287996936531875 255.8000000000571
12791 1.289485359641069 255.8200000000571
12792 1.291323248711044 255.8400000000571
12793 1.293724813145309 255.8600000000571
12794 1.296236109161446 255.8800000000571
12795 1.298664765433927 255.9000000000571
12796 1.301727598651545 255.9200000000571
12797 1.305015619869994 255.9400000000571
12798 1.308538757560877 255.9600000000571
12799 1.312627968900489 255.9800000000571
12800 1.317222047382385 256.0000000000571
12801 1.322083263082236 256.0200000000571
12802 1.327265469795495 256.0400000000571
12803 1.332699040932849 256.0600000000571
12804 1.338274370238829 256.0800000000571
12805 1.344376607305054 256.100000000057
12806 1.350566974782198 256.120000000057
12807 1.357032354133027 256.140000000057
12808 1.363741036605874 256.160000000057
12809 1.370574501725052 256.180000000057
12810 1.377996835589969 256.2000000000569
12811 1.38569223218908 256.2200000000569
12812 1.393422210519158 256.2400000000569
12813 1.401147412089455 256.2600000000569
12814 1.409386617207075 256.2800000000569
12815 1.417678432692388 256.3000000000569
12816 1.426039334933347 256.3200000000568
12817 1.434608867147112 256.3400000000568
12818 1.443439688239988 256.3600000000568
12819 1.452530026546204 256.3800000000568
12820 1.461446262987845 256.4000000000568
12821 1.470580487394674 256.4200000000567
12822 1.479818542253434 256.4400000000567
12823 1.489094638102927 256.4600000000567
12824 1.498359893015187 256.4800000000567
12825 1.507539628767946 256.5000000000567
12826 1.516837989153772 256.5200000000567
12827 1.525889737301804 256.5400000000566
12828 1.535122586625034 256.5600000000566
12829 1.544427692995048 256.5800000000566
12830 1.553677339789681 256.6000000000566
12831 1.56273553789084 256.6200000000566
12832 1.571736316820961 256.6400000000565
12833 1.580608039466523 256.6600000000565
12834 1.589398349336583 256.6800000000565
12835 1.597977902499132 256.7000000000565
12836 1.60650265815769 256.7200000000565
12837 1.614821658571129 256.7400000000565
12838 1.622875876431292 256.7600000000564
12839 1.630686100636917 256.7800000000564
12840 1.638404974790965 256.8000000000564
12841 1.645853208216503 256.8200000000564
12842 1.653065480815517 256.8400000000564
12843 1.660092676059711 256.8600000000563
12844 1.666931441949083 256.8800000000563
12845 1.673452983378525 256.9000000000563
12846 1.679647590100453 256.9200000000563
12847 1.68549708987732 256.9400000000563
12848 1.691130305978263 256.9600000000563
12849 1.696414985354469 256.9800000000562
12850 1.701293326796562 257.0000000000562
12851 1.706026321605768 257.0200000000562
12852 1.710391347215462 257.0400000000562
12853 1.71452615228824 257.0600000000562
12854 1.718103279883374 257.0800000000561
12855 1.721355085433713 257.1000000000561
12856 1.724148165126274 257.1200000000561
12857 1.726613135718375 257.1400000000561
12858 1.728767041083051 257.1600000000561
12859 1.730612928957851 257.1800000000561
12860 1.731898804452705 257.200000000056
12861 1.732860727292874 257.220000000056
12862 1.733323624581834 257.240000000056
12863 1.733492378371999 257.260000000056
12864 1.733306608416526 257.280000000056
12865 1.732872870829658 257.3000000000559
12866 1.732003307859794 257.3200000000559
12867 1.730819983031329 257.3400000000559
12868 1.729199053342158 257.3600000000559
12869 1.727175820175964 257.3800000000559
12870 1.724761653548721 257.4000000000559
12871 1.72210020618913 257.4200000000558
12872 1.719063159543142 257.4400000000558
12873 1.715767794826727 257.4600000000558
12874 1.71206511104865 257.4800000000558
12875 1.707982828728973 257.5000000000558
12876 1.703574309064188 257.5200000000557
12877 1.698872824968805 257.5400000000557
12878 1.693838650573335 257.5600000000557
12879 1.688462807778082 257.5800000000557
12880 1.682847364643153 257.6000000000557
12881 1.676972473181236 257.6200000000557
12882 1.670816377995566 257.6400000000556
12883 1.664357819647161 257.6600000000556
12884 1.657575186451016 257.6800000000556
12885 1.650690457906462 257.7000000000556
12886 1.64359647200724 257.7200000000556
12887 1.63623556696826 257.7400000000555
12888 1.628727250345134 257.7600000000555
12889 1.620996254458938 257.7800000000555
12890 1.613076748766399 257.8000000000555
12891 1.605016319451721 257.8200000000555
12892 1.59677677766188 257.8400000000555
12893 1.58842179887391 257.8600000000554
12894 1.579977144011275 257.8800000000554
12895 1.571475304164873 257.9000000000554
12896 1.562824800573917 257.9200000000554
12897 1.554184525222423 257.9400000000554
12898 1.545424711911934 257.9600000000553
12899 1.53662212602673 257.9800000000553
12900 1.527822973869816 258.0000000000553
12901 1.518906590144817 258.0200000000553
12902 1.509978498062072 258.0400000000553
12903 1.501129835247421 258.0600000000553
12904 1.492317500630795 258.0800000000552
12905 1.483494899224678 258.1000000000552
12906 1.474771105191966 258.1200000000552
12907 1.466084285904692 258.1400000000552
12908 1.457427250420573 258.1600000000552
12909 1.448910190830135 258.1800000000551
12910 1.440497023246054 258.2000000000551
12911 1.432169609946593 258.2200000000551
12912 1.423942910309242 258.2400000000551
12913 1.415886298736358 258.2600000000551
12914 1.407968921945309 258.2800000000551
12915 1.400208438844147 258.300000000055
12916 1.392565011292875 258.320000000055
12917 1.385175580034403 258.340000000055
12918 1.378008861120472 258.360000000055
12919 1.371074394905313 258.380000000055
12920 1.364357228127739 258.4000000000549
12921 1.3577900722512 258.4200000000549
12922 1.351546663329743 258.4400000000549
12923 1.345600074621058 258.4600000000549
12924 1.339877908521001 258.4800000000549
12925 1.334341511667138 258.5000000000549
12926 1.32911532275457 258.5200000000548
12927 1.323985116985746 258.5400000000548
12928 1.319279560039791 258.5600000000548
12929 1.314933988436391 258.5800000000548
12930 1.310790405082438 258.6000000000548
12931 1.307234000440767 258.6200000000547
12932 1.304031781371149 258.6400000000547
12933 1.301000119852151 258.6600000000547
12934 1.298251593236079 258.6800000000547
12935 1.295855616536789 258.7000000000547
12936 1.293841678241447 258.7200000000547
12937 1.292166450570497 258.7400000000546
12938 1.290804912454951 258.7600000000546
12939 1.289832767594012 258.7800000000546
12940 1.2893728471128 258.8000000000546
12941 1.289147065642557 258.8200000000546
12942 1.289505220916777 258.8400000000545
12943 1.290253140137375 258.8600000000545
12944 1.291191046899784 258.8800000000545
12945 1.292414373904827 258.9000000000545
12946 1.293992486019267 258.9200000000545
12947 1.295854374529923 258.9400000000545
12948 1.29819273508029 258.9600000000544
12949 1.301104243693086 258.9800000000544
12950 1.30510893101788 259.0000000000544
12951 1.30891313144236 259.0200000000544
12952 1.313049191714284 259.0400000000544
12953 1.317282093733279 259.0600000000543
12954 1.321655020375569 259.0800000000543
12955 1.326464285495574 259.1000000000543
12956 1.331699423280073 259.1200000000543
12957 1.337140578393721 259.1400000000543
12958 1.343118264399172 259.1600000000543
12959 1.349389920288958 259.1800000000542
12960 1.355942510471205 259.2000000000542
12961 1.362905790899176 259.2200000000542
12962 1.370140570886253 259.2400000000542
12963 1.377608820052493 259.2600000000542
12964 1.385448575010774 259.2800000000541
12965 1.393228525645542 259.3000000000541
12966 1.401247970882398 259.3200000000541
12967 1.409726335575832 259.3400000000541
12968 1.418206423577967 259.3600000000541
12969 1.426901172787187 259.3800000000541
12970 1.435674243535745 259.400000000054
12971 1.444590075663851 259.420000000054
12972 1.453858414848868 259.440000000054
12973 1.463205766961987 259.460000000054
12974 1.47262376611818 259.480000000054
12975 1.482084925587753 259.5000000000539
12976 1.491462377300494 259.5200000000539
12977 1.500895185545477 259.5400000000539
12978 1.510587760352188 259.5600000000539
12979 1.520252520026447 259.5800000000539
12980 1.529811159723681 259.6000000000539
12981 1.539318276279062 259.6200000000538
12982 1.548760544827678 259.6400000000538
12983 1.55824136026214 259.6600000000538
12984 1.567638215541484 259.6800000000538
12985 1.577036682182003 259.7000000000538
12986 1.586272096114702 259.7200000000537
12987 1.595380832338811 259.7400000000537
12988 1.604307929056312 259.7600000000537
12989 1.612956113895955 259.7800000000537
12990 1.621471644635979 259.8000000000537
12991 1.629966346487052 259.8200000000537
12992 1.638306976094327 259.8400000000536
12993 1.646426832259127 259.8600000000536
12994 1.654239680907216 259.8800000000536
12995 1.661702479021107 259.9000000000536
12996 1.668985686660264 259.9200000000536
12997 1.67599987697889 259.9400000000535
12998 1.682697426854367 259.9600000000535
12999 1.689221020307047 259.9800000000535
13000 1.695362273382723 260.0000000000535
13001 1.701328088290606 260.0200000000535
13002 1.706738351297738 260.0400000000535
13003 1.711903412056906 260.0600000000534
13004 1.716781093945797 260.0800000000534
13005 1.721312846490226 260.1000000000534
13006 1.725451797955794 260.1200000000534
13007 1.729295222541454 260.1400000000534
13008 1.732717295849458 260.1600000000533
13009 1.735693332801894 260.1800000000533
13010 1.738203397520241 260.2000000000533
13011 1.740407536954808 260.2200000000533
13012 1.742306019271405 260.2400000000533
13013 1.743908511222793 260.2600000000533
13014 1.745048403721181 260.2800000000532
13015 1.745654088930279 260.3000000000532
13016 1.745950610113345 260.3200000000532
13017 1.745914086140703 260.3400000000532
13018 1.745407879399554 260.3600000000532
13019 1.744513433506985 260.3800000000531
13020 1.743274052695709 260.4000000000531
13021 1.741640484539979 260.4200000000531
13022 1.739499005741541 260.4400000000531
13023 1.736979989574994 260.4600000000531
13024 1.734136967436288 260.4800000000531
13025 1.731008386262473 260.500000000053
13026 1.727500482064135 260.520000000053
13027 1.723780114349309 260.540000000053
13028 1.719685453992328 260.560000000053
13029 1.715202463155629 260.580000000053
13030 1.710359005299045 260.6000000000529
13031 1.705239414686607 260.6200000000529
13032 1.699777915083087 260.6400000000529
13033 1.694139751657633 260.6600000000529
13034 1.688246816197625 260.6800000000529
13035 1.682010741443224 260.7000000000529
13036 1.67542670745013 260.7200000000528
13037 1.66873285784974 260.7400000000528
13038 1.661864369458111 260.7600000000528
13039 1.654706039986355 260.7800000000528
13040 1.647299829066597 260.8000000000528
13041 1.639642460317571 260.8200000000527
13042 1.631828105644777 260.8400000000527
13043 1.623873849984688 260.8600000000527
13044 1.615671920568679 260.8800000000527
13045 1.607315527932181 260.9000000000527
13046 1.59892348924491 260.9200000000527
13047 1.590372410335742 260.9400000000526
13048 1.581753001086476 260.9600000000526
13049 1.572994601077497 260.9800000000526
13050 1.564110344660418 261.0000000000526
13051 1.555223638150455 261.0200000000526
13052 1.546339449152876 261.0400000000525
13053 1.537384700712882 261.0600000000525
13054 1.528492146704927 261.0800000000525
13055 1.519520687761629 261.1000000000525
13056 1.510544783539861 261.1200000000525
13057 1.501576096042528 261.1400000000525
13058 1.492631333167274 261.1600000000524
13059 1.483759571481249 261.1800000000524
13060 1.474940409471813 261.2000000000524
13061 1.466111419153694 261.2200000000524
13062 1.457353097854828 261.2400000000524
13063 1.448749346078684 261.2600000000523
13064 1.440189217469019 261.2800000000523
13065 1.43174246550783 261.3000000000523
13066 1.423461943995111 261.3200000000523
13067 1.415302719823379 261.3400000000523
13068 1.407368637545431 261.3600000000523
13069 1.399579990071978 261.3800000000522
13070 1.391977900611116 261.4000000000522
13071 1.384606111254217 261.4200000000522
13072 1.377479435698779 261.4400000000522
13073 1.370561971115378 261.4600000000522
13074 1.363820204166813 261.4800000000521
13075 1.357328184146943 261.5000000000521
13076 1.351088740261042 261.5200000000521
13077 1.345141078374256 261.5400000000521
13078 1.339376871953375 261.5600000000521
13079 1.333831900365003 261.5800000000521
13080 1.328527922140728 261.600000000052
13081 1.323379149912569 261.620000000052
13082 1.318508095599719 261.640000000052
13083 1.313944555201375 261.660000000052
13084 1.309714058560224 261.680000000052
13085 1.305802714628833 261.7000000000519
13086 1.302425782619506 261.7200000000519
13087 1.299536046390503 261.7400000000519
13088 1.296903049472027 261.7600000000519
13089 1.294594247484522 261.7800000000519
13090 1.292493106547914 261.8000000000519
13091 1.290659878736966 261.8200000000518
13092 1.289066125861838 261.8400000000518
13093 1.287574248822688 261.8600000000518
13094 1.286609266807598 261.8800000000518
13095 1.285967099133272 261.9000000000518
13096 1.285533489485834 261.9200000000517
13097 1.285717508194768 261.9400000000517
13098 1.28643674229491 261.9600000000517
13099 1.287466233601839 261.9800000000517
13100 1.288944477884639 262.0000000000517
13101 1.290613413748296 262.0200000000517
13102 1.292745252910603 262.0400000000516
13103 1.295525429575233 262.0600000000516
13104 1.297670682463243 262.0800000000516
13105 1.300581218474988 262.1000000000516
13106 1.303852994613492 262.1200000000516
13107 1.307206501375607 262.1400000000515
13108 1.311073386201032 262.1600000000515
13109 1.315540909338943 262.1800000000515
13110 1.32029319081073 262.2000000000515
13111 1.325379605208816 262.2200000000515
13112 1.330715873090065 262.2400000000515
13113 1.336238017872522 262.2600000000514
13114 1.34212284020521 262.2800000000514
13115 1.348341738299886 262.3000000000514
13116 1.354670483849079 262.3200000000514
13117 1.36135321166937 262.3400000000514
13118 1.368067803282072 262.3600000000513
13119 1.375288622065881 262.3800000000513
13120 1.382918968788686 262.4000000000513
13121 1.390675141827589 262.4200000000513
13122 1.398309673390084 262.4400000000513
13123 1.406411414344047 262.4600000000513
13124 1.414713060896463 262.4800000000512
13125 1.423029409549706 262.5000000000512
13126 1.431549961296477 262.5200000000512
13127 1.440231399026508 262.5400000000512
13128 1.449280490465067 262.5600000000512
13129 1.458211335820619 262.5800000000511
13130 1.467281765704992 262.6000000000511
13131 1.476499894118504 262.6200000000511
13132 1.485779706901676 262.6400000000511
13133 1.495007157751771 262.6600000000511
13134 1.504252979125304 262.6800000000511
13135 1.513485857365777 262.700000000051
13136 1.522634364986355 262.720000000051
13137 1.531801990197421 262.740000000051
13138 1.541085290535428 262.760000000051
13139 1.550360814873563 262.780000000051
13140 1.559517209829196 262.8000000000509
13141 1.568561272129884 262.8200000000509
13142 1.577418426865721 262.8400000000509
13143 1.58629917095631 262.8600000000509
13144 1.594893713339084 262.8800000000509
13145 1.603494732117438 262.9000000000509
13146 1.61189684391664 262.9200000000508
13147 1.620047147528325 262.9400000000508
13148 1.627913671456532 262.9600000000508
13149 1.635679307788129 262.9800000000508
13150 1.643226682213055 263.0000000000508
13151 1.650533928538532 263.0200000000507
13152 1.657611834769654 263.0400000000507
13153 1.664511224339111 263.0600000000507
13154 1.671156661633915 263.0800000000507
13155 1.677500413288666 263.1000000000507
13156 1.683432990127788 263.1200000000507
13157 1.689155330733747 263.1400000000506
13158 1.694595679812235 263.1600000000506
13159 1.699576950690513 263.1800000000506
13160 1.704419961161902 263.2000000000506
13161 1.708874205488313 263.2200000000506
13162 1.713114998268066 263.2400000000505
13163 1.716881392279267 263.2600000000505
13164 1.720265876674209 263.2800000000505
13165 1.723226014155979 263.3000000000505
13166 1.725802855236536 263.3200000000505
13167 1.72804363060095 263.3400000000505
13168 1.730069073423893 263.3600000000504
13169 1.731490733419444 263.3800000000504
13170 1.73259767130813 263.4000000000504
13171 1.733237169498804 263.4200000000504
13172 1.733510515053169 263.4400000000504
13173 1.733426967758686 263.4600000000503
13174 1.733087137194592 263.4800000000503
13175 1.732377124092907 263.5000000000503
13176 1.731318874245509 263.5200000000503
13177 1.729859919460691 263.5400000000503
13178 1.727971913927659 263.5600000000503
13179 1.725706895051429 263.5800000000502
13180 1.723118728897485 263.6000000000502
13181 1.720208883356749 263.6200000000502
13182 1.717008103903953 263.6400000000502
13183 1.713476441055389 263.6600000000502
13184 1.709507284617404 263.6800000000501
13185 1.705234443582069 263.7000000000501
13186 1.700610252387909 263.7200000000501
13187 1.695720438882521 263.7400000000501
13188 1.690458478045311 263.7600000000501
13189 1.684903326873552 263.7800000000501
13190 1.679151889024406 263.80000000005
13191 1.673077167208906 263.82000000005
13192 1.666748412687094 263.84000000005
13193 1.660066220047459 263.86000000005
13194 1.653192135916886 263.88000000005
13195 1.646218474326636 263.9000000000499
13196 1.638924897131096 263.9200000000499
13197 1.631469079805013 263.9400000000499
13198 1.623821068937538 263.9600000000499
13199 1.615966834929512 263.9800000000499
13200 1.607951800214283 264.0000000000499
13201 1.59976964452642 264.0200000000498
13202 1.591467438641041 264.0400000000498
13203 1.583037946377114 264.0600000000498
13204 1.574572256603705 264.0800000000498
13205 1.565955911892265 264.1000000000498
13206 1.557327298310291 264.1200000000497
13207 1.548605468338916 264.1400000000497
13208 1.539805923676521 264.1600000000497
13209 1.531018476367033 264.1800000000497
13210 1.52214443692556 264.2000000000497
13211 1.513188345697257 264.2200000000497
13212 1.504315888700571 264.2400000000496
13213 1.495515818512694 264.2600000000496
13214 1.486661198369556 264.2800000000496
13215 1.477924539409764 264.3000000000496
13216 1.469208070082344 264.3200000000496
13217 1.460538387093273 264.3400000000495
13218 1.451968814112103 264.3600000000495
13219 1.44350912715605 264.3800000000495
13220 1.435161001841245 264.4000000000495
13221 1.426898304640666 264.4200000000495
13222 1.418774292905171 264.4400000000495
13223 1.410823886039124 264.4600000000494
13224 1.402978594780206 264.4800000000494
13225 1.395319997664687 264.5000000000494
13226 1.387805129579399 264.5200000000494
13227 1.380590443274295 264.5400000000494
13228 1.373518614575354 264.5600000000493
13229 1.366784989870707 264.5800000000493
13230 1.360111145964371 264.6000000000493
13231 1.35376494010528 264.6200000000493
13232 1.347710085086367 264.6400000000493
13233 1.341923321908462 264.6600000000493
13234 1.336302383959231 264.6800000000492
13235 1.330987881627565 264.7000000000492
13236 1.325799436429026 264.7200000000492
13237 1.320942702768043 264.7400000000492
13238 1.316485554474823 264.7600000000492
13239 1.312229564042169 264.7800000000491
13240 1.308461508544337 264.8000000000491
13241 1.305151025339613 264.8200000000491
13242 1.302066047379246 264.8400000000491
13243 1.299222901725543 264.8600000000491
13244 1.296639507215607 264.8800000000491
13245 1.294529859796287 264.900000000049
13246 1.292720928080367 264.920000000049
13247 1.291280208502309 264.940000000049
13248 1.290079102458576 264.960000000049
13249 1.289526745828845 264.980000000049
13250 1.289168698285271 265.0000000000489
13251 1.289341472512838 265.0200000000489
13252 1.289946629996303 265.0400000000489
13253 1.290830655762324 265.0600000000489
13254 1.291939826528406 265.0800000000489
13255 1.293373002070021 265.1000000000489
13256 1.295173011604446 265.1200000000488
13257 1.297263189279001 265.1400000000488
13258 1.299969371938003 265.1600000000488
13259 1.30358672562374 265.1800000000488
13260 1.307565511327757 265.2000000000488
13261 1.311460522165421 265.2200000000487
13262 1.315772809177168 265.2400000000487
13263 1.32006592141197 265.2600000000487
13264 1.324702539170746 265.2800000000487
13265 1.329766092745285 265.3000000000487
13266 1.335154806644992 265.3200000000487
13267 1.340898156612003 265.3400000000486
13268 1.347187362051166 265.3600000000486
13269 1.353514174393768 265.3800000000486
13270 1.360384600743274 265.4000000000486
13271 1.367524170860306 265.4200000000486
13272 1.374899538277139 265.4400000000485
13273 1.382634230404503 265.4600000000485
13274 1.390408502074828 265.4800000000485
13275 1.39835903136349 265.5000000000485
13276 1.406649486856293 265.5200000000485
13277 1.415197896809862 265.5400000000485
13278 1.423760233364657 265.5600000000484
13279 1.432517474562003 265.5800000000484
13280 1.441346223895116 265.6000000000484
13281 1.450514990213232 265.6200000000484
13282 1.459860471846177 265.6400000000484
13283 1.469272029628327 265.6600000000483
13284 1.478734271168393 265.6800000000483
13285 1.488113637581711 265.7000000000483
13286 1.497495372185067 265.7200000000483
13287 1.507125901601662 265.7400000000483
13288 1.516819594774658 265.7600000000483
13289 1.526418543317005 265.7800000000482
13290 1.535951919144241 265.8000000000482
13291 1.545375579685826 265.8200000000482
13292 1.554864047969338 265.8400000000482
13293 1.56430314444061 265.8600000000482
13294 1.573692036967369 265.8800000000481
13295 1.583003673316047 265.9000000000481
13296 1.592159708340936 265.9200000000481
13297 1.60116071213097 265.9400000000481
13298 1.609924650145739 265.9600000000481
13299 1.618451918414191 265.9800000000481
13300 1.6269702789264 266.000000000048
13301 1.63534539391579 266.020000000048
13302 1.643582341463656 266.040000000048
13303 1.651499023718539 266.060000000048
13304 1.659088226686781 266.080000000048
13305 1.666438837897357 266.1000000000479
13306 1.673574643071083 266.1200000000479
13307 1.68036990019669 266.1400000000479
13308 1.686934365068435 266.1600000000479
13309 1.693242473339033 266.1800000000479
13310 1.699264669908238 266.2000000000479
13311 1.704892411029595 266.2200000000478
13312 1.710106469887406 266.2400000000478
13313 1.715117798483407 266.2600000000478
13314 1.719800474755182 266.2800000000478
13315 1.72405125891626 266.3000000000478
13316 1.728016980289817 266.3200000000477
13317 1.731604372681268 266.3400000000477
13318 1.734726302106445 266.3600000000477
13319 1.737392700531215 266.3800000000477
13320 1.739700349170513 266.4000000000477
13321 1.741705761352043 266.4200000000477
13322 1.743432055668464 266.4400000000476
13323 1.744753926972417 266.4600000000476
13324 1.745532123606746 266.4800000000476
13325 1.745937429836481 266.5000000000476
13326 1.746027392776278 266.5200000000476
13327 1.745686742828769 266.5400000000475
13328 1.744943065691021 266.5600000000475
13329 1.74378321406706 266.5800000000475
13330 1.742332934643385 266.6000000000475
13331 1.740373493218604 266.6200000000475
13332 1.737981504315085 266.6400000000475
13333 1.735221907990746 266.6600000000474
13334 1.732227240677563 266.6800000000474
13335 1.728835856520663 266.7000000000474
13336 1.725195387129947 266.7200000000474
13337 1.721249416791341 266.7400000000474
13338 1.716908189481612 266.7600000000473
13339 1.712165880727588 266.7800000000473
13340 1.707177879565511 266.8000000000473
13341 1.701817893395953 266.8200000000473
13342 1.696233324718792 266.8400000000473
13343 1.690438992979676 266.8600000000473
13344 1.684337928822909 266.8800000000472
13345 1.677865840344078 266.9000000000472
13346 1.671178430735997 266.9200000000472
13347 1.664397429069959 266.9400000000472
13348 1.657352854962058 266.9600000000472
13349 1.65003008861327 266.9800000000471
13350 1.642445524424076 267.0000000000471
13351 1.63468323316172 267.0200000000471
13352 1.626791925398901 267.0400000000471
13353 1.61869203476932 267.0600000000471
13354 1.610330585439567 267.0800000000471
13355 1.602001401323979 267.100000000047
13356 1.593482364792227 267.120000000047
13357 1.584889328993255 267.140000000047
13358 1.576187754704749 267.160000000047
13359 1.56733237260174 267.180000000047
13360 1.558436084577612 267.2000000000469
13361 1.549570285356554 267.2200000000469
13362 1.540613384663412 267.2400000000469
13363 1.531715016594011 267.2600000000469
13364 1.522774933293917 267.2800000000469
13365 1.51378563892639 267.3000000000469
13366 1.50482046955007 267.3200000000468
13367 1.495859799695714 267.3400000000468
13368 1.486951125428472 267.3600000000468
13369 1.478130805847966 267.3800000000468
13370 1.469288031973899 267.4000000000468
13371 1.460498896578964 267.4200000000467
13372 1.451835928312804 267.4400000000467
13373 1.443272184165741 267.4600000000467
13374 1.43476611044958 267.4800000000467
13375 1.426433187748354 267.5000000000467
13376 1.418220393780426 267.5200000000467
13377 1.410208456467116 267.5400000000466
13378 1.402351320741529 267.5600000000466
13379 1.39469135812722 267.5800000000466
13380 1.387228920740265 267.6000000000466
13381 1.380026814645132 267.6200000000466
13382 1.373052651072406 267.6400000000465
13383 1.366200638737215 267.6600000000465
13384 1.359648747405142 267.6800000000465
13385 1.353297889616331 267.7000000000465
13386 1.347260173781935 267.7200000000465
13387 1.341413265193736 267.7400000000465
13388 1.335790128255907 267.7600000000464
13389 1.330422664284856 267.7800000000464
13390 1.325198254769277 267.8000000000464
13391 1.320225019903705 267.8200000000464
13392 1.315552024315518 267.8400000000464
13393 1.311207240092001 267.8600000000463
13394 1.30717320392192 267.8800000000463
13395 1.303548112312914 267.9000000000463
13396 1.300565546320023 267.9200000000463
13397 1.297816366692024 267.9400000000463
13398 1.295394572162647 267.9600000000463
13399 1.293238066535295 267.9800000000462
13400 1.291282595690319 268.0000000000462
13401 1.289613616256768 268.0200000000462
13402 1.288083338420806 268.0400000000462
13403 1.286872979447868 268.0600000000462
13404 1.286203643932834 268.0800000000461
13405 1.285666260338518 268.1000000000461
13406 1.285578089556016 268.1200000000461
13407 1.286143723309343 268.1400000000461
13408 1.287060183117781 268.1600000000461
13409 1.288463479751383 268.180000000046
13410 1.289962710097601 268.200000000046
13411 1.291946038559407 268.220000000046
13412 1.294554997457193 268.240000000046
13413 1.296837557813794 268.260000000046
13414 1.2995033451057 268.280000000046
13415 1.302691447381028 268.3000000000459
13416 1.305958618326972 268.3200000000459
13417 1.309645787089396 268.3400000000459
13418 1.313901703770376 268.3600000000459
13419 1.318582319508562 268.3800000000459
13420 1.323541270046918 268.4000000000458
13421 1.328808751962465 268.4200000000458
13422 1.334287334805624 268.4400000000458
13423 1.339955814058742 268.4600000000458
13424 1.346172103508412 268.4800000000458
13425 1.352381864467622 268.5000000000458
13426 1.358961667443271 268.5200000000457
13427 1.365680657282564 268.5400000000457
13428 1.37267137085028 268.5600000000457
13429 1.380200525456394 268.5800000000457
13430 1.387918145265307 268.6000000000457
13431 1.395605200894853 268.6200000000456
13432 1.40350780998414 268.6400000000456
13433 1.411769290219049 268.6600000000456
13434 1.420068364059001 268.6800000000456
13435 1.428513848879358 268.7000000000456
13436 1.437129091682327 268.7200000000456
13437 1.446069822594262 268.7400000000455
13438 1.455058285390854 268.7600000000455
13439 1.464070178346697 268.7800000000455
13440 1.473243564585381 268.8000000000455
13441 1.482505684905064 268.8200000000455
13442 1.491756846884821 268.8400000000454
13443 1.501018519287124 268.8600000000454
13444 1.510205398673232 268.8800000000454
13445 1.519480616423178 268.9000000000454
13446 1.528546985099558 268.9200000000454
13447 1.537823415983045 268.9400000000454
13448 1.547124491385849 268.9600000000453
13449 1.556351778638596 268.9800000000453
13450 1.565356548037685 269.0000000000453
13451 1.574318983554365 269.0200000000453
13452 1.583203480987273 269.0400000000453
13453 1.591905627815764 269.0600000000452
13454 1.600499020910359 269.0800000000452
13455 1.608962535206516 269.1000000000452
13456 1.61720957505619 269.1200000000452
13457 1.625201089698121 269.1400000000452
13458 1.632983723485102 269.1600000000452
13459 1.640616053175076 269.1800000000451
13460 1.648010537236202 269.2000000000451
13461 1.655157943138688 269.2200000000451
13462 1.662139837811454 269.2400000000451
13463 1.668889827827835 269.2600000000451
13464 1.675330255050845 269.280000000045
13465 1.681426069004341 269.300000000045
13466 1.687216026794745 269.320000000045
13467 1.692769990315708 269.340000000045
13468 1.697909411026044 269.360000000045
13469 1.70277283259653 269.380000000045
13470 1.707381861399029 269.4000000000449
13471 1.711700284702693 269.4200000000449
13472 1.715686399076538 269.4400000000449
13473 1.719151974294205 269.4600000000449
13474 1.722292885138346 269.4800000000449
13475 1.724984558460295 269.5000000000448
13476 1.727353949890597 269.5200000000448
13477 1.729439740484941 269.5400000000448
13478 1.731098227868963 269.5600000000448
13479 1.732309707854252 269.5800000000448
13480 1.733145291961896 269.6000000000448
13481 1.733515694763737 269.6200000000447
13482 1.733556660931275 269.6400000000447
13483 1.733309072869473 269.6600000000447
13484 1.732746384794791 269.6800000000447
13485 1.731803936378222 269.7000000000447
13486 1.730513657982242 269.7200000000446
13487 1.72874935879096 269.7400000000446
13488 1.726628136637886 269.7600000000446
13489 1.724116982805545 269.7800000000446
13490 1.721360527206679 269.8000000000446
13491 1.718246177262598 269.8200000000446
13492 1.714853262945739 269.8400000000445
13493 1.71102452324034 269.8600000000445
13494 1.706866674376545 269.8800000000445
13495 1.702342158420299 269.9000000000445
13496 1.697570755874622 269.9200000000445
13497 1.692429830755023 269.9400000000444
13498 1.686963106332233 269.9600000000444
13499 1.681293485499114 269.9800000000444
13500 1.67532802031067 270.0000000000444
13501 1.669100121973502 270.0200000000444
13502 1.662538735985547 270.0400000000444
13503 1.655700140644509 270.0600000000443
13504 1.648782753107472 270.0800000000443
13505 1.641596055353717 270.1000000000443
13506 1.634192065582671 270.1200000000443
13507 1.626631466957502 270.1400000000443
13508 1.618832884254711 270.1600000000442
13509 1.61086810049244 270.1800000000442
13510 1.602755070473515 270.2000000000442
13511 1.594489205390863 270.2200000000442
13512 1.586086326585264 270.2400000000442
13513 1.577642917996126 270.2600000000442
13514 1.569079111301577 270.2800000000441
13515 1.560439866395357 270.3000000000441
13516 1.551762952096451 270.3200000000441
13517 1.542979772452401 270.3400000000441
13518 1.534184490992893 270.3600000000441
13519 1.52535171544108 270.380000000044
13520 1.51641325012011 270.400000000044
13521 1.507493082704185 270.420000000044
13522 1.498683380460715 270.440000000044
13523 1.489841191662055 270.460000000044
13524 1.48105872223329 270.480000000044
13525 1.472333194683805 270.5000000000439
13526 1.463645689638945 270.5200000000439
13527 1.455054702478517 270.5400000000439
13528 1.446536224339879 270.5600000000439
13529 1.438154275428332 270.5800000000439
13530 1.429852629344321 270.6000000000438
13531 1.421661167289058 270.6200000000438
13532 1.413668031898443 270.6400000000438
13533 1.405754101987548 270.6600000000438
13534 1.39805408742581 270.6800000000438
13535 1.390475175207402 270.7000000000438
13536 1.383189456119481 270.7200000000437
13537 1.37600437608555 270.7400000000437
13538 1.369200178108442 270.7600000000437
13539 1.362473448878842 270.7800000000437
13540 1.355998952945135 270.8000000000437
13541 1.349844374106194 270.8200000000436
13542 1.343970377343109 270.8400000000436
13543 1.338299171456285 270.8600000000436
13544 1.332837975272645 270.8800000000436
13545 1.327654499233772 270.9000000000436
13546 1.32262885728525 270.9200000000436
13547 1.318040603057263 270.9400000000435
13548 1.313728939598707 270.9600000000435
13549 1.30975280016688 270.9800000000435
13550 1.306304789013862 271.0000000000435
13551 1.303168878086189 271.0200000000435
13552 1.300214216056125 271.0400000000434
13553 1.297532154090454 271.0600000000434
13554 1.295252122234473 271.0800000000434
13555 1.293340480963812 271.1000000000434
13556 1.291774551332275 271.1200000000434
13557 1.290473706941354 271.1400000000434
13558 1.289701096378865 271.1600000000433
13559 1.289279267204078 271.1800000000433
13560 1.289222314029202 271.2000000000433
13561 1.289692175723246 271.2200000000433
13562 1.290518570031256 271.2400000000433
13563 1.291531550648403 271.2600000000432
13564 1.292825604489285 271.2800000000432
13565 1.29455294615687 271.3000000000432
13566 1.296434956092264 271.3200000000432
13567 1.298999106748375 271.3400000000432
13568 1.30215875760652 271.3600000000432
13569 1.306304511948364 271.3800000000431
13570 1.30999150592488 271.4000000000431
13571 1.314390580458369 271.4200000000431
13572 1.318530738286767 271.4400000000431
13573 1.323022769187618 271.4600000000431
13574 1.327933147034818 271.480000000043
13575 1.333280947635111 271.500000000043
13576 1.338818557042948 271.520000000043
13577 1.344976351148164 271.540000000043
13578 1.351242564945027 271.560000000043
13579 1.357950110735276 271.580000000043
13580 1.364988824472389 271.6000000000429
13581 1.372298831316978 271.6200000000429
13582 1.379879395885062 271.6400000000429
13583 1.387702722656163 271.6600000000429
13584 1.395545911067392 271.6800000000429
13585 1.40367395958232 271.7000000000428
13586 1.412235873601964 271.7200000000428
13587 1.420711986416624 271.7400000000428
13588 1.429465813320395 271.7600000000428
13589 1.438247477040678 271.7800000000428
13590 1.447286058382851 271.8000000000428
13591 1.456586460820172 271.8200000000427
13592 1.465967768842753 271.8400000000427
13593 1.475415799151071 271.8600000000427
13594 1.484828688841524 271.8800000000427
13595 1.494218684224728 271.9000000000427
13596 1.503727753097237 271.9200000000426
13597 1.513431709595772 271.9400000000426
13598 1.523070006199682 271.9600000000426
13599 1.532612458964812 271.9800000000426
13600 1.542091410920562 272.0000000000426
13601 1.551564917895308 272.0200000000426
13602 1.561031196907162 272.0400000000425
13603 1.570409571904152 272.0600000000425
13604 1.579793586130653 272.0800000000425
13605 1.588987209354293 272.1000000000425
13606 1.598049036555736 272.1200000000425
13607 1.606908173783787 272.1400000000424
13608 1.615499312874408 272.1600000000424
13609 1.624013764205851 272.1800000000424
13610 1.632453403165136 272.2000000000424
13611 1.6407654540307 272.2200000000424
13612 1.648799512290084 272.2400000000424
13613 1.656507311275129 272.2600000000423
13614 1.663910979057862 272.2800000000423
13615 1.671132675322953 272.3000000000423
13616 1.678053642607472 272.3200000000423
13617 1.684687164512607 272.3400000000423
13618 1.691127589958077 272.3600000000422
13619 1.697209843036961 272.3800000000422
13620 1.703041736686405 272.4000000000422
13621 1.708350605249621 272.4200000000422
13622 1.713459363759036 272.4400000000422
13623 1.718237425573926 272.4600000000422
13624 1.722646573483342 272.4800000000421
13625 1.726709643459527 272.5000000000421
13626 1.730428495689622 272.5200000000421
13627 1.733703913165077 272.5400000000421
13628 1.736561229315879 272.5600000000421
13629 1.738967553368727 272.580000000042
13630 1.741093782166683 272.600000000042
13631 1.742915108673069 272.620000000042
13632 1.744388261441496 272.640000000042
13633 1.745375961201515 272.660000000042
13634 1.745886564799322 272.680000000042
13635 1.74608314539261 272.7000000000419
13636 1.745906315571869 272.7200000000419
13637 1.745296300528137 272.7400000000419
13638 1.74429368053288 272.7600000000419
13639 1.742954047906713 272.7800000000419
13640 1.741177630425895 272.8000000000418
13641 1.738917270038006 272.8200000000418
13642 1.736277168623135 272.8400000000418
13643 1.733366801796849 272.8600000000418
13644 1.73013176037649 272.8800000000418
13645 1.726544282551665 272.9000000000418
13646 1.722740359239229 272.9200000000417
13647 1.718533569515015 272.9400000000417
13648 1.713919188829301 272.9600000000417
13649 1.70902276848417 272.9800000000417
13650 1.703783086224284 273.0000000000417
13651 1.698259086048299 273.0200000000416
13652 1.692559380752241 273.0400000000416
13653 1.686575263303492 273.0600000000416
13654 1.680238005141298 273.0800000000416
13655 1.673569405889418 273.1000000000416
13656 1.666866210370118 273.1200000000416
13657 1.659913605392606 273.1400000000415
13658 1.652674085894414 273.1600000000415
13659 1.645190132652202 273.1800000000415
13660 1.63748287883329 273.2000000000415
13661 1.62962692389053 273.2200000000415
13662 1.621612001849512 273.2400000000414
13663 1.613327161552137 273.2600000000414
13664 1.604992821008977 273.2800000000414
13665 1.59653479129387 273.3000000000414
13666 1.587963707808393 273.3200000000414
13667 1.579306730697481 273.3400000000414
13668 1.570502797003824 273.3600000000413
13669 1.561607294164443 273.3800000000413
13670 1.552732240336778 273.4000000000413
13671 1.543808223692832 273.4200000000413
13672 1.534878782376016 273.4400000000413
13673 1.525965474174455 273.4600000000412
13674 1.516981925872197 273.4800000000412
13675 1.50800700952795 273.5000000000412
13676 1.499042993610191 273.5200000000412
13677 1.490103246319338 273.5400000000412
13678 1.481260266026569 273.5600000000412
13679 1.472430729528531 273.5800000000411
13680 1.46361438675188 273.6000000000411
13681 1.454889400472377 273.6200000000411
13682 1.446315733631735 273.6400000000411
13683 1.437760735714897 273.6600000000411
13684 1.429371176179042 273.680000000041
13685 1.42111241984841 273.700000000041
13686 1.413027383018058 273.720000000041
13687 1.405126302248326 273.740000000041
13688 1.397393671441454 273.760000000041
13689 1.389852189946732 273.780000000041
13690 1.382557503274762 273.8000000000409
13691 1.375532239625831 273.8200000000409
13692 1.368589122559965 273.8400000000409
13693 1.361962844846015 273.8600000000409
13694 1.355518091628948 273.8800000000409
13695 1.349372207133146 273.9000000000408
13696 1.343463022946744 273.9200000000408
13697 1.337768122479186 273.9400000000408
13698 1.332294397686089 273.9600000000408
13699 1.327027240579106 273.9800000000408
13700 1.321962340878361 274.0000000000408
13701 1.317172165310734 274.0200000000407
13702 1.312708644300646 274.0400000000407
13703 1.308574799516212 274.0600000000407
13704 1.304765300069244 274.0800000000407
13705 1.30160669115557 274.1000000000407
13706 1.298768526636292 274.1200000000406
13707 1.296211251357445 274.1400000000406
13708 1.293997240485277 274.1600000000406
13709 1.291951640162661 274.1800000000406
13710 1.290206583509323 274.2000000000406
13711 1.288629965844132 274.2200000000406
13712 1.287248196875585 274.2400000000405
13713 1.286459564828887 274.2600000000405
13714 1.285827501817735 274.2800000000405
13715 1.285522152513037 274.3000000000405
13716 1.28590953734112 274.3200000000405
13717 1.286721893355095 274.3400000000404
13718 1.287923693621253 274.3600000000404
13719 1.289404964065702 274.3800000000404
13720 1.291210277751478 274.4000000000404
13721 1.293568275692834 274.4200000000404
13722 1.296124440041998 274.4400000000404
13723 1.298502015336614 274.4600000000403
13724 1.301531938472319 274.4800000000403
13725 1.304820458676869 274.5000000000403
13726 1.308307529109256 274.5200000000403
13727 1.312353276226443 274.5400000000403
13728 1.316931958954063 274.5600000000402
13729 1.321769807263965 274.5800000000402
13730 1.32694002754798 274.6000000000402
13731 1.332355017376754 274.6200000000402
13732 1.337917092715136 274.6400000000402
13733 1.343984019702787 274.6600000000402
13734 1.350177408265155 274.6800000000401
13735 1.356614784347508 274.7000000000401
13736 1.363326375380852 274.7200000000401
13737 1.370140103509488 274.7400000000401
13738 1.377526988264483 274.7600000000401
13739 1.385212636127333 274.78000000004
13740 1.392951273428002 274.80000000004
13741 1.400653704676233 274.82000000004
13742 1.408877708557005 274.84000000004
13743 1.417169485444113 274.86000000004
13744 1.425524713478713 274.88000000004
13745 1.43408188531662 274.9000000000399
13746 1.442891928206185 274.9200000000399
13747 1.451994908318671 274.9400000000399
13748 1.460892698665157 274.9600000000399
13749 1.470020616600173 274.9800000000399
13750 1.479259533372526 275.0000000000398
13751 1.488538435361939 275.0200000000398
13752 1.497801034936769 275.0400000000398
13753 1.506996728197417 275.0600000000398
13754 1.516289233207178 275.0800000000398
13755 1.525355149959524 275.1000000000398
13756 1.534581880474332 275.1200000000397
13757 1.54388647489424 275.1400000000397
13758 1.553137223953891 275.1600000000397
13759 1.562223036929246 275.1800000000397
13760 1.571230265153781 275.2000000000397
13761 1.580102049520399 275.2200000000396
13762 1.58892123469913 275.2400000000396
13763 1.597497850449927 275.2600000000396
13764 1.606046405127358 275.2800000000396
13765 1.614377359194059 275.3000000000396
13766 1.62245193062162 275.3200000000396
13767 1.630274549269911 275.3400000000395
13768 1.638003803723884 275.3600000000395
13769 1.64547341535761 275.3800000000395
13770 1.652713126367273 275.4000000000395
13771 1.659740237898441 275.4200000000395
13772 1.666599361770198 275.4400000000394
13773 1.673144855555292 275.4600000000394
13774 1.679355953374658 275.4800000000394
13775 1.68523123237045 275.5000000000394
13776 1.690882737805212 275.5200000000394
13777 1.696205576842936 275.5400000000394
13778 1.701094346179638 275.5600000000393
13779 1.705855050711581 275.5800000000393
13780 1.71022924592049 275.6000000000393
13781 1.71439315665589 275.6200000000393
13782 1.718000755252958 275.6400000000393
13783 1.721287198988438 275.6600000000392
13784 1.724103929192315 275.6800000000392
13785 1.726589742807455 275.7000000000392
13786 1.728758809273979 275.7200000000392
13787 1.730652945055986 275.7400000000392
13788 1.731953188738541 275.7600000000392
13789 1.732944338169321 275.7800000000391
13790 1.733436857691998 275.8000000000391
13791 1.733622720194642 275.8200000000391
13792 1.733459356462989 275.8400000000391
13793 1.733024123111737 275.8600000000391
13794 1.732206745164783 275.880000000039
13795 1.731037082652736 275.900000000039
13796 1.729452108019673 275.920000000039
13797 1.72745143362966 275.940000000039
13798 1.725064304039003 275.960000000039
13799 1.7224135789021 275.980000000039
13800 1.719404150256389 276.0000000000389
13801 1.716120921398399 276.0200000000389
13802 1.712453093541423 276.0400000000389
13803 1.708385578214819 276.0600000000389
13804 1.704001773166109 276.0800000000389
13805 1.69931249805684 276.1000000000388
13806 1.694303983239142 276.1200000000388
13807 1.688949464128351 276.1400000000388
13808 1.683341773100166 276.1600000000388
13809 1.677489425805328 276.1800000000388
13810 1.671347371623195 276.2000000000388
13811 1.664912016850982 276.2200000000387
13812 1.658145716942823 276.2400000000387
13813 1.651258379517326 276.2600000000387
13814 1.644188863733014 276.2800000000387
13815 1.636838210155882 276.3000000000387
13816 1.629342352763837 276.3200000000386
13817 1.621617026092454 276.3400000000386
13818 1.613711299560489 276.3600000000386
13819 1.605661515189144 276.3800000000386
13820 1.597419926491352 276.4000000000386
13821 1.589078269488199 276.4200000000386
13822 1.580627212673163 276.4400000000385
13823 1.572137859949594 276.4600000000385
13824 1.563480055436296 276.4800000000385
13825 1.554848380395196 276.5000000000385
13826 1.546092235091359 276.5200000000385
13827 1.537287891029889 276.5400000000384
13828 1.528489853841404 276.5600000000384
13829 1.519577228946126 276.5800000000384
13830 1.510641068109328 276.6000000000384
13831 1.501785888278635 276.6200000000384
13832 1.492974522268998 276.6400000000384
13833 1.484140939118985 276.6600000000383
13834 1.475411845069087 276.6800000000383
13835 1.466721271577943 276.7000000000383
13836 1.45806403272378 276.7200000000383
13837 1.449533370862517 276.7400000000383
13838 1.441098641523149 276.7600000000382
13839 1.432768940008075 276.7800000000382
13840 1.424540646747729 276.8000000000382
13841 1.41646717578081 276.8200000000382
13842 1.40854601250313 276.8400000000382
13843 1.400763424666984 276.8600000000382
13844 1.393124304238136 276.8800000000381
13845 1.385698129896712 276.9000000000381
13846 1.378521693706502 276.9200000000381
13847 1.371561765475922 276.9400000000381
13848 1.364839853475615 276.9600000000381
13849 1.358245971010287 276.980000000038
13850 1.351995195801474 277.000000000038
13851 1.346016405667701 277.020000000038
13852 1.340280975143036 277.040000000038
13853 1.334735400135807 277.060000000038
13854 1.329488307937209 277.080000000038
13855 1.324339313350544 277.1000000000379
13856 1.319614308393114 277.1200000000379
13857 1.315248790636431 277.1400000000379
13858 1.311082190548887 277.1600000000379
13859 1.307486302871358 277.1800000000379
13860 1.304264998305928 277.2000000000378
13861 1.301220545540569 277.2200000000378
13862 1.29844939988989 277.2400000000378
13863 1.296026564407616 277.2600000000378
13864 1.293993931684318 277.2800000000378
13865 1.292304848577685 277.3000000000378
13866 1.290918652799431 277.3200000000377
13867 1.289904639485754 277.3400000000377
13868 1.289428839242566 277.3600000000377
13869 1.289178365083953 277.3800000000377
13870 1.289508405582017 277.4000000000377
13871 1.290227853935915 277.4200000000376
13872 1.291154352912993 277.4400000000376
13873 1.292360242743142 277.4600000000376
13874 1.293908063314691 277.4800000000376
13875 1.295763312095602 277.5000000000376
13876 1.298058214111946 277.5200000000376
13877 1.300928772806543 277.5400000000375
13878 1.304878311459877 277.5600000000375
13879 1.308702229801533 277.5800000000375
13880 1.312793372481301 277.6000000000375
13881 1.317041959471674 277.6200000000375
13882 1.32139931747602 277.6400000000374
13883 1.326187715167283 277.6600000000374
13884 1.331396231717268 277.6800000000374
13885 1.336820858188178 277.7000000000374
13886 1.342759834802561 277.7200000000374
13887 1.349034685893849 277.7400000000374
13888 1.355545921948615 277.7600000000373
13889 1.362499161829386 277.7800000000373
13890 1.369722373924753 277.8000000000373
13891 1.377174231394058 277.8200000000373
13892 1.385009993737265 277.8400000000373
13893 1.392784338044859 277.8600000000372
13894 1.400780515128642 277.8800000000372
13895 1.409249140768235 277.9000000000372
13896 1.417736064624996 277.9200000000372
13897 1.42640093775005 277.9400000000372
13898 1.435176400908759 277.9600000000372
13899 1.444078735748641 277.9800000000371
13900 1.453327825396699 278.0000000000371
13901 1.462676192085891 278.0200000000371
13902 1.472093552808532 278.0400000000371
13903 1.4815731793046 278.0600000000371
13904 1.490949700669934 278.080000000037
13905 1.500368429865118 278.100000000037
13906 1.510058236840565 278.120000000037
13907 1.519726591176206 278.140000000037
13908 1.529293787220418 278.160000000037
13909 1.538810232404304 278.180000000037
13910 1.548249188802619 278.2000000000369
13911 1.557736957000908 278.2200000000369
13912 1.56714605138026 278.2400000000369
13913 1.576536405998193 278.2600000000369
13914 1.585788385812216 278.2800000000369
13915 1.594907755411607 278.3000000000368
13916 1.603852111132571 278.3200000000368
13917 1.612523723764155 278.3400000000368
13918 1.621041985348406 278.3600000000368
13919 1.629543153717953 278.3800000000368
13920 1.637892749327652 278.4000000000368
13921 1.646030751287343 278.4200000000367
13922 1.653868390872092 278.4400000000367
13923 1.661359644286216 278.4600000000367
13924 1.668641598168814 278.4800000000367
13925 1.675684522598898 278.5000000000367
13926 1.682400277632804 278.5200000000366
13927 1.688940625213805 278.5400000000366
13928 1.695104005901306 278.5600000000366
13929 1.701085969056305 278.5800000000366
13930 1.70652938960867 278.6000000000366
13931 1.711703169651751 278.6200000000366
13932 1.716606141293102 278.6400000000365
13933 1.721164696705744 278.6600000000365
13934 1.72532438773296 278.6800000000365
13935 1.729194368458466 278.7000000000365
13936 1.73264419342707 278.7200000000365
13937 1.735645575226833 278.7400000000364
13938 1.738186802278792 278.7600000000364
13939 1.740403797325212 278.7800000000364
13940 1.742320203677425 278.8000000000364
13941 1.743945163296571 278.8200000000364
13942 1.74512086667788 278.8400000000364
13943 1.745756796306226 278.8600000000363
13944 1.746067564093396 278.8800000000363
13945 1.746060376631345 278.9000000000363
13946 1.745578795850358 278.9200000000363
13947 1.744706797073598 278.9400000000363
13948 1.74348478288517 278.9600000000362
13949 1.741879737625811 278.9800000000362
13950 1.739767319989399 279.0000000000362
13951 1.737273878329094 279.0200000000362
13952 1.734439381372681 279.0400000000362
13953 1.731335290706735 279.0600000000362
13954 1.727843527201007 279.0800000000361
13955 1.724137362098823 279.1000000000361
13956 1.720068038899587 279.1200000000361
13957 1.715608611699655 279.1400000000361
13958 1.710777820351378 279.1600000000361
13959 1.705682911831552 279.180000000036
13960 1.700235594543464 279.200000000036
13961 1.694604198460295 279.220000000036
13962 1.688728050322311 279.240000000036
13963 1.682515600629847 279.260000000036
13964 1.675946964926242 279.280000000036
13965 1.669252343214674 279.3000000000359
13966 1.662395025233702 279.3200000000359
13967 1.655257548186184 279.3400000000359
13968 1.647864583744771 279.3600000000359
13969 1.640217207264103 279.3800000000359
13970 1.632406840559168 279.4000000000358
13971 1.624466704405757 279.4200000000358
13972 1.616282552146853 279.4400000000358
13973 1.607919287794796 279.4600000000358
13974 1.599539442520143 279.4800000000358
13975 1.590988601045107 279.5000000000358
13976 1.582372260518645 279.5200000000357
13977 1.573623986671542 279.5400000000357
13978 1.564741030374041 279.5600000000357
13979 1.555848446310304 279.5800000000357
13980 1.546968127720101 279.6000000000357
13981 1.538009043432417 279.6200000000356
13982 1.529111503412408 279.6400000000356
13983 1.520144361787579 279.6600000000356
13984 1.511164698431049 279.6800000000356
13985 1.502190441651612 279.7000000000356
13986 1.493243370585218 279.7200000000356
13987 1.484361146156475 279.7400000000355
13988 1.475540780467335 279.7600000000355
13989 1.466705246188164 279.7800000000355
13990 1.457936930570857 279.8000000000355
13991 1.449317331352474 279.8200000000355
13992 1.440757676758269 279.8400000000354
13993 1.432298216684849 279.8600000000354
13994 1.424007189115819 279.8800000000354
13995 1.41583667149176 279.9000000000354
13996 1.407887368067079 279.9200000000354
13997 1.400084861155668 279.9400000000354
13998 1.392474769652307 279.9600000000353
13999 1.385081239843959 279.9800000000353
14000 1.377947842743005 280.0000000000353
14001 1.371018889208849 280.0200000000353
14002 1.364260098142833 280.0400000000353
14003 1.357753487225046 280.0600000000352
14004 1.351494638859194 280.0800000000352
14005 1.345533402412896 280.1000000000352
14006 1.339749830094767 280.1200000000352
14007 1.334184075836735 280.1400000000352
14008 1.328869979193199 280.1600000000352
14009 1.32370598660641 280.1800000000351
14010 1.318817950309197 280.2000000000351
14011 1.314234290151213 280.2200000000351
14012 1.309987000163359 280.2400000000351
14013 1.306054475928304 280.2600000000351
14014 1.302635406578033 280.280000000035
14015 1.299731431983216 280.300000000035
14016 1.297085563881055 280.320000000035
14017 1.294748962879937 280.340000000035
14018 1.292641391429797 280.360000000035
14019 1.29078551759023 280.380000000035
14020 1.289177331300364 280.4000000000349
14021 1.287682297401365 280.4200000000349
14022 1.286669021835136 280.4400000000349
14023 1.286027924883228 280.4600000000349
14024 1.285569243627929 280.4800000000349
14025 1.285708267145262 280.5000000000348
14026 1.286413559714761 280.5200000000348
14027 1.287414318814235 280.5400000000348
14028 1.288890222518524 280.5600000000348
14029 1.290531568187845 280.5800000000348
14030 1.292637360241322 280.6000000000348
14031 1.295411239552127 280.6200000000347
14032 1.297552508332595 280.6400000000347
14033 1.300427086013934 280.6600000000347
14034 1.303694713822925 280.6800000000347
14035 1.307019321650421 280.7000000000347
14036 1.310858909274152 280.7200000000346
14037 1.31530150307559 280.7400000000346
14038 1.320040330320233 280.7600000000346
14039 1.325113446119748 280.7800000000346
14040 1.330434498420795 280.8000000000346
14041 1.335957256188999 280.8200000000346
14042 1.341798864833453 280.8400000000345
14043 1.348029346736753 280.8600000000345
14044 1.354333204709199 280.8800000000345
14045 1.361000642946754 280.9000000000345
14046 1.367719468924808 280.9200000000345
14047 1.374903581090841 280.9400000000344
14048 1.382523577551183 280.9600000000344
14049 1.390269135733671 280.9800000000344
14050 1.397919188578142 281.0000000000344
14051 1.40598919761346 281.0200000000344
14052 1.414289042471446 281.0400000000344
14053 1.422597324540196 281.0600000000343
14054 1.431114852244759 281.0800000000343
14055 1.439785084717248 281.1000000000343
14056 1.448820624028423 281.1200000000343
14057 1.457758185527478 281.1400000000343
14058 1.466822324560935 281.1600000000342
14059 1.476035222158876 281.1800000000342
14060 1.485318807765442 281.2000000000342
14061 1.49454458036961 281.2200000000342
14062 1.503810200139118 281.2400000000342
14063 1.513029047794894 281.2600000000342
14064 1.52220083585535 281.2800000000341
14065 1.531357093026033 281.3000000000341
14066 1.540642785499583 281.3200000000341
14067 1.549922421103446 281.3400000000341
14068 1.559097463135094 281.3600000000341
14069 1.56812984110764 281.380000000034
14070 1.577014600863021 281.400000000034
14071 1.585895183175549 281.420000000034
14072 1.594508367140486 281.440000000034
14073 1.603131644889157 281.460000000034
14074 1.611528845773957 281.480000000034
14075 1.619688191288438 281.5000000000339
14076 1.627595257709672 281.5200000000339
14077 1.635353720362444 281.5400000000339
14078 1.642918751883061 281.5600000000339
14079 1.65024420029768 281.5800000000339
14080 1.657333162898801 281.6000000000338
14081 1.664248028895316 281.6200000000338
14082 1.67090932245456 281.6400000000338
14083 1.677278620909296 281.6600000000338
14084 1.683230013238815 281.6800000000338
14085 1.688973747163596 281.7000000000338
14086 1.694430523268122 281.7200000000337
14087 1.699438331105696 281.7400000000337
14088 1.704285448443378 281.7600000000337
14089 1.708758813263811 281.7800000000337
14090 1.713011187234198 281.8000000000337
14091 1.716825469575157 281.8200000000336
14092 1.720221567920576 281.8400000000336
14093 1.72320953536252 281.8600000000336
14094 1.725808828166826 281.8800000000336
14095 1.72806599925247 281.9000000000336
14096 1.730103044426166 281.9200000000336
14097 1.731560272586303 281.9400000000335
14098 1.732684726124876 281.9600000000335
14099 1.73336019756691 281.9800000000335
14100 1.733646546444897 282.0000000000335
14101 1.733579662913884 282.0200000000335
14102 1.733255049952128 282.0400000000334
14103 1.732570235039969 282.0600000000334
14104 1.731525951159633 282.0800000000334
14105 1.730095234745613 282.1000000000334
14106 1.728224729224186 282.1200000000334
14107 1.725984486858134 282.1400000000334
14108 1.723407472730461 282.1600000000333
14109 1.72051879686318 282.1800000000333
14110 1.717330928279868 282.2000000000333
14111 1.713820892924788 282.2200000000333
14112 1.7098742651292 282.2400000000333
14113 1.705619388013054 282.2600000000332
14114 1.701004874444552 282.2800000000332
14115 1.696133829750238 282.3000000000332
14116 1.690892460759069 282.3200000000332
14117 1.685342861290197 282.3400000000332
14118 1.67960808132915 282.3600000000332
14119 1.673549713785773 282.3800000000331
14120 1.667238207181721 282.4000000000331
14121 1.660570837316274 282.4200000000331
14122 1.653697694291212 282.4400000000331
14123 1.646736053291478 282.4600000000331
14124 1.639454496927486 282.480000000033
14125 1.632009585545873 282.500000000033
14126 1.624372924095891 282.520000000033
14127 1.616522217405532 282.540000000033
14128 1.608509713045966 282.560000000033
14129 1.600342650628115 282.580000000033
14130 1.592044535705357 282.6000000000329
14131 1.583609787121872 282.6200000000329
14132 1.575148222205795 282.6400000000329
14133 1.566535433956682 282.6600000000329
14134 1.557904358697391 282.6800000000329
14135 1.54918761632449 282.7000000000328
14136 1.540384394738998 282.7200000000328
14137 1.531597479278736 282.7400000000328
14138 1.522725835789969 282.7600000000328
14139 1.513775224032491 282.7800000000328
14140 1.504890479336717 282.8000000000328
14141 1.496086755371528 282.8200000000327
14142 1.487227031576267 282.8400000000327
14143 1.478478074615964 282.8600000000327
14144 1.469767769953257 282.8800000000327
14145 1.461080681260626 282.9000000000327
14146 1.452524214078864 282.9200000000326
14147 1.44404264059577 282.9400000000326
14148 1.435687682401085 282.9600000000326
14149 1.427417912027405 282.9800000000326
14150 1.419276615280688 283.0000000000326
14151 1.411324856315694 283.0200000000326
14152 1.403464716187283 283.0400000000325
14153 1.395796559693167 283.0600000000325
14154 1.388268961621172 283.0800000000325
14155 1.381047500421845 283.1000000000325
14156 1.373945843079162 283.1200000000325
14157 1.367209123060019 283.1400000000324
14158 1.360515350490175 283.1600000000324
14159 1.354149990380363 283.1800000000324
14160 1.348076498224799 283.2000000000324
14161 1.342278531279234 283.2200000000324
14162 1.336644281811497 283.2400000000324
14163 1.331312651592582 283.2600000000323
14164 1.326115831877605 283.2800000000323
14165 1.321235880644702 283.3000000000323
14166 1.316762775699265 283.3200000000323
14167 1.312492741109632 283.3400000000323
14168 1.308693551771892 283.3600000000322
14169 1.305359441799621 283.3800000000322
14170 1.302264980018674 283.4000000000322
14171 1.299407507599248 283.4200000000322
14172 1.296803672220241 283.4400000000322
14173 1.29466773530552 283.4600000000322
14174 1.29285342209218 283.4800000000321
14175 1.291389202192651 283.5000000000321
14176 1.290167751905589 283.5200000000321
14177 1.289586125117433 283.5400000000321
14178 1.289212241610306 283.5600000000321
14179 1.289355120991187 283.580000000032
14180 1.289937919184908 283.600000000032
14181 1.290812672446944 283.620000000032
14182 1.29190657611418 283.640000000032
14183 1.293325067186339 283.660000000032
14184 1.295108980824065 283.680000000032
14185 1.297168247699673 283.7000000000319
14186 1.299846054422479 283.7200000000319
14187 1.303405672796439 283.7400000000319
14188 1.307406696304768 283.7600000000319
14189 1.311266536915351 283.7800000000319
14190 1.31559432114455 283.8000000000318
14191 1.319871324381585 283.8200000000318
14192 1.324488071276785 283.8400000000318
14193 1.32951799217733 283.8600000000318
14194 1.334914051719053 283.8800000000318
14195 1.340620940624973 283.9000000000318
14196 1.346899054105961 283.9200000000317
14197 1.353209046708757 283.9400000000317
14198 1.360057862638597 283.9600000000317
14199 1.367188739216803 283.9800000000317
14200 1.374559706196105 284.0000000000317
14201 1.382274186275817 284.0200000000316
14202 1.390054435615518 284.0400000000316
14203 1.397992688866905 284.0600000000316
14204 1.406268562954818 284.0800000000316
14205 1.414832335213746 284.1000000000316
14206 1.423362000642586 284.1200000000316
14207 1.43212025844533 284.1400000000315
14208 1.440941129897612 284.1600000000315
14209 1.450097067729615 284.1800000000315
14210 1.459435067795152 284.2000000000315
14211 1.468847801048823 284.2200000000315
14212 1.478311116641735 284.2400000000314
14213 1.487695937075927 284.2600000000314
14214 1.497075513482385 284.2800000000314
14215 1.50669477140656 284.3000000000314
14216 1.516383536152786 284.3200000000314
14217 1.525998166964724 284.3400000000314
14218 1.535535940093927 284.3600000000313
14219 1.544971025049503 284.3800000000313
14220 1.554458846627084 284.4000000000313
14221 1.563905909094514 284.4200000000313
14222 1.573292753598029 284.4400000000313
14223 1.582616828867157 284.4600000000312
14224 1.591783273082657 284.4800000000312
14225 1.600794575320972 284.5000000000312
14226 1.609578037015897 284.5200000000312
14227 1.618124879161912 284.5400000000312
14228 1.626621636313495 284.5600000000312
14229 1.635020206426641 284.5800000000311
14230 1.64326499015866 284.6000000000311
14231 1.651201255283097 284.6200000000311
14232 1.658808656433621 284.6400000000311
14233 1.666170260206067 284.6600000000311
14234 1.673316742744711 284.680000000031
14235 1.680141358102082 284.700000000031
14236 1.686708437791773 284.720000000031
14237 1.693039334834827 284.740000000031
14238 1.6990751364324 284.760000000031
14239 1.70473332903727 284.780000000031
14240 1.709960594783799 284.8000000000309
14241 1.714985853083232 284.8200000000309
14242 1.719688550528002 284.8400000000309
14243 1.723961299088821 284.8600000000309
14244 1.727942710640339 284.8800000000309
14245 1.731547621611853 284.9000000000308
14246 1.734684546858128 284.9200000000308
14247 1.737393477984192 284.9400000000308
14248 1.739709882927836 284.9600000000308
14249 1.741732342083861 284.9800000000308
14250 1.743477873945342 285.0000000000308
14251 1.744816213394695 285.0200000000307
14252 1.745628491127478 285.0400000000307
14253 1.746048156059874 285.0600000000307
14254 1.746153608071998 285.0800000000307
14255 1.745834891997059 285.1000000000307
14256 1.745111742687127 285.1200000000306
14257 1.743975734576359 285.1400000000306
14258 1.742538755229873 285.1600000000306
14259 1.740608101565375 285.1800000000306
14260 1.738230877520031 285.2000000000306
14261 1.735490195036379 285.2200000000306
14262 1.732504937514487 285.2400000000305
14263 1.729134292018701 285.2600000000305
14264 1.725499778958925 285.2800000000305
14265 1.721575393144882 285.3000000000305
14266 1.717251558825162 285.3200000000305
14267 1.712524997702792 285.3400000000304
14268 1.70755615338267 285.3600000000304
14269 1.702204681393989 285.3800000000304
14270 1.696627963397721 285.4000000000304
14271 1.690848305920368 285.4200000000304
14272 1.684762761088668 285.4400000000304
14273 1.678308998572822 285.4600000000303
14274 1.671618292416434 285.4800000000303
14275 1.664850162524121 285.5000000000303
14276 1.657815496629081 285.5200000000303
14277 1.650503844471537 285.5400000000303
14278 1.642933205599613 285.5600000000302
14279 1.635178207139812 285.5800000000302
14280 1.627288063596485 285.6000000000302
14281 1.619200535017474 285.6200000000302
14282 1.610849100465818 285.6400000000302
14283 1.602517888059652 285.6600000000302
14284 1.594005254038689 285.6800000000301
14285 1.585412345913389 285.7000000000301
14286 1.576713299502906 285.7200000000301
14287 1.56786597954207 285.7400000000301
14288 1.558966547664054 285.7600000000301
14289 1.550100274739078 285.78000000003
14290 1.541141520444952 285.80000000003
14291 1.532234594619407 285.82000000003
14292 1.523301325244849 285.84000000003
14293 1.514309055249406 285.86000000003
14294 1.505340332712946 285.88000000003
14295 1.496375973627222 285.9000000000299
14296 1.487458624128125 285.9200000000299
14297 1.478633728022548 285.9400000000299
14298 1.469789762067795 285.9600000000299
14299 1.460991092099224 285.9800000000299
14300 1.452316280384603 286.0000000000298
14301 1.443749280432316 286.0200000000298
14302 1.435233846180492 286.0400000000298
14303 1.42689205661716 286.0600000000298
14304 1.418670774826836 286.0800000000298
14305 1.410645987723894 286.1000000000298
14306 1.402779287869132 286.1200000000297
14307 1.395110333403515 286.1400000000297
14308 1.387633913676007 286.1600000000297
14309 1.380423029208336 286.1800000000297
14310 1.373440756965387 286.2000000000297
14311 1.366575177000349 286.2200000000296
14312 1.360012294456606 286.2400000000296
14313 1.353645503472592 286.2600000000296
14314 1.347591959522445 286.2800000000296
14315 1.341733615730033 286.3000000000296
14316 1.336091461904973 286.3200000000296
14317 1.330706803066594 286.3400000000295
14318 1.325475559444471 286.3600000000295
14319 1.320495061228524 286.3800000000295
14320 1.315800626676797 286.4000000000295
14321 1.311442182775215 286.4200000000295
14322 1.307390060232384 286.4400000000294
14323 1.303735325401469 286.4600000000294
14324 1.300742935564299 286.4800000000294
14325 1.297971778507577 286.5000000000294
14326 1.295531660998056 286.5200000000294
14327 1.293360170486469 286.5400000000294
14328 1.291406310532341 286.5600000000293
14329 1.289714132311867 286.5800000000293
14330 1.288185368797639 286.6000000000293
14331 1.286939226681472 286.6200000000293
14332 1.286261093383131 286.6400000000293
14333 1.285698071834573 286.6600000000292
14334 1.285588382194254 286.6800000000292
14335 1.28613266606126 286.7000000000292
14336 1.287034896765903 286.7200000000292
14337 1.288408538640428 286.7400000000292
14338 1.289906711092409 286.7600000000292
14339 1.291869569028132 286.7800000000291
14340 1.294451103340066 286.8000000000291
14341 1.296760492890324 286.8200000000291
14342 1.299390604469051 286.8400000000291
14343 1.302565190116184 286.8600000000291
14344 1.305821502500163 286.880000000029
14345 1.309487633536176 286.900000000029
14346 1.31371855847286 286.920000000029
14347 1.318383442785509 286.940000000029
14348 1.323332967053498 286.960000000029
14349 1.328581259956322 286.980000000029
14350 1.334064294087325 287.0000000000289
14351 1.339708024272874 287.0200000000289
14352 1.345910463661856 287.0400000000289
14353 1.352115985976569 287.0600000000289
14354 1.358681262125561 287.0800000000289
14355 1.365403000957539 287.1000000000288
14356 1.372365453188545 287.1200000000288
14357 1.379883691409886 287.1400000000288
14358 1.387594913475479 287.1600000000288
14359 1.395290975278903 287.1800000000288
14360 1.403170947673013 287.2000000000288
14361 1.411428965426586 287.2200000000287
14362 1.419730334882702 287.2400000000287
14363 1.428159271457898 287.2600000000287
14364 1.436766615272897 287.2800000000287
14365 1.445701507492554 287.3000000000287
14366 1.454698919984283 287.3200000000286
14367 1.463703758453733 287.3400000000286
14368 1.472873801139656 287.3600000000286
14369 1.482132410855761 287.3800000000286
14370 1.49139643529948 287.4000000000286
14371 1.500659135936322 287.4200000000286
14372 1.509846397451214 287.4400000000285
14373 1.519142890670192 287.4600000000285
14374 1.528199154647282 287.4800000000285
14375 1.537473450645439 287.5000000000285
14376 1.546776138511256 287.5200000000285
14377 1.556011783569386 287.5400000000284
14378 1.56502399313338 287.5600000000284
14379 1.573995575967011 287.5800000000284
14380 1.582875169837161 287.6000000000284
14381 1.591605622021834 287.6200000000284
14382 1.600194456809874 287.6400000000284
14383 1.608672080023456 287.6600000000283
14384 1.616932360334603 287.6800000000283
14385 1.624941762948484 287.7000000000283
14386 1.632730743380552 287.7200000000283
14387 1.640372309402539 287.7400000000283
14388 1.647780498358848 287.7600000000282
14389 1.654943569649304 287.7800000000282
14390 1.661928975382493 287.8000000000282
14391 1.668719624223108 287.8200000000282
14392 1.675157565368618 287.8400000000282
14393 1.681273381919106 287.8600000000282
14394 1.687070833726963 287.8800000000281
14395 1.692642389067264 287.9000000000281
14396 1.697809474245577 287.9200000000281
14397 1.702670040893024 287.9400000000281
14398 1.70730248872104 287.9600000000281
14399 1.71162635486683 287.980000000028
14400 1.715648224074522 288.000000000028
14401 1.719128630396064 288.020000000028
14402 1.722291119715593 288.040000000028
14403 1.724992322751789 288.060000000028
14404 1.727387396131869 288.080000000028
14405 1.729474688493697 288.1000000000279
14406 1.731170901596381 288.1200000000279
14407 1.732391733144921 288.1400000000279
14408 1.733253063790591 288.1600000000279
14409 1.733638238571789 288.1800000000279
14410 1.733698244447385 288.2000000000278
14411 1.733456756824954 288.2200000000278
14412 1.732920204824118 288.2400000000278
14413 1.731983302105143 288.2600000000278
14414 1.730714657657484 288.2800000000278
14415 1.728970821277158 288.3000000000278
14416 1.72686591052902 288.3200000000277
14417 1.724362317279381 288.3400000000277
14418 1.721628608314897 288.3600000000277
14419 1.718523123180523 288.3800000000277
14420 1.715146531356772 288.4000000000277
14421 1.711336090113489 288.4200000000276
14422 1.707190597156369 288.4400000000276
14423 1.702680211330441 288.4600000000276
14424 1.697917752021362 288.4800000000276
14425 1.692794511646668 288.5000000000276
14426 1.687340581789984 288.5200000000276
14427 1.681677773184555 288.5400000000275
14428 1.675727574262808 288.5600000000275
14429 1.66950945742548 288.5800000000275
14430 1.6629641129453 288.6000000000275
14431 1.656129484533793 288.6200000000275
14432 1.649214029512698 288.6400000000274
14433 1.642044121829204 288.6600000000274
14434 1.634645739144034 288.6800000000274
14435 1.627093599290708 288.7000000000274
14436 1.619303564436386 288.7200000000274
14437 1.61133843613746 288.7400000000274
14438 1.603242117783996 288.7600000000273
14439 1.594967318595366 288.7800000000273
14440 1.586569440702848 288.8000000000273
14441 1.578122809044167 288.8200000000273
14442 1.569567846021953 288.8400000000273
14443 1.560922877348114 288.8600000000272
14444 1.552250603306768 288.8800000000272
14445 1.543467883398006 288.9000000000272
14446 1.534670432589396 288.9200000000272
14447 1.525841071907619 288.9400000000272
14448 1.516900865792033 288.9600000000272
14449 1.507974259179952 288.9800000000271
14450 1.499159141758524 289.0000000000271
14451 1.490317468572097 289.0200000000271
14452 1.481524770717657 289.0400000000271
14453 1.4727974173809 289.0600000000271
14454 1.46410808208953 289.080000000027
14455 1.455508675433031 289.100000000027
14456 1.446985783180594 289.120000000027
14457 1.438599742875728 289.140000000027
14458 1.43028784005453 289.160000000027
14459 1.422087856024147 289.180000000027
14460 1.414082752445693 289.2000000000269
14461 1.406170731657836 289.2200000000269
14462 1.398459871242808 289.2400000000269
14463 1.390855252405078 289.2600000000269
14464 1.383567771157258 289.2800000000269
14465 1.376369804997512 289.3000000000268
14466 1.369547463811825 289.3200000000268
14467 1.362817298165836 289.3400000000268
14468 1.356327223880068 289.3600000000268
14469 1.350157361043777 289.3800000000268
14470 1.344272363328476 289.4000000000268
14471 1.338591741279052 289.4200000000267
14472 1.33311334630427 289.4400000000267
14473 1.327921696771843 289.4600000000267
14474 1.322877860690742 289.4800000000267
14475 1.318269838811175 289.5000000000267
14476 1.313959741549531 289.5200000000266
14477 1.309956379697316 289.5400000000266
14478 1.306486728973253 289.5600000000266
14479 1.303338263922741 289.5800000000266
14480 1.300373443298086 289.6000000000266
14481 1.297679542681094 289.6200000000266
14482 1.295395566225983 289.6400000000265
14483 1.293457897935768 289.6600000000265
14484 1.291876156349349 289.6800000000265
14485 1.290566196916038 289.7000000000265
14486 1.289756032915914 289.7200000000265
14487 1.289332959851281 289.7400000000264
14488 1.28924424482332 289.7600000000264
14489 1.289698677153174 289.7800000000264
14490 1.290509559459715 289.8000000000264
14491 1.291515723169717 289.8200000000264
14492 1.292793418680386 289.8400000000264
14493 1.2945023741156 289.8600000000263
14494 1.296375335847843 289.8800000000263
14495 1.298909586915123 289.9000000000263
14496 1.302032455635227 289.9200000000263
14497 1.306186292693898 289.9400000000263
14498 1.309864119142127 289.9600000000262
14499 1.314239634342724 289.9800000000262
14500 1.318382354360505 290.0000000000262
14501 1.322853525735784 290.0200000000262
14502 1.327753580902004 290.0400000000262
14503 1.33309628898255 290.0600000000262
14504 1.338608990136117 290.0800000000261
14505 1.344745952485565 290.1000000000261
14506 1.3510026312195 290.1200000000261
14507 1.357691835498078 290.1400000000261
14508 1.364725382987282 290.1600000000261
14509 1.372033760238338 290.180000000026
14510 1.37959394310126 290.200000000026
14511 1.387430947209077 290.220000000026
14512 1.395258180191933 290.240000000026
14513 1.403382774058896 290.260000000026
14514 1.411946491201203 290.280000000026
14515 1.420405521120757 290.3000000000259
14516 1.42915622583588 290.3200000000259
14517 1.437938700089462 290.3400000000259
14518 1.446957926742889 290.3600000000259
14519 1.456255857249771 290.3800000000259
14520 1.465633716032682 290.4000000000258
14521 1.475078759765454 290.4200000000258
14522 1.484506709387749 290.4400000000258
14523 1.493900278199889 290.4600000000258
14524 1.503390928912005 290.4800000000258
14525 1.513098218429506 290.5000000000258
14526 1.52274161447967 290.5200000000257
14527 1.532293899484548 290.5400000000257
14528 1.541780541498982 290.5600000000257
14529 1.551251290485427 290.5800000000257
14530 1.560724325899541 290.6000000000257
14531 1.570100079723669 290.6200000000256
14532 1.579494368867612 290.6400000000256
14533 1.588694628435833 290.6600000000256
14534 1.597768233065976 290.6800000000256
14535 1.606644114933475 290.7000000000256
14536 1.615236132101598 290.7200000000255
14537 1.623759937376693 290.7400000000255
14538 1.632201647851096 290.7600000000255
14539 1.640524199309402 290.7800000000255
14540 1.64857265694723 290.8000000000255
14541 1.656304801632324 290.8200000000255
14542 1.66370889749002 290.8400000000254
14543 1.67094223256963 290.8600000000254
14544 1.677876720845565 290.8800000000254
14545 1.684532015933831 290.9000000000254
14546 1.690960999062486 290.9200000000254
14547 1.697072459695901 290.9400000000253
14548 1.702923661403336 290.9600000000253
14549 1.708252527037321 290.9800000000253
14550 1.713352178797642 291.0000000000253
14551 1.718157233098323 291.0200000000253
14552 1.722586968074364 291.0400000000253
14553 1.726661721244321 291.0600000000252
14554 1.730400529189322 291.0800000000252
14555 1.733698147661797 291.1000000000252
14556 1.736574822399493 291.1200000000252
14557 1.738990726547361 291.1400000000252
14558 1.7411320575213 291.1600000000251
14559 1.742965681549528 291.1800000000251
14560 1.744457739063542 291.2000000000251
14561 1.745467348833885 291.2200000000251
14562 1.74599054033833 291.2400000000251
14563 1.74619988872707 291.2600000000251
14564 1.746043600748572 291.280000000025
14565 1.745448253435316 291.300000000025
14566 1.744461294882648 291.320000000025
14567 1.743134021008019 291.340000000025
14568 1.741378581415234 291.360000000025
14569 1.739135255828049 291.3800000000249
14570 1.73651192109877 291.4000000000249
14571 1.733606508381283 291.4200000000249
14572 1.730387432774098 291.4400000000249
14573 1.726808376903172 291.4600000000249
14574 1.723017398908922 291.4800000000249
14575 1.718824735998478 291.5000000000248
14576 1.714230025856212 291.5200000000248
14577 1.709333788871956 291.5400000000248
14578 1.704112016600423 291.5600000000248
14579 1.698598255520324 291.5800000000248
14580 1.692901575225093 291.6000000000247
14581 1.686930295025695 291.6200000000247
14582 1.680607267562578 291.6400000000247
14583 1.673944218967416 291.6600000000247
14584 1.667243440507419 291.6800000000247
14585 1.660297923825399 291.7000000000247
14586 1.653069402127654 291.7200000000246
14587 1.645597565573798 291.7400000000246
14588 1.637895202424396 291.7600000000246
14589 1.630040925255377 291.7800000000246
14590 1.622033745325487 291.8000000000246
14591 1.613760234598226 291.8200000000245
14592 1.60542110205239 291.8400000000245
14593 1.59697001308455 291.8600000000245
14594 1.588398622119785 291.8800000000245
14595 1.579744458112102 291.9000000000245
14596 1.570947224532375 291.9200000000245
14597 1.562048750581766 291.9400000000244
14598 1.553169690136463 291.9600000000244
14599 1.544249935382679 291.9800000000244
14600 1.535311515492805 292.0000000000244
14601 1.526399087218144 292.0200000000244
14602 1.517415795062999 292.0400000000243
14603 1.508436457283042 292.0600000000243
14604 1.499468945104131 292.0800000000243
14605 1.490525255160288 292.1000000000243
14606 1.481676539930693 292.1200000000243
14607 1.472844789914409 292.1400000000243
14608 1.464021855707965 292.1600000000242
14609 1.455287215496356 292.1800000000242
14610 1.446707017308638 292.2000000000242
14611 1.438149576868661 292.2200000000242
14612 1.429747638586365 292.2400000000242
14613 1.421485751601947 292.2600000000241
14614 1.413387685491085 292.2800000000241
14615 1.405480846979698 292.3000000000241
14616 1.397738389542162 292.3200000000241
14617 1.390185799257566 292.3400000000241
14618 1.382885995365741 292.3600000000241
14619 1.375853323999424 292.380000000024
14620 1.368901662277871 292.400000000024
14621 1.362262898127681 292.420000000024
14622 1.355808140735898 292.440000000024
14623 1.349647907027407 292.460000000024
14624 1.343728205749765 292.4800000000239
14625 1.338022259112682 292.5000000000239
14626 1.33253161464244 292.5200000000239
14627 1.327256063996762 292.5400000000239
14628 1.322180373552074 292.5600000000239
14629 1.31737996538482 292.5800000000239
14630 1.312902928011049 292.6000000000238
14631 1.308759693364343 292.6200000000238
14632 1.30493241474668 292.6400000000238
14633 1.301751314551317 292.6600000000238
14634 1.298900144726773 292.6800000000238
14635 1.296334371627116 292.7000000000237
14636 1.294106577845987 292.7200000000237
14637 1.292053424945141 292.7400000000237
14638 1.290293784769786 292.7600000000237
14639 1.288713683252621 292.7800000000237
14640 1.28731147036216 292.8000000000237
14641 1.286498587859096 292.8200000000236
14642 1.285888379245899 292.8400000000236
14643 1.285555133753816 292.8600000000236
14644 1.285911656160648 292.8800000000236
14645 1.28671315681252 292.9000000000236
14646 1.287888932474051 292.9200000000235
14647 1.289369404493716 292.9400000000235
14648 1.291160154885497 292.9600000000235
14649 1.293493903365335 292.9800000000235
14650 1.296073918506375 293.0000000000235
14651 1.298421597938434 293.0200000000235
14652 1.301438351193858 293.0400000000234
14653 1.304719298754438 293.0600000000234
14654 1.308191070528539 293.0800000000234
14655 1.312216518027082 293.1000000000234
14656 1.31678308041921 293.1200000000234
14657 1.321608077402699 293.1400000000233
14658 1.326778102058195 293.1600000000233
14659 1.33218482665575 293.1800000000233
14660 1.337729724406381 293.2000000000233
14661 1.343791742108654 293.2200000000233
14662 1.349976855357506 293.2400000000233
14663 1.356403047463398 293.2600000000232
14664 1.363111790435547 293.2800000000232
14665 1.369920150404363 293.3000000000232
14666 1.377285061656446 293.3200000000232
14667 1.384965257349285 293.3400000000232
14668 1.392710195335692 293.3600000000231
14669 1.400403762695816 293.3800000000231
14670 1.408612940883814 293.4000000000231
14671 1.416915200334663 293.4200000000231
14672 1.425262046141538 293.4400000000231
14673 1.433814636667653 293.4600000000231
14674 1.442613406902192 293.480000000023
14675 1.451715220204026 293.500000000023
14676 1.460616072219723 293.520000000023
14677 1.469737565495841 293.540000000023
14678 1.478980951031529 293.560000000023
14679 1.488260748879723 293.5800000000229
14680 1.497521678990204 293.6000000000229
14681 1.506728362958741 293.6200000000229
14682 1.516015954691097 293.6400000000229
14683 1.525097923639223 293.6600000000229
14684 1.534322194168888 293.6800000000229
14685 1.543622770962784 293.7000000000228
14686 1.552876683881155 293.7200000000228
14687 1.561977928584218 293.7400000000228
14688 1.570992737891256 293.7600000000228
14689 1.579864233841505 293.7800000000228
14690 1.588698589945031 293.8000000000227
14691 1.597276793657789 293.8200000000227
14692 1.605838852443116 293.8400000000227
14693 1.614187077913771 293.8600000000227
14694 1.622257142407846 293.8800000000227
14695 1.630096948076034 293.9000000000227
14696 1.637828047093628 293.9200000000226
14697 1.645312133053085 293.9400000000226
14698 1.652565708025968 293.9600000000226
14699 1.659597369186157 293.9800000000226
14700 1.666466222996478 294.0000000000226
14701 1.673026033396464 294.0200000000225
14702 1.679258549934822 294.0400000000225
14703 1.685140414643965 294.0600000000225
14704 1.690799625398666 294.0800000000225
14705 1.696145342626415 294.1000000000225
14706 1.701040736730423 294.1200000000225
14707 1.705816713637649 294.1400000000224
14708 1.710193301300041 294.1600000000224
14709 1.714374128761152 294.1800000000224
14710 1.718001305043631 294.2000000000224
14711 1.721306340729626 294.2200000000224
14712 1.724136807383984 294.2400000000223
14713 1.726635622372131 294.2600000000223
14714 1.728810883765032 294.2800000000223
14715 1.730730028984756 294.3000000000223
14716 1.732042961747535 294.3200000000223
14717 1.733048632648271 294.3400000000223
14718 1.733558812007815 294.3600000000222
14719 1.733754946982173 294.3800000000222
14720 1.733597901082358 294.4000000000222
14721 1.733182257797818 294.4200000000222
14722 1.732375132729034 294.4400000000222
14723 1.731213340895549 294.4600000000221
14724 1.72964586108697 294.4800000000221
14725 1.727659262160791 294.5000000000221
14726 1.725288018078718 294.5200000000221
14727 1.722640114768941 294.5400000000221
14728 1.719643462845942 294.5600000000221
14729 1.716368311216579 294.580000000022
14730 1.71272035976725 294.600000000022
14731 1.708661603505938 294.620000000022
14732 1.704290236770014 294.640000000022
14733 1.69960397110669 294.660000000022
14734 1.694611638456713 294.6800000000219
14735 1.689266462605171 294.7000000000219
14736 1.683663448223949 294.7200000000219
14737 1.677823545285294 294.7400000000219
14738 1.671688101463437 294.7600000000219
14739 1.66526515968252 294.7800000000219
14740 1.658505942079724 294.8000000000218
14741 1.651617715129582 294.8200000000218
14742 1.644562513496908 294.8400000000218
14743 1.637214275295602 294.8600000000218
14744 1.629723412612479 294.8800000000218
14745 1.622005051687839 294.9000000000217
14746 1.614103231041774 294.9200000000217
14747 1.606052540390552 294.9400000000217
14748 1.597818486674125 294.9600000000217
14749 1.58948012656282 294.9800000000217
14750 1.581023020885132 295.0000000000217
14751 1.572536853386671 295.0200000000216
14752 1.563880953349753 295.0400000000216
14753 1.555248304674457 295.0600000000216
14754 1.546492462605608 295.0800000000216
14755 1.537686265292799 295.1000000000216
14756 1.52889103718302 295.1200000000215
14757 1.519976134095848 295.1400000000215
14758 1.511035959465961 295.1600000000215
14759 1.502174303904139 295.1800000000215
14760 1.493364077188076 295.2000000000215
14761 1.48452220159023 295.2200000000215
14762 1.475789727320168 295.2400000000214
14763 1.467103725140002 295.2600000000214
14764 1.458426554798691 295.2800000000214
14765 1.449891588851392 295.3000000000214
14766 1.441458830526884 295.3200000000214
14767 1.433124241479569 295.3400000000213
14768 1.424888481822858 295.3600000000213
14769 1.416809758802801 295.3800000000213
14770 1.408883185509069 295.4000000000213
14771 1.401089891895364 295.4200000000213
14772 1.393446429337702 295.4400000000213
14773 1.386003870707575 295.4600000000212
14774 1.378821091477474 295.4800000000212
14775 1.371845263085528 295.5000000000212
14776 1.365119870606595 295.5200000000212
14777 1.358514366229706 295.5400000000212
14778 1.352250599325437 295.5600000000211
14779 1.346257994711736 295.5800000000211
14780 1.340518743832533 295.6000000000211
14781 1.334962042482528 295.6200000000211
14782 1.329719007181103 295.6400000000211
14783 1.324547204171751 295.6600000000211
14784 1.319809567987808 295.680000000021
14785 1.31543358494882 295.700000000021
14786 1.311260371765431 295.720000000021
14787 1.307634305436109 295.740000000021
14788 1.304407162734509 295.760000000021
14789 1.301353099462274 295.7800000000209
14790 1.298571201243745 295.8000000000209
14791 1.296135761848887 295.8200000000209
14792 1.29408502838235 295.8400000000209
14793 1.292394282327948 295.8600000000209
14794 1.291002255389599 295.8800000000209
14795 1.289957898182267 295.9000000000208
14796 1.289473846855613 295.9200000000208
14797 1.289210522586247 295.9400000000208
14798 1.289524346818409 295.9600000000208
14799 1.290227548802217 295.9800000000208
14800 1.291153535245295 296.0000000000207
14801 1.292342327492601 296.0200000000207
14802 1.293880204788965 296.0400000000207
14803 1.295728181859639 296.0600000000207
14804 1.297999270290985 296.0800000000207
14805 1.300845973441542 296.1000000000207
14806 1.304777713688316 296.1200000000206
14807 1.308610122996607 296.1400000000206
14808 1.312682321186081 296.1600000000206
14809 1.316931303222065 296.1800000000206
14810 1.32129463329359 296.2000000000206
14811 1.326062424439882 296.2200000000205
14812 1.331256169981289 296.2400000000205
14813 1.336671843460593 296.2600000000205
14814 1.342591987373136 296.2800000000205
14815 1.348867120772698 296.3000000000205
14816 1.355361332110754 296.3200000000205
14817 1.36230658359415 296.3400000000204
14818 1.369525598860636 296.3600000000204
14819 1.376972395645276 296.3800000000204
14820 1.384799553570101 296.4000000000204
14821 1.392576005718982 296.4200000000204
14822 1.400574633189958 296.4400000000203
14823 1.409015748560376 296.4600000000203
14824 1.417518968893937 296.4800000000203
14825 1.426170305761034 296.5000000000203
14826 1.434936945234532 296.5200000000203
14827 1.443842225488235 296.5400000000203
14828 1.453084039495647 296.5600000000202
14829 1.462433443783468 296.5800000000202
14830 1.471854652043074 296.6000000000202
14831 1.481338113290374 296.6200000000202
14832 1.49071997876577 296.6400000000202
14833 1.500133985289414 296.6600000000201
14834 1.509818756109375 296.6800000000201
14835 1.519491849892856 296.7000000000201
14836 1.529064210038582 296.7200000000201
14837 1.538588326824046 296.7400000000201
14838 1.548024621912083 296.7600000000201
14839 1.55752042006158 296.78000000002
14840 1.566935122822859 296.80000000002
14841 1.57632134178947 296.82000000002
14842 1.585584253545322 296.84000000002
14843 1.59471022292824 296.86000000002
14844 1.603664218676454 296.8800000000199
14845 1.612350481303314 296.9000000000199
14846 1.620868273468741 296.9200000000199
14847 1.629374883499839 296.9400000000199
14848 1.637728067426222 296.9600000000199
14849 1.645879110772383 296.9800000000199
14850 1.653729576859036 297.0000000000198
14851 1.6612317612659 297.0200000000198
14852 1.668524385606778 297.0400000000198
14853 1.675573027403181 297.0600000000198
14854 1.682301616042686 297.0800000000198
14855 1.688847482718282 297.1000000000197
14856 1.695028442849222 297.1200000000197
14857 1.701018324879086 297.1400000000197
14858 1.7064939122686 297.1600000000197
14859 1.711661496193217 297.1800000000197
14860 1.716573569010359 297.2000000000197
14861 1.721149039502296 297.2200000000196
14862 1.725319693982073 297.2400000000196
14863 1.729203105682706 297.2600000000196
14864 1.732666919523281 297.2800000000196
14865 1.73568310841381 297.3000000000196
14866 1.738239920129684 297.3200000000195
14867 1.740462125508106 297.3400000000195
14868 1.742388825767398 297.3600000000195
14869 1.744025325974425 297.3800000000195
14870 1.745219064569466 297.4000000000195
14871 1.745871957012995 297.4200000000195
14872 1.74618862162617 297.4400000000194
14873 1.746193937141194 297.4600000000194
14874 1.745728147792885 297.4800000000194
14875 1.744869236349218 297.5000000000194
14876 1.743629364881989 297.5200000000194
14877 1.742064493874495 297.5400000000193
14878 1.739945959614018 297.5600000000193
14879 1.737485291462333 297.5800000000193
14880 1.734651330455839 297.6000000000193
14881 1.731560971265464 297.6200000000193
14882 1.728076693829145 297.6400000000193
14883 1.72437860883905 297.6600000000192
14884 1.720319194524675 297.6800000000192
14885 1.715872575568413 297.7000000000192
14886 1.711046988607844 297.7200000000192
14887 1.705965473815313 297.7400000000192
14888 1.700524469153898 297.7600000000191
14889 1.69489401841794 297.7800000000191
14890 1.689026460884133 297.8000000000191
14891 1.682825975785091 297.8200000000191
14892 1.676263772662889 297.8400000000191
14893 1.669567406154562 297.8600000000191
14894 1.662714468523663 297.880000000019
14895 1.655586403013608 297.900000000019
14896 1.648200282351983 297.920000000019
14897 1.640557637703568 297.940000000019
14898 1.632749276126992 297.960000000019
14899 1.624811576130096 297.9800000000189
14900 1.616638860964098 298.0000000000189
14901 1.60827140153959 298.0200000000189
14902 1.59989605780674 298.0400000000189
14903 1.591344339877012 298.0600000000189
14904 1.58272932820377 298.0800000000189
14905 1.573984854405087 298.1000000000188
14906 1.565100021114829 298.1200000000188
14907 1.55620573567971 298.1400000000188
14908 1.547325292110089 298.1600000000188
14909 1.538363197519348 298.1800000000188
14910 1.529460845931616 298.2000000000187
14911 1.520495769230792 298.2200000000187
14912 1.511511851482463 298.2400000000187
14913 1.502534514945463 298.2600000000187
14914 1.493584154700379 298.2800000000187
14915 1.48469599926125 298.3000000000187
14916 1.475873746560481 298.3200000000186
14917 1.46703245887791 298.3400000000186
14918 1.458257705466313 298.3600000000186
14919 1.449628973393605 298.3800000000186
14920 1.441067465744944 298.4000000000186
14921 1.43260094659097 298.4200000000185
14922 1.424303859807536 298.4400000000185
14923 1.416127187663225 298.4600000000185
14924 1.408167880479042 298.4800000000185
14925 1.40035859171593 298.5000000000185
14926 1.392744755781888 298.5200000000185
14927 1.385338566540321 298.5400000000184
14928 1.378203815181089 298.5600000000184
14929 1.37126751025694 298.5800000000184
14930 1.364501335115896 298.6000000000184
14931 1.357985957199031 298.6200000000184
14932 1.351717114994249 298.6400000000183
14933 1.345747030482839 298.6600000000183
14934 1.339952550699755 298.6800000000183
14935 1.334371885407357 298.7000000000183
14936 1.329053129296222 298.7200000000183
14937 1.323881025303505 298.7400000000183
14938 1.318984976440469 298.7600000000182
14939 1.314390485389137 298.7800000000182
14940 1.310136560651349 298.8000000000182
14941 1.306193415591287 298.8200000000182
14942 1.302754418423949 298.8400000000182
14943 1.299844247981643 298.8600000000181
14944 1.297186941117287 298.8800000000181
14945 1.294839236896485 298.9000000000181
14946 1.292728615069462 298.9200000000181
14947 1.290862155278457 298.9400000000181
14948 1.289242574750178 298.9600000000181
14949 1.287732002052482 298.980000000018
14950 1.286713585488623 299.000000000018
14951 1.286066480578318 299.020000000018
14952 1.285622652101056 299.040000000018
14953 1.285735501036461 299.060000000018
14954 1.286416909204907 299.0800000000179
14955 1.287406381266083 299.1000000000179
14956 1.288881351525174 299.1200000000179
14957 1.290502386196007 299.1400000000179
14958 1.292599384317509 299.1600000000179
14959 1.295368967980121 299.1800000000179
14960 1.297510467975056 299.2000000000178
14961 1.300370396309614 299.2200000000178
14962 1.303632300075897 299.2400000000178
14963 1.306943628477647 299.2600000000178
14964 1.310773456414195 299.2800000000178
14965 1.315203236345205 299.3000000000177
14966 1.3199364047556 299.3200000000177
14967 1.325004637449554 299.3400000000177
14968 1.330319835581169 299.3600000000177
14969 1.335841594209575 299.3800000000177
14970 1.341664168310286 299.4000000000177
14971 1.347898672143619 299.4200000000176
14972 1.354193180377278 299.4400000000176
14973 1.36085395210064 299.4600000000176
14974 1.367590221342121 299.4800000000176
14975 1.374748276777631 299.5000000000176
14976 1.382360293243975 299.5200000000175
14977 1.390101135198859 299.5400000000175
14978 1.397761189030463 299.5600000000175
14979 1.405818047908985 299.5800000000175
14980 1.414117234180918 299.6000000000175
14981 1.422422666768449 299.6200000000175
14982 1.430938945344334 299.6400000000174
14983 1.439604892295825 299.6600000000174
14984 1.448636722636248 299.6800000000174
14985 1.45757758458336 299.7000000000174
14986 1.466647086102761 299.7200000000174
14987 1.47585038057845 299.7400000000173
14988 1.485139360429775 299.7600000000173
14989 1.494366764171455 299.7800000000173
14990 1.503641620487945 299.8000000000173
14991 1.512857424632317 299.8200000000173
14992 1.522041558373012 299.8400000000173
14993 1.531193104378322 299.8600000000172
14994 1.5404833651485 299.8800000000172
14995 1.549768658678686 299.9000000000172
14996 1.558946322280273 299.9200000000172
14997 1.567982879308619 299.9400000000172
14998 1.576874810874436 299.9600000000171
14999 1.585760982288394 299.9800000000171
15000 1.594389428941495 300.0000000000171
15001 1.602998480694805 300.0200000000171
15002 1.611413942939645 300.0400000000171
15003 1.61959750656075 300.0600000000171
15004 1.627500704081929 300.080000000017
15005 1.635265431123173 300.100000000017
15006 1.642831099500303 300.120000000017
15007 1.650173231661674 300.140000000017
15008 1.657265439760808 300.160000000017
15009 1.664191015261801 300.1800000000169
15010 1.670875057399262 300.2000000000169
15011 1.677224573316797 300.2200000000169
15012 1.683209055770548 300.2400000000169
15013 1.688956319508343 300.2600000000169
15014 1.694416584954875 300.2800000000169
15015 1.699447034214618 300.3000000000168
15016 1.704292349659627 300.3200000000168
15017 1.708776509107754 300.3400000000168
15018 1.713038056108165 300.3600000000168
15019 1.716870845390491 300.3800000000168
15020 1.720273660053422 300.4000000000167
15021 1.723275287276587 300.4200000000167
15022 1.725883800894309 300.4400000000167
15023 1.728151195967294 300.4600000000167
15024 1.730195249370776 300.4800000000167
15025 1.731668510739767 300.5000000000167
15026 1.732800567737311 300.5200000000166
15027 1.733493004971835 300.5400000000166
15028 1.733783889514775 300.5600000000166
15029 1.733730514381321 300.5800000000166
15030 1.733406447333629 300.6000000000166
15031 1.732733827139291 300.6200000000165
15032 1.731697566840736 300.6400000000165
15033 1.730277866142623 300.6600000000165
15034 1.728415103914066 300.6800000000165
15035 1.726186714148725 300.7000000000165
15036 1.723610572107946 300.7200000000165
15037 1.720734248142147 300.7400000000164
15038 1.717551786424355 300.7600000000164
15039 1.714052967190799 300.7800000000164
15040 1.710115039928235 300.8000000000164
15041 1.70586758393872 300.8200000000164
15042 1.701255663606031 300.8400000000163
15043 1.696394359526217 300.8600000000163
15044 1.691159560218536 300.8800000000163
15045 1.685613570366849 300.9000000000163
15046 1.679885279319689 300.9200000000163
15047 1.673833381967816 300.9400000000163
15048 1.667528928199073 300.9600000000162
15049 1.660870697732393 300.9800000000162
15050 1.653994774628329 301.0000000000162
15051 1.647035435152903 301.0200000000162
15052 1.639760809374063 301.0400000000162
15053 1.632318382797631 301.0600000000161
15054 1.624686742692557 301.0800000000161
15055 1.616836316020453 301.1000000000161
15056 1.608830446216669 301.1200000000161
15057 1.600660940907499 301.1400000000161
15058 1.592362170094025 301.1600000000161
15059 1.583928101900097 301.180000000016
15060 1.575465040360815 301.200000000016
15061 1.56685388839313 301.220000000016
15062 1.558219163816859 301.240000000016
15063 1.549502647845244 301.260000000016
15064 1.540700632319014 301.2800000000159
15065 1.531909976348212 301.3000000000159
15066 1.523040441818852 301.3200000000159
15067 1.514085878982664 301.3400000000159
15068 1.505196050000397 301.3600000000159
15069 1.496388215887924 301.3800000000159
15070 1.487527057891558 301.4000000000158
15071 1.478771091778984 301.4200000000158
15072 1.470058212921809 301.4400000000158
15073 1.461371081359368 301.4600000000158
15074 1.452807828869354 301.4800000000158
15075 1.444322210462319 301.5000000000157
15076 1.435962685530903 301.5200000000157
15077 1.427684169739085 301.5400000000157
15078 1.419544392554942 301.5600000000157
15079 1.411584422792508 301.5800000000157
15080 1.403716878011156 301.6000000000157
15081 1.396046616426765 301.6200000000156
15082 1.388507448810619 301.6400000000156
15083 1.381279699603559 301.6600000000156
15084 1.374167306206629 301.6800000000156
15085 1.367424281927172 301.7000000000156
15086 1.360722334709974 301.7200000000155
15087 1.354348407694269 301.7400000000155
15088 1.348265607365601 301.7600000000155
15089 1.342461147565595 301.7800000000155
15090 1.336819299470344 301.8000000000155
15091 1.331480406866028 301.8200000000155
15092 1.326277349826988 301.8400000000154
15093 1.321388272948474 301.8600000000154
15094 1.316912814818766 301.8800000000154
15095 1.312635626888673 301.9000000000154
15096 1.308820236838887 301.9200000000154
15097 1.305472553696778 301.9400000000153
15098 1.302371073538593 301.9600000000153
15099 1.299507789242509 301.9800000000153
15100 1.296895011485463 302.0000000000153
15101 1.294751650683856 302.0200000000153
15102 1.292933337323861 302.0400000000153
15103 1.291459176727689 302.0600000000152
15104 1.290225475008452 302.0800000000152
15105 1.289629851796698 302.1000000000152
15106 1.289250431476094 302.1200000000152
15107 1.289380488953058 302.1400000000152
15108 1.289961007206564 302.1600000000151
15109 1.290817745027495 302.1800000000151
15110 1.291911465863621 302.2000000000151
15111 1.293319936519197 302.2200000000151
15112 1.295099171591379 302.2400000000151
15113 1.297145540414937 302.2600000000151
15114 1.299813281908866 302.280000000015
15115 1.303355340494406 302.300000000015
15116 1.307361178964398 302.320000000015
15117 1.311208077634318 302.340000000015
15118 1.315537514176554 302.360000000015
15119 1.319807609766077 302.3800000000149
15120 1.324417937522672 302.4000000000149
15121 1.329433282469595 302.4200000000149
15122 1.334834339371297 302.4400000000149
15123 1.340526650868857 302.4600000000149
15124 1.346798473696464 302.4800000000149
15125 1.35310245689178 302.5000000000148
15126 1.359942323115124 302.5200000000148
15127 1.367072156700652 302.5400000000148
15128 1.374445334214461 302.5600000000148
15129 1.382151868936025 302.5800000000148
15130 1.38993359020013 302.6000000000147
15131 1.397876438410159 302.6200000000147
15132 1.406133268460401 302.6400000000147
15133 1.414703569182919 302.6600000000147
15134 1.423227788368632 302.6800000000147
15135 1.431989533954715 302.7000000000147
15136 1.440810259911941 302.7200000000146
15137 1.449957140129659 302.7400000000146
15138 1.459293324840641 302.7600000000146
15139 1.468705994957473 302.7800000000146
15140 1.478173928101565 302.8000000000146
15141 1.487565750503685 302.8200000000145
15142 1.496944305892386 302.8400000000145
15143 1.506555760669787 302.8600000000145
15144 1.516249428405285 302.8800000000145
15145 1.525868976381059 302.9000000000145
15146 1.535408487758693 302.9200000000145
15147 1.544850859452625 302.9400000000144
15148 1.554341881101001 302.9600000000144
15149 1.563792747588141 302.9800000000144
15150 1.573177754140432 303.0000000000144
15151 1.582508787299676 303.0200000000144
15152 1.591681170312973 303.0400000000143
15153 1.60069769787773 303.0600000000143
15154 1.609492666439509 303.0800000000143
15155 1.618042464992051 303.1000000000143
15156 1.626539583678382 303.1200000000143
15157 1.634943239863947 303.1400000000143
15158 1.643212973280433 303.1600000000142
15159 1.651146234777027 303.1800000000142
15160 1.658755999762595 303.2000000000142
15161 1.666123546388304 303.2200000000142
15162 1.673276763393107 303.2400000000142
15163 1.680107701237592 303.2600000000141
15164 1.686679536812709 303.2800000000141
15165 1.693032288759069 303.3000000000141
15166 1.699046873028488 303.3200000000141
15167 1.704749583405946 303.3400000000141
15168 1.709968382479379 303.3600000000141
15169 1.71500136576369 303.380000000014
15170 1.719713421989536 303.400000000014
15171 1.723995487624264 303.420000000014
15172 1.727983518009787 303.440000000014
15173 1.7315970788069 303.460000000014
15174 1.734744384199266 303.4800000000139
15175 1.737465081852411 303.5000000000139
15176 1.739788116083423 303.5200000000139
15177 1.741820873222741 303.5400000000139
15178 1.743566767768531 303.5600000000139
15179 1.74491671867547 303.5800000000139
15180 1.745742863114017 303.6000000000138
15181 1.746167513088845 303.6200000000138
15182 1.746277620019131 303.6400000000138
15183 1.745968510382572 303.6600000000138
15184 1.745251496289358 303.6800000000138
15185 1.744129499453291 303.7000000000137
15186 1.74269618578208 303.7200000000137
15187 1.74077561501123 303.7400000000137
15188 1.738405617955162 303.7600000000137
15189 1.73567202511704 303.7800000000137
15190 1.732689020098245 303.8000000000137
15191 1.729326795960515 303.8200000000136
15192 1.725694862483502 303.8400000000136
15193 1.721777583656214 303.8600000000136
15194 1.717459849017546 303.8800000000136
15195 1.712739956656738 303.9000000000136
15196 1.707776701185004 303.9200000000135
15197 1.702431638223144 303.9400000000135
15198 1.696852550602704 303.9600000000135
15199 1.69108010053529 303.9800000000135
15200 1.684999738446874 304.0000000000135
15201 1.67855302138671 304.0200000000135
15202 1.671858713214408 304.0400000000134
15203 1.665094145493088 304.0600000000134
15204 1.658062837207133 304.0800000000134
15205 1.650753902802865 304.1000000000134
15206 1.643190172289141 304.1200000000134
15207 1.635437158990648 304.1400000000133
15208 1.627544144395843 304.1600000000133
15209 1.619462913069294 304.1800000000133
15210 1.611116093656952 304.2000000000133
15211 1.602781114784629 304.2200000000133
15212 1.594271192139117 304.2400000000133
15213 1.585675631588785 304.2600000000132
15214 1.576978496618602 304.2800000000132
15215 1.568132440845813 304.3000000000132
15216 1.559229776634268 304.3200000000132
15217 1.550363543824308 304.3400000000132
15218 1.541402376699307 304.3600000000131
15219 1.532490569565188 304.3800000000131
15220 1.523556666709341 304.4000000000131
15221 1.514562398862273 304.4200000000131
15222 1.505589448952701 304.4400000000131
15223 1.496623166383228 304.4600000000131
15224 1.487699937322885 304.480000000013
15225 1.478871386224761 304.500000000013
15226 1.470026672334825 304.520000000013
15227 1.461220725137633 304.540000000013
15228 1.452537738884591 304.560000000013
15229 1.443969126196121 304.5800000000129
15230 1.435449086870847 304.6000000000129
15231 1.427101111246937 304.6200000000129
15232 1.418877040972648 304.6400000000129
15233 1.410844653773754 304.6600000000129
15234 1.402974653726047 304.6800000000129
15235 1.395301252009587 304.7000000000128
15236 1.387817465163608 304.7200000000128
15237 1.380607620559927 304.7400000000128
15238 1.373619078121157 304.7600000000128
15239 1.366749144177289 304.7800000000128
15240 1.360180280979713 304.8000000000127
15241 1.353806692593948 304.8200000000127
15242 1.347745458058174 304.8400000000127
15243 1.341879843425108 304.8600000000127
15244 1.336226988374196 304.8800000000127
15245 1.330832738014456 304.9000000000127
15246 1.325598977791765 304.9200000000126
15247 1.320615413418611 304.9400000000126
15248 1.31591115545792 304.9600000000126
15249 1.311550514076052 304.9800000000126
15250 1.307493806918808 305.0000000000126
15251 1.303825350119926 305.0200000000125
15252 1.300828669625439 305.0400000000125
15253 1.298049171942105 305.0600000000125
15254 1.295602497758221 305.0800000000125
15255 1.293423332928594 305.1000000000125
15256 1.291468029717308 305.1200000000125
15257 1.289769134415004 305.1400000000124
15258 1.288231151952913 305.1600000000124
15259 1.286978171799903 305.1800000000124
15260 1.286295779144915 305.2000000000124
15261 1.285728312443415 305.2200000000124
15262 1.285626797643119 305.2400000000123
15263 1.286162785367493 305.2600000000123
15264 1.287039523025382 305.2800000000123
15265 1.288404771325992 305.3000000000123
15266 1.28989947970234 305.3200000000123
15267 1.291860850802871 305.3400000000123
15268 1.294434222761643 305.3600000000122
15269 1.296749343856858 305.3800000000122
15270 1.299367368217166 305.4000000000122
15271 1.302533585734052 305.4200000000122
15272 1.305786333363394 305.4400000000122
15273 1.309446009614759 305.4600000000121
15274 1.313673608836714 305.4800000000121
15275 1.318329488497113 305.5000000000121
15276 1.323269842008851 305.5200000000121
15277 1.328524357078377 305.5400000000121
15278 1.33400178375796 305.5600000000121
15279 1.339641916356484 305.580000000012
15280 1.34583859972436 305.600000000012
15281 1.352042752033279 305.620000000012
15282 1.358601810278649 305.640000000012
15283 1.365329332209211 305.660000000012
15284 1.372282468090172 305.6800000000119
15285 1.379796933444014 305.7000000000119
15286 1.387507417469512 305.7200000000119
15287 1.395206706403984 305.7400000000119
15288 1.403080964589412 305.7600000000119
15289 1.411338558914844 305.7800000000119
15290 1.419644021470831 305.8000000000118
15291 1.428065316158678 305.8200000000118
15292 1.436672391692698 305.8400000000118
15293 1.445606972880308 305.8600000000118
15294 1.454614785773802 305.8800000000118
15295 1.463609997353553 305.9000000000117
15296 1.472781687889323 305.9200000000117
15297 1.482040992858441 305.9400000000117
15298 1.491313028684123 305.9600000000117
15299 1.500577334669093 305.9800000000117
15300 1.509768425119017 306.0000000000117
15301 1.519068864897429 306.0200000000116
15302 1.528130885300065 306.0400000000116
15303 1.537403373757607 306.0600000000116
15304 1.546707607379685 306.0800000000116
15305 1.55594566619618 306.1000000000116
15306 1.564962808234962 306.1200000000115
15307 1.5739421637539 306.1400000000115
15308 1.582819661614656 306.1600000000115
15309 1.591566059021334 306.1800000000115
15310 1.600148968879141 306.2000000000115
15311 1.608636327035848 306.2200000000115
15312 1.616902091984956 306.2400000000114
15313 1.624923402431726 306.2600000000114
15314 1.632710264882589 306.2800000000114
15315 1.640358733381866 306.3000000000114
15316 1.647773314644965 306.3200000000114
15317 1.65494179165153 306.3400000000113
15318 1.661933072242759 306.3600000000113
15319 1.668729007047868 306.3800000000113
15320 1.675167092122692 306.4000000000113
15321 1.681311537305068 306.4200000000113
15322 1.687095420931097 306.4400000000113
15323 1.692677084336755 306.4600000000112
15324 1.697857822417119 306.4800000000112
15325 1.702714377472964 306.5000000000112
15326 1.707357050000748 306.5200000000112
15327 1.711680527088922 306.5400000000112
15328 1.715719413724444 306.5600000000111
15329 1.719205826463395 306.5800000000111
15330 1.722371038355046 306.6000000000111
15331 1.725082190627212 306.6200000000111
15332 1.727483232941048 306.6400000000111
15333 1.729572312169193 306.6600000000111
15334 1.731285001184258 306.680000000011
15335 1.732507687310193 306.700000000011
15336 1.733378048760871 306.720000000011
15337 1.733768786728081 306.740000000011
15338 1.73383364409228 306.760000000011
15339 1.733594667520142 306.7800000000109
15340 1.733070469416624 306.8000000000109
15341 1.732130311470149 306.8200000000109
15342 1.730866054303316 306.8400000000109
15343 1.729132565645559 306.8600000000109
15344 1.72703258847397 306.8800000000109
15345 1.724531202148377 306.9000000000108
15346 1.721805682931532 306.9200000000108
15347 1.718702182524078 306.9400000000108
15348 1.715331039998569 306.9600000000108
15349 1.711526104370024 306.9800000000108
15350 1.707384513968587 307.0000000000107
15351 1.702878057012923 307.0200000000107
15352 1.698115668701651 307.0400000000107
15353 1.692997961109258 307.0600000000107
15354 1.687548644267215 307.0800000000107
15355 1.681886935223599 307.1000000000107
15356 1.675941670282708 307.1200000000106
15357 1.669725580374247 307.1400000000106
15358 1.663186205679055 307.1600000000106
15359 1.656350991831848 307.1800000000106
15360 1.649432878727938 307.2000000000106
15361 1.642271506563675 307.2200000000105
15362 1.634873191406631 307.2400000000105
15363 1.627322934337521 307.2600000000105
15364 1.619532918837286 307.2800000000105
15365 1.611569694689388 307.3000000000105
15366 1.603473176727067 307.3200000000105
15367 1.595195607521978 307.3400000000104
15368 1.586798020892491 307.3600000000104
15369 1.578347048292194 307.3800000000104
15370 1.569797323433967 307.4000000000104
15371 1.561144845137929 307.4200000000104
15372 1.552472714737333 307.4400000000103
15373 1.543691501961659 307.4600000000103
15374 1.534890106783466 307.4800000000103
15375 1.526061178139954 307.5000000000103
15376 1.517118234221655 307.5200000000103
15377 1.508186982652924 307.5400000000103
15378 1.499362596019273 307.5600000000102
15379 1.490529533671612 307.5800000000102
15380 1.481724780287929 307.6000000000102
15381 1.472998369077409 307.6200000000102
15382 1.464307223535872 307.6400000000102
15383 1.45570456715045 307.6600000000101
15384 1.447180210608692 307.6800000000101
15385 1.438789194348471 307.7000000000101
15386 1.430473805837534 307.7200000000101
15387 1.422269157053601 307.7400000000101
15388 1.414259036977866 307.7600000000101
15389 1.406347156318355 307.78000000001
15390 1.398623064603079 307.80000000001
15391 1.391026747415266 307.82000000001
15392 1.383723598991353 307.84000000001
15393 1.376522390602694 307.86000000001
15394 1.369692620243458 307.8800000000099
15395 1.362958996379707 307.9000000000099
15396 1.356464183617323 307.9200000000099
15397 1.350288003675998 307.9400000000099
15398 1.344396016506628 307.9600000000099
15399 1.338711600644298 307.9800000000099
15400 1.333230171442727 308.0000000000098
15401 1.32803229236795 308.0200000000098
15402 1.322984925677996 308.0400000000098
15403 1.318371470135537 308.0600000000098
15404 1.314060263434301 308.0800000000098
15405 1.310047772231945 308.1000000000097
15406 1.306569937729026 308.1200000000097
15407 1.303412984633517 308.1400000000097
15408 1.300452876839103 308.1600000000097
15409 1.297738248635451 308.1800000000097
15410 1.295462133424271 308.2000000000097
15411 1.293519447934365 308.2200000000096
15412 1.291934147439268 308.2400000000096
15413 1.29062016287439 308.2600000000096
15414 1.289797247366442 308.2800000000096
15415 1.289370168163898 308.3000000000096
15416 1.28927757771436 308.3200000000095
15417 1.289726647670757 308.3400000000095
15418 1.290529641465313 308.3600000000095
15419 1.291533284224574 308.3800000000095
15420 1.292804565430749 308.4000000000095
15421 1.294509441204996 308.4200000000095
15422 1.296378393846078 308.4400000000094
15423 1.298905684889219 308.4600000000094
15424 1.302022051630389 308.4800000000094
15425 1.306175278941677 308.5000000000094
15426 1.309852660927052 308.5200000000094
15427 1.31421881344924 308.5400000000093
15428 1.318358962321649 308.5600000000093
15429 1.32282804789651 308.5800000000093
15430 1.327728995125942 308.6000000000093
15431 1.33306863026896 308.6200000000093
15432 1.338575620830201 308.6400000000093
15433 1.344706050848841 308.6600000000092
15434 1.350962742827434 308.6800000000092
15435 1.357644413457728 308.7000000000092
15436 1.364676700030093 308.7200000000092
15437 1.371988967417258 308.7400000000092
15438 1.379546002817155 308.7600000000091
15439 1.387388580828561 308.7800000000091
15440 1.395218099485134 308.8000000000091
15441 1.403332096494034 308.8200000000091
15442 1.411895333780538 308.8400000000091
15443 1.42035759843743 308.8600000000091
15444 1.429108896247098 308.880000000009
15445 1.437893309875579 308.900000000009
15446 1.446907589971901 308.920000000009
15447 1.456202886327408 308.940000000009
15448 1.465584551819673 308.960000000009
15449 1.475027727562229 308.9800000000089
15450 1.484464284581081 309.0000000000089
15451 1.493862598096015 309.0200000000089
15452 1.503345942565962 309.0400000000089
15453 1.513054930395209 309.0600000000089
15454 1.522702612586061 309.0800000000089
15455 1.532258469347076 309.1000000000088
15456 1.541748793978254 309.1200000000088
15457 1.551221093713216 309.1400000000088
15458 1.560697291287588 309.1600000000088
15459 1.570073837598186 309.1800000000088
15460 1.579471828372758 309.2000000000087
15461 1.5886757164836 309.2200000000087
15462 1.597752370340019 309.2400000000087
15463 1.606636142682051 309.2600000000087
15464 1.615232671996675 309.2800000000087
15465 1.623758255671989 309.3000000000087
15466 1.63220072051601 309.3200000000086
15467 1.640527896790394 309.3400000000086
15468 1.648581435201612 309.3600000000086
15469 1.656322403019001 309.3800000000086
15470 1.663728044643494 309.4000000000086
15471 1.670964535489598 309.4200000000085
15472 1.677903217835888 309.4400000000085
15473 1.684562421197108 309.4600000000085
15474 1.690996741852352 309.4800000000085
15475 1.697117525100703 309.5000000000085
15476 1.702967828078192 309.5200000000085
15477 1.708307515762109 309.5400000000084
15478 1.713409059261633 309.5600000000084
15479 1.718213510926049 309.5800000000084
15480 1.722653332912559 309.6000000000084
15481 1.726731680045687 309.6200000000084
15482 1.730478317378699 309.6400000000083
15483 1.733783173714402 309.6600000000083
15484 1.736665616778082 309.6800000000083
15485 1.739083962588943 309.7000000000083
15486 1.741234833872813 309.7200000000083
15487 1.743061525818712 309.7400000000083
15488 1.744560483643372 309.7600000000082
15489 1.745578934969174 309.7800000000082
15490 1.746105907883551 309.8000000000082
15491 1.746316216749243 309.8200000000082
15492 1.746167118761869 309.8400000000082
15493 1.74557591542114 309.8600000000081
15494 1.744591443623534 309.8800000000081
15495 1.743266473411922 309.9000000000081
15496 1.741518172559159 309.9200000000081
15497 1.739276969616216 309.9400000000081
15498 1.736659584265713 309.9600000000081
15499 1.733753098085283 309.980000000008
15500 1.730538752818709 310.000000000008
15501 1.726961467758955 310.020000000008
15502 1.723172914711768 310.040000000008
15503 1.718982146888864 310.060000000008
15504 1.714394096200664 310.0800000000079
15505 1.70949639830352 310.1000000000079
15506 1.704277724681354 310.1200000000079
15507 1.69876521878275 310.1400000000079
15508 1.693068846816089 310.1600000000079
15509 1.687099823979733 310.1800000000079
15510 1.68077966870755 310.2000000000078
15511 1.674116365510537 310.2200000000078
15512 1.667415429665394 310.2400000000078
15513 1.660469478500788 310.2600000000078
15514 1.653242744204253 310.2800000000078
15515 1.645773827254082 310.3000000000077
15516 1.638071791880627 310.3200000000077
15517 1.630216129991042 310.3400000000077
15518 1.62221031693764 310.3600000000077
15519 1.613941183338405 310.3800000000077
15520 1.605596341244211 310.4000000000077
15521 1.597147910088176 310.4200000000076
15522 1.588572994053005 310.4400000000076
15523 1.579919942723347 310.4600000000076
15524 1.571123105964242 310.4800000000076
15525 1.562222123437018 310.5000000000076
15526 1.553340512523254 310.5200000000075
15527 1.544420904297492 310.5400000000075
15528 1.535477923811359 310.5600000000075
15529 1.526562166609987 310.5800000000075
15530 1.517578676086516 310.6000000000075
15531 1.508596228814218 310.6200000000075
15532 1.499625052755372 310.6400000000074
15533 1.490678771477854 310.6600000000074
15534 1.481826638552334 310.6800000000074
15535 1.47299237830729 310.7000000000074
15536 1.464164680413545 310.7200000000074
15537 1.455424868767835 310.7400000000073
15538 1.446840051186514 310.7600000000073
15539 1.438281802282196 310.7800000000073
15540 1.429874546699807 310.8000000000073
15541 1.421611554497115 310.8200000000073
15542 1.413506513244811 310.8400000000073
15543 1.405599041663288 310.8600000000072
15544 1.397853860033643 310.8800000000072
15545 1.39029631073146 310.9000000000072
15546 1.382997457052083 310.9200000000072
15547 1.375962932926907 310.9400000000072
15548 1.369007537614939 310.9600000000071
15549 1.362366858384525 310.9800000000071
15550 1.355907598038303 311.0000000000071
15551 1.349743117696111 311.0200000000071
15552 1.34381878244858 311.0400000000071
15553 1.338105047538854 311.0600000000071
15554 1.332606034679252 311.080000000007
15555 1.327328859884443 311.100000000007
15556 1.322250415304681 311.120000000007
15557 1.317447074316837 311.140000000007
15558 1.312967743564461 311.160000000007
15559 1.308823860557361 311.1800000000069
15560 1.304990303141621 311.2000000000069
15561 1.301807818387984 311.2200000000069
15562 1.298952308759342 311.2400000000069
15563 1.296380157358904 311.2600000000069
15564 1.294153644176746 311.2800000000069
15565 1.292096970632704 311.3000000000068
15566 1.290331653108643 311.3200000000068
15567 1.288742182063739 311.3400000000068
15568 1.287339544417621 311.3600000000068
15569 1.286522613784395 311.3800000000068
15570 1.285913737920949 311.4000000000067
15571 1.285581331971902 311.4200000000067
15572 1.285945071053719 311.4400000000067
15573 1.286733119895754 311.4600000000067
15574 1.287904924690646 311.4800000000067
15575 1.289386922480762 311.5000000000067
15576 1.291165819992002 311.5200000000066
15577 1.293503712238911 311.5400000000066
15578 1.296083247934703 311.5600000000066
15579 1.298425858564719 311.5800000000066
15580 1.301439827352649 311.6000000000066
15581 1.304716732543802 311.6200000000065
15582 1.308186545173581 311.6400000000065
15583 1.312212054096509 311.6600000000065
15584 1.316774714969392 311.6800000000065
15585 1.321599970994568 311.7000000000065
15586 1.326771374707529 311.7200000000065
15587 1.332176527413318 311.7400000000064
15588 1.337718971115233 311.7600000000064
15589 1.343780349059835 311.7800000000064
15590 1.349963466047032 311.8000000000064
15591 1.356389784222446 311.8200000000064
15592 1.363099568729541 311.8400000000063
15593 1.36991097738273 311.8600000000063
15594 1.377272359237925 311.8800000000063
15595 1.384951019165087 311.9000000000063
15596 1.392698083698525 311.9200000000063
15597 1.400393515231188 311.9400000000063
15598 1.408601750915869 311.9600000000062
15599 1.416908374434293 311.9800000000062
15600 1.425252799419642 312.0000000000062
15601 1.433807947634786 312.0200000000062
15602 1.442606367460588 312.0400000000062
15603 1.45170626810978 312.0600000000061
15604 1.460609149855801 312.0800000000061
15605 1.469735517037161 312.1000000000061
15606 1.478978258651344 312.1200000000061
15607 1.488263513579314 312.1400000000061
15608 1.497524572708119 312.1600000000061
15609 1.50673889692263 312.180000000006
15610 1.516025227027938 312.200000000006
15611 1.525115772868159 312.220000000006
15612 1.534341569263647 312.240000000006
15613 1.543640909447518 312.260000000006
15614 1.55290181072194 312.2800000000059
15615 1.562002075567075 312.3000000000059
15616 1.571023761480158 312.3200000000059
15617 1.579895433695217 312.3400000000059
15618 1.588735371547048 312.3600000000059
15619 1.597316983829128 312.3800000000059
15620 1.605884267238646 312.4000000000058
15621 1.614235475000334 312.4200000000058
15622 1.622310476778365 312.4400000000058
15623 1.630151926385645 312.4600000000058
15624 1.637887213871897 312.4800000000058
15625 1.645373724741163 312.5000000000057
15626 1.652632051226453 312.5200000000057
15627 1.659666169336681 312.5400000000057
15628 1.666537754445367 312.5600000000057
15629 1.673102040188988 312.5800000000057
15630 1.6793400793147 312.6000000000057
15631 1.685224018072086 312.6200000000056
15632 1.690887279126373 312.6400000000056
15633 1.69623163481798 312.6600000000056
15634 1.701136439796668 312.6800000000056
15635 1.705915975790946 312.7000000000056
15636 1.710289655203555 312.7200000000055
15637 1.714473872773576 312.7400000000055
15638 1.718109867106516 312.7600000000055
15639 1.721410426445598 312.7800000000055
15640 1.724253806928429 312.8000000000055
15641 1.726753127927874 312.8200000000055
15642 1.728928888869466 312.8400000000054
15643 1.730854530752983 312.8600000000054
15644 1.732169169071322 312.8800000000054
15645 1.733177624353539 312.9000000000054
15646 1.73369287342255 312.9200000000054
15647 1.733887364525903 312.9400000000053
15648 1.733737484244858 312.9600000000053
15649 1.733317024450256 312.9800000000053
15650 1.732511929577176 313.0000000000053
15651 1.731352719121031 313.0200000000053
15652 1.729787483716906 313.0400000000053
15653 1.727803145109995 313.0600000000052
15654 1.725435174804203 313.0800000000052
15655 1.722784632326442 313.1000000000052
15656 1.719790209103648 313.1200000000052
15657 1.716515403565229 313.1400000000052
15658 1.712871099627269 313.1600000000051
15659 1.708813366469962 313.1800000000051
15660 1.704442212268223 313.2000000000051
15661 1.699753973166744 313.2200000000051
15662 1.694762918769105 313.2400000000051
15663 1.689419718094954 313.260000000005
15664 1.683815046413722 313.280000000005
15665 1.677978308886642 313.300000000005
15666 1.671841492778629 313.320000000005
15667 1.665420914844863 313.340000000005
15668 1.658661896523962 313.360000000005
15669 1.651767790084452 313.3800000000049
15670 1.644719483129516 313.4000000000049
15671 1.637367392099197 313.4200000000049
15672 1.629877087431134 313.4400000000049
15673 1.622156451847826 313.4600000000049
15674 1.614256138226991 313.4800000000048
15675 1.606202496538931 313.5000000000048
15676 1.597971724404049 313.5200000000048
15677 1.589627896232405 313.5400000000048
15678 1.581164731654716 313.5600000000048
15679 1.572682088775286 313.5800000000048
15680 1.564020485112157 313.6000000000047
15681 1.555386765132171 313.6200000000047
15682 1.546628798813443 313.6400000000047
15683 1.537820848250301 313.6600000000047
15684 1.529025903005606 313.6800000000047
15685 1.520106378780418 313.7000000000046
15686 1.511163256502383 313.7200000000046
15687 1.50229919288454 313.7400000000046
15688 1.493486989109697 313.7600000000046
15689 1.484640805624089 313.7800000000046
15690 1.475904608919704 313.8000000000046
15691 1.46721785817829 313.8200000000045
15692 1.45853994827101 313.8400000000045
15693 1.450004208437512 313.8600000000045
15694 1.441566602764485 313.8800000000045
15695 1.433229964427691 313.9000000000045
15696 1.424990841792791 313.9200000000044
15697 1.416910309983379 313.9400000000044
15698 1.408981644316535 313.9600000000044
15699 1.401176305301747 313.9800000000044
15700 1.393547549937533 314.0000000000044
15701 1.38609322478215 314.0200000000044
15702 1.378906235439648 314.0400000000043
15703 1.37192610853946 314.0600000000043
15704 1.365197227998032 314.0800000000043
15705 1.358588935246046 314.1000000000043
15706 1.352322996172351 314.1200000000043
15707 1.346325417674585 314.1400000000042
15708 1.340585889181224 314.1600000000042
15709 1.33502581132232 314.1800000000042
15710 1.329780444195527 314.2000000000042
15711 1.324604829367502 314.2200000000042
15712 1.319866648512373 314.2400000000042
15713 1.31549275766915 314.2600000000041
15714 1.311316313550211 314.2800000000041
15715 1.307685506563941 314.3000000000041
15716 1.30445539556547 314.3200000000041
15717 1.301403754802779 314.3400000000041
15718 1.298600397611231 314.360000000004
15719 1.296182996428012 314.380000000004
15720 1.294127433068721 314.400000000004
15721 1.292438955143443 314.420000000004
15722 1.291043021116494 314.440000000004
15723 1.289994151459156 314.460000000004
15724 1.289507960887812 314.4800000000039
15725 1.289245320798434 314.5000000000039
15726 1.289556378886878 314.5200000000039
15727 1.290256303452392 314.5400000000039
15728 1.291178996034966 314.5600000000039
15729 1.292368407762686 314.5800000000038
15730 1.293906969414025 314.6000000000038
15731 1.295752136215739 314.6200000000038
15732 1.298024204141556 314.6400000000038
15733 1.300890965585448 314.6600000000038
15734 1.304798202074043 314.6800000000038
15735 1.30863820267226 314.7000000000037
15736 1.312705725988582 314.7200000000037
15737 1.31695081104355 314.7400000000037
15738 1.321315509545975 314.7600000000037
15739 1.326087285313572 314.7800000000037
15740 1.331279184505191 314.8000000000036
15741 1.336696046150392 314.8200000000036
15742 1.342614806623977 314.8400000000036
15743 1.348889692705449 314.8600000000036
15744 1.355383154015454 314.8800000000036
15745 1.362329319624032 314.9000000000036
15746 1.369552717797387 314.9200000000035
15747 1.377004158563824 314.9400000000035
15748 1.384831000565321 314.9600000000035
15749 1.392612422384272 314.9800000000035
15750 1.400606871819075 315.0000000000035
15751 1.409048499434308 315.0200000000034
15752 1.417554746656391 315.0400000000034
15753 1.426209440719091 315.0600000000034
15754 1.434978560205167 315.0800000000034
15755 1.443884766512918 315.1000000000034
15756 1.453125666015496 315.1200000000034
15757 1.462477069358963 315.1400000000033
15758 1.471900767649915 315.1600000000033
15759 1.481387835031695 315.1800000000033
15760 1.490775990777196 315.2000000000033
15761 1.500188496551067 315.2200000000033
15762 1.509873288824497 315.2400000000032
15763 1.51954763507135 315.2600000000032
15764 1.529124486743098 315.2800000000032
15765 1.53865102075988 315.3000000000032
15766 1.54809057950318 315.3200000000032
15767 1.557589594561459 315.3400000000032
15768 1.567006755424778 315.3600000000031
15769 1.576391840467676 315.3800000000031
15770 1.58565780119458 315.4000000000031
15771 1.594787937072527 315.4200000000031
15772 1.603745306013464 315.4400000000031
15773 1.612435824481227 315.460000000003
15774 1.620952867799574 315.480000000003
15775 1.629460871580891 315.500000000003
15776 1.63781593691019 315.520000000003
15777 1.645970056576009 315.540000000003
15778 1.65382355685346 315.560000000003
15779 1.661327410743897 315.5800000000029
15780 1.668622329224614 315.6000000000029
15781 1.675675347078936 315.6200000000029
15782 1.68240597199509 315.6400000000029
15783 1.688947215480846 315.6600000000029
15784 1.69513312691231 315.6800000000028
15785 1.701124689259122 315.7000000000028
15786 1.706603941010672 315.7200000000028
15787 1.71177229060106 315.7400000000028
15788 1.716685155989523 315.7600000000028
15789 1.721261934979141 315.7800000000028
15790 1.725435608179989 315.8000000000027
15791 1.729320418360988 315.8200000000027
15792 1.73278619453685 315.8400000000027
15793 1.73580261227408 315.8600000000027
15794 1.738361602953719 315.8800000000027
15795 1.740582480364524 315.9000000000026
15796 1.742509139587676 315.9200000000026
15797 1.744145762507606 315.9400000000026
15798 1.745343019418357 315.9600000000026
15799 1.74599822866549 315.9800000000026
15800 1.746312842936359 316.0000000000026
15801 1.74631766466276 316.0200000000025
15802 1.745854235902148 316.0400000000025
15803 1.744995124740295 316.0600000000025
15804 1.743751535879023 316.0800000000025
15805 1.742187991860055 316.1000000000025
15806 1.740070924964935 316.1200000000024
15807 1.737610484155724 316.1400000000024
15808 1.734772488817416 316.1600000000024
15809 1.73168335919379 316.1800000000024
15810 1.728197905609533 316.2000000000024
15811 1.724499644015207 316.2200000000024
15812 1.72043847160202 316.2400000000023
15813 1.715992195141106 316.2600000000023
15814 1.71116515273845 316.2800000000023
15815 1.706083904017855 316.3000000000023
15816 1.700641558067323 316.3200000000023
15817 1.695007697057376 316.3400000000022
15818 1.689139769216818 316.3600000000022
15819 1.682939822431447 316.3800000000022
15820 1.676374980937604 316.4000000000022
15821 1.669675796101345 316.4200000000022
15822 1.662819772446248 316.4400000000022
15823 1.655692422250773 316.4600000000021
15824 1.648304483077729 316.4800000000021
15825 1.640661916437873 316.5000000000021
15826 1.63285188891349 316.5200000000021
15827 1.624911566723266 316.5400000000021
15828 1.616738756214781 316.560000000002
15829 1.608369541263133 316.580000000002
15830 1.599993166434587 316.600000000002
15831 1.591438764905972 316.620000000002
15832 1.582819410604722 316.640000000002
15833 1.57407613324988 316.660000000002
15834 1.565188935996579 316.6800000000019
15835 1.55629224054066 316.7000000000019
15836 1.547410283084083 316.7200000000019
15837 1.538445167185883 316.7400000000019
15838 1.529538432070329 316.7600000000019
15839 1.520572737514507 316.7800000000018
15840 1.511585395050051 316.8000000000018
15841 1.502605710857693 316.8200000000018
15842 1.493652765699915 316.8400000000018
15843 1.484761252011615 316.8600000000018
15844 1.475937394148657 316.8800000000018
15845 1.467092657590789 316.9000000000017
15846 1.458312512350381 316.9200000000017
15847 1.449679740949237 316.9400000000017
15848 1.441117119022091 316.9600000000017
15849 1.432648803652881 316.9800000000017
15850 1.424349097326136 317.0000000000016
15851 1.416171477209265 317.0200000000016
15852 1.408208766644677 317.0400000000016
15853 1.400398341719429 317.0600000000016
15854 1.39278513443867 317.0800000000016
15855 1.385378361550473 317.1000000000016
15856 1.378244448327582 317.1200000000015
15857 1.371306840447195 317.1400000000015
15858 1.364541950801258 317.1600000000015
15859 1.358024039110064 317.1800000000015
15860 1.351753950955062 317.2000000000015
15861 1.345780829407942 317.2200000000014
15862 1.339983543159242 317.2400000000014
15863 1.334395122618599 317.2600000000014
15864 1.329074417175025 317.2800000000014
15865 1.323902979697998 317.3000000000014
15866 1.319007855205288 317.3200000000014
15867 1.314412860267101 317.3400000000013
15868 1.310161652126594 317.3600000000013
15869 1.306217946684457 317.3800000000013
15870 1.302781810468637 317.4000000000013
15871 1.299871671800417 317.4200000000013
15872 1.297211606408003 317.4400000000012
15873 1.294863734259649 317.4600000000012
15874 1.292753654877058 317.4800000000012
15875 1.290887726510205 317.5000000000012
15876 1.289262290751605 317.5200000000012
15877 1.287750483863487 317.5400000000012
15878 1.286733375567803 317.5600000000011
15879 1.286090223408969 317.5800000000011
15880 1.285646773472216 317.6000000000011
15881 1.285758138745377 317.6200000000011
15882 1.286461391640168 317.6400000000011
15883 1.287444558104624 317.660000000001
15884 1.288910778500422 317.680000000001
15885 1.290534124255742 317.700000000001
15886 1.292636211154571 317.720000000001
15887 1.295405748681618 317.740000000001
15888 1.297543184027961 317.760000000001
15889 1.300406499417718 317.7800000000009
15890 1.303665262840637 317.8000000000009
15891 1.306976400143732 317.8200000000009
15892 1.310813296475903 317.8400000000009
15893 1.315243747521933 317.8600000000009
15894 1.319978257327698 317.8800000000008
15895 1.325052263437644 317.9000000000008
15896 1.330368129207184 317.9200000000008
15897 1.335889376788517 317.9400000000008
15898 1.341717056381357 317.9600000000008
15899 1.347949325819679 317.9800000000008
15900 1.354246774144065 318.0000000000007
15901 1.360911290012824 318.0200000000007
15902 1.36765334910489 318.0400000000007
15903 1.374813738234066 318.0600000000007
15904 1.382427377422741 318.0800000000007
15905 1.390168781731386 318.1000000000006
15906 1.397829046694168 318.1200000000006
15907 1.405892962999093 318.1400000000006
15908 1.414193855145205 318.1600000000006
15909 1.422500436721964 318.1800000000006
15910 1.43102062369316 318.2000000000006
15911 1.439687862350339 318.2200000000005
15912 1.448724698445112 318.2400000000005
15913 1.457666297384982 318.2600000000005
15914 1.466742231051244 318.2800000000005
15915 1.475943366521975 318.3000000000005
15916 1.485236745951102 318.3200000000004
15917 1.494469150891357 318.3400000000004
15918 1.503745019141783 318.3600000000004
15919 1.512965465103594 318.3800000000004
15920 1.522152654706193 318.4000000000004
15921 1.531307991617844 318.4200000000004
15922 1.540590999965924 318.4400000000003
15923 1.549890322071547 318.4600000000003
15924 1.559065963064794 318.4800000000003
15925 1.568107257715163 318.5000000000003
15926 1.577000262367686 318.5200000000003
15927 1.585886196593283 318.5400000000002
15928 1.594522137459261 318.5600000000002
15929 1.60313161205124 318.5800000000002
15930 1.611547330102567 318.6000000000002
15931 1.619742449668204 318.6200000000002
15932 1.627631375903399 318.6400000000002
15933 1.635405788201663 318.6600000000001
15934 1.64296997921332 318.6800000000001
15935 1.650314553093359 318.7000000000001
15936 1.657407666116903 318.7200000000001
15937 1.664334859788527 318.7400000000001
15938 1.671019809890753 318.76
15939 1.6773698389846 318.78
15940 1.683355774232536 318.8
15941 1.689102006977973 318.82
15942 1.694564340388364 318.84
15943 1.699596257276425 318.86
15944 1.704437625598918 318.8799999999999
15945 1.708921816863558 318.8999999999999
15946 1.713175258342873 318.9199999999999
15947 1.717014206742726 318.9399999999999
15948 1.720410306001997 318.9599999999999
15949 1.723429151359955 318.9799999999998
15950 1.726028025414738 318.9999999999998
15951 1.728295111983054 319.0199999999998
15952 1.730337757465968 319.0399999999998
15953 1.731810808409316 319.0599999999998
15954 1.732941942517147 319.0799999999998
15955 1.733633759740868 319.0999999999997
15956 1.733923076807377 319.1199999999997
15957 1.73386721593218 319.1399999999997
15958 1.733539110177584 319.1599999999997
15959 1.73286874865738 319.1799999999997
15960 1.731827574610912 319.1999999999996
15961 1.730405364793898 319.2199999999996
15962 1.728541095920466 319.2399999999996
15963 1.726311620634345 319.2599999999996
15964 1.723729652838202 319.2799999999996
15965 1.72085393575647 319.2999999999996
15966 1.717669252603974 319.3199999999995
15967 1.714168210976963 319.3399999999995
15968 1.710229600644732 319.3599999999995
15969 1.705979042290776 319.3799999999995
15970 1.701361702945191 319.3999999999995
15971 1.696497653498615 319.4199999999994
15972 1.691261169121046 319.4399999999994
15973 1.685711745162561 319.4599999999994
15974 1.679981959363952 319.4799999999994
15975 1.673927913942506 319.4999999999994
15976 1.667620461246678 319.5199999999994
15977 1.660961393146371 319.5399999999993
15978 1.654079817374643 319.5599999999993
15979 1.647118685929438 319.5799999999993
15980 1.639841391346712 319.5999999999993
15981 1.63239904310889 319.6199999999993
15982 1.624763264543899 319.6399999999992
15983 1.6169073375055 319.6599999999992
15984 1.608903930729543 319.6799999999992
15985 1.600730197256184 319.6999999999992
15986 1.592427188591457 319.7199999999992
15987 1.583989176432091 319.7399999999992
15988 1.575521915614311 319.7599999999991
15989 1.566909356880693 319.7799999999991
15990 1.558271099055377 319.7999999999991
15991 1.549552745115936 319.8199999999991
15992 1.54074959994939 319.8399999999991
15993 1.531956778915238 319.859999999999
15994 1.523087503561114 319.879999999999
15995 1.514118638167798 319.899999999999
15996 1.505235531473222 319.919999999999
15997 1.496423388500217 319.939999999999
15998 1.487558503379285 319.959999999999
15999 1.478800454049096 319.9799999999989
16000 1.470088549517548 319.9999999999989
16001 1.461399018233316 320.0199999999989
16002 1.452834493023555 320.0399999999989
16003 1.4443476461765 320.0599999999989
16004 1.435985884532546 320.0799999999988
16005 1.427705326047227 320.0999999999988
16006 1.419563638488595 320.1199999999988
16007 1.411605067225891 320.1399999999988
16008 1.403735149288287 320.1599999999988
16009 1.396063956292578 320.1799999999988
16010 1.38852287365991 320.1999999999987
16011 1.381293891779365 320.2199999999987
16012 1.374179856348301 320.2399999999987
16013 1.367433120361919 320.2599999999987
16014 1.360732221642166 320.2799999999987
16015 1.354360156274327 320.2999999999986
16016 1.348275110659866 320.3199999999986
16017 1.342470937821921 320.3399999999986
16018 1.336827507645742 320.3599999999986
16019 1.331493368889669 320.3799999999986
16020 1.326283841767308 320.3999999999986
16021 1.321399489393323 320.4199999999985
16022 1.316929528841002 320.4399999999985
16023 1.312651431104224 320.4599999999985
16024 1.3088395657552 320.4799999999985
16025 1.305490592704659 320.4999999999985
16026 1.302393552324902 320.5199999999984
16027 1.299515095344593 320.5399999999984
16028 1.29691836516365 320.5599999999984
16029 1.294775596165675 320.5799999999984
16030 1.292963874659042 320.5999999999984
16031 1.291489786221533 320.6199999999984
16032 1.290252521189135 320.6399999999983
16033 1.289661986940916 320.6599999999983
16034 1.28928334627444 320.6799999999983
16035 1.289416859565323 320.6999999999983
16036 1.290002682704548 320.7199999999983
16037 1.290855328042284 320.7399999999982
16038 1.291957705693597 320.7599999999982
16039 1.293360237421726 320.7799999999982
16040 1.295143843583288 320.7999999999982
16041 1.297199364459458 320.8199999999982
16042 1.299864643231631 320.8399999999982
16043 1.303429311248342 320.8599999999981
16044 1.307421625476972 320.8799999999981
16045 1.311276125570319 320.8999999999981
16046 1.315600880554639 320.9199999999981
16047 1.31987302291145 320.9399999999981
16048 1.324491191856554 320.959999999998
16049 1.329514487227917 320.979999999998
16050 1.334917591621186 320.999999999998
16051 1.340611163305822 321.019999999998
16052 1.34688522416711 321.039999999998
16053 1.353193323852212 321.059999999998
16054 1.360034545201734 321.0799999999979
16055 1.36717170765161 321.0999999999979
16056 1.374554196208654 321.1199999999979
16057 1.382263214842292 321.1399999999979
16058 1.390049524335659 321.1599999999979
16059 1.397992327177458 321.1799999999978
16060 1.406252591115752 321.1999999999978
16061 1.414824338267601 321.2199999999978
16062 1.423355275731963 321.2399999999978
16063 1.432120853103825 321.2599999999978
16064 1.44094562081127 321.2799999999978
16065 1.450093879162047 321.2999999999977
16066 1.459432230743627 321.3199999999977
16067 1.468846935121848 321.3399999999977
16068 1.478317572196735 321.3599999999977
16069 1.487715379363004 321.3799999999977
16070 1.497096847957007 321.3999999999976
16071 1.506709413382336 321.4199999999976
16072 1.516404092088264 321.4399999999976
16073 1.526025648536899 321.4599999999976
16074 1.535566842630971 321.4799999999976
16075 1.545013141110646 321.4999999999976
16076 1.554507655633144 321.5199999999975
16077 1.563959165039145 321.5399999999975
16078 1.573343874678961 321.5599999999975
16079 1.58267547395925 321.5799999999975
16080 1.591849344314836 321.5999999999975
16081 1.600868078736861 321.6199999999974
16082 1.609664764566503 321.6399999999974
16083 1.618215292607939 321.6599999999974
16084 1.626711381593104 321.6799999999974
16085 1.635114925107194 321.6999999999974
16086 1.643368597613298 321.7199999999974
16087 1.651312821597928 321.7399999999973
16088 1.658928241682253 321.7599999999973
16089 1.666294050942723 321.7799999999973
16090 1.673445229136275 321.7999999999973
16091 1.68027366192001 321.8199999999973
16092 1.686845817759306 321.8399999999972
16093 1.693198306487706 321.8599999999972
16094 1.699211365462874 321.8799999999972
16095 1.70491387090238 321.8999999999972
16096 1.710130582698092 321.9199999999972
16097 1.715161173365109 321.9399999999972
16098 1.719870730888195 321.9599999999971
16099 1.724152502514394 321.9799999999971
16100 1.728137135262175 321.9999999999971
16101 1.731748707978353 322.0199999999971
16102 1.734892756471382 322.0399999999971
16103 1.737612176674702 322.059999999997
16104 1.739929833826932 322.079999999997
16105 1.741959065233279 322.099999999997
16106 1.74370215984137 322.119999999997
16107 1.745048666334067 322.139999999997
16108 1.745873093488347 322.159999999997
16109 1.746293889850837 322.1799999999969
16110 1.746399205239392 322.1999999999969
16111 1.746087951572088 322.2199999999969
16112 1.745365654593027 322.2399999999969
16113 1.744239953367248 322.2599999999969
16114 1.742801866280303 322.2799999999968
16115 1.740877468515755 322.2999999999968
16116 1.738503004956032 322.3199999999968
16117 1.735766123267025 322.3399999999968
16118 1.73277837538461 322.3599999999968
16119 1.729411028962061 322.3799999999968
16120 1.725777951083755 322.3999999999967
16121 1.721852949322815 322.4199999999967
16122 1.717532761228383 322.4399999999967
16123 1.712808340927373 322.4599999999967
16124 1.707841833474436 322.4799999999967
16125 1.702491260381197 322.4999999999966
16126 1.696909036117116 322.5199999999966
16127 1.691132398134864 322.5399999999966
16128 1.685048249738412 322.5599999999966
16129 1.678597061475371 322.5799999999966
16130 1.67189540432453 322.5999999999966
16131 1.665132232069424 322.6199999999965
16132 1.658093010937541 322.6399999999965
16133 1.650781212474893 322.6599999999965
16134 1.643215927597589 322.6799999999965
16135 1.635459596460032 322.6999999999965
16136 1.627561880339756 322.7199999999964
16137 1.619475258880058 322.7399999999964
16138 1.611131529285791 322.7599999999964
16139 1.602790586992729 322.7799999999964
16140 1.594277967472191 322.7999999999964
16141 1.585679364103553 322.8199999999964
16142 1.576982332667469 322.8399999999963
16143 1.568130684893395 322.8599999999963
16144 1.559225632964161 322.8799999999963
16145 1.550357822550255 322.8999999999963
16146 1.54139336449869 322.9199999999963
16147 1.532477837756836 322.9399999999962
16148 1.523541314907378 322.9599999999962
16149 1.514545124206732 322.9799999999962
16150 1.505568366525787 322.9999999999962
16151 1.496600692877432 323.0199999999962
16152 1.487675239766002 323.0399999999962
16153 1.478844192787023 323.0599999999961
16154 1.469997111536268 323.0799999999961
16155 1.461186682870526 323.0999999999961
16156 1.452501789011579 323.1199999999961
16157 1.443931190594014 323.1399999999961
16158 1.435410830552757 323.159999999996
16159 1.427062286718629 323.179999999996
16160 1.418838444239077 323.199999999996
16161 1.410804874587054 323.219999999996
16162 1.402935815371276 323.239999999996
16163 1.395264359420002 323.259999999996
16164 1.387779921013889 323.2799999999959
16165 1.380575896621311 323.2999999999959
16166 1.373588280034179 323.3199999999959
16167 1.366722366001005 323.3399999999959
16168 1.36015218124868 323.3599999999959
16169 1.353781669685536 323.3799999999958
16170 1.347720981607488 323.3999999999958
16171 1.34185398677115 323.4199999999958
16172 1.336195961025008 323.4399999999958
16173 1.330799882651627 323.4599999999958
16174 1.325567580017466 323.4799999999958
16175 1.320588716037135 323.4999999999957
16176 1.315886580974694 323.5199999999957
16177 1.311531778778908 323.5399999999957
16178 1.307481935549043 323.5599999999957
16179 1.303814763920402 323.5799999999957
16180 1.300827388418782 323.5999999999956
16181 1.298046805311169 323.6199999999956
16182 1.295606016359183 323.6399999999956
16183 1.293424814370851 323.6599999999956
16184 1.291474752970889 323.6799999999956
16185 1.289775323310876 323.6999999999956
16186 1.288229926491707 323.7199999999955
16187 1.286988012341989 323.7399999999955
16188 1.286307043834192 323.7599999999955
16189 1.285745836927171 323.7799999999955
16190 1.285653479585226 323.7999999999955
16191 1.28619501579248 323.8199999999954
16192 1.287092670430029 323.8399999999954
16193 1.288455153266808 323.8599999999954
16194 1.289953198968317 323.8799999999954
16195 1.291909037157806 323.8999999999954
16196 1.294504027832315 323.9199999999954
16197 1.296802015387588 323.9399999999953
16198 1.299434112197266 323.9599999999953
16199 1.302604625369349 323.9799999999953
16200 1.305851169274955 323.9999999999953
16201 1.309521119824929 324.0199999999953
16202 1.313756641520022 324.0399999999952
16203 1.318418685883834 324.0599999999952
16204 1.323367447866751 324.0799999999952
16205 1.328626788342995 324.0999999999952
16206 1.334103956699318 324.1199999999952
16207 1.339751604871978 324.1399999999952
16208 1.345955827075576 324.1599999999951
16209 1.352159751311453 324.1799999999951
16210 1.358724560212485 324.1999999999951
16211 1.365457686574267 324.2199999999951
16212 1.372421039250752 324.2399999999951
16213 1.37994025210781 324.259999999995
16214 1.387651871657174 324.279999999995
16215 1.395350189335695 324.299999999995
16216 1.403236092807069 324.319999999995
16217 1.411497328837035 324.339999999995
16218 1.419806014166912 324.359999999995
16219 1.428230876941294 324.3799999999949
16220 1.436842456287574 324.3999999999949
16221 1.445784643854712 324.4199999999949
16222 1.454791427925945 324.4399999999949
16223 1.463792027363318 324.4599999999949
16224 1.47296686590811 324.4799999999948
16225 1.482229855979333 324.4999999999948
16226 1.491505447362234 324.5199999999948
16227 1.500772178242717 324.5399999999948
16228 1.509966616143775 324.5599999999948
16229 1.519269816961992 324.5799999999948
16230 1.528334794263716 324.5999999999947
16231 1.537599472344707 324.6199999999947
16232 1.546916276002838 324.6399999999947
16233 1.556155196847995 324.6599999999947
16234 1.565175039914893 324.6799999999947
16235 1.574155360378624 324.6999999999946
16236 1.58302668618922 324.7199999999946
16237 1.591782517830585 324.7399999999946
16238 1.600363532321806 324.7599999999946
16239 1.608852283584395 324.7799999999946
16240 1.617117946224615 324.7999999999946
16241 1.625138662021476 324.8199999999945
16242 1.63292234147496 324.8399999999945
16243 1.640575413927463 324.8599999999945
16244 1.647984012451163 324.8799999999945
16245 1.655158694121928 324.8999999999945
16246 1.662142914476095 324.9199999999944
16247 1.668938723798564 324.9399999999944
16248 1.675373419641539 324.9599999999944
16249 1.681507929232025 324.9799999999944
16250 1.687300619068197 324.9999999999944
16251 1.692874445257313 325.0199999999944
16252 1.698054345385431 325.0399999999943
16253 1.70290749965091 325.0599999999943
16254 1.707544963883566 325.0799999999943
16255 1.711855923806722 325.0999999999943
16256 1.715892352388573 325.1199999999943
16257 1.719383685630319 325.1399999999942
16258 1.722543948038654 325.1599999999942
16259 1.725250626724749 325.1799999999942
16260 1.727647376948631 325.1999999999942
16261 1.729735941425672 325.2199999999942
16262 1.731438717317512 325.2399999999942
16263 1.732658907778507 325.2599999999941
16264 1.73351844148704 325.2799999999941
16265 1.73390385824187 325.2999999999941
16266 1.733971245553468 325.3199999999941
16267 1.733717983740169 325.3399999999941
16268 1.733193237285648 325.359999999994
16269 1.732250366695707 325.379999999994
16270 1.730976931657787 325.399999999994
16271 1.729237173244906 325.419999999994
16272 1.727131385444364 325.439999999994
16273 1.724623434903394 325.459999999994
16274 1.721894873032784 325.4799999999939
16275 1.718784005867893 325.4999999999939
16276 1.715409391205508 325.5199999999939
16277 1.711595773415965 325.5399999999939
16278 1.707449266327931 325.5599999999939
16279 1.702935398589658 325.5799999999938
16280 1.698167174634644 325.5999999999938
16281 1.693044088654968 325.6199999999938
16282 1.687589771102433 325.6399999999938
16283 1.68192315220585 325.6599999999938
16284 1.675973340741607 325.6799999999938
16285 1.66975209760466 325.6999999999937
16286 1.663207880607118 325.7199999999937
16287 1.656366314047214 325.7399999999937
16288 1.649443248364837 325.7599999999937
16289 1.642279613606448 325.7799999999937
16290 1.634876132249283 325.7999999999936
16291 1.627322130167714 325.8199999999936
16292 1.619525289996994 325.8399999999936
16293 1.611559016888593 325.8599999999936
16294 1.603463782028776 325.8799999999936
16295 1.595176428165812 325.8999999999936
16296 1.586773734047221 325.9199999999935
16297 1.578319121187539 325.9399999999935
16298 1.56976480900115 325.9599999999935
16299 1.561109303120729 325.9799999999935
16300 1.552433935454449 325.9999999999935
16301 1.543650959356584 326.0199999999934
16302 1.534847478502745 326.0399999999934
16303 1.526013337897391 326.0599999999934
16304 1.517067756667809 326.0799999999934
16305 1.508134745033692 326.0999999999934
16306 1.499308466471062 326.1199999999934
16307 1.490477997851324 326.1399999999933
16308 1.481665407004333 326.1599999999933
16309 1.472937778352016 326.1799999999933
16310 1.464250570152807 326.1999999999933
16311 1.455645402666706 326.2199999999933
16312 1.447119739551038 326.2399999999932
16313 1.438727919884765 326.2599999999932
16314 1.430411373551458 326.2799999999932
16315 1.422206756064998 326.2999999999932
16316 1.414197863457035 326.3199999999932
16317 1.406286928443929 326.3399999999932
16318 1.39856297357378 326.3599999999931
16319 1.390964939648902 326.3799999999931
16320 1.383664515874864 326.3999999999931
16321 1.376462975967859 326.4199999999931
16322 1.369637326280776 326.4399999999931
16323 1.362900389086735 326.459999999993
16324 1.35641142873787 326.479999999993
16325 1.35023757896274 326.499999999993
16326 1.344346812552195 326.519999999993
16327 1.338665887128062 326.539999999993
16328 1.333184493192868 326.559999999993
16329 1.327987559212865 326.5799999999929
16330 1.322951402473103 326.5999999999929
16331 1.318341520616373 326.6199999999929
16332 1.314031718678567 326.6399999999929
16333 1.310035284334749 326.6599999999929
16334 1.306552597422319 326.6799999999928
16335 1.303397838083548 326.6999999999928
16336 1.300435517368048 326.7199999999928
16337 1.297730937009478 326.7399999999928
16338 1.295463992082686 326.7599999999928
16339 1.29352736135748 326.7799999999928
16340 1.291951477013341 326.7999999999927
16341 1.290634401100564 326.8199999999927
16342 1.289821731036537 326.8399999999927
16343 1.289396259761516 326.8599999999927
16344 1.289319836866532 326.8799999999927
16345 1.289772728512092 326.8999999999926
16346 1.290572123726456 326.9199999999926
16347 1.291583188202817 326.9399999999926
16348 1.292859384148038 326.9599999999926
16349 1.294575203527522 326.9799999999926
16350 1.296442618903329 326.9999999999926
16351 1.298984655654438 327.0199999999925
16352 1.302128427732655 327.0399999999925
16353 1.306270492644028 327.0599999999925
16354 1.309956943178407 327.0799999999925
16355 1.314333514884364 327.0999999999925
16356 1.318465731424265 327.1199999999924
16357 1.322944299631428 327.1399999999924
16358 1.327855975413575 327.1599999999924
16359 1.333205796124787 327.1799999999924
16360 1.338716195590981 327.1999999999924
16361 1.344858094229147 327.2199999999924
16362 1.351115368610612 327.2399999999923
16363 1.357802949297084 327.2599999999923
16364 1.364845274800522 327.2799999999923
16365 1.372166432428451 327.2999999999923
16366 1.379736982275736 327.3199999999923
16367 1.387578984935618 327.3399999999922
16368 1.395412144821828 327.3599999999922
16369 1.403533593221034 327.3799999999922
16370 1.412100317262486 327.3999999999922
16371 1.420567974898608 327.4199999999922
16372 1.42932631271442 327.4399999999922
16373 1.438112486641269 327.4599999999921
16374 1.447136241429454 327.4799999999921
16375 1.456429691866781 327.4999999999921
16376 1.465819599275652 327.5199999999921
16377 1.475267207709533 327.5399999999921
16378 1.484703129130044 327.559999999992
16379 1.494107405936992 327.579999999992
16380 1.503595934058457 327.599999999992
16381 1.513305407514518 327.619999999992
16382 1.522952988133476 327.639999999992
16383 1.532510258862192 327.659999999992
16384 1.542002471262067 327.6799999999919
16385 1.551481270871517 327.6999999999919
16386 1.560954036753403 327.7199999999919
16387 1.570333869032736 327.7399999999919
16388 1.579730010673007 327.7599999999919
16389 1.588934050151147 327.7799999999918
16390 1.598011362901844 327.7999999999918
16391 1.606893607690928 327.8199999999918
16392 1.615491227112434 327.8399999999918
16393 1.624014695622833 327.8599999999918
16394 1.632454296495426 327.8799999999918
16395 1.640781146351987 327.8999999999917
16396 1.648833304241726 327.9199999999917
16397 1.656566645045471 327.9399999999917
16398 1.663972363467765 327.9599999999917
16399 1.671204517105607 327.9799999999917
16400 1.678145362360242 327.9999999999916
16401 1.684779217237397 328.0199999999916
16402 1.691243622928925 328.0399999999916
16403 1.69733614119093 328.0599999999916
16404 1.70318745722829 328.0799999999916
16405 1.7085222023873 328.0999999999916
16406 1.713618693430796 328.1199999999915
16407 1.718420140344286 328.1399999999915
16408 1.722849689080913 328.1599999999915
16409 1.726926226794461 328.1799999999915
16410 1.730665813220582 328.1999999999915
16411 1.733963027992504 328.2199999999914
16412 1.736838053021529 328.2399999999914
16413 1.739251246065964 328.2599999999914
16414 1.74139290469265 328.2799999999914
16415 1.743214835176287 328.2999999999914
16416 1.744706437682893 328.3199999999914
16417 1.745716814902832 328.3399999999913
16418 1.746237450002558 328.3599999999913
16419 1.746440171045192 328.3799999999913
16420 1.746283108329329 328.3999999999913
16421 1.745683921611884 328.4199999999913
16422 1.744691380699663 328.4399999999912
16423 1.743358142805872 328.4599999999912
16424 1.741600758928394 328.4799999999912
16425 1.739350954453556 328.4999999999912
16426 1.736726539850398 328.5199999999912
16427 1.733813567195861 328.5399999999912
16428 1.730589884696818 328.5599999999911
16429 1.727008841846161 328.5799999999911
16430 1.723211755712654 328.5999999999911
16431 1.719012383116869 328.6199999999911
16432 1.71441659853497 328.6399999999911
16433 1.709512783173634 328.659999999991
16434 1.704285525279456 328.679999999991
16435 1.698768315905321 328.699999999991
16436 1.69306455512596 328.719999999991
16437 1.687087752213419 328.739999999991
16438 1.680760084005648 328.759999999991
16439 1.674090021610845 328.7799999999909
16440 1.667385396443818 328.7999999999909
16441 1.660430518375221 328.8199999999909
16442 1.653198243987282 328.8399999999909
16443 1.645723587058331 328.8599999999909
16444 1.638017103535654 328.8799999999908
16445 1.630157142107744 328.8999999999908
16446 1.622144775554108 328.9199999999908
16447 1.613869876523965 328.9399999999908
16448 1.605525334062287 328.9599999999908
16449 1.59707120975675 328.9799999999908
16450 1.588491663871719 328.9999999999907
16451 1.57983443014177 329.0199999999907
16452 1.571033887777125 329.0399999999907
16453 1.562129284720812 329.0599999999907
16454 1.553246547383414 329.0799999999907
16455 1.544322872612926 329.0999999999906
16456 1.535377983001923 329.1199999999906
16457 1.526457689136654 329.1399999999906
16458 1.517472797352699 329.1599999999906
16459 1.508486746387316 329.1799999999906
16460 1.499513495763576 329.1999999999906
16461 1.490565093402862 329.2199999999905
16462 1.481712246298909 329.2399999999905
16463 1.47287458998818 329.2599999999905
16464 1.464044013968476 329.2799999999905
16465 1.455303058220991 329.2999999999905
16466 1.446716844706617 329.3199999999904
16467 1.438158459361483 329.3399999999904
16468 1.429752864303051 329.3599999999904
16469 1.421490364299025 329.3799999999904
16470 1.413385631654686 329.3999999999904
16471 1.405481696224845 329.4199999999904
16472 1.397739958570677 329.4399999999903
16473 1.390184405251349 329.4599999999903
16474 1.382893090900579 329.4799999999903
16475 1.375862090719987 329.4999999999903
16476 1.36890836658578 329.5199999999903
16477 1.36227514893797 329.5399999999902
16478 1.355817771451696 329.5599999999902
16479 1.349657814791488 329.5799999999902
16480 1.343734374270864 329.5999999999902
16481 1.338017946549688 329.6199999999902
16482 1.332519726440149 329.6399999999902
16483 1.327245495782948 329.6599999999901
16484 1.32217307134513 329.6799999999901
16485 1.317375037101904 329.6999999999901
16486 1.312904027607023 329.7199999999901
16487 1.308769445427255 329.7399999999901
16488 1.304939613075692 329.75999999999
16489 1.30177725004608 329.77999999999
16490 1.29892384762305 329.79999999999
16491 1.296357112584472 329.81999999999
16492 1.294133108079119 329.83999999999
16493 1.292085044384321 329.85999999999
16494 1.290321388306632 329.8799999999899
16495 1.288727703010245 329.8999999999899
16496 1.287339727528306 329.9199999999899
16497 1.28652245566652 329.9399999999899
16498 1.28591498176172 329.9599999999899
16499 1.285607144037175 329.9799999999898
16500 1.285981994532363 329.9999999999898
16501 1.286786751257246 330.0199999999898
16502 1.287987634036645 330.0399999999898
16503 1.28944989927671 330.0599999999898
16504 1.291245121091146 330.0799999999898
16505 1.293593145100391 330.0999999999897
16506 1.296155017353765 330.1199999999897
16507 1.298517438764707 330.1399999999897
16508 1.301542212843965 330.1599999999897
16509 1.304811041824322 330.1799999999897
16510 1.308297101279638 330.1999999999896
16511 1.312343550712616 330.2199999999896
16512 1.316908464984758 330.2399999999896
16513 1.321743636064689 330.2599999999896
16514 1.326929691240767 330.2799999999896
16515 1.332340688385775 330.2999999999896
16516 1.337881921405062 330.3199999999895
16517 1.343962574753622 330.3399999999895
16518 1.350138342080454 330.3599999999895
16519 1.35657958386778 330.3799999999895
16520 1.363293744274545 330.3999999999895
16521 1.370116346814366 330.4199999999894
16522 1.377490359404098 330.4399999999894
16523 1.385172500272577 330.4599999999894
16524 1.39291916640519 330.4799999999894
16525 1.400625609382417 330.4999999999894
16526 1.408848287488564 330.5199999999894
16527 1.417152573841787 330.5399999999893
16528 1.425499567254731 330.5599999999893
16529 1.434063105002205 330.5799999999893
16530 1.442874625954129 330.5999999999893
16531 1.451983077842538 330.6199999999893
16532 1.460881713072953 330.6399999999892
16533 1.470014567649841 330.6599999999892
16534 1.479258943775546 330.6799999999892
16535 1.488551184082906 330.6999999999892
16536 1.497813368579041 330.7199999999892
16537 1.50703187774741 330.7399999999892
16538 1.516321877369251 330.7599999999891
16539 1.525413468630096 330.7799999999891
16540 1.534640581911507 330.7999999999891
16541 1.543944809768658 330.8199999999891
16542 1.553207174308032 330.8399999999891
16543 1.562306075821187 330.859999999989
16544 1.571327631092287 330.879999999989
16545 1.580200289754882 330.899999999989
16546 1.589037340217164 330.919999999989
16547 1.597622089381569 330.939999999989
16548 1.606186942585507 330.959999999989
16549 1.614535005363605 330.9799999999889
16550 1.622608723201056 330.9999999999889
16551 1.630445267538993 331.0199999999889
16552 1.638180794100429 331.0399999999889
16553 1.645662047042271 331.0599999999889
16554 1.652918079537616 331.0799999999888
16555 1.659949582257592 331.0999999999888
16556 1.666819767011432 331.1199999999888
16557 1.673375032974572 331.1399999999888
16558 1.679608960396266 331.1599999999888
16559 1.685485216204364 331.1799999999888
16560 1.691142469485515 331.1999999999887
16561 1.696489680346049 331.2199999999887
16562 1.701380874068613 331.2399999999887
16563 1.70615307627098 331.2599999999887
16564 1.710519688426233 331.2799999999887
16565 1.714697429751492 331.2999999999886
16566 1.718321231520495 331.3199999999886
16567 1.721621660253243 331.3399999999886
16568 1.724452827861222 331.3599999999886
16569 1.72694551754875 331.3799999999886
16570 1.729113488892107 331.3999999999886
16571 1.731027165215136 331.4199999999885
16572 1.732333539275938 331.4399999999885
16573 1.733340291906459 331.4599999999885
16574 1.733839237739394 331.4799999999885
16575 1.734026688442749 331.4999999999885
16576 1.733867608452689 331.5199999999884
16577 1.73343765219435 331.5399999999884
16578 1.732621068601865 331.5599999999884
16579 1.731456593032542 331.5799999999884
16580 1.729877692175207 331.5999999999884
16581 1.727885058418176 331.6199999999884
16582 1.725507215797971 331.6399999999883
16583 1.722847645390553 331.6599999999883
16584 1.719846732950767 331.6799999999883
16585 1.716562350949505 331.6999999999883
16586 1.712907545321944 331.7199999999883
16587 1.708841726222158 331.7399999999882
16588 1.704458999149506 331.7599999999882
16589 1.699761319338414 331.7799999999882
16590 1.694761000333245 331.7999999999882
16591 1.689408295612405 331.8199999999882
16592 1.683798403007611 331.8399999999882
16593 1.677953737487004 331.8599999999881
16594 1.671809053960353 331.8799999999881
16595 1.665380781680275 331.8999999999881
16596 1.658612193971013 331.9199999999881
16597 1.651710891141522 331.9399999999881
16598 1.64465972114181 331.959999999988
16599 1.637297321897949 331.979999999988
16600 1.629803490665945 331.999999999988
16601 1.622073930412868 332.019999999988
16602 1.614167070237619 332.039999999988
16603 1.606111279553284 332.059999999988
16604 1.597873961749976 332.0799999999879
16605 1.589522801306561 332.0999999999879
16606 1.581052808593487 332.1199999999879
16607 1.572565973249094 332.1399999999879
16608 1.56389976092212 332.1599999999879
16609 1.555261927939563 332.1799999999878
16610 1.546502007492866 332.1999999999878
16611 1.53769078374973 332.2199999999878
16612 1.528893053038251 332.2399999999878
16613 1.519966593721061 332.2599999999878
16614 1.511022887169636 332.2799999999878
16615 1.502157566623105 332.2999999999877
16616 1.493342739233605 332.3199999999877
16617 1.484493889374697 332.3399999999877
16618 1.475757342563436 332.3599999999877
16619 1.467070585083668 332.3799999999877
16620 1.458393919086277 332.3999999999876
16621 1.449859958611761 332.4199999999876
16622 1.441421913446503 332.4399999999876
16623 1.433084525895951 332.4599999999876
16624 1.424846445459699 332.4799999999876
16625 1.416763478867165 332.4999999999876
16626 1.408841690067133 332.5199999999875
16627 1.40104847518795 332.5399999999875
16628 1.393401886862983 332.5599999999875
16629 1.385959408234791 332.5799999999875
16630 1.378784522138951 332.5999999999875
16631 1.371800649223692 332.6199999999874
16632 1.365069867057096 332.6399999999874
16633 1.358469300653977 332.6599999999874
16634 1.352210145037307 332.6799999999874
16635 1.346217360849831 332.6999999999874
16636 1.340481879935767 332.7199999999874
16637 1.334926096276761 332.7399999999873
16638 1.329684540961083 332.7599999999873
16639 1.3245148584595 332.7799999999873
16640 1.319784075302864 332.7999999999873
16641 1.315424274310925 332.8199999999873
16642 1.311253207954633 332.8399999999872
16643 1.30763703979301 332.8599999999872
16644 1.304405052472689 332.8799999999872
16645 1.30135778276562 332.8999999999872
16646 1.298566220619971 332.9199999999872
16647 1.29616248868345 332.9399999999872
16648 1.29411576263946 332.9599999999871
16649 1.292437879844702 332.9799999999871
16650 1.291045445633242 332.9999999999871
16651 1.290013446166614 333.0199999999871
16652 1.289531354147943 333.0399999999871
16653 1.289282452472402 333.059999999987
16654 1.289605869541057 333.079999999987
16655 1.290314529394613 333.099999999987
16656 1.291236052457459 333.119999999987
16657 1.292434500711254 333.139999999987
16658 1.293988307196928 333.159999999987
16659 1.2958339147907 333.1799999999869
16660 1.298129860488462 333.1999999999869
16661 1.301001163101146 333.2199999999869
16662 1.304965871554383 333.2399999999869
16663 1.308780977133045 333.2599999999869
16664 1.312866957023749 333.2799999999868
16665 1.317108872389611 333.2999999999868
16666 1.321464940981379 333.3199999999868
16667 1.326261041568866 333.3399999999868
16668 1.331468763694857 333.3599999999868
16669 1.336894290078394 333.3799999999868
16670 1.342829388643533 333.3999999999867
16671 1.349103926056817 333.4199999999867
16672 1.355615372552098 333.4399999999867
16673 1.362566972361419 333.4599999999867
16674 1.369806053798969 333.4799999999867
16675 1.377269497287141 333.4999999999866
16676 1.385108176776711 333.5199999999866
16677 1.392886993128942 333.5399999999866
16678 1.400890009843743 333.5599999999866
16679 1.409345354982085 333.5799999999866
16680 1.41784886688848 333.5999999999866
16681 1.426518356740116 333.6199999999865
16682 1.435303446198081 333.6399999999865
16683 1.444207216656306 333.6599999999865
16684 1.453453551712344 333.6799999999865
16685 1.462808510758594 333.6999999999865
16686 1.472234240928044 333.7199999999864
16687 1.481725953440559 333.7399999999864
16688 1.491118793665302 333.7599999999864
16689 1.500535059324332 333.7799999999864
16690 1.510225591741157 333.7999999999864
16691 1.519902038417563 333.8199999999864
16692 1.529471110336268 333.8399999999863
16693 1.5390042849155 333.8599999999863
16694 1.548449253683309 333.8799999999863
16695 1.557948140772859 333.8999999999863
16696 1.567363347722192 333.9199999999863
16697 1.576750066615707 333.9399999999862
16698 1.586013393547429 333.9599999999862
16699 1.595142534395771 333.9799999999862
16700 1.604095958616885 333.9999999999862
16701 1.612782587576135 334.0199999999862
16702 1.621298449121408 334.0399999999862
16703 1.62980595424385 334.0599999999861
16704 1.638155635151766 334.0799999999861
16705 1.646308491503301 334.0999999999861
16706 1.654151959146454 334.1199999999861
16707 1.661649112675073 334.1399999999861
16708 1.668937976739732 334.159999999986
16709 1.675985939007749 334.179999999986
16710 1.682704973902294 334.199999999986
16711 1.689244584395503 334.219999999986
16712 1.695435788521098 334.239999999986
16713 1.701387163790403 334.259999999986
16714 1.706880935786484 334.2799999999859
16715 1.712038367495522 334.2999999999859
16716 1.716941004124105 334.3199999999859
16717 1.72150556965682 334.3399999999859
16718 1.725673663450122 334.3599999999859
16719 1.729548886622689 334.3799999999858
16720 1.7330029486383 334.3999999999858
16721 1.736007498419779 334.4199999999858
16722 1.738554633603233 334.4399999999858
16723 1.740766102305351 334.4599999999858
16724 1.742680142544721 334.4799999999858
16725 1.744302919081595 334.4999999999857
16726 1.745496857500567 334.5199999999857
16727 1.746136384935428 334.5399999999857
16728 1.746442388202182 334.5599999999857
16729 1.74643464407715 334.5799999999857
16730 1.745959044907554 334.5999999999856
16731 1.745085936183542 334.6199999999856
16732 1.743831471772847 334.6399999999856
16733 1.742255955307574 334.6599999999856
16734 1.7401431477119 334.6799999999856
16735 1.737650228578735 334.6999999999856
16736 1.734804717234296 334.7199999999855
16737 1.731704694915201 334.7399999999855
16738 1.728207662368818 334.7599999999855
16739 1.724503406185447 334.7799999999855
16740 1.720425477966672 334.7999999999855
16741 1.715968886528115 334.8199999999854
16742 1.711132868746169 334.8399999999854
16743 1.706039226332094 334.8599999999854
16744 1.70058608174666 334.8799999999854
16745 1.694945071275436 334.8999999999854
16746 1.689068773992652 334.9199999999854
16747 1.682856548211692 334.9399999999853
16748 1.676281377355731 334.9599999999853
16749 1.669576326802559 334.9799999999853
16750 1.662711675436375 334.9999999999853
16751 1.655574842299106 335.0199999999853
16752 1.648177564121473 335.0399999999852
16753 1.64052988511163 335.0599999999852
16754 1.632713620566929 335.0799999999852
16755 1.624764931923786 335.0999999999852
16756 1.616581007552623 335.1199999999852
16757 1.608214505719664 335.1399999999852
16758 1.5998301183177 335.1599999999851
16759 1.591270193246543 335.1799999999851
16760 1.58264556152014 335.1999999999851
16761 1.573897133344762 335.2199999999851
16762 1.565005051384731 335.2399999999851
16763 1.556109556342139 335.259999999985
16764 1.547220616640339 335.279999999985
16765 1.538254578001603 335.299999999985
16766 1.529343147426372 335.319999999985
16767 1.520374102316056 335.339999999985
16768 1.511384548560668 335.359999999985
16769 1.50240154508925 335.3799999999849
16770 1.493447634197342 335.3999999999849
16771 1.484556407707976 335.4199999999849
16772 1.475728504337366 335.4399999999849
16773 1.46688349478394 335.4599999999849
16774 1.458101253732352 335.4799999999848
16775 1.449468348763985 335.4999999999848
16776 1.440905456543113 335.5199999999848
16777 1.432437713072213 335.5399999999848
16778 1.424140880774039 335.5599999999848
16779 1.41596906608749 335.5799999999848
16780 1.408009860175472 335.5999999999847
16781 1.400203128246125 335.6199999999847
16782 1.392595398525017 335.6399999999847
16783 1.385198162624884 335.6599999999847
16784 1.37806949799203 335.6799999999847
16785 1.371135467750603 335.6999999999846
16786 1.3643813680633 335.7199999999846
16787 1.357866537299224 335.7399999999846
16788 1.35160428314224 335.7599999999846
16789 1.345634064134593 335.7799999999846
16790 1.339841943116407 335.7999999999845
16791 1.334253295115761 335.8199999999845
16792 1.328933791711969 335.8399999999845
16793 1.323771545975882 335.8599999999845
16794 1.318885665404723 335.8799999999845
16795 1.314300862251058 335.8999999999845
16796 1.310062474242114 335.9199999999844
16797 1.306127022149409 335.9399999999844
16798 1.302717242273705 335.9599999999844
16799 1.29981310347767 335.9799999999844
16800 1.297158348565388 335.9999999999844
16801 1.294820652630378 336.0199999999843
16802 1.292715093857343 336.0399999999843
16803 1.290863173526565 336.0599999999843
16804 1.289233764638751 336.0799999999843
16805 1.287723502161177 336.0999999999843
16806 1.286739287148553 336.1199999999843
16807 1.286074146151969 336.1399999999842
16808 1.285673361642234 336.1599999999842
16809 1.28579457373522 336.1799999999842
16810 1.286512515853552 336.1999999999842
16811 1.287526446123899 336.2199999999842
16812 1.288989510213824 336.2399999999841
16813 1.2906404872916 336.2599999999841
16814 1.292736706754255 336.2799999999841
16815 1.295510310814976 336.2999999999841
16816 1.297650743884671 336.3199999999841
16817 1.300537041564044 336.3399999999841
16818 1.303795675863966 336.359999999984
16819 1.307119620095909 336.379999999984
16820 1.310981185875588 336.399999999984
16821 1.315425402199914 336.419999999984
16822 1.320167180732106 336.439999999984
16823 1.325263174743745 336.4599999999839
16824 1.330581828299968 336.4799999999839
16825 1.336104268336862 336.4999999999839
16826 1.34195933325681 336.5199999999839
16827 1.348183332220287 336.5399999999839
16828 1.354497208107617 336.5599999999839
16829 1.361176503196553 336.5799999999838
16830 1.367910927964683 336.5999999999838
16831 1.375101630617674 336.6199999999838
16832 1.382737584655119 336.6399999999838
16833 1.390474945577003 336.6599999999838
16834 1.398132277102509 336.6799999999837
16835 1.406215516893282 336.6999999999837
16836 1.414524089824333 336.7199999999837
16837 1.422833391947881 336.7399999999837
16838 1.431363224203234 336.7599999999837
16839 1.440038097395368 336.7799999999837
16840 1.449088361496983 336.7999999999836
16841 1.458026291722384 336.8199999999836
16842 1.467111094658869 336.8399999999836
16843 1.476317827871996 336.8599999999836
16844 1.485614656246918 336.8799999999836
16845 1.494849956245418 336.8999999999835
16846 1.504128252907879 336.9199999999835
16847 1.513354021602976 336.9399999999835
16848 1.522538772556071 336.9599999999835
16849 1.531705281997747 336.9799999999835
16850 1.540990288663795 336.9999999999835
16851 1.550285805732773 337.0199999999834
16852 1.559458854473756 337.0399999999834
16853 1.568506090752243 337.0599999999834
16854 1.577392799889325 337.0799999999834
16855 1.586277116098056 337.0999999999834
16856 1.594914595124567 337.1199999999833
16857 1.603523576886616 337.1399999999833
16858 1.6119373476282 337.1599999999833
16859 1.620108458223046 337.1799999999833
16860 1.628007032128695 337.1999999999833
16861 1.635776249575502 337.2199999999833
16862 1.643333461246877 337.2399999999832
16863 1.650674610183195 337.2599999999832
16864 1.657761789747361 337.2799999999832
16865 1.664685078783733 337.2999999999832
16866 1.671359711032471 337.3199999999832
16867 1.677699941497044 337.3399999999831
16868 1.683677746220179 337.3599999999831
16869 1.689412872456195 337.3799999999831
16870 1.694876477736888 337.3999999999831
16871 1.699887890244289 337.4199999999831
16872 1.704724064584167 337.4399999999831
16873 1.709196702229252 337.459999999983
16874 1.713441404819962 337.479999999983
16875 1.717270373497884 337.499999999983
16876 1.720650501250108 337.519999999983
16877 1.723656336688215 337.539999999983
16878 1.726245415742067 337.5599999999829
16879 1.728499079803847 337.5799999999829
16880 1.730535184744319 337.5999999999829
16881 1.731987570586027 337.6199999999829
16882 1.733109751324852 337.6399999999829
16883 1.733783940757483 337.6599999999829
16884 1.734063380431382 337.6799999999828
16885 1.733994564940138 337.6999999999828
16886 1.733654558321023 337.7199999999828
16887 1.732972812574331 337.7399999999828
16888 1.731915958012704 337.7599999999828
16889 1.730478722840527 337.7799999999827
16890 1.728602211119937 337.7999999999827
16891 1.72635903115464 337.8199999999827
16892 1.723765260449088 337.8399999999827
16893 1.720877749471827 337.8599999999827
16894 1.717681631705211 337.8799999999827
16895 1.714166779409961 337.8999999999826
16896 1.710215691147095 337.9199999999826
16897 1.705950806641438 337.9399999999826
16898 1.701320542980198 337.9599999999826
16899 1.696443749461131 337.9799999999826
16900 1.691195635949506 337.9999999999825
16901 1.68563562673591 338.0199999999825
16902 1.679896708525733 338.0399999999825
16903 1.673832052265458 338.0599999999825
16904 1.667512117484236 338.0799999999825
16905 1.660841357055472 338.0999999999825
16906 1.653953893238862 338.1199999999824
16907 1.646982669190733 338.1399999999824
16908 1.639697014980601 338.1599999999824
16909 1.632248428895799 338.1799999999824
16910 1.624601286560287 338.1999999999824
16911 1.616736860433257 338.2199999999823
16912 1.608727947038769 338.2399999999823
16913 1.600547545088522 338.2599999999823
16914 1.592236064739808 338.2799999999823
16915 1.583790881796709 338.2999999999823
16916 1.575319112781001 338.3199999999823
16917 1.566699557133937 338.3399999999822
16918 1.558058419243861 338.3599999999822
16919 1.549335152182311 338.3799999999822
16920 1.540528752493541 338.3999999999822
16921 1.531732167389255 338.4199999999822
16922 1.522855743892911 338.4399999999821
16923 1.513885514882393 338.4599999999821
16924 1.505002890420375 338.4799999999821
16925 1.496189491092312 338.4999999999821
16926 1.487320247232134 338.5199999999821
16927 1.478563505296657 338.5399999999821
16928 1.469851441238043 338.559999999982
16929 1.461161946160662 338.579999999982
16930 1.452601963821072 338.599999999982
16931 1.444116205839945 338.619999999982
16932 1.435754894357641 338.639999999982
16933 1.427475340086767 338.6599999999819
16934 1.419335455582312 338.6799999999819
16935 1.411388885138142 338.6999999999819
16936 1.403515874177803 338.7199999999819
16937 1.395848082671232 338.7399999999819
16938 1.388310775541611 338.7599999999819
16939 1.381080895322253 338.7799999999818
16940 1.373986387203303 338.7999999999818
16941 1.367236511537304 338.8199999999818
16942 1.360541734624307 338.8399999999818
16943 1.354183370185387 338.8599999999818
16944 1.348103138170563 338.8799999999817
16945 1.342306806036568 338.8999999999817
16946 1.336666978507638 338.9199999999817
16947 1.331350382687448 338.9399999999817
16948 1.326133504827072 338.9599999999817
16949 1.321269318972055 338.9799999999817
16950 1.316815429069597 338.9999999999816
16951 1.312541244927712 339.0199999999816
16952 1.308752139102436 339.0399999999816
16953 1.305405211950138 339.0599999999816
16954 1.302312591715025 339.0799999999816
16955 1.299450602886127 339.0999999999815
16956 1.296866845776096 339.1199999999815
16957 1.2947388593705 339.1399999999815
16958 1.292944425735232 339.1599999999815
16959 1.291475993797331 339.1799999999815
16960 1.290256609294269 339.1999999999815
16961 1.289678241280205 339.2199999999814
16962 1.289312216847429 339.2399999999814
16963 1.289466442238562 339.2599999999814
16964 1.290065134638741 339.2799999999814
16965 1.290921284754643 339.2999999999814
16966 1.292037552386814 339.3199999999813
16967 1.293451066401075 339.3399999999813
16968 1.295244424770887 339.3599999999813
16969 1.29732644256978 339.3799999999813
16970 1.300006696767364 339.3999999999813
16971 1.303632398151208 339.4199999999813
16972 1.307593938623471 339.4399999999812
16973 1.311475799856971 339.4599999999812
16974 1.315786136095169 339.4799999999812
16975 1.320071199732314 339.4999999999812
16976 1.324710414555721 339.5199999999812
16977 1.329760384078591 339.5399999999811
16978 1.335160811651478 339.5599999999811
16979 1.340878549763644 339.5799999999811
16980 1.347161847657887 339.5999999999811
16981 1.353483455390261 339.6199999999811
16982 1.360339451987485 339.6399999999811
16983 1.367489413582367 339.659999999981
16984 1.374888531022916 339.679999999981
16985 1.382615940423083 339.699999999981
16986 1.390396345908765 339.719999999981
16987 1.398350634413431 339.739999999981
16988 1.406627130558943 339.7599999999809
16989 1.415199204310795 339.7799999999809
16990 1.423744335314672 339.7999999999809
16991 1.432517112789703 339.8199999999809
16992 1.441350805949996 339.8399999999809
16993 1.450507157518737 339.8599999999809
16994 1.459854109096662 339.8799999999808
16995 1.469273180560935 339.8999999999808
16996 1.478745060676419 339.9199999999808
16997 1.488148081574182 339.9399999999808
16998 1.497533228432626 339.9599999999808
16999 1.507158586535362 339.9799999999807
17000 1.516852096342035 339.9999999999807
17001 1.526472540617005 340.0199999999807
17002 1.536015983019373 340.0399999999807
17003 1.545459555408642 340.0599999999807
17004 1.554959674135971 340.0799999999807
17005 1.564404731266024 340.0999999999806
17006 1.573794233425098 340.1199999999806
17007 1.583119427610917 340.1399999999806
17008 1.592290696567692 340.1599999999806
17009 1.601307563446578 340.1799999999806
17010 1.61009610029136 340.1999999999805
17011 1.618632696621382 340.2199999999805
17012 1.627139678368531 340.2399999999805
17013 1.635537387828554 340.2599999999805
17014 1.643787090256461 340.2799999999805
17015 1.65171863689527 340.2999999999805
17016 1.659325257736204 340.3199999999804
17017 1.66668254289804 340.3399999999804
17018 1.67382353390532 340.3599999999804
17019 1.68063937925343 340.3799999999804
17020 1.687208650978731 340.3999999999804
17021 1.693544301055218 340.4199999999803
17022 1.699555954991455 340.4399999999803
17023 1.705228253169724 340.4599999999803
17024 1.710455273639547 340.4799999999803
17025 1.715464445090319 340.4999999999803
17026 1.720159903847587 340.5199999999803
17027 1.724431230624448 340.5399999999802
17028 1.72840506562487 340.5599999999802
17029 1.732002770773893 340.5799999999802
17030 1.735137269784275 340.5999999999802
17031 1.737828543593019 340.6199999999802
17032 1.740136306952699 340.6399999999801
17033 1.742152436966094 340.6599999999801
17034 1.743879452349166 340.6799999999801
17035 1.74521491491596 340.6999999999801
17036 1.746018263748396 340.7199999999801
17037 1.746425023045829 340.7399999999801
17038 1.746517355494189 340.75999999998
17039 1.746191431777339 340.77999999998
17040 1.745453147581681 340.79999999998
17041 1.744306055962457 340.81999999998
17042 1.742854293967971 340.83999999998
17043 1.740910648879938 340.8599999999799
17044 1.73852155787194 340.8799999999799
17045 1.73577091406241 340.8999999999799
17046 1.7327703133787 340.9199999999799
17047 1.729386018053003 340.9399999999799
17048 1.725746460525385 340.9599999999799
17049 1.721801596234315 340.9799999999798
17050 1.71746682371339 340.9999999999798
17051 1.712728372780255 341.0199999999798
17052 1.707747539491706 341.0399999999798
17053 1.702383341399714 341.0599999999798
17054 1.696792415579043 341.0799999999797
17055 1.691004179921245 341.0999999999797
17056 1.684905011553325 341.1199999999797
17057 1.678437713532502 341.1399999999797
17058 1.671734580965458 341.1599999999797
17059 1.664956447513473 341.1799999999797
17060 1.65790488076632 341.1999999999796
17061 1.650582189293435 341.2199999999796
17062 1.643007330399041 341.2399999999796
17063 1.6352427587778 341.2599999999796
17064 1.627337374528274 341.2799999999796
17065 1.619241671818785 341.2999999999795
17066 1.610886493159232 341.3199999999795
17067 1.602546917179161 341.3399999999795
17068 1.594022388213625 341.3599999999795
17069 1.585421874306727 341.3799999999795
17070 1.576716205378939 341.3999999999795
17071 1.56785823826231 341.4199999999794
17072 1.558951343490797 341.4399999999794
17073 1.550080693453277 341.4599999999794
17074 1.541112007609262 341.4799999999794
17075 1.532195345867383 341.4999999999794
17076 1.523252448378058 341.5199999999793
17077 1.514254306542638 341.5399999999793
17078 1.505274635360373 341.5599999999793
17079 1.49630601544707 341.5799999999793
17080 1.487381249928155 341.5999999999793
17081 1.478549462091717 341.6199999999793
17082 1.469699291906598 341.6399999999792
17083 1.460886977803257 341.6599999999792
17084 1.452204159236894 341.6799999999792
17085 1.443632755115434 341.6999999999792
17086 1.435117369194239 341.7199999999792
17087 1.426772462126699 341.7399999999791
17088 1.4185521129728 341.7599999999791
17089 1.410524735626756 341.7799999999791
17090 1.402659828351179 341.7999999999791
17091 1.394997666435676 341.8199999999791
17092 1.387520356875075 341.8399999999791
17093 1.380327783537524 341.859999999979
17094 1.373345758071784 341.879999999979
17095 1.366493400837126 341.899999999979
17096 1.359926356490214 341.919999999979
17097 1.353568076316284 341.939999999979
17098 1.347517032040139 341.9599999999789
17099 1.341654116244304 341.9799999999789
17100 1.335997758574976 341.9999999999789
17101 1.33060694741371 342.0199999999789
17102 1.325380554717874 342.0399999999789
17103 1.320410565174153 342.0599999999789
17104 1.315724831100285 342.0799999999788
17105 1.311384723975624 342.0999999999788
17106 1.307355649252069 342.1199999999788
17107 1.303705328914782 342.1399999999788
17108 1.300732843128535 342.1599999999788
17109 1.297966764171537 342.1799999999787
17110 1.29553518064679 342.1999999999787
17111 1.293367405472528 342.2199999999787
17112 1.291425057120223 342.2399999999787
17113 1.289733460360438 342.2599999999787
17114 1.288183491236658 342.2799999999787
17115 1.286971742768769 342.2999999999786
17116 1.286289991454618 342.3199999999786
17117 1.285758082107144 342.3399999999786
17118 1.28568427702504 342.3599999999786
17119 1.286249489616102 342.3799999999786
17120 1.287167013362978 342.3999999999785
17121 1.288543762069993 342.4199999999785
17122 1.290078152846409 342.4399999999785
17123 1.292040450552306 342.4599999999785
17124 1.294649691997612 342.4799999999785
17125 1.29691964642767 342.4999999999785
17126 1.299592455469154 342.5199999999784
17127 1.302770740976546 342.5399999999784
17128 1.306015349056574 342.5599999999784
17129 1.309712697042583 342.5799999999784
17130 1.31397613200419 342.5999999999784
17131 1.318652560473985 342.6199999999783
17132 1.32362078624493 342.6399999999783
17133 1.328894123313493 342.6599999999783
17134 1.334370179433643 342.6799999999783
17135 1.340039736016755 342.6999999999783
17136 1.346263348664546 342.7199999999783
17137 1.352466302522126 342.7399999999782
17138 1.359055473301156 342.7599999999782
17139 1.365789477973368 342.7799999999782
17140 1.372784030583785 342.7999999999782
17141 1.38031333133895 342.8199999999782
17142 1.388031661672759 342.8399999999781
17143 1.395723391959104 342.8599999999781
17144 1.403638388715295 342.8799999999781
17145 1.411908797614256 342.8999999999781
17146 1.420217717051684 342.9199999999781
17147 1.428658504450645 342.9399999999781
17148 1.437279466793785 342.959999999978
17149 1.446236058710397 342.979999999978
17150 1.455234954015376 342.999999999978
17151 1.464250067167441 343.019999999978
17152 1.473429519670193 343.039999999978
17153 1.482699166802202 343.0599999999779
17154 1.491976121994891 343.0799999999779
17155 1.501243435741801 343.0999999999779
17156 1.510444449567726 343.1199999999779
17157 1.519736577387837 343.1399999999779
17158 1.528813657201743 343.1599999999779
17159 1.53809101376384 343.1799999999778
17160 1.547403496931246 343.1999999999778
17161 1.556640025748503 343.2199999999778
17162 1.565659347722534 343.2399999999778
17163 1.574636175763311 343.2599999999778
17164 1.583523834920032 343.2799999999777
17165 1.592255523829072 343.2999999999777
17166 1.600839075392234 343.3199999999777
17167 1.609322983899354 343.3399999999777
17168 1.617589379053542 343.3599999999777
17169 1.625581434837359 343.3799999999777
17170 1.633373503755184 343.3999999999776
17171 1.6410148503403 343.4199999999776
17172 1.648415038928396 343.4399999999776
17173 1.655583873655849 343.4599999999776
17174 1.662558153718634 343.4799999999776
17175 1.66933280632377 343.4999999999775
17176 1.675771822459947 343.5199999999775
17177 1.681876972082768 343.5399999999775
17178 1.687676631919834 343.5599999999775
17179 1.693235387583047 343.5799999999775
17180 1.698400166971301 343.5999999999775
17181 1.703247480294352 343.6199999999774
17182 1.707864730774409 343.6399999999774
17183 1.712166403434016 343.6599999999774
17184 1.716184844653829 343.6799999999774
17185 1.719659993847971 343.6999999999774
17186 1.722803205632758 343.7199999999773
17187 1.725494979890285 343.7399999999773
17188 1.727878154632471 343.7599999999773
17189 1.729950040686092 343.7799999999773
17190 1.731632428568545 343.7999999999773
17191 1.732839483851941 343.8199999999773
17192 1.733684860674517 343.8399999999772
17193 1.734053247633378 343.8599999999772
17194 1.734102740976366 343.8799999999772
17195 1.733831991419309 343.8999999999772
17196 1.733292901621924 343.9199999999772
17197 1.732332402087726 343.9399999999771
17198 1.731040675318608 343.9599999999771
17199 1.729280829211358 343.9799999999771
17200 1.72715983011867 343.9999999999771
17201 1.724635219590366 344.0199999999771
17202 1.721890704682563 344.0399999999771
17203 1.718767669754041 344.059999999977
17204 1.715377002641536 344.079999999977
17205 1.711544496662966 344.099999999977
17206 1.707384970604767 344.119999999977
17207 1.702847910896448 344.139999999977
17208 1.698068463318765 344.1599999999769
17209 1.69292902915483 344.1799999999769
17210 1.687459698510273 344.1999999999769
17211 1.681782800262839 344.2199999999769
17212 1.675818389904675 344.2399999999769
17213 1.669584878206707 344.2599999999769
17214 1.663023634951409 344.2799999999768
17215 1.656174000006531 344.2999999999768
17216 1.649239970919465 344.3199999999768
17217 1.642064241064918 344.3399999999768
17218 1.634651924886605 344.3599999999768
17219 1.627088288491097 344.3799999999767
17220 1.619277176227893 344.3999999999767
17221 1.611305737343866 344.4199999999767
17222 1.603192919258258 344.4399999999767
17223 1.594907856500849 344.4599999999767
17224 1.586493282199442 344.4799999999767
17225 1.578034233169204 344.4999999999766
17226 1.569469158388824 344.5199999999766
17227 1.560812238256744 344.5399999999766
17228 1.552130425328798 344.5599999999766
17229 1.54334276530959 344.5799999999766
17230 1.534538230620782 344.5999999999765
17231 1.525695675506281 344.6199999999765
17232 1.516746427473639 344.6399999999765
17233 1.507813182932344 344.6599999999765
17234 1.498988881121729 344.6799999999765
17235 1.490150996205755 344.6999999999765
17236 1.4813417388537 344.7199999999764
17237 1.472612826689238 344.7399999999764
17238 1.463927630162729 344.7599999999764
17239 1.455327373462011 344.7799999999764
17240 1.446802193604776 344.7999999999764
17241 1.438409344170963 344.8199999999763
17242 1.430098125791213 344.8399999999763
17243 1.421897796796953 344.8599999999763
17244 1.413895511477685 344.8799999999763
17245 1.405986497667426 344.8999999999763
17246 1.398270786399665 344.9199999999763
17247 1.390678167066685 344.9399999999762
17248 1.383384688911197 344.9599999999762
17249 1.376189548335577 344.9799999999762
17250 1.369380191283929 344.9999999999762
17251 1.362638906712533 345.0199999999762
17252 1.356166378510431 345.0399999999761
17253 1.350004267109922 345.0599999999761
17254 1.344123828870146 345.0799999999761
17255 1.338445181014528 345.0999999999761
17256 1.332989581743963 345.1199999999761
17257 1.327782352039093 345.1399999999761
17258 1.322766683548041 345.159999999976
17259 1.318183881916114 345.179999999976
17260 1.313873409844569 345.199999999976
17261 1.309904974785303 345.219999999976
17262 1.306430634390328 345.239999999976
17263 1.303287904978727 345.2599999999759
17264 1.300343523339439 345.2799999999759
17265 1.297644371360871 345.2999999999759
17266 1.29538638960446 345.3199999999759
17267 1.293485237461921 345.3399999999759
17268 1.291921090699821 345.3599999999759
17269 1.290612815483232 345.3799999999758
17270 1.289835149924276 345.3999999999758
17271 1.289406662681864 345.4199999999758
17272 1.289365975602113 345.4399999999758
17273 1.289837203786284 345.4599999999758
17274 1.290646481673119 345.4799999999757
17275 1.291669234452702 345.4999999999757
17276 1.292958749397521 345.5199999999757
17277 1.294692091462328 345.5399999999757
17278 1.296581248460685 345.5599999999757
17279 1.299147203692284 345.5799999999757
17280 1.302357774078948 345.5999999999756
17281 1.306475313025198 345.6199999999756
17282 1.310188075369442 345.6399999999756
17283 1.314549181231501 345.6599999999756
17284 1.318708624538596 345.6799999999756
17285 1.323205832895503 345.6999999999755
17286 1.328137050794613 345.7199999999755
17287 1.333497774065588 345.7399999999755
17288 1.339033272677875 345.7599999999755
17289 1.34520090003577 345.7799999999755
17290 1.351467324728303 345.7999999999755
17291 1.358175613843505 345.8199999999754
17292 1.365228289407405 345.8399999999754
17293 1.372565667779117 345.8599999999754
17294 1.380170566761746 345.8799999999754
17295 1.38799846429526 345.8999999999754
17296 1.395848753135699 345.9199999999753
17297 1.403989061380839 345.9399999999753
17298 1.412559082901244 345.9599999999753
17299 1.421039983297167 345.9799999999753
17300 1.429807822441971 345.9999999999753
17301 1.438598525154623 346.0199999999753
17302 1.447643855366221 346.0399999999752
17303 1.456940203111402 346.0599999999752
17304 1.466339551696578 346.0799999999752
17305 1.475795787240249 346.0999999999752
17306 1.485226458935235 346.1199999999752
17307 1.494636392118534 346.1399999999751
17308 1.504139015906799 346.1599999999751
17309 1.513850062719951 346.1799999999751
17310 1.523494636805228 346.1999999999751
17311 1.533049223666701 346.2199999999751
17312 1.542538987882637 346.2399999999751
17313 1.552025372925462 346.259999999975
17314 1.561501461789803 346.279999999975
17315 1.570877164280405 346.299999999975
17316 1.580267566518277 346.319999999975
17317 1.589469531940199 346.339999999975
17318 1.598538484911158 346.3599999999749
17319 1.607410590790193 346.3799999999749
17320 1.616014120215368 346.3999999999749
17321 1.624521438448789 346.4199999999749
17322 1.632962374781188 346.4399999999749
17323 1.641282701909671 346.4599999999749
17324 1.649323697158458 346.4799999999748
17325 1.65703345094213 346.4999999999748
17326 1.664440268458379 346.5199999999748
17327 1.671658960728509 346.5399999999748
17328 1.678584589566787 346.5599999999748
17329 1.68520877732508 346.5799999999747
17330 1.691667343334708 346.5999999999747
17331 1.697727263739306 346.6199999999747
17332 1.703579598623766 346.6399999999747
17333 1.70889164029731 346.6599999999747
17334 1.713976544036134 346.6799999999747
17335 1.718765972550578 346.6999999999746
17336 1.723176128556783 346.7199999999746
17337 1.727239994026643 346.7399999999746
17338 1.730959050345823 346.7599999999746
17339 1.734234184930362 346.7799999999746
17340 1.737088574705113 346.7999999999745
17341 1.739485240568097 346.8199999999745
17342 1.7416097756263 346.8399999999745
17343 1.743419380563996 346.8599999999745
17344 1.744889354465146 346.8799999999745
17345 1.745876104102995 346.8999999999745
17346 1.746379807112346 346.9199999999744
17347 1.746564811557718 346.9399999999744
17348 1.746385680450656 346.9599999999744
17349 1.745766859142765 346.9799999999744
17350 1.744755065996169 346.9999999999744
17351 1.743403959342879 347.0199999999743
17352 1.741620231619436 347.0399999999743
17353 1.73935177932004 347.0599999999743
17354 1.736706987950897 347.0799999999743
17355 1.733782645804687 347.0999999999743
17356 1.730534799892839 347.1199999999743
17357 1.726944636064852 347.1399999999742
17358 1.723127737088708 347.1599999999742
17359 1.718908230549768 347.1799999999742
17360 1.714292516519491 347.1999999999742
17361 1.709376435257745 347.2199999999742
17362 1.704129438522195 347.2399999999741
17363 1.698601219972968 347.2599999999741
17364 1.692882856047326 347.2799999999741
17365 1.686889095630752 347.2999999999741
17366 1.680542595810613 347.3199999999741
17367 1.673859668996831 347.3399999999741
17368 1.66714760868153 347.359999999974
17369 1.660176775815771 347.379999999974
17370 1.652929889469124 347.399999999974
17371 1.645441844078641 347.419999999974
17372 1.637725539982746 347.439999999974
17373 1.629858551109281 347.4599999999739
17374 1.621831640550917 347.4799999999739
17375 1.61354620884323 347.4999999999739
17376 1.605199229278034 347.5199999999739
17377 1.596734219977311 347.5399999999739
17378 1.588148974062218 347.5599999999739
17379 1.579483820976108 347.5799999999738
17380 1.570674579600265 347.5999999999738
17381 1.56176648877912 347.6199999999738
17382 1.552883642173193 347.6399999999738
17383 1.543952033159476 347.6599999999738
17384 1.5350087188931 347.6799999999737
17385 1.526080530515485 347.6999999999737
17386 1.517093580164393 347.7199999999737
17387 1.508104574057826 347.7399999999737
17388 1.499130558572891 347.7599999999737
17389 1.490180941645027 347.7799999999737
17390 1.481330046258721 347.7999999999736
17391 1.472489169227003 347.8199999999736
17392 1.463656198768189 347.8399999999736
17393 1.454918672822704 347.8599999999736
17394 1.446334714909913 347.8799999999736
17395 1.437777715598679 347.8999999999735
17396 1.429380100770401 347.9199999999735
17397 1.421120242780653 347.9399999999735
17398 1.413024586616038 347.9599999999735
17399 1.405126558553756 347.9799999999735
17400 1.397395718432723 347.9999999999735
17401 1.389847647121011 348.0199999999734
17402 1.382571852881676 348.0399999999734
17403 1.375548175793646 348.0599999999734
17404 1.368604004254827 348.0799999999734
17405 1.361986173401142 348.0999999999734
17406 1.355537052792646 348.1199999999733
17407 1.349391512712202 348.1399999999733
17408 1.343473162511402 348.1599999999733
17409 1.337756707489622 348.1799999999733
17410 1.332271501825548 348.1999999999733
17411 1.327006537453201 348.2199999999733
17412 1.321946390671375 348.2399999999732
17413 1.317163849235353 348.2599999999732
17414 1.312711834547061 348.2799999999732
17415 1.308595886361771 348.2999999999732
17416 1.304780136219378 348.3199999999732
17417 1.301659544022479 348.3399999999731
17418 1.298815013125748 348.3599999999731
17419 1.296262225774605 348.3799999999731
17420 1.294044953972243 348.3999999999731
17421 1.292022161594759 348.4199999999731
17422 1.290255827913728 348.4399999999731
17423 1.288666646434018 348.459999999973
17424 1.287295203416968 348.479999999973
17425 1.286511625543017 348.499999999973
17426 1.285893550505927 348.519999999973
17427 1.285635667427967 348.539999999973
17428 1.286039268701106 348.5599999999729
17429 1.286861448085148 348.5799999999729
17430 1.28809947013986 348.5999999999729
17431 1.289545557332226 348.6199999999729
17432 1.291387091049512 348.6399999999729
17433 1.293784476613767 348.6599999999729
17434 1.296283546555896 348.6799999999728
17435 1.298699108751533 348.6999999999728
17436 1.301734974566956 348.7199999999728
17437 1.305006956985005 348.7399999999728
17438 1.308522421004562 348.7599999999728
17439 1.312611858218048 348.7799999999727
17440 1.317183790861472 348.7999999999727
17441 1.322043240184464 348.8199999999727
17442 1.32723794125703 348.8399999999727
17443 1.332671765177641 348.8599999999727
17444 1.338224542456499 348.8799999999727
17445 1.344327059439688 348.8999999999726
17446 1.350506229785314 348.9199999999726
17447 1.356969306543729 348.9399999999726
17448 1.363692043605225 348.9599999999726
17449 1.370534847517367 348.9799999999726
17450 1.37793597956776 348.9999999999725
17451 1.385627916806428 349.0199999999725
17452 1.393371434286532 349.0399999999725
17453 1.401102807279798 349.0599999999725
17454 1.409341665081405 349.0799999999725
17455 1.417647919923847 349.0999999999725
17456 1.425999834060293 349.1199999999724
17457 1.434578443191239 349.1399999999724
17458 1.44341567567273 349.1599999999724
17459 1.452518829292673 349.1799999999724
17460 1.461429104765976 349.1999999999724
17461 1.470572284198409 349.2199999999723
17462 1.479821538181022 349.2399999999723
17463 1.489118079606631 349.2599999999723
17464 1.498384613316941 349.2799999999723
17465 1.507603231673281 349.2999999999723
17466 1.516893391612051 349.3199999999723
17467 1.525988239132837 349.3399999999722
17468 1.535226301726279 349.3599999999722
17469 1.544528584646228 349.3799999999722
17470 1.553791420859953 349.3999999999722
17471 1.562880166903618 349.4199999999722
17472 1.571899559281577 349.4399999999721
17473 1.580772662380634 349.4599999999721
17474 1.58959751168375 349.4799999999721
17475 1.598186861008478 349.4999999999721
17476 1.606739863065306 349.5199999999721
17477 1.6150799916846 349.5399999999721
17478 1.623145287179207 349.559999999972
17479 1.630973267845032 349.579999999972
17480 1.638702980666213 349.599999999972
17481 1.646170954368913 349.619999999972
17482 1.653415273245011 349.639999999972
17483 1.660440970431355 349.6599999999719
17484 1.667300235837239 349.6799999999719
17485 1.673849388038255 349.6999999999719
17486 1.680062641630077 349.7199999999719
17487 1.68591825632173 349.7399999999719
17488 1.691570587831684 349.7599999999719
17489 1.696889564581763 349.7799999999718
17490 1.701768436298655 349.7999999999718
17491 1.706520888383365 349.8199999999718
17492 1.710871583297677 349.8399999999718
17493 1.715041950146142 349.8599999999718
17494 1.718637435441881 349.8799999999717
17495 1.721918504222382 349.8999999999717
17496 1.724728269579071 349.9199999999717
17497 1.727203781975201 349.9399999999717
17498 1.729358384411588 349.9599999999717
17499 1.731238820645526 349.9799999999717
17500 1.732532733285292 349.9999999999716
17501 1.733521421343977 350.0199999999716
17502 1.733994259665511 350.0399999999716
17503 1.734167923413928 350.0599999999716
17504 1.733981183951154 350.0799999999716
17505 1.73353193772157 350.0999999999715
17506 1.732700462708906 350.1199999999715
17507 1.731512008317395 350.1399999999715
17508 1.729908707128985 350.1599999999715
17509 1.727896375340013 350.1799999999715
17510 1.725497392907889 350.1999999999715
17511 1.722821541614665 350.2199999999714
17512 1.719803377055784 350.2399999999714
17513 1.716502208808365 350.2599999999714
17514 1.712820089658146 350.2799999999714
17515 1.708739843136331 350.2999999999714
17516 1.70433134652891 350.3199999999713
17517 1.69962096125408 350.3399999999713
17518 1.694597661283036 350.3599999999713
17519 1.689226872815505 350.3799999999713
17520 1.683606026824966 350.3999999999713
17521 1.677743756743431 350.4199999999713
17522 1.671584066244589 350.4399999999712
17523 1.665137173368714 350.4599999999712
17524 1.658350201985038 350.4799999999712
17525 1.651442096464785 350.4999999999712
17526 1.644376230839521 350.5199999999712
17527 1.636999493974452 350.5399999999711
17528 1.629496420646865 350.5599999999711
17529 1.621752246890807 350.5799999999711
17530 1.613833353947422 350.5999999999711
17531 1.605770277426016 350.6199999999711
17532 1.597520737093744 350.6399999999711
17533 1.589161260114997 350.659999999971
17534 1.580685635180865 350.679999999971
17535 1.572184746233589 350.699999999971
17536 1.563515114499996 350.719999999971
17537 1.554870499719612 350.739999999971
17538 1.546106688595084 350.7599999999709
17539 1.537293134515553 350.7799999999709
17540 1.528491371439749 350.7999999999709
17541 1.519555472648451 350.8199999999709
17542 1.510605938877177 350.8399999999709
17543 1.501747672703024 350.8599999999709
17544 1.492926991109021 350.8799999999708
17545 1.484081227157927 350.8999999999708
17546 1.475344561236887 350.9199999999708
17547 1.466653101700013 350.9399999999708
17548 1.457999992083091 350.9599999999708
17549 1.449467668343289 350.9799999999707
17550 1.441022264011242 350.9999999999707
17551 1.432687335211007 351.0199999999707
17552 1.424454222752784 351.0399999999707
17553 1.416379101738713 351.0599999999707
17554 1.408460898985057 351.0799999999707
17555 1.400674226536383 351.0999999999706
17556 1.393028995120911 351.1199999999706
17557 1.385605566296304 351.1399999999706
17558 1.378427359713409 351.1599999999706
17559 1.371474249413703 351.1799999999706
17560 1.364739482654843 351.1999999999705
17561 1.358154337369865 351.2199999999705
17562 1.351912490939286 351.2399999999705
17563 1.345933402994364 351.2599999999705
17564 1.340206137827802 351.2799999999705
17565 1.334662049379549 351.2999999999705
17566 1.329412074643503 351.3199999999704
17567 1.324273128169125 351.3399999999704
17568 1.319565794092326 351.3599999999704
17569 1.315224937815828 351.3799999999704
17570 1.311079541697259 351.3999999999704
17571 1.307481432623686 351.4199999999703
17572 1.304263253770663 351.4399999999703
17573 1.301226087005684 351.4599999999703
17574 1.298455513619609 351.4799999999703
17575 1.296071210659895 351.4999999999703
17576 1.294051305763128 351.5199999999703
17577 1.292389641678324 351.5399999999702
17578 1.291008311004875 351.5599999999702
17579 1.290014922971811 351.5799999999702
17580 1.289540995458245 351.5999999999702
17581 1.289320534614975 351.6199999999702
17582 1.289670035905471 351.6399999999701
17583 1.290397969412934 351.6599999999701
17584 1.291328579246391 351.6799999999701
17585 1.292538734013503 351.6999999999701
17586 1.294127192741394 351.7199999999701
17587 1.295970785789598 351.7399999999701
17588 1.298316748550434 351.75999999997
17589 1.301243663995227 351.77999999997
17590 1.30524871126942 351.79999999997
17591 1.309047604210568 351.81999999997
17592 1.313168271486846 351.83999999997
17593 1.317387275929672 351.8599999999699
17594 1.321759817326843 351.8799999999699
17595 1.326590816885202 351.8999999999699
17596 1.331822624589552 351.9199999999699
17597 1.337262875816479 351.9399999999699
17598 1.34323642407071 351.9599999999699
17599 1.349506023250103 351.9799999999698
17600 1.356053709496482 351.9999999999698
17601 1.363021903738945 352.0199999999698
17602 1.370281247861888 352.0399999999698
17603 1.377763361400407 352.0599999999698
17604 1.385623249899288 352.0799999999697
17605 1.39339266484638 352.0999999999697
17606 1.401422290565298 352.1199999999697
17607 1.409903489827379 352.1399999999697
17608 1.418401072009942 352.1599999999697
17609 1.427091122609988 352.1799999999697
17610 1.435886080807766 352.1999999999696
17611 1.444801412573762 352.2199999999696
17612 1.454063167195534 352.2399999999696
17613 1.463423467718059 352.2599999999696
17614 1.472856699381186 352.2799999999696
17615 1.482336826224451 352.2999999999695
17616 1.491746295399191 352.3199999999695
17617 1.50116666503863 352.3399999999695
17618 1.510867315955108 352.3599999999695
17619 1.520539176412727 352.3799999999695
17620 1.530111282945935 352.3999999999695
17621 1.5396384591479 352.4199999999694
17622 1.549094424945895 352.4399999999694
17623 1.55858896618963 352.4599999999694
17624 1.567998257790139 352.4799999999694
17625 1.57739018762586 352.4999999999694
17626 1.586644872680917 352.5199999999693
17627 1.595766134728172 352.5399999999693
17628 1.6047129379245 352.5599999999693
17629 1.613384605118184 352.5799999999693
17630 1.621900129218548 352.5999999999693
17631 1.630395967350713 352.6199999999693
17632 1.638747519932279 352.6399999999692
17633 1.646884181875737 352.6599999999692
17634 1.654709699688118 352.6799999999692
17635 1.662189588328126 352.6999999999692
17636 1.669469991413322 352.7199999999692
17637 1.676490080220248 352.7399999999691
17638 1.683208658507391 352.7599999999691
17639 1.689724927660701 352.7799999999691
17640 1.695902611700216 352.7999999999691
17641 1.701840573099215 352.8199999999691
17642 1.707294157246412 352.8399999999691
17643 1.712452237617333 352.859999999969
17644 1.717335956574015 352.879999999969
17645 1.721877066961074 352.899999999969
17646 1.726029486673438 352.919999999969
17647 1.729881495800605 352.939999999969
17648 1.733312536327719 352.9599999999689
17649 1.736288916439938 352.9799999999689
17650 1.738813242970838 352.9999999999689
17651 1.741008062534687 353.0199999999689
17652 1.74290227458884 353.0399999999689
17653 1.74450494892363 353.0599999999689
17654 1.745669773962659 353.0799999999688
17655 1.74628210371991 353.0999999999688
17656 1.746569546082779 353.1199999999688
17657 1.746538516981474 353.1399999999688
17658 1.746037668281307 353.1599999999688
17659 1.745139054412706 353.1799999999687
17660 1.743886912049406 353.1999999999687
17661 1.742260017940081 353.2199999999687
17662 1.740120910989032 353.2399999999687
17663 1.737605505662055 353.2599999999687
17664 1.734743260251462 353.2799999999687
17665 1.73162150755709 353.2999999999686
17666 1.72810274488396 353.3199999999686
17667 1.724385104502616 353.3399999999686
17668 1.720277908854006 353.3599999999686
17669 1.715798643558591 353.3799999999686
17670 1.710948126685489 353.3999999999685
17671 1.705828004321793 353.4199999999685
17672 1.700358673996546 353.4399999999685
17673 1.694704350628617 353.4599999999685
17674 1.688810968495375 353.4799999999685
17675 1.682574509900169 353.4999999999685
17676 1.67598082564963 353.5199999999684
17677 1.669270245894199 353.5399999999684
17678 1.662387846803654 353.5599999999684
17679 1.655230974600912 353.5799999999684
17680 1.647819785821555 353.5999999999684
17681 1.640158695466618 353.6199999999683
17682 1.63233446814401 353.6399999999683
17683 1.624369932000616 353.6599999999683
17684 1.616170678642092 353.6799999999683
17685 1.607799640184033 353.6999999999683
17686 1.599407851857148 353.7199999999683
17687 1.59083886999456 353.7399999999682
17688 1.582205682529644 353.7599999999682
17689 1.573449893201918 353.7799999999682
17690 1.564550754042405 353.7999999999682
17691 1.555653105331626 353.8199999999682
17692 1.54675839463546 353.8399999999681
17693 1.53779000110313 353.8599999999681
17694 1.528875319581451 353.8799999999681
17695 1.519900560708828 353.8999999999681
17696 1.510909775078533 353.9199999999681
17697 1.501923091766376 353.9399999999681
17698 1.492969477831129 353.959999999968
17699 1.484082750731072 353.979999999968
17700 1.475250202749242 353.999999999968
17701 1.466403658381999 354.019999999968
17702 1.457624433477941 354.039999999968
17703 1.448995981084189 354.0599999999679
17704 1.44043118389713 354.0799999999679
17705 1.431974572168234 354.0999999999679
17706 1.423681385801778 354.1199999999679
17707 1.415521281580015 354.1399999999679
17708 1.407570445555718 354.1599999999679
17709 1.399779140038982 354.1799999999678
17710 1.39217516394684 354.1999999999678
17711 1.384801048906789 354.2199999999678
17712 1.377680322209572 354.2399999999678
17713 1.370755599531777 354.2599999999678
17714 1.364020470758065 354.2799999999677
17715 1.357514596889964 354.2999999999677
17716 1.35127059851915 354.3199999999677
17717 1.345305843628197 354.3399999999677
17718 1.339527773898445 354.3599999999677
17719 1.333949782969477 354.3799999999677
17720 1.328631413674559 354.3999999999676
17721 1.323487815531265 354.4199999999676
17722 1.318620046749539 354.4399999999676
17723 1.314056219544348 354.4599999999676
17724 1.309839586393426 354.4799999999676
17725 1.305921528600675 354.4999999999675
17726 1.302562714975783 354.5199999999675
17727 1.299671077425489 354.5399999999675
17728 1.297027496156977 354.5599999999675
17729 1.294711274602443 354.5799999999675
17730 1.292616598013804 354.5999999999675
17731 1.290786402339574 354.6199999999674
17732 1.289156831281715 354.6399999999674
17733 1.287663234858246 354.6599999999674
17734 1.286729279800168 354.6799999999674
17735 1.286056057399342 354.6999999999674
17736 1.285663796585694 354.7199999999673
17737 1.285850383568749 354.7399999999673
17738 1.28658947306373 354.7599999999673
17739 1.287644727480984 354.7799999999673
17740 1.289103404001304 354.7999999999673
17741 1.290771634114457 354.8199999999673
17742 1.29294314173805 354.8399999999672
17743 1.295676108078181 354.8599999999672
17744 1.297835585025082 354.8799999999672
17745 1.300763657815647 354.8999999999672
17746 1.304018330607209 354.9199999999672
17747 1.307374734342593 354.9399999999671
17748 1.311277001216305 354.9599999999671
17749 1.315747323047502 354.9799999999671
17750 1.320506001412548 354.9999999999671
17751 1.325626374326425 355.0199999999671
17752 1.330961285277049 355.0399999999671
17753 1.336483666398864 355.059999999967
17754 1.342392933440246 355.079999999967
17755 1.348599631352393 355.099999999967
17756 1.354943978709861 355.119999999967
17757 1.361637636853091 355.139999999967
17758 1.36838772094194 355.1599999999669
17759 1.375625464329133 355.1799999999669
17760 1.383265677267751 355.1999999999669
17761 1.391016865611133 355.2199999999669
17762 1.398668932792404 355.2399999999669
17763 1.406785356742208 355.2599999999669
17764 1.415106524935983 355.2799999999668
17765 1.423419286822105 355.2999999999668
17766 1.431965645947842 355.3199999999668
17767 1.44065109081173 355.3399999999668
17768 1.449725829535212 355.3599999999668
17769 1.458654717558676 355.3799999999667
17770 1.467755644508735 355.3999999999667
17771 1.476969754684904 355.4199999999667
17772 1.486271696601734 355.4399999999667
17773 1.49550938886291 355.4599999999667
17774 1.50478773226733 355.4799999999667
17775 1.51401519677981 355.4999999999666
17776 1.523196769724115 355.5199999999666
17777 1.532381454724273 355.5399999999666
17778 1.541664955476294 355.5599999999666
17779 1.550956938802075 355.5799999999666
17780 1.56011857958052 355.5999999999665
17781 1.569180357184825 355.6199999999665
17782 1.578047756191397 355.6399999999665
17783 1.586930278963197 355.6599999999665
17784 1.595559178398626 355.6799999999665
17785 1.604165062814416 355.6999999999665
17786 1.612567956110403 355.7199999999664
17787 1.620731724937124 355.7399999999664
17788 1.628606574874602 355.7599999999664
17789 1.636376918604759 355.7799999999664
17790 1.643916669543537 355.7999999999664
17791 1.651248283650995 355.8199999999663
17792 1.658322739149642 355.8399999999663
17793 1.66523647564687 355.8599999999663
17794 1.671890068248477 355.8799999999663
17795 1.678211615978829 355.8999999999663
17796 1.68416891454812 355.9199999999663
17797 1.689886616942292 355.9399999999662
17798 1.695329234072416 355.9599999999662
17799 1.700325120495774 355.9799999999662
17800 1.705146279389385 355.9999999999662
17801 1.709597062078764 356.0199999999662
17802 1.713827452840311 356.0399999999661
17803 1.717621488267753 356.0599999999661
17804 1.720990585452901 356.0799999999661
17805 1.723954672811878 356.0999999999661
17806 1.726531504139122 356.1199999999661
17807 1.728760760903421 356.1399999999661
17808 1.730783862750164 356.159999999966
17809 1.732196718975336 356.179999999966
17810 1.733300264009678 356.199999999966
17811 1.733941544541552 356.219999999966
17812 1.734201161342944 356.239999999966
17813 1.734110723468096 356.2599999999659
17814 1.733752508809261 356.2799999999659
17815 1.733043265336774 356.2999999999659
17816 1.731958685496011 356.3199999999659
17817 1.730495641872722 356.3399999999659
17818 1.7285959060172 356.3599999999659
17819 1.726326485028996 356.3799999999658
17820 1.723713773549987 356.3999999999658
17821 1.720805086339852 356.4199999999658
17822 1.717588738551619 356.4399999999658
17823 1.714046769135875 356.4599999999658
17824 1.710071711440389 356.4799999999657
17825 1.705781285259477 356.4999999999657
17826 1.701133191480752 356.5199999999657
17827 1.69623179274921 356.5399999999657
17828 1.690962701494567 356.5599999999657
17829 1.685386261176417 356.5799999999657
17830 1.679629851533568 356.5999999999656
17831 1.673545536495745 356.6199999999656
17832 1.66720467486118 356.6399999999656
17833 1.660512592265059 356.6599999999656
17834 1.653615831597275 356.6799999999656
17835 1.646629205464949 356.6999999999655
17836 1.639326647161935 356.7199999999655
17837 1.631867921489459 356.7399999999655
17838 1.624200763020898 356.7599999999655
17839 1.616323924593974 356.7799999999655
17840 1.608306216968705 356.7999999999655
17841 1.600110782748733 356.8199999999654
17842 1.591790942420782 356.8399999999654
17843 1.583335323944142 356.8599999999654
17844 1.57485547288472 356.8799999999654
17845 1.566226889318638 356.8999999999654
17846 1.557581771230883 356.9199999999653
17847 1.548851894531499 356.9399999999653
17848 1.540041537976193 356.9599999999653
17849 1.531244451426667 356.9799999999653
17850 1.522351561242892 356.9999999999653
17851 1.51338257452343 357.0199999999653
17852 1.504502796011863 357.0399999999652
17853 1.495686930384466 357.0599999999652
17854 1.486816375780893 357.0799999999652
17855 1.478063146146701 357.0999999999652
17856 1.469351959379357 357.1199999999652
17857 1.460670580915328 357.1399999999651
17858 1.452103770552243 357.1599999999651
17859 1.443629545834427 357.1799999999651
17860 1.435273101270602 357.1999999999651
17861 1.426997860957084 357.2199999999651
17862 1.418865234456128 357.2399999999651
17863 1.410927045912312 357.259999999965
17864 1.403065832747685 357.279999999965
17865 1.39540229779388 357.299999999965
17866 1.387879112729438 357.319999999965
17867 1.380666354824999 357.339999999965
17868 1.373581637430591 357.3599999999649
17869 1.36683668060403 357.3799999999649
17870 1.360157198171571 357.3999999999649
17871 1.353821475946451 357.4199999999649
17872 1.347751174953627 357.4399999999649
17873 1.341969283224175 357.4599999999649
17874 1.336346474861331 357.4799999999648
17875 1.331045673868028 357.4999999999648
17876 1.325824783470333 357.5199999999648
17877 1.320999399300475 357.5399999999648
17878 1.316566915489306 357.5599999999648
17879 1.312314139610739 357.5799999999647
17880 1.308554574770026 357.5999999999647
17881 1.305230389259334 357.6199999999647
17882 1.302142062617091 357.6399999999647
17883 1.299302380620161 357.6599999999647
17884 1.296750867841505 357.6799999999647
17885 1.294643106342057 357.6999999999646
17886 1.292872919623366 357.7199999999646
17887 1.291423233731295 357.7399999999646
17888 1.290233475390382 357.7599999999646
17889 1.289680944048619 357.7799999999646
17890 1.289336743280985 357.7999999999645
17891 1.289530219651419 357.8199999999645
17892 1.290144872646501 357.8399999999645
17893 1.291020289269352 357.8599999999645
17894 1.292149555704233 357.8799999999645
17895 1.293586936841587 357.8999999999645
17896 1.295398952038013 357.9199999999644
17897 1.297526037711225 357.9399999999644
17898 1.300241801844661 357.9599999999644
17899 1.303961699549665 357.9799999999644
17900 1.307876863516042 357.9999999999644
17901 1.311805780780838 358.0199999999643
17902 1.316093009942142 358.0399999999643
17903 1.32039983430937 358.0599999999643
17904 1.325073729421049 358.0799999999643
17905 1.330165499880937 358.0999999999643
17906 1.335562962797079 358.1199999999643
17907 1.341331935394815 358.1399999999642
17908 1.347613891203948 358.1599999999642
17909 1.353974432986861 358.1799999999642
17910 1.36085468632145 358.1999999999642
17911 1.368024154107673 358.2199999999642
17912 1.37544531026067 358.2399999999641
17913 1.383195828024822 358.2599999999641
17914 1.390977068819816 358.2799999999641
17915 1.39894012687545 358.2999999999641
17916 1.407259935643966 358.3199999999641
17917 1.415820067409107 358.339999999964
17918 1.424398837189046 358.359999999964
17919 1.433172894914222 358.379999999964
17920 1.44201992620578 358.399999999964
17921 1.451200750635283 358.419999999964
17922 1.460555435991945 358.439999999964
17923 1.469979635875061 358.4599999999639
17924 1.479461521584089 358.4799999999639
17925 1.488864657472824 358.4999999999639
17926 1.498250744449281 358.5199999999639
17927 1.507895099237991 358.5399999999639
17928 1.517585564599658 358.5599999999638
17929 1.527201421094861 358.5799999999638
17930 1.536747796881252 358.5999999999638
17931 1.546187531200123 358.6199999999638
17932 1.555693775891489 358.6399999999638
17933 1.565132920896458 358.6599999999638
17934 1.574524664732321 358.6799999999637
17935 1.58383632371711 358.6999999999637
17936 1.593002390288047 358.7199999999637
17937 1.602012296326838 358.7399999999637
17938 1.61078428173641 358.7599999999637
17939 1.619313627827584 358.7799999999636
17940 1.627829541530052 358.7999999999636
17941 1.636208399917628 358.8199999999636
17942 1.644436479867382 358.8399999999636
17943 1.652359500597255 358.8599999999636
17944 1.659940882821387 358.8799999999636
17945 1.667295132091768 358.8999999999635
17946 1.674403666396258 358.9199999999635
17947 1.681215548083049 358.9399999999635
17948 1.687787785506754 358.9599999999635
17949 1.694073416217652 358.9799999999635
17950 1.70007038460479 358.9999999999634
17951 1.705706558453914 359.0199999999634
17952 1.710924044938529 359.0399999999634
17953 1.715911424348733 359.0599999999634
17954 1.720580406388062 359.0799999999634
17955 1.724830526280587 359.0999999999634
17956 1.728785156551625 359.1199999999633
17957 1.73235882181962 359.1399999999633
17958 1.735462140496988 359.1599999999633
17959 1.738120694304625 359.1799999999633
17960 1.740405561828433 359.1999999999633
17961 1.742403325305793 359.2199999999632
17962 1.744108326986493 359.2399999999632
17963 1.745414230319744 359.2599999999632
17964 1.746179203690984 359.2799999999632
17965 1.746561791822198 359.2999999999632
17966 1.746630621975751 359.3199999999632
17967 1.746277298893417 359.3399999999631
17968 1.74550921499252 359.3599999999631
17969 1.74432999634352 359.3799999999631
17970 1.742856219240374 359.3999999999631
17971 1.74087500802287 359.4199999999631
17972 1.738462458128907 359.439999999963
17973 1.735688412172461 359.459999999963
17974 1.732667598632116 359.479999999963
17975 1.729254530020874 359.499999999963
17976 1.725604346650104 359.519999999963
17977 1.721625794797527 359.539999999963
17978 1.717264705515902 359.5599999999629
17979 1.712503527180679 359.5799999999629
17980 1.707497897394946 359.5999999999629
17981 1.702111024341461 359.6199999999629
17982 1.696506825116387 359.6399999999629
17983 1.690697353347154 359.6599999999628
17984 1.684574315398509 359.6799999999628
17985 1.678079430930694 359.6999999999628
17986 1.671372798731837 359.7199999999628
17987 1.664575610405698 359.7399999999628
17988 1.657501027981064 359.7599999999628
17989 1.650160933179413 359.7799999999627
17990 1.642569970925392 359.7999999999627
17991 1.634791942803224 359.8199999999627
17992 1.626875200349101 359.8399999999627
17993 1.618762007343243 359.8599999999627
17994 1.610394481104417 359.8799999999626
17995 1.602049749144598 359.8999999999626
17996 1.593512089243097 359.9199999999626
17997 1.584903397220309 359.9399999999626
17998 1.576190561311871 359.9599999999626
17999 1.567320152394109 359.9799999999626
18000 1.558413617564375 359.9999999999625
18001 1.549537395564279 360.0199999999625
18002 1.540565804464562 360.0399999999625
18003 1.531646976769268 360.0599999999625
18004 1.522695792408615 360.0799999999625
18005 1.513695726038624 360.0999999999624
18006 1.504712138990846 360.1199999999624
18007 1.49574450286113 360.1399999999624
18008 1.48682408566959 360.1599999999624
18009 1.477989724038717 360.1799999999624
18010 1.469138557434344 360.1999999999624
18011 1.460326781193214 360.2199999999623
18012 1.451651023723885 360.2399999999623
18013 1.44308078423077 360.2599999999623
18014 1.43457342409113 360.2799999999623
18015 1.426237360388355 360.2999999999623
18016 1.418023966501286 360.3199999999622
18017 1.41000789397974 360.3399999999622
18018 1.402153088389637 360.3599999999622
18019 1.394505981321504 360.3799999999622
18020 1.387041697205657 360.3999999999622
18021 1.379867598092195 360.4199999999622
18022 1.37289606541284 360.4399999999621
18023 1.366066014224378 360.4599999999621
18024 1.359507048364874 360.4799999999621
18025 1.353169099860408 360.4999999999621
18026 1.347134921383 360.5199999999621
18027 1.341283515065738 360.539999999962
18028 1.335636527442678 360.559999999962
18029 1.33025852352233 360.579999999962
18030 1.325042942522561 360.599999999962
18031 1.320091091077595 360.619999999962
18032 1.315430624114999 360.639999999962
18033 1.311112174998798 360.6599999999619
18034 1.307108570696684 360.6799999999619
18035 1.303508957586335 360.6999999999619
18036 1.30055543438414 360.7199999999619
18037 1.297808516448998 360.7399999999619
18038 1.295397059582889 360.7599999999618
18039 1.293250754098824 360.7799999999618
18040 1.291323930858424 360.7999999999618
18041 1.2896469404805 360.8199999999618
18042 1.28808902586176 360.8399999999618
18043 1.286935935966582 360.8599999999618
18044 1.286270286824619 360.8799999999617
18045 1.285736331640844 360.8999999999617
18046 1.285727281745453 360.9199999999617
18047 1.286339198000896 360.9399999999617
18048 1.287273938254258 360.9599999999617
18049 1.288668978666182 360.9799999999616
18050 1.290234163770637 360.9999999999616
18051 1.29222215705573 361.0199999999616
18052 1.294895011638125 361.0399999999616
18053 1.297108156517324 361.0599999999616
18054 1.299837096813623 361.0799999999616
18055 1.303033938313435 361.0999999999615
18056 1.306286527429785 361.1199999999615
18057 1.310031124516923 361.1399999999615
18058 1.314334747445313 361.1599999999615
18059 1.319030451428821 361.1799999999615
18060 1.324029309874254 361.1999999999614
18061 1.329319146158083 361.2199999999614
18062 1.33480459650068 361.2399999999614
18063 1.34051295990699 361.2599999999614
18064 1.346743834635215 361.2799999999614
18065 1.352966076680791 361.2999999999614
18066 1.359587754801126 361.3199999999613
18067 1.366325495682877 361.3399999999613
18068 1.373364238398266 361.3599999999613
18069 1.380919114328433 361.3799999999613
18070 1.388644336816817 361.3999999999613
18071 1.396327858754828 361.4199999999612
18072 1.40428927373656 361.4399999999612
18073 1.41256600827652 361.4599999999612
18074 1.420879084350484 361.4799999999612
18075 1.429343810808562 361.4999999999612
18076 1.437979689780726 361.5199999999612
18077 1.446962261598804 361.5399999999611
18078 1.455942921473699 361.5599999999611
18079 1.464984702903276 361.5799999999611
18080 1.474169758990743 361.5999999999611
18081 1.483447681902313 361.6199999999611
18082 1.492723961442019 361.639999999961
18083 1.501990284128071 361.659999999961
18084 1.511208666998507 361.679999999961
18085 1.520471937391077 361.699999999961
18086 1.529576521527206 361.719999999961
18087 1.538858419909021 361.739999999961
18088 1.54816898725722 361.7599999999609
18089 1.557399545260329 361.7799999999609
18090 1.566417003263806 361.7999999999609
18091 1.575384515327068 361.8199999999609
18092 1.584270570607453 361.8399999999609
18093 1.592980883637513 361.8599999999608
18094 1.60157430137813 361.8799999999608
18095 1.610046824201349 361.8999999999608
18096 1.618293488893487 361.9199999999608
18097 1.626273055172115 361.9399999999608
18098 1.634056940986532 361.9599999999608
18099 1.641681763225463 361.9799999999607
18100 1.649065179537331 361.9999999999607
18101 1.656217977570552 362.0199999999607
18102 1.663189993830826 362.0399999999607
18103 1.669934988356645 362.0599999999607
18104 1.676357996667643 362.0799999999606
18105 1.682442088863177 362.0999999999606
18106 1.688217334108187 362.1199999999606
18107 1.693761194754178 362.1399999999606
18108 1.698893135351924 362.1599999999606
18109 1.703732066265557 362.1799999999606
18110 1.708311674031752 362.1999999999605
18111 1.712608178961337 362.2199999999605
18112 1.716585957160202 362.2399999999605
18113 1.720036811884908 362.2599999999605
18114 1.723154494137609 362.2799999999605
18115 1.725817207876347 362.2999999999604
18116 1.728173300859623 362.3199999999604
18117 1.730234201637453 362.3399999999604
18118 1.731866078059726 362.3599999999604
18119 1.733055188957626 362.3799999999604
18120 1.733863757353516 362.3999999999604
18121 1.734212318687272 362.4199999999603
18122 1.734228132445951 362.4399999999603
18123 1.733940553153339 362.4599999999603
18124 1.733368164048407 362.4799999999603
18125 1.732386022423165 362.4999999999603
18126 1.731062490755641 362.5199999999602
18127 1.729267047721155 362.5399999999602
18128 1.727119589730351 362.5599999999602
18129 1.724573161501288 362.5799999999602
18130 1.721796766921957 362.5999999999602
18131 1.718655217681233 362.6199999999602
18132 1.715237387627169 362.6399999999601
18133 1.711376099003736 362.6599999999601
18134 1.707191966013479 362.6799999999601
18135 1.70262168443557 362.6999999999601
18136 1.697823091500691 362.7199999999601
18137 1.692656347449172 362.73999999996
18138 1.687163155745841 362.75999999996
18139 1.681469521644581 362.77999999996
18140 1.675482935401809 362.79999999996
18141 1.669227049015395 362.81999999996
18142 1.662639859975339 362.83999999996
18143 1.655774714667455 362.8599999999599
18144 1.648828093272902 362.8799999999599
18145 1.641629926641844 362.8999999999599
18146 1.634205369484711 362.9199999999599
18147 1.626625135482939 362.9399999999599
18148 1.618792496035647 362.9599999999598
18149 1.610810789608584 362.9799999999598
18150 1.602681891502904 362.9999999999598
18151 1.594389720247734 363.0199999999598
18152 1.585961357057844 363.0399999999598
18153 1.577502352746642 363.0599999999598
18154 1.568907642033258 363.0799999999597
18155 1.56025835144879 363.0999999999597
18156 1.55156593846607 363.1199999999597
18157 1.542770671374275 363.1399999999597
18158 1.533967689947331 363.1599999999597
18159 1.525110925220652 363.1799999999596
18160 1.51615711520263 363.1999999999596
18161 1.507227550641421 363.2199999999596
18162 1.498404619999706 363.2399999999596
18163 1.489554628467449 363.2599999999596
18164 1.48075768954062 363.2799999999596
18165 1.472027976694638 363.2999999999595
18166 1.463345604807436 363.3199999999595
18167 1.454754269085683 363.3399999999595
18168 1.446232534458157 363.3599999999595
18169 1.437844868182162 363.3799999999595
18170 1.429538033548286 363.3999999999594
18171 1.421343143261942 363.4199999999594
18172 1.413366228371829 363.4399999999594
18173 1.405448002673283 363.4599999999594
18174 1.397761585562217 363.4799999999594
18175 1.390162057464579 363.4999999999594
18176 1.382887932536924 363.5199999999593
18177 1.375713453114865 363.5399999999593
18178 1.368922188334421 363.5599999999593
18179 1.362178121175602 363.5799999999593
18180 1.355735662161954 363.5999999999593
18181 1.349591497332263 363.6199999999592
18182 1.343725455146594 363.6399999999592
18183 1.338051624646446 363.6599999999592
18184 1.332635788518954 363.6799999999592
18185 1.327416728261694 363.6999999999592
18186 1.32243883262533 363.7199999999592
18187 1.317898006156749 363.7399999999591
18188 1.313591066796073 363.7599999999591
18189 1.309668447392374 363.7799999999591
18190 1.306216782104449 363.7999999999591
18191 1.303093208325182 363.8199999999591
18192 1.300162941219799 363.839999999959
18193 1.29748973189543 363.859999999959
18194 1.295262681433998 363.879999999959
18195 1.293393428540951 363.899999999959
18196 1.291852380266539 363.919999999959
18197 1.290554619490418 363.939999999959
18198 1.289833192710538 363.9599999999589
18199 1.289411428681584 363.9799999999589
18200 1.289423727193109 363.9999999999589
18201 1.289926132539226 364.0199999999589
18202 1.290749479453893 364.0399999999589
18203 1.291791310102582 364.0599999999588
18204 1.293107888897114 364.0799999999588
18205 1.294857587007027 364.0999999999588
18206 1.296800650715283 364.1199999999588
18207 1.299387601247924 364.1399999999588
18208 1.302711032836667 364.1599999999588
18209 1.306788105046798 364.1799999999587
18210 1.310543199630529 364.1999999999587
18211 1.314886094204806 364.2199999999587
18212 1.31908607728395 364.2399999999587
18213 1.323613311168692 364.2599999999587
18214 1.32857193488094 364.2799999999586
18215 1.333957887814981 364.2999999999586
18216 1.339529271712546 364.3199999999586
18217 1.345733070409 364.3399999999586
18218 1.352006446458796 364.3599999999586
18219 1.358752708956329 364.3799999999586
18220 1.365833430718146 364.3999999999585
18221 1.373191170134539 364.4199999999585
18222 1.380829847970012 364.4399999999585
18223 1.388648712143296 364.4599999999585
18224 1.396524897312628 364.4799999999585
18225 1.404699179272553 364.4999999999584
18226 1.413274790300786 364.5199999999584
18227 1.421774387732632 364.5399999999584
18228 1.430546260303004 364.5599999999584
18229 1.439352908386739 364.5799999999584
18230 1.448426763416189 364.5999999999584
18231 1.457732594992342 364.6199999999583
18232 1.467141372472969 364.6399999999583
18233 1.476611490519095 364.6599999999583
18234 1.48603796226616 364.6799999999583
18235 1.495444297469768 364.6999999999583
18236 1.504973585811784 364.7199999999582
18237 1.514681312032368 364.7399999999582
18238 1.524323894554003 364.7599999999582
18239 1.533875494541773 364.7799999999582
18240 1.543358427955114 364.7999999999582
18241 1.552855167154239 364.8199999999582
18242 1.562325521111184 364.8399999999581
18243 1.571702633883748 364.8599999999581
18244 1.581081435201866 364.8799999999581
18245 1.590277023027638 364.8999999999581
18246 1.599339013452624 364.9199999999581
18247 1.608198686210499 364.939999999958
18248 1.61677507183354 364.959999999958
18249 1.62528517148792 364.979999999958
18250 1.633723383402023 364.999999999958
18251 1.642023309310078 365.019999999958
18252 1.650042852787592 365.039999999958
18253 1.657723826229829 365.0599999999579
18254 1.665121908307005 365.0799999999579
18255 1.672321749034976 365.0999999999579
18256 1.679230151740341 365.1199999999579
18257 1.685830799845536 365.1399999999579
18258 1.692265342980292 365.1599999999578
18259 1.698314690719099 365.1799999999578
18260 1.704130785299087 365.1999999999578
18261 1.709412974361588 365.2199999999578
18262 1.714497469789784 365.2399999999578
18263 1.719249594737349 365.2599999999578
18264 1.723625990253874 365.2799999999577
18265 1.727668686657857 365.2999999999577
18266 1.731354734255759 365.3199999999577
18267 1.734591311789946 365.3399999999577
18268 1.737417925094117 365.3599999999577
18269 1.739785605747441 365.3799999999576
18270 1.741882463954705 365.3999999999576
18271 1.743669975840288 365.4199999999576
18272 1.745102885708235 365.4399999999576
18273 1.746054230542686 365.4599999999576
18274 1.746530879529101 365.4799999999576
18275 1.746688412266025 365.4999999999575
18276 1.746474729697288 365.5199999999575
18277 1.745822931469611 365.5399999999575
18278 1.744779812925673 365.5599999999575
18279 1.743402174895331 365.5799999999575
18280 1.74157522687002 365.5999999999574
18281 1.739276821578671 365.6199999999574
18282 1.736603085465357 365.6399999999574
18283 1.733655875385254 365.6599999999574
18284 1.730373978163664 365.6799999999574
18285 1.726769774565169 365.6999999999574
18286 1.722920377802933 365.7199999999573
18287 1.718670144335053 365.7399999999573
18288 1.714020279370398 365.7599999999573
18289 1.709091163096878 365.7799999999573
18290 1.703810973259844 365.7999999999573
18291 1.698265331035245 365.8199999999572
18292 1.692525254395033 365.8399999999572
18293 1.686505017888081 365.8599999999572
18294 1.680127776292171 365.8799999999572
18295 1.673430659779692 365.8999999999572
18296 1.666702817650435 365.9199999999572
18297 1.659710281883205 365.9399999999571
18298 1.652440877435725 365.9599999999571
18299 1.644931443914931 365.9799999999571
18300 1.637201570004191 365.9999999999571
18301 1.629321104628866 366.0199999999571
18302 1.621274924004819 366.039999999957
18303 1.612973339500759 366.059999999957
18304 1.604620704340692 366.079999999957
18305 1.596145802360409 366.099999999957
18306 1.587548503275506 366.119999999957
18307 1.578871191835387 366.139999999957
18308 1.57004937616085 366.1599999999569
18309 1.56113837829843 366.1799999999569
18310 1.552255559680914 366.1999999999569
18311 1.54331302895322 366.2199999999569
18312 1.534373504730641 366.2399999999569
18313 1.525436444590127 366.2599999999568
18314 1.516445770428113 366.2799999999568
18315 1.507453827092103 366.2999999999568
18316 1.498479531021716 366.3199999999568
18317 1.489532013826978 366.3399999999568
18318 1.480683408208912 366.3599999999568
18319 1.47183976503904 366.3799999999567
18320 1.46300542745961 366.3999999999567
18321 1.454276169427466 366.4199999999567
18322 1.445695708154389 366.4399999999567
18323 1.437143301136488 366.4599999999567
18324 1.428760381773844 366.4799999999566
18325 1.420505819815769 366.4999999999566
18326 1.412429331062652 366.5199999999566
18327 1.404537061738145 366.5399999999566
18328 1.396823144498165 366.5599999999566
18329 1.389290707663479 366.5799999999566
18330 1.382038039766134 366.5999999999565
18331 1.375024510536008 366.6199999999565
18332 1.368102967856702 366.6399999999565
18333 1.361497726577635 366.6599999999565
18334 1.355069624263171 366.6799999999565
18335 1.34894707461964 366.6999999999564
18336 1.343036910240011 366.7199999999564
18337 1.337328512434675 366.7399999999564
18338 1.331864833470557 366.7599999999564
18339 1.326614271354125 366.7799999999564
18340 1.321573652161153 366.7999999999564
18341 1.31681572993694 366.8199999999563
18342 1.312392814463388 366.8399999999563
18343 1.308300722618576 366.8599999999563
18344 1.304517352147862 366.8799999999563
18345 1.30145575614041 366.8999999999563
18346 1.298621739283684 366.9199999999562
18347 1.296101613592118 366.9399999999562
18348 1.293886737150688 366.9599999999562
18349 1.291890708442176 366.9799999999562
18350 1.290134853132122 366.9999999999562
18351 1.288557766152668 367.0199999999562
18352 1.287222553567781 367.0399999999561
18353 1.2864796779966 367.0599999999561
18354 1.285873619232933 367.0799999999561
18355 1.285647843709701 367.0999999999561
18356 1.286113874751457 367.1199999999561
18357 1.286969589667504 367.139999999956
18358 1.288262678997972 367.159999999956
18359 1.28970552050797 367.179999999956
18360 1.29158467516685 367.199999999956
18361 1.294044854719723 367.219999999956
18362 1.296478207186501 367.239999999956
18363 1.298951404278549 367.2599999999559
18364 1.302036166925816 367.2799999999559
18365 1.305297466806966 367.2999999999559
18366 1.308860982666006 367.3199999999559
18367 1.313014722197144 367.3399999999559
18368 1.317599635411364 367.3599999999558
18369 1.322494957996714 367.3799999999558
18370 1.327713447821746 367.3999999999558
18371 1.333170115374871 367.4199999999558
18372 1.338743846181339 367.4399999999558
18373 1.344878892464594 367.4599999999558
18374 1.351062682092464 367.4799999999557
18375 1.357563404491928 367.4999999999557
18376 1.36429724184098 367.5199999999557
18377 1.371167336887752 367.5399999999557
18378 1.378614819950432 367.5599999999557
18379 1.386322126349835 367.5799999999556
18380 1.394051582970969 367.5999999999556
18381 1.401827855722787 367.6199999999556
18382 1.410082987369298 367.6399999999556
18383 1.418398146318768 367.6599999999556
18384 1.426756704168244 367.6799999999556
18385 1.435355110636553 367.6999999999555
18386 1.44422701865854 367.7199999999555
18387 1.45331827584488 367.7399999999555
18388 1.462252596538838 367.7599999999555
18389 1.47140600400857 367.7799999999555
18390 1.480664826836416 367.7999999999554
18391 1.48996299699479 367.8199999999554
18392 1.499234118294916 367.8399999999554
18393 1.508455759463493 367.8599999999554
18394 1.517755412338752 367.8799999999554
18395 1.526837836672471 367.8999999999554
18396 1.536091931549578 367.9199999999553
18397 1.545394632996228 367.9399999999553
18398 1.554656565482658 367.9599999999553
18399 1.563726652561597 367.9799999999553
18400 1.572739753225319 367.9999999999553
18401 1.581615249431253 368.0199999999552
18402 1.590424593714681 368.0399999999552
18403 1.59900993218045 368.0599999999552
18404 1.607545691713775 368.0799999999552
18405 1.615865683529014 368.0999999999552
18406 1.623935712863034 368.1199999999552
18407 1.631734855648802 368.1399999999551
18408 1.639449756284212 368.1599999999551
18409 1.646903801564586 368.1799999999551
18410 1.654130104234931 368.1999999999551
18411 1.661143005922878 368.2199999999551
18412 1.667991107817678 368.239999999955
18413 1.67449637235723 368.259999999955
18414 1.680695506472722 368.279999999955
18415 1.686529465552608 368.299999999955
18416 1.692155468367398 368.319999999955
18417 1.697443802489343 368.339999999955
18418 1.7023053956228 368.3599999999549
18419 1.70702574638342 368.3799999999549
18420 1.711361877274271 368.3999999999549
18421 1.7155029275782 368.4199999999549
18422 1.719063912318933 368.4399999999549
18423 1.72230706223844 368.4599999999548
18424 1.725086947560175 368.4799999999548
18425 1.727535438169526 368.4999999999548
18426 1.729668907190118 368.5199999999548
18427 1.731498097209859 368.5399999999548
18428 1.732765544890667 368.5599999999548
18429 1.733721411626088 368.5799999999547
18430 1.734165337729097 368.5999999999547
18431 1.734302675243887 368.6199999999547
18432 1.734093830870585 368.6399999999547
18433 1.73363993544331 368.6599999999547
18434 1.732747481448599 368.6799999999546
18435 1.731535103787614 368.6999999999546
18436 1.729888827479532 368.7199999999546
18437 1.727845383430833 368.7399999999546
18438 1.725411199150319 368.7599999999546
18439 1.72271562026079 368.7799999999546
18440 1.719669958228755 368.7999999999545
18441 1.716341538965563 368.8199999999545
18442 1.71262011243863 368.8399999999545
18443 1.708515852278745 368.8599999999545
18444 1.70406994212184 368.8799999999545
18445 1.699338516714248 368.8999999999544
18446 1.694281363561139 368.9199999999544
18447 1.688882488500846 368.9399999999544
18448 1.68324550878783 368.9599999999544
18449 1.677355607666914 368.9799999999544
18450 1.67117353044102 368.9999999999544
18451 1.66469657625073 369.0199999999543
18452 1.657882947948238 369.0399999999543
18453 1.650970803360296 369.0599999999543
18454 1.643876682912906 369.0799999999543
18455 1.636479231027529 369.0999999999543
18456 1.628965804188033 369.1199999999542
18457 1.621199206945545 369.1399999999542
18458 1.613259639038965 369.1599999999542
18459 1.605188495424371 369.1799999999542
18460 1.596922345920935 369.1999999999542
18461 1.588546852705816 369.2199999999542
18462 1.580065211618964 369.2399999999541
18463 1.571554740069269 369.2599999999541
18464 1.562875689686681 369.2799999999541
18465 1.554220992775616 369.2999999999541
18466 1.545449451339597 369.3199999999541
18467 1.536634962237023 369.339999999954
18468 1.527822448966484 369.359999999954
18469 1.518877643653422 369.379999999954
18470 1.509930770596458 369.399999999954
18471 1.501075473476856 369.419999999954
18472 1.492247794687444 369.439999999954
18473 1.483409116994162 369.4599999999539
18474 1.474673001641487 369.4799999999539
18475 1.465981092076444 369.4999999999539
18476 1.457340049214011 369.5199999999539
18477 1.448809163030378 369.5399999999539
18478 1.440374451408974 369.5599999999538
18479 1.432044209124347 369.5799999999538
18480 1.42381525875913 369.5999999999538
18481 1.415765524280191 369.6199999999538
18482 1.40784390371067 369.6399999999538
18483 1.400074927212299 369.6599999999538
18484 1.392434460227468 369.6799999999537
18485 1.385042608155119 369.6999999999537
18486 1.377857337865097 369.7199999999537
18487 1.370952502213157 369.7399999999537
18488 1.364207057640553 369.7599999999537
18489 1.357651965788877 369.7799999999536
18490 1.351433641656104 369.7999999999536
18491 1.345478421875165 369.8199999999536
18492 1.339763054719105 369.8399999999536
18493 1.334236836234163 369.8599999999536
18494 1.329001508500891 369.8799999999536
18495 1.323897466629429 369.8999999999535
18496 1.319219192879709 369.9199999999535
18497 1.31489397527213 369.9399999999535
18498 1.310791414652316 369.9599999999535
18499 1.30722986777933 369.9799999999535
18500 1.304027066083822 369.9999999999534
18501 1.301016402026936 370.0199999999534
18502 1.298270486411713 370.0399999999534
18503 1.295920007234076 370.0599999999534
18504 1.293936742515385 370.0799999999534
18505 1.292299217491368 370.0999999999534
18506 1.290935208106212 370.1199999999533
18507 1.289998997504129 370.1399999999533
18508 1.289537763260272 370.1599999999533
18509 1.289371296319143 370.1799999999533
18510 1.289751812514786 370.1999999999533
18511 1.290505611511381 370.2199999999532
18512 1.291456231883553 370.2399999999532
18513 1.292686500810111 370.2599999999532
18514 1.294320134045348 370.2799999999532
18515 1.296169986703546 370.2999999999532
18516 1.298582412659335 370.3199999999532
18517 1.301569073616379 370.3399999999531
18518 1.305672877819137 370.3599999999531
18519 1.309406776834152 370.3799999999531
18520 1.313613800243193 370.3999999999531
18521 1.317796252063347 370.4199999999531
18522 1.322203335384001 370.439999999953
18523 1.327072531591907 370.459999999953
18524 1.332339504812529 370.479999999953
18525 1.337807528133138 370.499999999953
18526 1.343838563362754 370.519999999953
18527 1.3501007821103 370.539999999953
18528 1.356700098327546 370.5599999999529
18529 1.363701384817554 370.5799999999529
18530 1.370980356841936 370.5999999999529
18531 1.378492896413216 370.6199999999529
18532 1.386365438145237 370.6399999999529
18533 1.394144442802137 370.6599999999528
18534 1.40220254450523 370.6799999999528
18535 1.410724745559653 370.6999999999528
18536 1.419209601086612 370.7199999999528
18537 1.427931249825882 370.7399999999528
18538 1.436728524516045 370.7599999999528
18539 1.44567578670899 370.7799999999527
18540 1.454959819949223 370.7999999999527
18541 1.464323956522258 370.8199999999527
18542 1.473764712784467 370.8399999999527
18543 1.483239490167159 370.8599999999527
18544 1.492656110331895 370.8799999999526
18545 1.502088228600091 370.8999999999526
18546 1.511802049314799 370.9199999999526
18547 1.521466300914732 370.9399999999526
18548 1.531035677728569 370.9599999999526
18549 1.540561187743946 370.9799999999526
18550 1.55002597292938 370.9999999999525
18551 1.559517466252844 371.0199999999525
18552 1.568912553576586 371.0399999999525
18553 1.578314634905536 371.0599999999525
18554 1.587556632335482 371.0799999999525
18555 1.596661492088386 371.0999999999524
18556 1.605595908161488 371.1199999999524
18557 1.614241992890515 371.1399999999524
18558 1.62276643745377 371.1599999999524
18559 1.631234620965688 371.1799999999524
18560 1.63958843859895 371.1999999999524
18561 1.647697130039381 371.2199999999523
18562 1.655499568694911 371.2399999999523
18563 1.662955277388254 371.2599999999523
18564 1.67021329570884 371.2799999999523
18565 1.677209741692542 371.2999999999523
18566 1.683904278871237 371.3199999999522
18567 1.690395186735477 371.3399999999522
18568 1.696535816217699 371.3599999999522
18569 1.702469477911759 371.3799999999522
18570 1.707880543053799 371.3999999999522
18571 1.713019590835601 371.4199999999522
18572 1.717872292802877 371.4399999999521
18573 1.722378523815817 371.4599999999521
18574 1.726505564675659 371.4799999999521
18575 1.730322356392143 371.4999999999521
18576 1.733715687170936 371.5199999999521
18577 1.736649664929143 371.539999999952
18578 1.739140627123529 371.559999999952
18579 1.741313640144678 371.579999999952
18580 1.743177234069656 371.599999999952
18581 1.744750644688613 371.619999999952
18582 1.745865630746787 371.639999999952
18583 1.746440676100256 371.6599999999519
18584 1.746698610171846 371.6799999999519
18585 1.746628848338691 371.6999999999519
18586 1.746092995600569 371.7199999999519
18587 1.745158774187343 371.7399999999519
18588 1.7438760264008 371.7599999999518
18589 1.742207512652579 371.7799999999518
18590 1.7400277486607 371.7999999999518
18591 1.737475541148898 371.8199999999518
18592 1.734590272766015 371.8399999999518
18593 1.731435783179495 371.8599999999518
18594 1.727890900685762 371.8799999999517
18595 1.724147642842842 371.8999999999517
18596 1.720001822093702 371.9199999999517
18597 1.715486220113075 371.9399999999517
18598 1.710613662786489 371.9599999999517
18599 1.705456631397351 371.9799999999516
18600 1.699964793366204 371.9999999999516
18601 1.694292111468478 372.0199999999516
18602 1.688371199920012 372.0399999999516
18603 1.682098709245897 372.0599999999516
18604 1.67547736944389 372.0799999999516
18605 1.668765064507254 372.0999999999515
18606 1.661852617659212 372.1199999999515
18607 1.654667881329863 372.1399999999515
18608 1.647235053234254 372.1599999999515
18609 1.639556108125739 372.1799999999515
18610 1.631718196681696 372.1999999999514
18611 1.623732466801759 372.2199999999514
18612 1.615509278016961 372.2399999999514
18613 1.607138045909381 372.2599999999514
18614 1.598727165433006 372.2799999999514
18615 1.59014898140686 372.2999999999514
18616 1.581506731780722 372.3199999999513
18617 1.572734534625446 372.3399999999513
18618 1.563828031019931 372.3599999999513
18619 1.554931265112054 372.3799999999513
18620 1.546027893500754 372.3999999999513
18621 1.537058558267787 372.4199999999512
18622 1.528139189444908 372.4399999999512
18623 1.519156971416389 372.4599999999512
18624 1.510164724005489 372.4799999999512
18625 1.501178136702538 372.4999999999512
18626 1.492222881314315 372.5199999999512
18627 1.483343910892841 372.5399999999511
18628 1.474506941314954 372.5599999999511
18629 1.465659262858166 372.5799999999511
18630 1.456887996790711 372.5999999999511
18631 1.448269356221727 372.6199999999511
18632 1.439704204528706 372.639999999951
18633 1.431260815340278 372.659999999951
18634 1.422980851825967 372.679999999951
18635 1.414832578852754 372.699999999951
18636 1.406896995503104 372.719999999951
18637 1.399122825022737 372.739999999951
18638 1.391531571730538 372.7599999999509
18639 1.384191194500994 372.7799999999509
18640 1.377082061669084 372.7999999999509
18641 1.370159327466531 372.8199999999509
18642 1.363463776272299 372.8399999999509
18643 1.356974373665785 372.8599999999508
18644 1.350756622331369 372.8799999999508
18645 1.34480136656585 372.8999999999508
18646 1.339040173446776 372.9199999999508
18647 1.333480612204359 372.9399999999508
18648 1.328174555803431 372.9599999999508
18649 1.3230560415202 372.9799999999507
18650 1.318213375954517 372.9999999999507
18651 1.313683814197152 373.0199999999507
18652 1.309496936086655 373.0399999999507
18653 1.305614644491435 373.0599999999507
18654 1.302325251587046 373.0799999999506
18655 1.299446079879692 373.0999999999506
18656 1.296825462400149 373.1199999999506
18657 1.294540075997759 373.1399999999506
18658 1.292463980271896 373.1599999999506
18659 1.290656623644419 373.1799999999506
18660 1.289028389528309 373.1999999999505
18661 1.287568711944038 373.2199999999505
18662 1.286700289496096 373.2399999999505
18663 1.286019792688444 373.2599999999505
18664 1.285671464909327 373.2799999999505
18665 1.285909053941747 373.2999999999504
18666 1.286691387912644 373.3199999999504
18667 1.28780981702468 373.3399999999504
18668 1.289247581582894 373.3599999999504
18669 1.290987025060553 373.3799999999504
18670 1.293207936664237 373.3999999999504
18671 1.295885358979687 373.4199999999503
18672 1.298109744348594 373.4399999999503
18673 1.301091420280798 373.4599999999503
18674 1.304323104849841 373.4799999999503
18675 1.307744690121837 373.4999999999503
18676 1.311705430144425 373.5199999999502
18677 1.316211360075832 373.5399999999502
18678 1.320996705159362 373.5599999999502
18679 1.326139963046974 373.5799999999502
18680 1.331501958745177 373.5999999999502
18681 1.337034328284494 373.6199999999502
18682 1.343010319418233 373.6399999999501
18683 1.349203331395754 373.6599999999501
18684 1.355589927363658 373.6799999999501
18685 1.36229105894744 373.6999999999501
18686 1.369071255027893 373.7199999999501
18687 1.376366148790808 373.73999999995
18688 1.384022624836738 373.75999999995
18689 1.391777792379268 373.77999999995
18690 1.399443330703429 373.79999999995
18691 1.407607741026926 373.81999999995
18692 1.415931608684645 373.83999999995
18693 1.424254616726914 373.8599999999499
18694 1.432798650420281 373.8799999999499
18695 1.441541178007155 373.8999999999499
18696 1.450634926594457 373.9199999999499
18697 1.459555588779684 373.9399999999499
18698 1.468673640919961 373.9599999999498
18699 1.477897777222968 373.9799999999498
18700 1.487203911674518 373.9999999999498
18701 1.496450939111831 374.0199999999498
18702 1.505730527703648 374.0399999999498
18703 1.514964409280087 374.0599999999498
18704 1.524125179073069 374.0799999999497
18705 1.533337819757313 374.0999999999497
18706 1.542621954374313 374.1199999999497
18707 1.551906044161964 374.1399999999497
18708 1.561049782570958 374.1599999999497
18709 1.570114463350672 374.1799999999496
18710 1.578970740528767 374.1999999999496
18711 1.587847302005271 374.2199999999496
18712 1.596462745434919 374.2399999999496
18713 1.605057937370844 374.2599999999496
18714 1.613437665315542 374.2799999999496
18715 1.621583310645935 374.2999999999495
18716 1.629441441174085 374.3199999999495
18717 1.637201577196045 374.3399999999495
18718 1.644727956723588 374.3599999999495
18719 1.652029124765917 374.3799999999495
18720 1.659093764513538 374.3999999999494
18721 1.665991855500059 374.4199999999494
18722 1.672613650055198 374.4399999999494
18723 1.67890691231639 374.4599999999494
18724 1.684832511438625 374.4799999999494
18725 1.69053621089345 374.4999999999494
18726 1.69594468728272 374.5199999999493
18727 1.700904369164914 374.5399999999493
18728 1.705705195037673 374.5599999999493
18729 1.710130354646654 374.5799999999493
18730 1.714337483172971 374.5999999999493
18731 1.718077537724959 374.6199999999492
18732 1.72142568692242 374.6399999999492
18733 1.724330658764442 374.6599999999492
18734 1.726881088435116 374.6799999999492
18735 1.729085065749092 374.6999999999492
18736 1.731082000452737 374.7199999999492
18737 1.73244403369798 374.7399999999491
18738 1.73351670253088 374.7599999999491
18739 1.734110887515186 374.7799999999491
18740 1.734337604857753 374.7999999999491
18741 1.734214998536084 374.8199999999491
18742 1.733832120257911 374.839999999949
18743 1.733086564016879 374.859999999949
18744 1.731965877781373 374.879999999949
18745 1.730459563127592 374.899999999949
18746 1.728527328393475 374.919999999949
18747 1.726218548889895 374.939999999949
18748 1.723582368064942 374.9599999999489
18749 1.72064010194862 374.9799999999489
18750 1.717396030486972 374.9999999999489
18751 1.713812379334664 375.0199999999489
18752 1.709803918043805 375.0399999999489
18753 1.705475193669858 375.0599999999488
18754 1.700804585643549 375.0799999999488
18755 1.695864371649331 375.0999999999488
18756 1.690562962920222 375.1199999999488
18757 1.684972021333761 375.1399999999488
18758 1.679185063865089 375.1599999999488
18759 1.673070992871297 375.1799999999487
18760 1.666700694958688 375.1999999999487
18761 1.659978559859645 375.2199999999487
18762 1.653070462207284 375.2399999999487
18763 1.646062166942672 375.2599999999487
18764 1.638734220672667 375.2799999999486
18765 1.631261992391386 375.2999999999486
18766 1.623566038033033 375.3199999999486
18767 1.615673350845923 375.3399999999486
18768 1.60764378987661 375.3599999999486
18769 1.599427350821065 375.3799999999486
18770 1.591096864935078 375.3999999999485
18771 1.582627296946993 375.4199999999485
18772 1.574138819897832 375.4399999999485
18773 1.565490693973658 375.4599999999485
18774 1.55684732587101 375.4799999999485
18775 1.548104084157981 375.4999999999484
18776 1.539287623790313 375.5199999999484
18777 1.530492310017102 375.5399999999484
18778 1.521578992860264 375.5599999999484
18779 1.512613893750308 375.5799999999484
18780 1.5037391398891 375.5999999999484
18781 1.494916534618064 375.6199999999483
18782 1.486050201439647 375.6399999999483
18783 1.477298084797092 375.6599999999483
18784 1.468593204312368 375.6799999999483
18785 1.459918366057036 375.6999999999483
18786 1.451357944495649 375.7199999999482
18787 1.442893718941801 375.7399999999482
18788 1.434542719785389 375.7599999999482
18789 1.426275801802121 375.7799999999482
18790 1.418162750309576 375.7999999999482
18791 1.410225615267657 375.8199999999482
18792 1.402382763731118 375.8399999999481
18793 1.394729282330651 375.8599999999481
18794 1.387231061859156 375.8799999999481
18795 1.380028842597472 375.8999999999481
18796 1.372978631596857 375.9199999999481
18797 1.366235214512193 375.939999999948
18798 1.359579899802063 375.959999999948
18799 1.353273010623628 375.979999999948
18800 1.347228311605522 375.999999999948
18801 1.34146373240403 376.019999999948
18802 1.335861167778803 376.039999999948
18803 1.330586275210333 376.0599999999479
18804 1.325369873039362 376.0799999999479
18805 1.320592984051342 376.0999999999479
18806 1.316196515341706 376.1199999999479
18807 1.311959451513957 376.1399999999479
18808 1.308253738578471 376.1599999999478
18809 1.304966431156517 376.1799999999478
18810 1.301885924187826 376.1999999999478
18811 1.299068499631047 376.2199999999478
18812 1.296573298601773 376.2399999999478
18813 1.294491161035168 376.2599999999478
18814 1.292758793926371 376.2799999999477
18815 1.291331008615698 376.2999999999477
18816 1.290197352761943 376.3199999999477
18817 1.289671769557191 376.3399999999477
18818 1.289360772649099 376.3599999999477
18819 1.28961010010861 376.3799999999476
18820 1.290262257536575 376.3999999999476
18821 1.291142961720026 376.4199999999476
18822 1.292302407560195 376.4399999999476
18823 1.29378705616843 376.4599999999476
18824 1.295614024615547 376.4799999999476
18825 1.297801720151998 376.4999999999475
18826 1.300580261500303 376.5199999999475
18827 1.304413612217225 376.5399999999475
18828 1.308279693217948 376.5599999999475
18829 1.312273307001414 376.5799999999475
18830 1.316531620557813 376.5999999999474
18831 1.32086453601416 376.6199999999474
18832 1.325594125616747 376.6399999999474
18833 1.330730513752966 376.6599999999474
18834 1.336141891366315 376.6799999999474
18835 1.341967944824781 376.6999999999474
18836 1.348249790020688 376.7199999999473
18837 1.354670370460138 376.7399999999473
18838 1.361584905632312 376.7599999999473
18839 1.36878453092892 376.7799999999473
18840 1.376231475232477 376.7999999999473
18841 1.384020254936182 376.8199999999472
18842 1.39179854254164 376.8399999999472
18843 1.399775771775514 376.8599999999472
18844 1.408154178708257 376.8799999999472
18845 1.416694455752112 376.8999999999472
18846 1.425312723077412 376.9199999999472
18847 1.434089065115585 376.9399999999471
18848 1.442970218940537 376.9599999999471
18849 1.452176341288988 376.9799999999471
18850 1.461533518152883 376.9999999999471
18851 1.470967372067427 377.0199999999471
18852 1.48046073042872 377.039999999947
18853 1.48986428409742 377.059999999947
18854 1.499262576153201 377.079999999947
18855 1.508924137214411 377.099999999947
18856 1.518614582900817 377.119999999947
18857 1.528210717251736 377.139999999947
18858 1.537762600425964 377.1599999999469
18859 1.547205748842867 377.1799999999469
18860 1.556714737053068 377.1999999999469
18861 1.566149175506657 377.2199999999469
18862 1.575536205559877 377.2399999999469
18863 1.584832759505276 377.2599999999468
18864 1.593989455182893 377.2799999999468
18865 1.602986117922882 377.2999999999468
18866 1.611726900742224 377.3199999999468
18867 1.620253830306627 377.3399999999468
18868 1.628766318364064 377.3599999999468
18869 1.637137988486906 377.3799999999467
18870 1.645337910328403 377.3999999999467
18871 1.65323459959495 377.4199999999467
18872 1.66078260993904 377.4399999999467
18873 1.668115289632641 377.4599999999467
18874 1.675201760183149 377.4799999999466
18875 1.681979285603626 377.4999999999466
18876 1.688532388181949 377.5199999999466
18877 1.694792498518819 377.5399999999466
18878 1.700766514231531 377.5599999999466
18879 1.706364295678663 377.5799999999466
18880 1.711545007824217 377.5999999999465
18881 1.716501900567315 377.6199999999465
18882 1.721134076928788 377.6399999999465
18883 1.725350413427805 377.6599999999465
18884 1.729276444451941 377.6799999999465
18885 1.73281464817087 377.6999999999464
18886 1.735873381717355 377.7199999999464
18887 1.738487647307825 377.7399999999464
18888 1.740738990624332 377.7599999999464
18889 1.742702959692541 377.7799999999464
18890 1.744372572857413 377.7999999999464
18891 1.7456440655803 377.8199999999463
18892 1.746358791195789 377.8399999999463
18893 1.746705147524408 377.8599999999463
18894 1.746742116088642 377.8799999999463
18895 1.746344432656919 377.8999999999463
18896 1.745533428188227 377.9199999999462
18897 1.744314164345363 377.9399999999462
18898 1.742803638575209 377.9599999999462
18899 1.740771669866862 377.9799999999462
18900 1.738325137075077 377.9999999999462
18901 1.735517117679076 378.0199999999462
18902 1.732466499331482 378.0399999999461
18903 1.729014881020349 378.0599999999461
18904 1.725345981296857 378.0799999999461
18905 1.721321720684175 378.0999999999461
18906 1.716923765630063 378.1199999999461
18907 1.712128429509554 378.139999999946
18908 1.707089356226976 378.159999999946
18909 1.701674887237898 378.179999999946
18910 1.696045906524541 378.199999999946
18911 1.690211469000375 378.219999999946
18912 1.684051149285814 378.239999999946
18913 1.677519888330074 378.2599999999459
18914 1.67081043233641 378.2799999999459
18915 1.663982095706853 378.2999999999459
18916 1.656880572604199 378.3199999999459
18917 1.649514381650024 378.3399999999459
18918 1.641900185479001 378.3599999999458
18919 1.634104349013201 378.3799999999458
18920 1.626171418408888 378.3999999999458
18921 1.61803415126281 378.4199999999458
18922 1.609650991312549 378.4399999999458
18923 1.601294850174986 378.4599999999458
18924 1.59274469774277 378.4799999999457
18925 1.584125871785183 378.4999999999457
18926 1.575399006756579 378.5199999999457
18927 1.566514638130679 378.5399999999457
18928 1.55760867974638 378.5599999999457
18929 1.548723299446237 378.5799999999456
18930 1.53975065382897 378.5999999999456
18931 1.530827969332604 378.6199999999456
18932 1.521867518729137 378.6399999999456
18933 1.512866972607792 378.6599999999456
18934 1.503878559064129 378.6799999999456
18935 1.494914846541992 378.6999999999455
18936 1.486001177809654 378.7199999999455
18937 1.477165669396742 378.7399999999455
18938 1.468310121919768 378.7599999999455
18939 1.459504461817916 378.7799999999455
18940 1.450840325180081 378.7999999999454
18941 1.442271924550808 378.8199999999454
18942 1.433776354931717 378.8399999999454
18943 1.425454292539549 378.8599999999454
18944 1.417253578968413 378.8799999999454
18945 1.409255383081099 378.8999999999454
18946 1.401417133261562 378.9199999999453
18947 1.393786959026697 378.9399999999453
18948 1.386349894104202 378.9599999999453
18949 1.379194504928791 378.9799999999453
18950 1.372237960523515 378.9999999999453
18951 1.365439754025765 379.0199999999452
18952 1.358894596891699 379.0399999999452
18953 1.35258768742195 379.0599999999452
18954 1.346574633407835 379.0799999999452
18955 1.340742327757232 379.0999999999452
18956 1.335108172538898 379.1199999999452
18957 1.329759639762329 379.1399999999451
18958 1.324559717557234 379.1599999999451
18959 1.319631752822064 379.1799999999451
18960 1.315000954457946 379.1999999999451
18961 1.310720655853935 379.2199999999451
18962 1.306745169881246 379.239999999945
18963 1.303225508098936 379.259999999945
18964 1.300292269833285 379.279999999945
18965 1.297573797750877 379.299999999945
18966 1.295199179823333 379.319999999945
18967 1.293069043676617 379.339999999945
18968 1.291171401781111 379.3599999999449
18969 1.28951302932581 379.3799999999449
18970 1.287965667342291 379.3999999999449
18971 1.286883751883299 379.4199999999449
18972 1.286224181061587 379.4399999999449
18973 1.285727543697825 379.4599999999448
18974 1.285769772140467 379.4799999999448
18975 1.286427659299231 379.4999999999448
18976 1.28741142837046 379.5199999999448
18977 1.28884787275682 379.5399999999448
18978 1.290438268009048 379.5599999999448
18979 1.292495541200555 379.5799999999447
18980 1.295208080184247 379.5999999999447
18981 1.297369163167215 379.6199999999447
18982 1.300182440175815 379.6399999999447
18983 1.303390883382745 379.6599999999447
18984 1.306659723251544 379.6799999999446
18985 1.310476994548037 379.6999999999446
18986 1.314835375738634 379.7199999999446
18987 1.319558942789374 379.7399999999446
18988 1.324597671578181 379.7599999999446
18989 1.329904227968711 379.7799999999446
18990 1.335408903100162 379.7999999999445
18991 1.341175281105683 379.8199999999445
18992 1.347414011625772 379.8399999999445
18993 1.353664320421456 379.8599999999445
18994 1.360323871878389 379.8799999999445
18995 1.367067876439326 379.8999999999444
18996 1.374174826029833 379.9199999999444
18997 1.381758819468776 379.9399999999444
18998 1.389494528508707 379.9599999999444
18999 1.397166548528252 379.9799999999444
19000 1.405189179155949 379.9999999999444
19001 1.413479329623554 380.0199999999443
19002 1.421789532541729 380.0399999999443
19003 1.430291224116194 380.0599999999443
19004 1.438944355507013 380.0799999999443
19005 1.44796545029409 380.0999999999443
19006 1.456924554935255 380.1199999999442
19007 1.465995252565802 380.1399999999442
19008 1.475188045723742 380.1599999999442
19009 1.48447727822447 380.1799999999442
19010 1.493752194720437 380.1999999999442
19011 1.50302428423405 380.2199999999442
19012 1.512248787688427 380.2399999999441
19013 1.521479128861057 380.2599999999441
19014 1.530619675439811 380.2799999999441
19015 1.539906424497617 380.2999999999441
19016 1.549213052696783 380.3199999999441
19017 1.558423787426449 380.339999999944
19018 1.567457378434568 380.359999999944
19019 1.576395781019977 380.379999999944
19020 1.585282649722275 380.399999999944
19021 1.5939708338784 380.419999999944
19022 1.602578231369557 380.439999999944
19023 1.611018016097125 380.4599999999439
19024 1.619256921290971 380.4799999999439
19025 1.627193193629404 380.4999999999439
19026 1.634977347722992 380.5199999999439
19027 1.642569530739428 380.5399999999439
19028 1.649941759858375 380.5599999999438
19029 1.657066187621084 380.5799999999438
19030 1.664023896918392 380.5999999999438
19031 1.670742158735197 380.6199999999438
19032 1.677131714399926 380.6399999999438
19033 1.683177057909638 380.6599999999438
19034 1.688929463000609 380.6799999999437
19035 1.694444255107984 380.6999999999437
19036 1.699532023015266 380.7199999999437
19037 1.704372259579226 380.7399999999437
19038 1.70890246295197 380.7599999999437
19039 1.713172008544818 380.7799999999436
19040 1.717096675878575 380.7999999999436
19041 1.720515562983497 380.8199999999436
19042 1.723588692954892 380.8399999999436
19043 1.72622293872785 380.8599999999436
19044 1.728533082925921 380.8799999999435
19045 1.730582467662286 380.8999999999435
19046 1.732137279357489 380.9199999999435
19047 1.733301432395787 380.9399999999435
19048 1.734059001303333 380.9599999999435
19049 1.734371360694243 380.9799999999435
19050 1.734347951396643 380.9999999999434
19051 1.734031219425221 381.0199999999434
19052 1.733416007637509 381.0399999999434
19053 1.732402146747722 381.0599999999434
19054 1.731024899518827 381.0799999999434
19055 1.729195034015245 381.0999999999433
19056 1.727005527582174 381.1199999999433
19057 1.724431945910382 381.1399999999433
19058 1.721608276660163 381.1599999999433
19059 1.718441711479271 381.1799999999433
19060 1.714982399383273 381.1999999999433
19061 1.711083449426243 381.2199999999432
19062 1.706862587279822 381.2399999999432
19063 1.702253772156582 381.2599999999432
19064 1.69742422349636 381.2799999999432
19065 1.69222177672332 381.2999999999432
19066 1.686694913181579 381.3199999999431
19067 1.680981271942418 381.3399999999431
19068 1.674960368612396 381.3599999999431
19069 1.668674469689498 381.3799999999431
19070 1.662051618848782 381.3999999999431
19071 1.655167961160672 381.4199999999431
19072 1.648204418653183 381.439999999943
19073 1.640972299158987 381.459999999943
19074 1.633533745237924 381.479999999943
19075 1.625922226986232 381.499999999943
19076 1.618068301260219 381.519999999943
19077 1.61007317100282 381.5399999999429
19078 1.601919530665411 381.5599999999429
19079 1.593617916900711 381.5799999999429
19080 1.585172837558192 381.5999999999429
19081 1.576704328557667 381.6199999999429
19082 1.568095901687355 381.6399999999429
19083 1.559441849966906 381.6599999999428
19084 1.550735817244802 381.6799999999428
19085 1.541932984148144 381.6999999999428
19086 1.533129114033116 381.7199999999428
19087 1.524262431891029 381.7399999999428
19088 1.51529650794551 381.7599999999427
19089 1.506382144813491 381.7799999999427
19090 1.497552572456704 381.7999999999427
19091 1.488697987323925 381.8199999999427
19092 1.479905645398083 381.8399999999427
19093 1.471189213436567 381.8599999999427
19094 1.462495137151578 381.8799999999426
19095 1.453912758410167 381.8999999999426
19096 1.445403364088413 381.9199999999426
19097 1.437030667132432 381.9399999999426
19098 1.428729764124705 381.9599999999426
19099 1.42055266201046 381.9799999999425
19100 1.412600297414786 381.9999999999425
19101 1.404691076011889 382.0199999999425
19102 1.397003562128531 382.0399999999425
19103 1.389435843349986 382.0599999999425
19104 1.382173291576106 382.0799999999425
19105 1.375032564762866 382.0999999999424
19106 1.368250915130439 382.1199999999424
19107 1.36152333176588 382.1399999999424
19108 1.355122896486838 382.1599999999424
19109 1.348999446431349 382.1799999999424
19110 1.343159448342532 382.1999999999423
19111 1.337503443490129 382.2199999999423
19112 1.332122915499144 382.2399999999423
19113 1.326894415877931 382.2599999999423
19114 1.321979475112339 382.2799999999423
19115 1.317488648195488 382.2999999999423
19116 1.313185335585404 382.3199999999422
19117 1.30932201378867 382.3399999999422
19118 1.305911295164417 382.3599999999422
19119 1.302792169405075 382.3799999999422
19120 1.299908222436142 382.3999999999422
19121 1.297260610500268 382.4199999999421
19122 1.295084369440313 382.4399999999421
19123 1.293255043127002 382.4599999999421
19124 1.291743204068383 382.4799999999421
19125 1.290463636616638 382.4999999999421
19126 1.289816070946087 382.5199999999421
19127 1.28941724573652 382.539999999942
19128 1.289497185921416 382.559999999942
19129 1.290037657496871 382.579999999942
19130 1.290878420843561 382.599999999942
19131 1.291953859503425 382.619999999942
19132 1.293318843666836 382.6399999999419
19133 1.29508057498249 382.6599999999419
19134 1.297091368179466 382.6799999999419
19135 1.299717778616083 382.6999999999419
19136 1.303191703807286 382.7199999999419
19137 1.307210915230137 382.7399999999419
19138 1.31102500936854 382.7599999999418
19139 1.315348129043033 382.7799999999418
19140 1.319592182387155 382.7999999999418
19141 1.324176987015109 382.8199999999418
19142 1.32916914115127 382.8399999999418
19143 1.334570884795086 382.8599999999417
19144 1.34020546441666 382.8799999999417
19145 1.346456368747941 382.8999999999417
19146 1.352739906214535 382.9199999999417
19147 1.359541978721601 382.9399999999417
19148 1.366657513791989 382.9599999999417
19149 1.374044675116902 382.9799999999416
19150 1.381729399278315 382.9999999999416
19151 1.389532864841404 383.0199999999416
19152 1.397447880084377 383.0399999999416
19153 1.405671394869844 383.0599999999416
19154 1.414255742040098 383.0799999999415
19155 1.422770709250269 383.0999999999415
19156 1.431552099903752 383.1199999999415
19157 1.440371531348719 383.1399999999415
19158 1.449487798230951 383.1599999999415
19159 1.458811539363135 383.1799999999415
19160 1.468233608878022 383.1999999999414
19161 1.477711161736216 383.2199999999414
19162 1.48713116610839 383.2399999999414
19163 1.496522142303435 383.2599999999414
19164 1.506097127431816 383.2799999999414
19165 1.515807849792298 383.2999999999413
19166 1.525442897621919 383.3199999999413
19167 1.534990093162038 383.3399999999413
19168 1.544463745300698 383.3599999999413
19169 1.553973133096221 383.3799999999413
19170 1.56343501777626 383.3999999999413
19171 1.572813378235708 383.4199999999412
19172 1.582171688456194 383.4399999999412
19173 1.591362917528873 383.4599999999412
19174 1.600403814882374 383.4799999999412
19175 1.609239505332453 383.4999999999412
19176 1.617804076208988 383.5199999999411
19177 1.626304442067347 383.5399999999411
19178 1.634724553212194 383.5599999999411
19179 1.643028920101933 383.5799999999411
19180 1.650995979316018 383.5999999999411
19181 1.65864015163475 383.6199999999411
19182 1.666029773653846 383.639999999941
19183 1.673190929028507 383.659999999941
19184 1.680069692212139 383.679999999941
19185 1.686652959293535 383.699999999941
19186 1.693040319414036 383.719999999941
19187 1.699075505712584 383.7399999999409
19188 1.704842893824107 383.7599999999409
19189 1.710086161415868 383.7799999999409
19190 1.715140579908483 383.7999999999409
19191 1.719867937207743 383.8199999999409
19192 1.724197997417234 383.8399999999409
19193 1.728210401968177 383.8599999999408
19194 1.731852637047255 383.8799999999408
19195 1.735040079786294 383.8999999999408
19196 1.737817950751894 383.9199999999408
19197 1.740149995179961 383.9399999999408
19198 1.742206833515469 383.9599999999407
19199 1.743969644251693 383.9799999999407
19200 1.745353939702274 383.9999999999407
19201 1.746246221437953 384.0199999999407
19202 1.7466872836338 384.0399999999407
19203 1.746810525833249 384.0599999999407
19204 1.746545914549681 384.0799999999406
19205 1.745850993144215 384.0999999999406
19206 1.74476092082354 384.1199999999406
19207 1.743349611045685 384.1399999999406
19208 1.741462952832488 384.1599999999406
19209 1.739120851321429 384.1799999999405
19210 1.736412284832039 384.1999999999405
19211 1.73343417302749 384.2199999999405
19212 1.730102830374721 384.2399999999405
19213 1.726483299992905 384.2599999999405
19214 1.722585585002619 384.2799999999405
19215 1.718293534256242 384.2999999999404
19216 1.713599733163082 384.3199999999404
19217 1.708648850110831 384.3399999999404
19218 1.703326482012796 384.3599999999404
19219 1.697755475761005 384.3799999999404
19220 1.69198837656934 384.3999999999403
19221 1.685931228434238 384.4199999999403
19222 1.67950821032864 384.4399999999403
19223 1.672800803201761 384.4599999999403
19224 1.666048326306113 384.4799999999403
19225 1.659025452844706 384.4999999999403
19226 1.651727111406899 384.5199999999402
19227 1.644187635200046 384.5399999999402
19228 1.63644057120659 384.5599999999402
19229 1.628542930988478 384.5799999999402
19230 1.620468234531478 384.5999999999402
19231 1.61214461139943 384.6199999999401
19232 1.603791634188988 384.6399999999401
19233 1.595292556443634 384.6599999999401
19234 1.58669085287646 384.6799999999401
19235 1.577992985306499 384.6999999999401
19236 1.569154539851711 384.7199999999401
19237 1.560240874561956 384.73999999994
19238 1.551358644471356 384.75999999994
19239 1.542401275128955 384.77999999994
19240 1.533468434263231 384.79999999994
19241 1.524520604877622 384.81999999994
19242 1.515524950105958 384.8399999999399
19243 1.506532997623247 384.8599999999399
19244 1.49755871047094 384.8799999999399
19245 1.488615803176226 384.8999999999399
19246 1.479771402087084 384.9199999999399
19247 1.470920930352144 384.9399999999399
19248 1.46208845894262 384.9599999999398
19249 1.453374979125958 384.9799999999398
19250 1.444796814037394 384.9999999999398
19251 1.436257436241563 385.0199999999398
19252 1.427896209339133 385.0399999999398
19253 1.419651918019419 385.0599999999397
19254 1.411589202284712 385.0799999999397
19255 1.403712388624825 385.0999999999397
19256 1.396022224769361 385.1199999999397
19257 1.388509257944546 385.1399999999397
19258 1.381290030211202 385.1599999999397
19259 1.374288409841566 385.1799999999396
19260 1.36740231544839 385.1999999999396
19261 1.360813196717472 385.2199999999396
19262 1.354416839990592 385.2399999999396
19263 1.348324117034839 385.2599999999396
19264 1.342429995580839 385.2799999999395
19265 1.33673905878978 385.2999999999395
19266 1.33129282940536 385.3199999999395
19267 1.326062445478432 385.3399999999395
19268 1.321054837952275 385.3599999999395
19269 1.316330318299327 385.3799999999395
19270 1.311951486189402 385.3999999999394
19271 1.307892278066769 385.4199999999394
19272 1.304166514916824 385.4399999999394
19273 1.301156973942976 385.4599999999394
19274 1.298348440246185 385.4799999999394
19275 1.295876521084066 385.4999999999393
19276 1.293669393737141 385.5199999999393
19277 1.291708654303608 385.5399999999393
19278 1.289982006679431 385.5599999999393
19279 1.288413718959363 385.5799999999393
19280 1.28713856466805 385.5999999999393
19281 1.286425454282811 385.6199999999392
19282 1.285839185365805 385.6399999999392
19283 1.285698208783961 385.6599999999392
19284 1.28619889187441 385.6799999999392
19285 1.287081665877984 385.6999999999392
19286 1.288462277292567 385.7199999999391
19287 1.289918050417836 385.7399999999391
19288 1.291851009334817 385.7599999999391
19289 1.294399718698207 385.7799999999391
19290 1.296728325209848 385.7999999999391
19291 1.299321625608145 385.8199999999391
19292 1.302440351711146 385.839999999939
19293 1.305669720076238 385.859999999939
19294 1.309310079885403 385.879999999939
19295 1.313543984784394 385.899999999939
19296 1.318159619661375 385.919999999939
19297 1.323102394101671 385.9399999999389
19298 1.328350109582907 385.9599999999389
19299 1.333828292674936 385.9799999999389
19300 1.339435142881354 385.9999999999389
19301 1.345622121456569 386.0199999999389
19302 1.351812777913986 386.0399999999389
19303 1.358361528303857 386.0599999999388
19304 1.365104623767768 386.0799999999388
19305 1.372032541947931 386.0999999999388
19306 1.37952952288288 386.1199999999388
19307 1.387243439880186 386.1399999999388
19308 1.394953817575205 386.1599999999387
19309 1.402815202916144 386.1799999999387
19310 1.411070094683332 386.1999999999387
19311 1.419394298144406 386.2199999999387
19312 1.427785932741021 386.2399999999387
19313 1.436397805866596 386.2599999999387
19314 1.445329700045414 386.2799999999386
19315 1.454362227855406 386.2999999999386
19316 1.463347497268561 386.3199999999386
19317 1.472519753564486 386.3399999999386
19318 1.481791718307104 386.3599999999386
19319 1.49108296121406 386.3799999999385
19320 1.500357106786106 386.3999999999385
19321 1.509573198879074 386.4199999999385
19322 1.518884858133771 386.4399999999385
19323 1.527964323190021 386.4599999999385
19324 1.537228977172057 386.4799999999385
19325 1.546545617649607 386.4999999999384
19326 1.555794371621716 386.5199999999384
19327 1.564845127402447 386.5399999999384
19328 1.573846055313831 386.5599999999384
19329 1.582721146087181 386.5799999999384
19330 1.591512049292811 386.5999999999383
19331 1.600090384911745 386.6199999999383
19332 1.608610549352949 386.6399999999383
19333 1.616900319953406 386.6599999999383
19334 1.624948968338941 386.6799999999383
19335 1.632741904438071 386.6999999999383
19336 1.640418585227537 386.7199999999382
19337 1.647854065201791 386.7399999999382
19338 1.65505708589438 386.7599999999382
19339 1.662047974309643 386.7799999999382
19340 1.668877486271573 386.7999999999382
19341 1.675342085491011 386.8199999999381
19342 1.681500615015346 386.8399999999381
19343 1.687306997676407 386.8599999999381
19344 1.692915539448812 386.8799999999381
19345 1.698143225726354 386.8999999999381
19346 1.702983394881706 386.9199999999381
19347 1.707656313615995 386.939999999938
19348 1.711978328885363 386.959999999938
19349 1.71607160314309 386.979999999938
19350 1.71959243610629 386.999999999938
19351 1.722785914469561 387.019999999938
19352 1.72551833119448 387.0399999999379
19353 1.727935338195786 387.0599999999379
19354 1.730036525743786 387.0799999999379
19355 1.731799474305678 387.0999999999379
19356 1.733031614883907 387.1199999999379
19357 1.733936324682958 387.1399999999379
19358 1.734337799858616 387.1599999999378
19359 1.734439757075784 387.1799999999378
19360 1.734187537310043 387.1999999999378
19361 1.733698759605516 387.2199999999378
19362 1.732763811124779 387.2399999999378
19363 1.731513838123207 387.2599999999377
19364 1.729808239252091 387.2799999999377
19365 1.727723608818531 387.2999999999377
19366 1.72524332654863 387.3199999999377
19367 1.722521502075464 387.3399999999377
19368 1.719434574047999 387.3599999999377
19369 1.716077187600681 387.3799999999376
19370 1.712298961584839 387.3999999999376
19371 1.708162631068786 387.4199999999376
19372 1.703668019685707 387.4399999999376
19373 1.698906579473419 387.4599999999376
19374 1.693804434573373 387.4799999999375
19375 1.688371698849954 387.4999999999375
19376 1.682709647215831 387.5199999999375
19377 1.676783892844794 387.5399999999375
19378 1.670571744349211 387.5599999999375
19379 1.664053964938368 387.5799999999375
19380 1.657209096289195 387.5999999999374
19381 1.650287105513383 387.6199999999374
19382 1.643155930352918 387.6399999999374
19383 1.635738376933975 387.6599999999374
19384 1.628204272511004 387.6799999999374
19385 1.620410564202726 387.6999999999373
19386 1.612448483471815 387.7199999999373
19387 1.604359420980782 387.7399999999373
19388 1.596074142964623 387.7599999999373
19389 1.587676177965992 387.7799999999373
19390 1.579199329939889 387.7999999999373
19391 1.570654882461798 387.8199999999372
19392 1.561982080900597 387.8399999999372
19393 1.553309251588149 387.8599999999372
19394 1.544528320905618 387.8799999999372
19395 1.53571439208547 387.8999999999372
19396 1.526885997456321 387.9199999999371
19397 1.517931257765484 387.9399999999371
19398 1.508982125106587 387.9599999999371
19399 1.500143789979512 387.9799999999371
19400 1.49130136444114 387.9999999999371
19401 1.482476120943632 388.0199999999371
19402 1.473741879773944 388.039999999937
19403 1.465052447073069 388.059999999937
19404 1.45642794430142 388.079999999937
19405 1.447898918031048 388.099999999937
19406 1.439486157267495 388.119999999937
19407 1.431158514442772 388.1399999999369
19408 1.42293729187736 388.1599999999369
19409 1.414905960626108 388.1799999999369
19410 1.406993584955897 388.1999999999369
19411 1.399246068856491 388.2199999999369
19412 1.391627248849041 388.2399999999369
19413 1.384250424713362 388.2599999999368
19414 1.377094840178312 388.2799999999368
19415 1.370223122715711 388.2999999999368
19416 1.363476348154228 388.3199999999368
19417 1.356966676713621 388.3399999999368
19418 1.350766941903965 388.3599999999367
19419 1.344848817481381 388.3799999999367
19420 1.339152900247196 388.3999999999367
19421 1.333656253897918 388.4199999999367
19422 1.328435851845595 388.4399999999367
19423 1.323374023971377 388.4599999999367
19424 1.318749172125242 388.4799999999366
19425 1.314430737144276 388.4999999999366
19426 1.310399463475126 388.5199999999366
19427 1.306876828419581 388.5399999999366
19428 1.303701345111839 388.5599999999366
19429 1.300725317620782 388.5799999999365
19430 1.298004492289923 388.5999999999365
19431 1.29570899605028 388.6199999999365
19432 1.293763884627048 388.6399999999365
19433 1.292164676612678 388.6599999999365
19434 1.29082815930265 388.6799999999365
19435 1.289967753367127 388.6999999999364
19436 1.289526034504545 388.7199999999364
19437 1.289427721350525 388.7399999999364
19438 1.289847921441424 388.7599999999364
19439 1.290633402144451 388.7799999999364
19440 1.291622999923981 388.7999999999363
19441 1.292875610686503 388.8199999999363
19442 1.294571651247157 388.8399999999363
19443 1.296430280256623 388.8599999999363
19444 1.298932551547205 388.8799999999363
19445 1.302033189545141 388.8999999999363
19446 1.3061836004135 388.9199999999362
19447 1.309864096576919 388.9399999999362
19448 1.314197394549527 388.9599999999362
19449 1.318332594216624 388.9799999999362
19450 1.32279153301605 388.9999999999362
19451 1.327705304637989 389.0199999999361
19452 1.333024134103945 389.0399999999361
19453 1.338522937502187 389.0599999999361
19454 1.344632855971208 389.0799999999361
19455 1.350886801418419 389.0999999999361
19456 1.35754500416765 389.1199999999361
19457 1.364578479038232 389.139999999936
19458 1.371907195870607 389.159999999936
19459 1.379464932628821 389.179999999936
19460 1.387326231516945 389.199999999936
19461 1.395135822100221 389.219999999936
19462 1.403240957988063 389.2399999999359
19463 1.41180169179663 389.2599999999359
19464 1.420280374461971 389.2799999999359
19465 1.429033971175702 389.2999999999359
19466 1.437828506898969 389.3199999999359
19467 1.446833768444057 389.3399999999359
19468 1.456123467395235 389.3599999999358
19469 1.465509089244728 389.3799999999358
19470 1.474961831299304 389.3999999999358
19471 1.484424298448804 389.4199999999358
19472 1.493841956490824 389.4399999999358
19473 1.503304807744157 389.4599999999357
19474 1.513023702290897 389.4799999999357
19475 1.522681471185874 389.4999999999357
19476 1.532248563482313 389.5199999999357
19477 1.541761345811638 389.5399999999357
19478 1.551240572026528 389.5599999999357
19479 1.560726908715233 389.5799999999356
19480 1.570112657492288 389.5999999999356
19481 1.579516417663128 389.6199999999356
19482 1.588738263447691 389.6399999999356
19483 1.597828302244218 389.6599999999356
19484 1.606739055353851 389.6799999999355
19485 1.615361280963542 389.6999999999355
19486 1.623879585221367 389.7199999999355
19487 1.632333362149961 389.7399999999355
19488 1.640674595257515 389.7599999999355
19489 1.648749932281663 389.7799999999355
19490 1.656518277387649 389.7999999999354
19491 1.66392901004031 389.8199999999354
19492 1.671183212872179 389.8399999999354
19493 1.678130177887313 389.8599999999354
19494 1.684810843886431 389.8799999999354
19495 1.691274436299532 389.8999999999353
19496 1.697365812823988 389.9199999999353
19497 1.70326643696161 389.9399999999353
19498 1.708628733682765 389.9599999999353
19499 1.713740536689544 389.9799999999353
19500 1.718551683616532 389.9999999999353
19501 1.723013752576166 390.0199999999352
19502 1.727106484873833 390.0399999999352
19503 1.730875611437144 390.0599999999352
19504 1.734210029571641 390.0799999999352
19505 1.737102038659259 390.0999999999352
19506 1.739542586318015 390.1199999999351
19507 1.741680938263618 390.1399999999351
19508 1.743515833917528 390.1599999999351
19509 1.745033193950874 390.1799999999351
19510 1.74608737223501 390.1999999999351
19511 1.746621842656114 390.2199999999351
19512 1.746836590756569 390.239999999935
19513 1.746710182250563 390.259999999935
19514 1.74613072778748 390.279999999935
19515 1.745149070891086 390.299999999935
19516 1.743826382655688 390.319999999935
19517 1.742099861105232 390.3399999999349
19518 1.739868016740003 390.3599999999349
19519 1.737266790530854 390.3799999999349
19520 1.734354551213322 390.3999999999349
19521 1.731150842913298 390.4199999999349
19522 1.727580396535858 390.4399999999349
19523 1.72379375990479 390.4599999999348
19524 1.719605734692827 390.4799999999348
19525 1.715035520692758 390.4999999999348
19526 1.710135321258414 390.5199999999348
19527 1.70492657618739 390.5399999999348
19528 1.699412465418436 390.5599999999347
19529 1.693711958081178 390.5799999999347
19530 1.687750814261611 390.5999999999347
19531 1.681434126074926 390.6199999999347
19532 1.67477764515778 390.6399999999347
19533 1.668062175646584 390.6599999999347
19534 1.661110872220022 390.6799999999346
19535 1.653890929795131 390.6999999999346
19536 1.646427076006027 390.7199999999346
19537 1.638726318204736 390.7399999999346
19538 1.63086924924801 390.7599999999346
19539 1.62285692163583 390.7799999999345
19540 1.614600453955917 390.7999999999345
19541 1.606233583264052 390.8199999999345
19542 1.597794016451958 390.8399999999345
19543 1.589209771469231 390.8599999999345
19544 1.580549821995467 390.8799999999345
19545 1.571755299305451 390.8999999999344
19546 1.562843676777622 390.9199999999344
19547 1.553949386202776 390.9399999999344
19548 1.54503057794664 390.9599999999344
19549 1.536066378591106 390.9799999999344
19550 1.527137668533966 390.9999999999343
19551 1.518148875949536 391.0199999999343
19552 1.509154092088059 391.0399999999343
19553 1.500169024343341 391.0599999999343
19554 1.491212372944202 391.0799999999343
19555 1.482344331799267 391.0999999999343
19556 1.473501600395074 391.1199999999342
19557 1.464653031636089 391.1399999999342
19558 1.455893940793421 391.1599999999342
19559 1.447288898461105 391.1799999999342
19560 1.438726913331312 391.1999999999342
19561 1.430303182531049 391.2199999999341
19562 1.42203389450666 391.2399999999341
19563 1.413907796464111 391.2599999999341
19564 1.405991357800505 391.2799999999341
19565 1.398240637107678 391.2999999999341
19566 1.390666405490917 391.3199999999341
19567 1.38337030749183 391.339999999934
19568 1.376331226611677 391.359999999934
19569 1.369364711628941 391.379999999934
19570 1.362715534418006 391.399999999934
19571 1.356247123989592 391.419999999934
19572 1.350066505174166 391.4399999999339
19573 1.34412519644836 391.4599999999339
19574 1.33837970980812 391.4799999999339
19575 1.332850211294641 391.4999999999339
19576 1.327566790231406 391.5199999999339
19577 1.322481500782245 391.5399999999339
19578 1.317669830111337 391.5599999999338
19579 1.313185753003951 391.5799999999338
19580 1.309042713139232 391.5999999999338
19581 1.305194980217522 391.6199999999338
19582 1.302006671608984 391.6399999999338
19583 1.299145046164125 391.6599999999337
19584 1.296556962214407 391.6799999999337
19585 1.294307101443292 391.6999999999337
19586 1.292259572141456 391.7199999999337
19587 1.290468391250291 391.7399999999337
19588 1.288863233112957 391.7599999999337
19589 1.287456501929119 391.7799999999336
19590 1.286625729403645 391.7999999999336
19591 1.285987404504239 391.8199999999336
19592 1.285672510890422 391.8399999999336
19593 1.286010706358925 391.8599999999336
19594 1.286809466434165 391.8799999999335
19595 1.288002413743896 391.8999999999335
19596 1.289455813956035 391.9199999999335
19597 1.291260213726347 391.9399999999335
19598 1.293584485532215 391.9599999999335
19599 1.296152673370086 391.9799999999335
19600 1.298482662651536 391.9999999999334
19601 1.301518232161878 392.0199999999334
19602 1.304734454405448 392.0399999999334
19603 1.308216730642772 392.0599999999334
19604 1.31227138883009 392.0799999999334
19605 1.316823472926807 392.0999999999333
19606 1.321652434717839 392.1199999999333
19607 1.32683407525995 392.1399999999333
19608 1.332225501964221 392.1599999999333
19609 1.337771839409557 392.1799999999333
19610 1.34382497835147 392.1999999999333
19611 1.350002571478091 392.2199999999332
19612 1.356439476869314 392.2399999999332
19613 1.363157536372059 392.2599999999332
19614 1.369984968264634 392.2799999999332
19615 1.377341344319716 392.2999999999332
19616 1.385017798905241 392.3199999999331
19617 1.39276996866679 392.3399999999331
19618 1.400478860233665 392.3599999999331
19619 1.408687015215335 392.3799999999331
19620 1.417014073898302 392.3999999999331
19621 1.42534761567007 392.4199999999331
19622 1.433915848956724 392.439999999933
19623 1.44272076060977 392.459999999933
19624 1.451831735430729 392.479999999933
19625 1.460741701224818 392.499999999933
19626 1.469879772991831 392.519999999933
19627 1.479113989435186 392.5399999999329
19628 1.488401633228825 392.5599999999329
19629 1.497694850012077 392.5799999999329
19630 1.506949629197414 392.5999999999329
19631 1.516213604992836 392.6199999999329
19632 1.52534700324448 392.6399999999329
19633 1.534580273632039 392.6599999999328
19634 1.543878103219308 392.6799999999328
19635 1.553144540145016 392.6999999999328
19636 1.562269007123238 392.7199999999328
19637 1.571312126854572 392.7399999999328
19638 1.580179411242384 392.7599999999327
19639 1.589032219338645 392.7799999999327
19640 1.597642402475304 392.7999999999327
19641 1.60621937922073 392.8199999999327
19642 1.614571938725698 392.8399999999327
19643 1.622688604732648 392.8599999999327
19644 1.630524299616391 392.8799999999326
19645 1.638272536679951 392.8999999999326
19646 1.645763518630061 392.9199999999326
19647 1.653043023079956 392.9399999999326
19648 1.660084385178798 392.9599999999326
19649 1.666968503496588 392.9799999999325
19650 1.673540590673167 392.9999999999325
19651 1.679797067247236 393.0199999999325
19652 1.685685664034678 393.0399999999325
19653 1.691362138190923 393.0599999999325
19654 1.696720494164421 393.0799999999325
19655 1.701642119753304 393.0999999999324
19656 1.70640955699295 393.1199999999324
19657 1.710793262223928 393.1399999999324
19658 1.7149766212978 393.1599999999324
19659 1.71863971323212 393.1799999999324
19660 1.721959743258579 393.1999999999323
19661 1.724803508354573 393.2199999999323
19662 1.727313299143349 393.2399999999323
19663 1.729485521208991 393.2599999999323
19664 1.731423680524405 393.2799999999323
19665 1.732739571429242 393.2999999999323
19666 1.733767082877266 393.3199999999322
19667 1.734294750257407 393.3399999999322
19668 1.734487725224358 393.3599999999322
19669 1.734322993063293 393.3799999999322
19670 1.733906293256567 393.3999999999322
19671 1.733108855056839 393.4199999999321
19672 1.731944180209405 393.4399999999321
19673 1.730381243955889 393.4599999999321
19674 1.728400549483583 393.4799999999321
19675 1.726040238252823 393.4999999999321
19676 1.723374800083272 393.5199999999321
19677 1.720388053352203 393.539999999932
19678 1.717107695099917 393.559999999932
19679 1.713471650090518 393.579999999932
19680 1.709414855118818 393.599999999932
19681 1.705036824796565 393.619999999932
19682 1.700337744389427 393.6399999999319
19683 1.695345686938893 393.6599999999319
19684 1.690003695263985 393.6799999999319
19685 1.68439193712376 393.6999999999319
19686 1.678561448896713 393.7199999999319
19687 1.672417547665814 393.7399999999319
19688 1.666002350788575 393.7599999999318
19689 1.659239192913718 393.7799999999318
19690 1.652322313123226 393.7999999999318
19691 1.64528081395377 393.8199999999318
19692 1.63792022284848 393.8399999999318
19693 1.630430167349153 393.8599999999317
19694 1.622698034626185 393.8799999999317
19695 1.614783512124793 393.8999999999317
19696 1.606736821607869 393.9199999999317
19697 1.598502034145034 393.9399999999317
19698 1.590142331622809 393.9599999999317
19699 1.581662424446313 393.9799999999316
19700 1.573162343401869 393.9999999999316
19701 1.564498009749728 394.0199999999316
19702 1.55584801776563 394.0399999999316
19703 1.547089106518459 394.0599999999316
19704 1.538272356312234 394.0799999999315
19705 1.529474513841443 394.0999999999315
19706 1.520536934883892 394.1199999999315
19707 1.51157814052936 394.1399999999315
19708 1.502706929628718 394.1599999999315
19709 1.493878289915449 394.1799999999315
19710 1.485018854977141 394.1999999999314
19711 1.476271662510851 394.2199999999314
19712 1.467580441381051 394.2399999999314
19713 1.458899253578242 394.2599999999314
19714 1.450357650621496 394.2799999999314
19715 1.441904307562404 394.2999999999313
19716 1.433559755661687 394.3199999999313
19717 1.425304192673138 394.3399999999313
19718 1.417221024779852 394.3599999999313
19719 1.409278603850674 394.3799999999313
19720 1.401470511742217 394.3999999999313
19721 1.393820599678764 394.4199999999312
19722 1.386372687888128 394.4399999999312
19723 1.379161895544925 394.4599999999312
19724 1.372171391086557 394.4799999999312
19725 1.365423886066344 394.4999999999312
19726 1.358811059424503 394.5199999999311
19727 1.352540586607313 394.5399999999311
19728 1.346527662205199 394.5599999999311
19729 1.340789686195125 394.5799999999311
19730 1.335216549470432 394.5999999999311
19731 1.32996149298631 394.6199999999311
19732 1.324779502857094 394.639999999931
19733 1.320045500591946 394.659999999931
19734 1.315694250436025 394.679999999931
19735 1.311499055801161 394.699999999931
19736 1.307855452273435 394.719999999931
19737 1.304611522803664 394.7399999999309
19738 1.301546455960741 394.7599999999309
19739 1.298759606636001 394.7799999999309
19740 1.296337479685544 394.7999999999309
19741 1.294288944052826 394.8199999999309
19742 1.292605087056168 394.8399999999309
19743 1.291203506011886 394.8599999999308
19744 1.290145051970067 394.8799999999308
19745 1.289652009317207 394.8999999999308
19746 1.289399419808849 394.9199999999308
19747 1.289701092129677 394.9399999999308
19748 1.290400717640406 394.9599999999307
19749 1.291311257881291 394.9799999999307
19750 1.29250056862385 394.9999999999307
19751 1.294052880457405 395.0199999999307
19752 1.295887226112239 395.0399999999307
19753 1.298175532313836 395.0599999999307
19754 1.301047201402441 395.0799999999306
19755 1.304998147458461 395.0999999999306
19756 1.308816441828366 395.1199999999306
19757 1.312885247293731 395.1399999999306
19758 1.317113374772354 395.1599999999306
19759 1.321483093149632 395.1799999999305
19760 1.326276048054901 395.1999999999305
19761 1.331469852483901 395.2199999999305
19762 1.336895155211337 395.2399999999305
19763 1.34282017758739 395.2599999999305
19764 1.349090864828854 395.2799999999305
19765 1.355595667319258 395.2999999999304
19766 1.362542993937613 395.3199999999304
19767 1.369791883674668 395.3399999999304
19768 1.377271329107757 395.3599999999304
19769 1.385098811710822 395.3799999999304
19770 1.392885324281594 395.3999999999303
19771 1.400885119018026 395.4199999999303
19772 1.409331858014172 395.4399999999303
19773 1.417849014773575 395.4599999999303
19774 1.426523937161195 395.4799999999303
19775 1.435307203756089 395.4999999999303
19776 1.44421874382596 395.5199999999302
19777 1.45345975224196 395.5399999999302
19778 1.4628205197506 395.5599999999302
19779 1.472258440292697 395.5799999999302
19780 1.48175711379671 395.5999999999302
19781 1.491172916808364 395.6199999999301
19782 1.500584208439574 395.6399999999301
19783 1.51027254711759 395.6599999999301
19784 1.519955992687261 395.6799999999301
19785 1.529535192124856 395.6999999999301
19786 1.539082118187767 395.7199999999301
19787 1.548537073491163 395.73999999993
19788 1.558045127585465 395.75999999993
19789 1.567472887309058 395.77999999993
19790 1.576852043844947 395.79999999993
19791 1.586130607711213 395.81999999993
19792 1.595271513195373 395.8399999999299
19793 1.604242006584387 395.8599999999299
19794 1.612948836497369 395.8799999999299
19795 1.621465974073232 395.8999999999299
19796 1.629969576473168 395.9199999999299
19797 1.638333644209388 395.9399999999299
19798 1.646498957092137 395.9599999999298
19799 1.654357178054645 395.9799999999298
19800 1.661865831382591 395.9999999999298
19801 1.669166833466385 396.0199999999298
19802 1.67621753164377 396.0399999999298
19803 1.68295445111296 396.0599999999297
19804 1.689501004794606 396.0799999999297
19805 1.695687049236392 396.0999999999297
19806 1.701665501024748 396.1199999999297
19807 1.707175332714387 396.1399999999297
19808 1.712337970047016 396.1599999999297
19809 1.717248533125068 396.1799999999296
19810 1.72182597377066 396.1999999999296
19811 1.726006995791142 396.2199999999296
19812 1.729889370159888 396.2399999999296
19813 1.733357723886774 396.2599999999296
19814 1.73637116689043 396.2799999999295
19815 1.738932097478846 396.2999999999295
19816 1.741141517617815 396.3199999999295
19817 1.743062740774657 396.3399999999295
19818 1.74469213691291 396.3599999999295
19819 1.745899262302398 396.3799999999295
19820 1.746555333155547 396.3999999999294
19821 1.746855724719795 396.4199999999294
19822 1.746850713550367 396.4399999999294
19823 1.746394514477603 396.4599999999294
19824 1.745524958256599 396.4799999999294
19825 1.744262451124778 396.4999999999293
19826 1.742697117279143 396.5199999999293
19827 1.740595332009546 396.5399999999293
19828 1.738107347911881 396.5599999999293
19829 1.735255621400666 396.5799999999293
19830 1.732162766997691 396.5999999999293
19831 1.728665596685032 396.6199999999292
19832 1.724965974631686 396.6399999999292
19833 1.720884773665587 396.6599999999292
19834 1.716436376218015 396.6799999999292
19835 1.711599025565629 396.6999999999292
19836 1.706513858761924 396.7199999999291
19837 1.701059061801543 396.7399999999291
19838 1.695406845843899 396.7599999999291
19839 1.689537732060834 396.7799999999291
19840 1.683327487358036 396.7999999999291
19841 1.676749588677822 396.8199999999291
19842 1.670037135538399 396.839999999929
19843 1.66316906565013 396.859999999929
19844 1.656029765912962 396.879999999929
19845 1.648631667031577 396.899999999929
19846 1.64098777501343 396.919999999929
19847 1.633168646042267 396.9399999999289
19848 1.625214145697581 396.9599999999289
19849 1.617039565118639 396.9799999999289
19850 1.608651153482583 396.9999999999289
19851 1.600274300634505 397.0199999999289
19852 1.591707290835646 397.0399999999289
19853 1.583077005166089 397.0599999999288
19854 1.574329076194995 397.0799999999288
19855 1.565428826545047 397.0999999999288
19856 1.556524426071828 397.1199999999288
19857 1.547629946111204 397.1399999999288
19858 1.538653836448875 397.1599999999287
19859 1.529729673190385 397.1799999999287
19860 1.520752191118181 397.1999999999287
19861 1.511757185039225 397.2199999999287
19862 1.502762573797323 397.2399999999287
19863 1.493802939170382 397.2599999999287
19864 1.484899308246401 397.2799999999286
19865 1.476063003805366 397.2999999999286
19866 1.467203279164801 397.3199999999286
19867 1.458408976939235 397.3399999999286
19868 1.449758097599706 397.3599999999286
19869 1.44119071991556 397.3799999999285
19870 1.432715314616513 397.3999999999285
19871 1.424407586630635 397.4199999999285
19872 1.416229298990626 397.4399999999285
19873 1.408258036073531 397.4599999999285
19874 1.400446698580434 397.4799999999285
19875 1.392830784999845 397.4999999999284
19876 1.385436822609432 397.5199999999284
19877 1.378305926619037 397.5399999999284
19878 1.371364008245461 397.5599999999284
19879 1.364609855040595 397.5799999999284
19880 1.358086146901497 397.5999999999283
19881 1.35181482648129 397.6199999999283
19882 1.345829184794594 397.6399999999283
19883 1.340022542978596 397.6599999999283
19884 1.334413343478673 397.6799999999283
19885 1.329078330700181 397.6999999999283
19886 1.323916347307533 397.7199999999282
19887 1.319026726256877 397.7399999999282
19888 1.314438605098485 397.7599999999282
19889 1.310205117484002 397.7799999999282
19890 1.306264695721205 397.7999999999282
19891 1.302853162058645 397.8199999999281
19892 1.299945874609029 397.8399999999281
19893 1.297272526312536 397.8599999999281
19894 1.294932149401618 397.8799999999281
19895 1.292829255883276 397.8999999999281
19896 1.29097286429888 397.9199999999281
19897 1.289326527601655 397.939999999928
19898 1.287810425560582 397.959999999928
19899 1.286829573958529 397.979999999928
19900 1.286157331235033 397.999999999928
19901 1.285725383020942 398.019999999928
19902 1.28585142405607 398.0399999999279
19903 1.286571623245172 398.0599999999279
19904 1.287595532994694 398.0799999999279
19905 1.289057538001644 398.0999999999279
19906 1.290704288277105 398.1199999999279
19907 1.292840329880488 398.1399999999279
19908 1.295584558572939 398.1599999999278
19909 1.297723029246055 398.1799999999278
19910 1.300625520745743 398.1999999999278
19911 1.303841669431381 398.2199999999278
19912 1.307168818759504 398.2399999999278
19913 1.311048602240167 398.2599999999277
19914 1.315497315192525 398.2799999999277
19915 1.320250845059558 398.2999999999277
19916 1.325350208070623 398.3199999999277
19917 1.330661878317649 398.3399999999277
19918 1.336189178118059 398.3599999999277
19919 1.342053351252219 398.3799999999276
19920 1.348269731431071 398.3999999999276
19921 1.354584013456767 398.4199999999276
19922 1.361277564394915 398.4399999999276
19923 1.368027842216489 398.4599999999276
19924 1.375224524735813 398.4799999999275
19925 1.382857079422509 398.4999999999275
19926 1.390590924054507 398.5199999999275
19927 1.398259041619256 398.5399999999275
19928 1.40635105314293 398.5599999999275
19929 1.414665855661391 398.5799999999275
19930 1.422977784986975 398.5999999999274
19931 1.431515265754931 398.6199999999274
19932 1.440193243318669 398.6399999999274
19933 1.449257184861366 398.6599999999274
19934 1.458200411476081 398.6799999999274
19935 1.467300154536144 398.6999999999273
19936 1.476503679569715 398.7199999999273
19937 1.485806949189963 398.7399999999273
19938 1.495065225619606 398.7599999999273
19939 1.504354093974098 398.7799999999273
19940 1.513587559460325 398.7999999999273
19941 1.522786234313949 398.8199999999272
19942 1.531962694193938 398.8399999999272
19943 1.541254819266296 398.8599999999272
19944 1.550551527774587 398.8799999999272
19945 1.559737321840803 398.8999999999272
19946 1.568795183005672 398.9199999999271
19947 1.577692963308312 398.9399999999271
19948 1.586578481269625 398.9599999999271
19949 1.595238405585968 398.9799999999271
19950 1.603845087632874 398.9999999999271
19951 1.612261351368922 399.0199999999271
19952 1.620465213524474 399.039999999927
19953 1.628362237568646 399.059999999927
19954 1.636133116769544 399.079999999927
19955 1.643703475105314 399.099999999927
19956 1.651046824139299 399.119999999927
19957 1.658141924848026 399.1399999999269
19958 1.66507422635689 399.1599999999269
19959 1.671754288321464 399.1799999999269
19960 1.678102306083558 399.1999999999269
19961 1.684095857594949 399.2199999999269
19962 1.689820478961702 399.2399999999269
19963 1.6952933436183 399.2599999999268
19964 1.700323720222388 399.2799999999268
19965 1.705145929116374 399.2999999999268
19966 1.709624477509084 399.3199999999268
19967 1.713864779987664 399.3399999999268
19968 1.717716917249322 399.3599999999267
19969 1.721104190116367 399.3799999999267
19970 1.724105379415711 399.3999999999267
19971 1.726698519707858 399.4199999999267
19972 1.728956102148261 399.4399999999267
19973 1.730987451216909 399.4599999999267
19974 1.732446592494385 399.4799999999266
19975 1.733573745543993 399.4999999999266
19976 1.734255380499357 399.5199999999266
19977 1.734526022474665 399.5399999999266
19978 1.734457107631255 399.5599999999266
19979 1.734109819646894 399.5799999999265
19980 1.733435895667477 399.5999999999265
19981 1.732367571151952 399.6199999999265
19982 1.730930740931706 399.6399999999265
19983 1.729053405952051 399.6599999999265
19984 1.726810751857907 399.6799999999265
19985 1.724203780339327 399.6999999999264
19986 1.721322433505148 399.7199999999264
19987 1.718119882128007 399.7399999999264
19988 1.714606179497389 399.7599999999264
19989 1.71065416663719 399.7799999999264
19990 1.706382148760306 399.7999999999263
19991 1.701741491297 399.8199999999263
19992 1.696860528209829 399.8399999999263
19993 1.691611851627331 399.8599999999263
19994 1.686044307671812 399.8799999999263
19995 1.680303228836237 399.8999999999263
19996 1.67423724166687 399.9199999999262
19997 1.667911340642821 399.9399999999262
19998 1.661242528668868 399.9599999999262
19999 1.654340047968437 399.9799999999262
20000 1.647353737952531 399.9999999999262
