"disp-rfile"
"Time Step" "disp etc.."
("Time Step" "disp" "flow-time")
0 7.806175246258254e-12 0
1 7.806175246258254e-12 0.02
2 7.806175246258254e-12 0.04
3 7.806175246258254e-12 0.06
4 7.806175246258254e-12 0.08
5 7.806175246258254e-12 0.1
6 7.806175246258254e-12 0.12
7 7.806175246258254e-12 0.14
8 7.806175246258254e-12 0.16
9 7.806175246258254e-12 0.18
10 7.806175246258254e-12 0.2
11 7.806175246258254e-12 0.22
12 7.806175246258254e-12 0.24
13 7.806175246258254e-12 0.26
14 7.806175246258254e-12 0.28
15 7.806175246258254e-12 0.3
16 7.806175246258254e-12 0.32
17 7.806175246258254e-12 0.34
18 7.806175246258254e-12 0.36
19 7.806175246258254e-12 0.3800000000000001
20 7.806175246258254e-12 0.4000000000000001
21 7.806175246258254e-12 0.4200000000000001
22 7.806175246258254e-12 0.4400000000000001
23 7.806175246258254e-12 0.4600000000000001
24 7.806175246258254e-12 0.4800000000000001
25 7.806175246258254e-12 0.5000000000000001
26 7.806175246258254e-12 0.5200000000000001
27 7.806175246258254e-12 0.5400000000000001
28 7.806175246258254e-12 0.5600000000000002
29 7.806175246258254e-12 0.5800000000000002
30 7.806175246258254e-12 0.6000000000000002
31 7.806175246258254e-12 0.6200000000000002
32 7.806175246258254e-12 0.6400000000000002
33 7.806175246258254e-12 0.6600000000000003
34 7.806175246258254e-12 0.6800000000000003
35 7.806175246258254e-12 0.7000000000000003
36 7.806175246258254e-12 0.7200000000000003
37 7.806175246258254e-12 0.7400000000000003
38 7.806175246258254e-12 0.7600000000000003
39 7.806175246258254e-12 0.7800000000000004
40 7.806175246258254e-12 0.8000000000000004
41 7.806175246258254e-12 0.8200000000000004
42 7.806175246258254e-12 0.8400000000000004
43 7.806175246258254e-12 0.8600000000000004
44 7.806175246258254e-12 0.8800000000000004
45 7.806175246258254e-12 0.9000000000000005
46 7.806175246258254e-12 0.9200000000000005
47 7.806175246258254e-12 0.9400000000000005
48 7.806175246258254e-12 0.9600000000000005
49 7.806175246258254e-12 0.9800000000000005
50 7.806175246258254e-12 1
51 7.806175246258254e-12 1.02
52 7.806175246258254e-12 1.04
53 7.806175246258254e-12 1.06
54 7.806175246258254e-12 1.080000000000001
55 7.806175246258254e-12 1.100000000000001
56 7.806175246258254e-12 1.120000000000001
57 7.806175246258254e-12 1.140000000000001
58 7.806175246258254e-12 1.160000000000001
59 7.806175246258254e-12 1.180000000000001
60 7.806175246258254e-12 1.200000000000001
61 7.806175246258254e-12 1.220000000000001
62 7.806175246258254e-12 1.240000000000001
63 7.806175246258254e-12 1.260000000000001
64 7.806175246258254e-12 1.280000000000001
65 7.806175246258254e-12 1.300000000000001
66 7.806175246258254e-12 1.320000000000001
67 7.806175246258254e-12 1.340000000000001
68 7.806175246258254e-12 1.360000000000001
69 7.806175246258254e-12 1.380000000000001
70 7.806175246258254e-12 1.400000000000001
71 7.806175246258254e-12 1.420000000000001
72 7.806175246258254e-12 1.440000000000001
73 7.806175246258254e-12 1.460000000000001
74 7.806175246258254e-12 1.480000000000001
75 7.806175246258254e-12 1.500000000000001
76 7.806175246258254e-12 1.520000000000001
77 7.806175246258254e-12 1.540000000000001
78 7.806175246258254e-12 1.560000000000001
79 7.806175246258254e-12 1.580000000000001
80 7.806175246258254e-12 1.600000000000001
81 7.806175246258254e-12 1.620000000000001
82 7.806175246258254e-12 1.640000000000001
83 7.806175246258254e-12 1.660000000000001
84 7.806175246258254e-12 1.680000000000001
85 7.806175246258254e-12 1.700000000000001
86 7.806175246258254e-12 1.720000000000001
87 7.806175246258254e-12 1.740000000000001
88 7.806175246258254e-12 1.760000000000001
89 7.806175246258254e-12 1.780000000000001
90 7.806175246258254e-12 1.800000000000001
91 7.806175246258254e-12 1.820000000000001
92 7.806175246258254e-12 1.840000000000001
93 7.806175246258254e-12 1.860000000000001
94 7.806175246258254e-12 1.880000000000001
95 7.806175246258254e-12 1.900000000000001
96 7.806175246258254e-12 1.920000000000001
97 7.806175246258254e-12 1.940000000000001
98 7.806175246258254e-12 1.960000000000001
99 7.806175246258254e-12 1.980000000000001
100 7.806175246258254e-12 2.000000000000001
101 7.806175246258254e-12 2.020000000000001
102 7.806175246258254e-12 2.040000000000001
103 7.806175246258254e-12 2.060000000000001
104 7.806175246258254e-12 2.080000000000001
105 7.806175246258254e-12 2.100000000000001
106 7.806175246258254e-12 2.120000000000001
107 7.806175246258254e-12 2.140000000000001
108 7.806175246258254e-12 2.160000000000001
109 7.806175246258254e-12 2.180000000000001
110 7.806175246258254e-12 2.200000000000002
111 7.806175246258254e-12 2.220000000000002
112 7.806175246258254e-12 2.240000000000002
113 7.806175246258254e-12 2.260000000000002
114 7.806175246258254e-12 2.280000000000002
115 7.806175246258254e-12 2.300000000000002
116 7.806175246258254e-12 2.320000000000002
117 7.806175246258254e-12 2.340000000000002
118 7.806175246258254e-12 2.360000000000002
119 7.806175246258254e-12 2.380000000000002
120 7.806175246258254e-12 2.400000000000002
121 7.806175246258254e-12 2.420000000000002
122 7.806175246258254e-12 2.440000000000002
123 7.806175246258254e-12 2.460000000000002
124 7.806175246258254e-12 2.480000000000002
125 7.806175246258254e-12 2.500000000000002
126 7.806175246258254e-12 2.520000000000002
127 7.806175246258254e-12 2.540000000000002
128 7.806175246258254e-12 2.560000000000002
129 7.806175246258254e-12 2.580000000000002
130 7.806175246258254e-12 2.600000000000002
131 7.806175246258254e-12 2.620000000000002
132 7.806175246258254e-12 2.640000000000002
133 7.806175246258254e-12 2.660000000000002
134 7.806175246258254e-12 2.680000000000002
135 7.806175246258254e-12 2.700000000000002
136 7.806175246258254e-12 2.720000000000002
137 7.806175246258254e-12 2.740000000000002
138 7.806175246258254e-12 2.760000000000002
139 7.806175246258254e-12 2.780000000000002
140 7.806175246258254e-12 2.800000000000002
141 7.806175246258254e-12 2.820000000000002
142 7.806175246258254e-12 2.840000000000002
143 7.806175246258254e-12 2.860000000000002
144 7.806175246258254e-12 2.880000000000002
145 7.806175246258254e-12 2.900000000000002
146 7.806175246258254e-12 2.920000000000002
147 7.806175246258254e-12 2.940000000000002
148 7.806175246258254e-12 2.960000000000002
149 7.806175246258254e-12 2.980000000000002
150 7.806175246258254e-12 3.000000000000002
151 7.806175246258254e-12 3.020000000000002
152 7.806175246258254e-12 3.040000000000002
153 7.806175246258254e-12 3.060000000000002
154 7.806175246258254e-12 3.080000000000002
155 7.806175246258254e-12 3.100000000000002
156 7.806175246258254e-12 3.120000000000002
157 7.806175246258254e-12 3.140000000000002
158 7.806175246258254e-12 3.160000000000002
159 7.806175246258254e-12 3.180000000000002
160 7.806175246258254e-12 3.200000000000002
161 7.806175246258254e-12 3.220000000000002
162 7.806175246258254e-12 3.240000000000002
163 7.806175246258254e-12 3.260000000000002
164 7.806175246258254e-12 3.280000000000002
165 7.806175246258254e-12 3.300000000000002
166 7.806175246258254e-12 3.320000000000003
167 7.806175246258254e-12 3.340000000000003
168 7.806175246258254e-12 3.360000000000003
169 7.806175246258254e-12 3.380000000000003
170 7.806175246258254e-12 3.400000000000003
171 7.806175246258254e-12 3.420000000000003
172 7.806175246258254e-12 3.440000000000003
173 7.806175246258254e-12 3.460000000000003
174 7.806175246258254e-12 3.480000000000003
175 7.806175246258254e-12 3.500000000000003
176 7.806175246258254e-12 3.520000000000003
177 7.806175246258254e-12 3.540000000000003
178 7.806175246258254e-12 3.560000000000003
179 7.806175246258254e-12 3.580000000000003
180 7.806175246258254e-12 3.600000000000003
181 7.806175246258254e-12 3.620000000000003
182 7.806175246258254e-12 3.640000000000003
183 7.806175246258254e-12 3.660000000000003
184 7.806175246258254e-12 3.680000000000003
185 7.806175246258254e-12 3.700000000000003
186 7.806175246258254e-12 3.720000000000003
187 7.806175246258254e-12 3.740000000000003
188 7.806175246258254e-12 3.760000000000003
189 7.806175246258254e-12 3.780000000000003
190 7.806175246258254e-12 3.800000000000003
191 7.806175246258254e-12 3.820000000000003
192 7.806175246258254e-12 3.840000000000003
193 7.806175246258254e-12 3.860000000000003
194 7.806175246258254e-12 3.880000000000003
195 7.806175246258254e-12 3.900000000000003
196 7.806175246258254e-12 3.920000000000003
197 7.806175246258254e-12 3.940000000000003
198 7.806175246258254e-12 3.960000000000003
199 7.806175246258254e-12 3.980000000000003
200 7.806175246258254e-12 4.000000000000003
201 7.806175246258254e-12 4.020000000000002
202 7.806175246258254e-12 4.040000000000002
203 7.806175246258254e-12 4.060000000000001
204 7.806175246258254e-12 4.080000000000001
205 7.806175246258254e-12 4.100000000000001
206 7.806175246258254e-12 4.12
207 7.806175246258254e-12 4.14
208 7.806175246258254e-12 4.159999999999999
209 7.806175246258254e-12 4.179999999999999
210 7.806175246258254e-12 4.199999999999998
211 7.806175246258254e-12 4.219999999999998
212 7.806175246258254e-12 4.239999999999998
213 7.806175246258254e-12 4.259999999999997
214 7.806175246258254e-12 4.279999999999997
215 7.806175246258254e-12 4.299999999999996
216 7.806175246258254e-12 4.319999999999996
217 7.806175246258254e-12 4.339999999999995
218 7.806175246258254e-12 4.359999999999995
219 7.806175246258254e-12 4.379999999999995
220 7.806175246258254e-12 4.399999999999994
221 7.806175246258254e-12 4.419999999999994
222 7.806175246258254e-12 4.439999999999993
223 7.806175246258254e-12 4.459999999999993
224 7.806175246258254e-12 4.479999999999992
225 7.806175246258254e-12 4.499999999999992
226 7.806175246258254e-12 4.519999999999992
227 7.806175246258254e-12 4.539999999999991
228 7.806175246258254e-12 4.559999999999991
229 7.806175246258254e-12 4.57999999999999
230 7.806175246258254e-12 4.59999999999999
231 7.806175246258254e-12 4.619999999999989
232 7.806175246258254e-12 4.639999999999989
233 7.806175246258254e-12 4.659999999999989
234 7.806175246258254e-12 4.679999999999988
235 7.806175246258254e-12 4.699999999999988
236 7.806175246258254e-12 4.719999999999987
237 7.806175246258254e-12 4.739999999999987
238 7.806175246258254e-12 4.759999999999986
239 7.806175246258254e-12 4.779999999999986
240 7.806175246258254e-12 4.799999999999986
241 7.806175246258254e-12 4.819999999999985
242 7.806175246258254e-12 4.839999999999985
243 7.806175246258254e-12 4.859999999999984
244 7.806175246258254e-12 4.879999999999984
245 7.806175246258254e-12 4.899999999999983
246 7.806175246258254e-12 4.919999999999983
247 7.806175246258254e-12 4.939999999999983
248 7.806175246258254e-12 4.959999999999982
249 7.806175246258254e-12 4.979999999999982
250 7.806175246258254e-12 4.999999999999981
251 7.806175246258254e-12 5.019999999999981
252 7.806175246258254e-12 5.03999999999998
253 7.806175246258254e-12 5.05999999999998
254 7.806175246258254e-12 5.07999999999998
255 7.806175246258254e-12 5.099999999999979
256 7.806175246258254e-12 5.119999999999979
257 7.806175246258254e-12 5.139999999999978
258 7.806175246258254e-12 5.159999999999978
259 7.806175246258254e-12 5.179999999999978
260 7.806175246258254e-12 5.199999999999977
261 7.806175246258254e-12 5.219999999999977
262 7.806175246258254e-12 5.239999999999976
263 7.806175246258254e-12 5.259999999999976
264 7.806175246258254e-12 5.279999999999975
265 7.806175246258254e-12 5.299999999999975
266 7.806175246258254e-12 5.319999999999975
267 7.806175246258254e-12 5.339999999999974
268 7.806175246258254e-12 5.359999999999974
269 7.806175246258254e-12 5.379999999999973
270 7.806175246258254e-12 5.399999999999973
271 7.806175246258254e-12 5.419999999999972
272 7.806175246258254e-12 5.439999999999972
273 7.806175246258254e-12 5.459999999999972
274 7.806175246258254e-12 5.479999999999971
275 7.806175246258254e-12 5.499999999999971
276 7.806175246258254e-12 5.51999999999997
277 7.806175246258254e-12 5.53999999999997
278 7.806175246258254e-12 5.559999999999969
279 7.806175246258254e-12 5.579999999999969
280 7.806175246258254e-12 5.599999999999969
281 7.806175246258254e-12 5.619999999999968
282 7.806175246258254e-12 5.639999999999968
283 7.806175246258254e-12 5.659999999999967
284 7.806175246258254e-12 5.679999999999967
285 7.806175246258254e-12 5.699999999999966
286 7.806175246258254e-12 5.719999999999966
287 7.806175246258254e-12 5.739999999999966
288 7.806175246258254e-12 5.759999999999965
289 7.806175246258254e-12 5.779999999999965
290 7.806175246258254e-12 5.799999999999964
291 7.806175246258254e-12 5.819999999999964
292 7.806175246258254e-12 5.839999999999963
293 7.806175246258254e-12 5.859999999999963
294 7.806175246258254e-12 5.879999999999963
295 7.806175246258254e-12 5.899999999999962
296 7.806175246258254e-12 5.919999999999962
297 7.806175246258254e-12 5.939999999999961
298 7.806175246258254e-12 5.959999999999961
299 7.806175246258254e-12 5.97999999999996
300 7.806175246258254e-12 5.99999999999996
301 7.806175246258254e-12 6.01999999999996
302 7.806175246258254e-12 6.039999999999959
303 7.806175246258254e-12 6.059999999999959
304 7.806175246258254e-12 6.079999999999958
305 7.806175246258254e-12 6.099999999999958
306 7.806175246258254e-12 6.119999999999957
307 7.806175246258254e-12 6.139999999999957
308 7.806175246258254e-12 6.159999999999957
309 7.806175246258254e-12 6.179999999999956
310 7.806175246258254e-12 6.199999999999956
311 7.806175246258254e-12 6.219999999999955
312 7.806175246258254e-12 6.239999999999955
313 7.806175246258254e-12 6.259999999999954
314 7.806175246258254e-12 6.279999999999954
315 7.806175246258254e-12 6.299999999999954
316 7.806175246258254e-12 6.319999999999953
317 7.806175246258254e-12 6.339999999999953
318 7.806175246258254e-12 6.359999999999952
319 7.806175246258254e-12 6.379999999999952
320 7.806175246258254e-12 6.399999999999952
321 7.806175246258254e-12 6.419999999999951
322 7.806175246258254e-12 6.439999999999951
323 7.806175246258254e-12 6.45999999999995
324 7.806175246258254e-12 6.47999999999995
325 7.806175246258254e-12 6.499999999999949
326 7.806175246258254e-12 6.519999999999949
327 7.806175246258254e-12 6.539999999999949
328 7.806175246258254e-12 6.559999999999948
329 7.806175246258254e-12 6.579999999999948
330 7.806175246258254e-12 6.599999999999947
331 7.806175246258254e-12 6.619999999999947
332 7.806175246258254e-12 6.639999999999946
333 7.806175246258254e-12 6.659999999999946
334 7.806175246258254e-12 6.679999999999946
335 7.806175246258254e-12 6.699999999999945
336 7.806175246258254e-12 6.719999999999945
337 7.806175246258254e-12 6.739999999999944
338 7.806175246258254e-12 6.759999999999944
339 7.806175246258254e-12 6.779999999999943
340 7.806175246258254e-12 6.799999999999943
341 7.806175246258254e-12 6.819999999999943
342 7.806175246258254e-12 6.839999999999942
343 7.806175246258254e-12 6.859999999999942
344 7.806175246258254e-12 6.879999999999941
345 7.806175246258254e-12 6.899999999999941
346 7.806175246258254e-12 6.91999999999994
347 7.806175246258254e-12 6.93999999999994
348 7.806175246258254e-12 6.95999999999994
349 7.806175246258254e-12 6.979999999999939
350 7.806175246258254e-12 6.999999999999939
351 7.806175246258254e-12 7.019999999999938
352 7.806175246258254e-12 7.039999999999938
353 7.806175246258254e-12 7.059999999999937
354 7.806175246258254e-12 7.079999999999937
355 7.806175246258254e-12 7.099999999999937
356 7.806175246258254e-12 7.119999999999936
357 7.806175246258254e-12 7.139999999999936
358 7.806175246258254e-12 7.159999999999935
359 7.806175246258254e-12 7.179999999999935
360 7.806175246258254e-12 7.199999999999934
361 7.806175246258254e-12 7.219999999999934
362 7.806175246258254e-12 7.239999999999934
363 7.806175246258254e-12 7.259999999999933
364 7.806175246258254e-12 7.279999999999933
365 7.806175246258254e-12 7.299999999999932
366 7.806175246258254e-12 7.319999999999932
367 7.806175246258254e-12 7.339999999999931
368 7.806175246258254e-12 7.359999999999931
369 7.806175246258254e-12 7.379999999999931
370 7.806175246258254e-12 7.39999999999993
371 7.806175246258254e-12 7.41999999999993
372 7.806175246258254e-12 7.439999999999929
373 7.806175246258254e-12 7.459999999999929
374 7.806175246258254e-12 7.479999999999928
375 7.806175246258254e-12 7.499999999999928
376 7.806175246258254e-12 7.519999999999928
377 7.806175246258254e-12 7.539999999999927
378 7.806175246258254e-12 7.559999999999927
379 7.806175246258254e-12 7.579999999999926
380 7.806175246258254e-12 7.599999999999926
381 7.806175246258254e-12 7.619999999999925
382 7.806175246258254e-12 7.639999999999925
383 7.806175246258254e-12 7.659999999999925
384 7.806175246258254e-12 7.679999999999924
385 7.806175246258254e-12 7.699999999999924
386 7.806175246258254e-12 7.719999999999923
387 7.806175246258254e-12 7.739999999999923
388 7.806175246258254e-12 7.759999999999923
389 7.806175246258254e-12 7.779999999999922
390 7.806175246258254e-12 7.799999999999922
391 7.806175246258254e-12 7.819999999999921
392 7.806175246258254e-12 7.839999999999921
393 7.806175246258254e-12 7.85999999999992
394 7.806175246258254e-12 7.87999999999992
395 7.806175246258254e-12 7.89999999999992
396 7.806175246258254e-12 7.919999999999919
397 7.806175246258254e-12 7.939999999999919
398 7.806175246258254e-12 7.959999999999918
399 7.806175246258254e-12 7.979999999999918
400 7.806175246258254e-12 7.999999999999917
401 7.806175246258254e-12 8.019999999999918
402 7.806175246258254e-12 8.039999999999917
403 7.806175246258254e-12 8.059999999999917
404 7.806175246258254e-12 8.079999999999917
405 7.806175246258254e-12 8.099999999999916
406 7.806175246258254e-12 8.119999999999916
407 7.806175246258254e-12 8.139999999999915
408 7.806175246258254e-12 8.159999999999915
409 7.806175246258254e-12 8.179999999999914
410 7.806175246258254e-12 8.199999999999914
411 7.806175246258254e-12 8.219999999999914
412 7.806175246258254e-12 8.239999999999913
413 7.806175246258254e-12 8.259999999999913
414 7.806175246258254e-12 8.279999999999912
415 7.806175246258254e-12 8.299999999999912
416 7.806175246258254e-12 8.319999999999911
417 7.806175246258254e-12 8.339999999999911
418 7.806175246258254e-12 8.359999999999911
419 7.806175246258254e-12 8.37999999999991
420 7.806175246258254e-12 8.39999999999991
421 7.806175246258254e-12 8.419999999999909
422 7.806175246258254e-12 8.439999999999909
423 7.806175246258254e-12 8.459999999999908
424 7.806175246258254e-12 8.479999999999908
425 7.806175246258254e-12 8.499999999999908
426 7.806175246258254e-12 8.519999999999907
427 7.806175246258254e-12 8.539999999999907
428 7.806175246258254e-12 8.559999999999906
429 7.806175246258254e-12 8.579999999999906
430 7.806175246258254e-12 8.599999999999905
431 7.806175246258254e-12 8.619999999999905
432 7.806175246258254e-12 8.639999999999905
433 7.806175246258254e-12 8.659999999999904
434 7.806175246258254e-12 8.679999999999904
435 7.806175246258254e-12 8.699999999999903
436 7.806175246258254e-12 8.719999999999903
437 7.806175246258254e-12 8.739999999999903
438 7.806175246258254e-12 8.759999999999902
439 7.806175246258254e-12 8.779999999999902
440 7.806175246258254e-12 8.799999999999901
441 7.806175246258254e-12 8.819999999999901
442 7.806175246258254e-12 8.8399999999999
443 7.806175246258254e-12 8.8599999999999
444 7.806175246258254e-12 8.8799999999999
445 7.806175246258254e-12 8.899999999999899
446 7.806175246258254e-12 8.919999999999899
447 7.806175246258254e-12 8.939999999999898
448 7.806175246258254e-12 8.959999999999898
449 7.806175246258254e-12 8.979999999999897
450 7.806175246258254e-12 8.999999999999897
451 7.806175246258254e-12 9.019999999999897
452 7.806175246258254e-12 9.039999999999896
453 7.806175246258254e-12 9.059999999999896
454 7.806175246258254e-12 9.079999999999895
455 7.806175246258254e-12 9.099999999999895
456 7.806175246258254e-12 9.119999999999894
457 7.806175246258254e-12 9.139999999999894
458 7.806175246258254e-12 9.159999999999894
459 7.806175246258254e-12 9.179999999999893
460 7.806175246258254e-12 9.199999999999893
461 7.806175246258254e-12 9.219999999999892
462 7.806175246258254e-12 9.239999999999892
463 7.806175246258254e-12 9.259999999999891
464 7.806175246258254e-12 9.279999999999891
465 7.806175246258254e-12 9.299999999999891
466 7.806175246258254e-12 9.31999999999989
467 7.806175246258254e-12 9.33999999999989
468 7.806175246258254e-12 9.359999999999889
469 7.806175246258254e-12 9.379999999999889
470 7.806175246258254e-12 9.399999999999888
471 7.806175246258254e-12 9.419999999999888
472 7.806175246258254e-12 9.439999999999888
473 7.806175246258254e-12 9.459999999999887
474 7.806175246258254e-12 9.479999999999887
475 7.806175246258254e-12 9.499999999999886
476 7.806175246258254e-12 9.519999999999886
477 7.806175246258254e-12 9.539999999999885
478 7.806175246258254e-12 9.559999999999885
479 7.806175246258254e-12 9.579999999999885
480 7.806175246258254e-12 9.599999999999884
481 7.806175246258254e-12 9.619999999999884
482 7.806175246258254e-12 9.639999999999883
483 7.806175246258254e-12 9.659999999999883
484 7.806175246258254e-12 9.679999999999882
485 7.806175246258254e-12 9.699999999999882
486 7.806175246258254e-12 9.719999999999882
487 7.806175246258254e-12 9.739999999999881
488 7.806175246258254e-12 9.759999999999881
489 7.806175246258254e-12 9.77999999999988
490 7.806175246258254e-12 9.79999999999988
491 7.806175246258254e-12 9.819999999999879
492 7.806175246258254e-12 9.839999999999879
493 7.806175246258254e-12 9.859999999999879
494 7.806175246258254e-12 9.879999999999878
495 7.806175246258254e-12 9.899999999999878
496 7.806175246258254e-12 9.919999999999877
497 7.806175246258254e-12 9.939999999999877
498 7.806175246258254e-12 9.959999999999877
499 7.806175246258254e-12 9.979999999999876
500 7.806175246258254e-12 9.999999999999876
501 7.806175246258254e-12 10.01999999999988
502 7.806175246258254e-12 10.03999999999987
503 7.806175246258254e-12 10.05999999999987
504 7.806175246258254e-12 10.07999999999987
505 7.806175246258254e-12 10.09999999999987
506 7.806175246258254e-12 10.11999999999987
507 7.806175246258254e-12 10.13999999999987
508 7.806175246258254e-12 10.15999999999987
509 7.806175246258254e-12 10.17999999999987
510 7.806175246258254e-12 10.19999999999987
511 7.806175246258254e-12 10.21999999999987
512 7.806175246258254e-12 10.23999999999987
513 7.806175246258254e-12 10.25999999999987
514 7.806175246258254e-12 10.27999999999987
515 7.806175246258254e-12 10.29999999999987
516 7.806175246258254e-12 10.31999999999987
517 7.806175246258254e-12 10.33999999999987
518 7.806175246258254e-12 10.35999999999987
519 7.806175246258254e-12 10.37999999999987
520 7.806175246258254e-12 10.39999999999987
521 7.806175246258254e-12 10.41999999999987
522 7.806175246258254e-12 10.43999999999987
523 7.806175246258254e-12 10.45999999999987
524 7.806175246258254e-12 10.47999999999987
525 7.806175246258254e-12 10.49999999999986
526 7.806175246258254e-12 10.51999999999986
527 7.806175246258254e-12 10.53999999999986
528 7.806175246258254e-12 10.55999999999986
529 7.806175246258254e-12 10.57999999999986
530 7.806175246258254e-12 10.59999999999986
531 7.806175246258254e-12 10.61999999999986
532 7.806175246258254e-12 10.63999999999986
533 7.806175246258254e-12 10.65999999999986
534 7.806175246258254e-12 10.67999999999986
535 7.806175246258254e-12 10.69999999999986
536 7.806175246258254e-12 10.71999999999986
537 7.806175246258254e-12 10.73999999999986
538 7.806175246258254e-12 10.75999999999986
539 7.806175246258254e-12 10.77999999999986
540 7.806175246258254e-12 10.79999999999986
541 7.806175246258254e-12 10.81999999999986
542 7.806175246258254e-12 10.83999999999986
543 7.806175246258254e-12 10.85999999999986
544 7.806175246258254e-12 10.87999999999986
545 7.806175246258254e-12 10.89999999999986
546 7.806175246258254e-12 10.91999999999986
547 7.806175246258254e-12 10.93999999999986
548 7.806175246258254e-12 10.95999999999986
549 7.806175246258254e-12 10.97999999999985
550 7.806175246258254e-12 10.99999999999985
551 7.806175246258254e-12 11.01999999999985
552 7.806175246258254e-12 11.03999999999985
553 7.806175246258254e-12 11.05999999999985
554 7.806175246258254e-12 11.07999999999985
555 7.806175246258254e-12 11.09999999999985
556 7.806175246258254e-12 11.11999999999985
557 7.806175246258254e-12 11.13999999999985
558 7.806175246258254e-12 11.15999999999985
559 7.806175246258254e-12 11.17999999999985
560 7.806175246258254e-12 11.19999999999985
561 7.806175246258254e-12 11.21999999999985
562 7.806175246258254e-12 11.23999999999985
563 7.806175246258254e-12 11.25999999999985
564 7.806175246258254e-12 11.27999999999985
565 7.806175246258254e-12 11.29999999999985
566 7.806175246258254e-12 11.31999999999985
567 7.806175246258254e-12 11.33999999999985
568 7.806175246258254e-12 11.35999999999985
569 7.806175246258254e-12 11.37999999999985
570 7.806175246258254e-12 11.39999999999985
571 7.806175246258254e-12 11.41999999999985
572 7.806175246258254e-12 11.43999999999984
573 7.806175246258254e-12 11.45999999999984
574 7.806175246258254e-12 11.47999999999984
575 7.806175246258254e-12 11.49999999999984
576 7.806175246258254e-12 11.51999999999984
577 7.806175246258254e-12 11.53999999999984
578 7.806175246258254e-12 11.55999999999984
579 7.806175246258254e-12 11.57999999999984
580 7.806175246258254e-12 11.59999999999984
581 7.806175246258254e-12 11.61999999999984
582 7.806175246258254e-12 11.63999999999984
583 7.806175246258254e-12 11.65999999999984
584 7.806175246258254e-12 11.67999999999984
585 7.806175246258254e-12 11.69999999999984
586 7.806175246258254e-12 11.71999999999984
587 7.806175246258254e-12 11.73999999999984
588 7.806175246258254e-12 11.75999999999984
589 7.806175246258254e-12 11.77999999999984
590 7.806175246258254e-12 11.79999999999984
591 7.806175246258254e-12 11.81999999999984
592 7.806175246258254e-12 11.83999999999984
593 7.806175246258254e-12 11.85999999999984
594 7.806175246258254e-12 11.87999999999984
595 7.806175246258254e-12 11.89999999999984
596 7.806175246258254e-12 11.91999999999983
597 7.806175246258254e-12 11.93999999999983
598 7.806175246258254e-12 11.95999999999983
599 7.806175246258254e-12 11.97999999999983
600 7.806175246258254e-12 11.99999999999983
601 7.806175246258254e-12 12.01999999999983
602 7.806175246258254e-12 12.03999999999983
603 7.806175246258254e-12 12.05999999999983
604 7.806175246258254e-12 12.07999999999983
605 7.806175246258254e-12 12.09999999999983
606 7.806175246258254e-12 12.11999999999983
607 7.806175246258254e-12 12.13999999999983
608 7.806175246258254e-12 12.15999999999983
609 7.806175246258254e-12 12.17999999999983
610 7.806175246258254e-12 12.19999999999983
611 7.806175246258254e-12 12.21999999999983
612 7.806175246258254e-12 12.23999999999983
613 7.806175246258254e-12 12.25999999999983
614 7.806175246258254e-12 12.27999999999983
615 7.806175246258254e-12 12.29999999999983
616 7.806175246258254e-12 12.31999999999983
617 7.806175246258254e-12 12.33999999999983
618 7.806175246258254e-12 12.35999999999983
619 7.806175246258254e-12 12.37999999999982
620 7.806175246258254e-12 12.39999999999982
621 7.806175246258254e-12 12.41999999999982
622 7.806175246258254e-12 12.43999999999982
623 7.806175246258254e-12 12.45999999999982
624 7.806175246258254e-12 12.47999999999982
625 7.806175246258254e-12 12.49999999999982
626 7.806175246258254e-12 12.51999999999982
627 7.806175246258254e-12 12.53999999999982
628 7.806175246258254e-12 12.55999999999982
629 7.806175246258254e-12 12.57999999999982
630 7.806175246258254e-12 12.59999999999982
631 7.806175246258254e-12 12.61999999999982
632 7.806175246258254e-12 12.63999999999982
633 7.806175246258254e-12 12.65999999999982
634 7.806175246258254e-12 12.67999999999982
635 7.806175246258254e-12 12.69999999999982
636 7.806175246258254e-12 12.71999999999982
637 7.806175246258254e-12 12.73999999999982
638 7.806175246258254e-12 12.75999999999982
639 7.806175246258254e-12 12.77999999999982
640 7.806175246258254e-12 12.79999999999982
641 7.806175246258254e-12 12.81999999999982
642 7.806175246258254e-12 12.83999999999982
643 7.806175246258254e-12 12.85999999999981
644 7.806175246258254e-12 12.87999999999981
645 7.806175246258254e-12 12.89999999999981
646 7.806175246258254e-12 12.91999999999981
647 7.806175246258254e-12 12.93999999999981
648 7.806175246258254e-12 12.95999999999981
649 7.806175246258254e-12 12.97999999999981
650 7.806175246258254e-12 12.99999999999981
651 7.806175246258254e-12 13.01999999999981
652 7.806175246258254e-12 13.03999999999981
653 7.806175246258254e-12 13.05999999999981
654 7.806175246258254e-12 13.07999999999981
655 7.806175246258254e-12 13.09999999999981
656 7.806175246258254e-12 13.11999999999981
657 7.806175246258254e-12 13.13999999999981
658 7.806175246258254e-12 13.15999999999981
659 7.806175246258254e-12 13.17999999999981
660 7.806175246258254e-12 13.19999999999981
661 7.806175246258254e-12 13.21999999999981
662 7.806175246258254e-12 13.23999999999981
663 7.806175246258254e-12 13.25999999999981
664 7.806175246258254e-12 13.27999999999981
665 7.806175246258254e-12 13.29999999999981
666 7.806175246258254e-12 13.3199999999998
667 7.806175246258254e-12 13.3399999999998
668 7.806175246258254e-12 13.3599999999998
669 7.806175246258254e-12 13.3799999999998
670 7.806175246258254e-12 13.3999999999998
671 7.806175246258254e-12 13.4199999999998
672 7.806175246258254e-12 13.4399999999998
673 7.806175246258254e-12 13.4599999999998
674 7.806175246258254e-12 13.4799999999998
675 7.806175246258254e-12 13.4999999999998
676 7.806175246258254e-12 13.5199999999998
677 7.806175246258254e-12 13.5399999999998
678 7.806175246258254e-12 13.5599999999998
679 7.806175246258254e-12 13.5799999999998
680 7.806175246258254e-12 13.5999999999998
681 7.806175246258254e-12 13.6199999999998
682 7.806175246258254e-12 13.6399999999998
683 7.806175246258254e-12 13.6599999999998
684 7.806175246258254e-12 13.6799999999998
685 7.806175246258254e-12 13.6999999999998
686 7.806175246258254e-12 13.7199999999998
687 7.806175246258254e-12 13.7399999999998
688 7.806175246258254e-12 13.7599999999998
689 7.806175246258254e-12 13.7799999999998
690 7.806175246258254e-12 13.79999999999979
691 7.806175246258254e-12 13.81999999999979
692 7.806175246258254e-12 13.83999999999979
693 7.806175246258254e-12 13.85999999999979
694 7.806175246258254e-12 13.87999999999979
695 7.806175246258254e-12 13.89999999999979
696 7.806175246258254e-12 13.91999999999979
697 7.806175246258254e-12 13.93999999999979
698 7.806175246258254e-12 13.95999999999979
699 7.806175246258254e-12 13.97999999999979
700 7.806175246258254e-12 13.99999999999979
701 7.806175246258254e-12 14.01999999999979
702 7.806175246258254e-12 14.03999999999979
703 7.806175246258254e-12 14.05999999999979
704 7.806175246258254e-12 14.07999999999979
705 7.806175246258254e-12 14.09999999999979
706 7.806175246258254e-12 14.11999999999979
707 7.806175246258254e-12 14.13999999999979
708 7.806175246258254e-12 14.15999999999979
709 7.806175246258254e-12 14.17999999999979
710 7.806175246258254e-12 14.19999999999979
711 7.806175246258254e-12 14.21999999999979
712 7.806175246258254e-12 14.23999999999979
713 7.806175246258254e-12 14.25999999999978
714 7.806175246258254e-12 14.27999999999978
715 7.806175246258254e-12 14.29999999999978
716 7.806175246258254e-12 14.31999999999978
717 7.806175246258254e-12 14.33999999999978
718 7.806175246258254e-12 14.35999999999978
719 7.806175246258254e-12 14.37999999999978
720 7.806175246258254e-12 14.39999999999978
721 7.806175246258254e-12 14.41999999999978
722 7.806175246258254e-12 14.43999999999978
723 7.806175246258254e-12 14.45999999999978
724 7.806175246258254e-12 14.47999999999978
725 7.806175246258254e-12 14.49999999999978
726 7.806175246258254e-12 14.51999999999978
727 7.806175246258254e-12 14.53999999999978
728 7.806175246258254e-12 14.55999999999978
729 7.806175246258254e-12 14.57999999999978
730 7.806175246258254e-12 14.59999999999978
731 7.806175246258254e-12 14.61999999999978
732 7.806175246258254e-12 14.63999999999978
733 7.806175246258254e-12 14.65999999999978
734 7.806175246258254e-12 14.67999999999978
735 7.806175246258254e-12 14.69999999999978
736 7.806175246258254e-12 14.71999999999978
737 7.806175246258254e-12 14.73999999999977
738 7.806175246258254e-12 14.75999999999977
739 7.806175246258254e-12 14.77999999999977
740 7.806175246258254e-12 14.79999999999977
741 7.806175246258254e-12 14.81999999999977
742 7.806175246258254e-12 14.83999999999977
743 7.806175246258254e-12 14.85999999999977
744 7.806175246258254e-12 14.87999999999977
745 7.806175246258254e-12 14.89999999999977
746 7.806175246258254e-12 14.91999999999977
747 7.806175246258254e-12 14.93999999999977
748 7.806175246258254e-12 14.95999999999977
749 7.806175246258254e-12 14.97999999999977
750 7.806175246258254e-12 14.99999999999977
751 7.806175246258254e-12 15.01999999999977
752 7.806175246258254e-12 15.03999999999977
753 7.806175246258254e-12 15.05999999999977
754 7.806175246258254e-12 15.07999999999977
755 7.806175246258254e-12 15.09999999999977
756 7.806175246258254e-12 15.11999999999977
757 7.806175246258254e-12 15.13999999999977
758 7.806175246258254e-12 15.15999999999977
759 7.806175246258254e-12 15.17999999999977
760 7.806175246258254e-12 15.19999999999976
761 7.806175246258254e-12 15.21999999999976
762 7.806175246258254e-12 15.23999999999976
763 7.806175246258254e-12 15.25999999999976
764 7.806175246258254e-12 15.27999999999976
765 7.806175246258254e-12 15.29999999999976
766 7.806175246258254e-12 15.31999999999976
767 7.806175246258254e-12 15.33999999999976
768 7.806175246258254e-12 15.35999999999976
769 7.806175246258254e-12 15.37999999999976
770 7.806175246258254e-12 15.39999999999976
771 7.806175246258254e-12 15.41999999999976
772 7.806175246258254e-12 15.43999999999976
773 7.806175246258254e-12 15.45999999999976
774 7.806175246258254e-12 15.47999999999976
775 7.806175246258254e-12 15.49999999999976
776 7.806175246258254e-12 15.51999999999976
777 7.806175246258254e-12 15.53999999999976
778 7.806175246258254e-12 15.55999999999976
779 7.806175246258254e-12 15.57999999999976
780 7.806175246258254e-12 15.59999999999976
781 7.806175246258254e-12 15.61999999999976
782 7.806175246258254e-12 15.63999999999976
783 7.806175246258254e-12 15.65999999999976
784 7.806175246258254e-12 15.67999999999975
785 7.806175246258254e-12 15.69999999999975
786 7.806175246258254e-12 15.71999999999975
787 7.806175246258254e-12 15.73999999999975
788 7.806175246258254e-12 15.75999999999975
789 7.806175246258254e-12 15.77999999999975
790 7.806175246258254e-12 15.79999999999975
791 7.806175246258254e-12 15.81999999999975
792 7.806175246258254e-12 15.83999999999975
793 7.806175246258254e-12 15.85999999999975
794 7.806175246258254e-12 15.87999999999975
795 7.806175246258254e-12 15.89999999999975
796 7.806175246258254e-12 15.91999999999975
797 7.806175246258254e-12 15.93999999999975
798 7.806175246258254e-12 15.95999999999975
799 7.806175246258254e-12 15.97999999999975
800 7.806175246258254e-12 15.99999999999975
801 7.806175246258254e-12 16.01999999999975
802 7.806175246258254e-12 16.03999999999975
803 7.806175246258254e-12 16.05999999999975
804 7.806175246258254e-12 16.07999999999975
805 7.806175246258254e-12 16.09999999999975
806 7.806175246258254e-12 16.11999999999975
807 7.806175246258254e-12 16.13999999999974
808 7.806175246258254e-12 16.15999999999974
809 7.806175246258254e-12 16.17999999999974
810 7.806175246258254e-12 16.19999999999974
811 7.806175246258254e-12 16.21999999999974
812 7.806175246258254e-12 16.23999999999974
813 7.806175246258254e-12 16.25999999999974
814 7.806175246258254e-12 16.27999999999974
815 7.806175246258254e-12 16.29999999999974
816 7.806175246258254e-12 16.31999999999974
817 7.806175246258254e-12 16.33999999999974
818 7.806175246258254e-12 16.35999999999974
819 7.806175246258254e-12 16.37999999999974
820 7.806175246258254e-12 16.39999999999974
821 7.806175246258254e-12 16.41999999999974
822 7.806175246258254e-12 16.43999999999974
823 7.806175246258254e-12 16.45999999999974
824 7.806175246258254e-12 16.47999999999974
825 7.806175246258254e-12 16.49999999999974
826 7.806175246258254e-12 16.51999999999974
827 7.806175246258254e-12 16.53999999999974
828 7.806175246258254e-12 16.55999999999974
829 7.806175246258254e-12 16.57999999999974
830 7.806175246258254e-12 16.59999999999973
831 7.806175246258254e-12 16.61999999999973
832 7.806175246258254e-12 16.63999999999973
833 7.806175246258254e-12 16.65999999999973
834 7.806175246258254e-12 16.67999999999973
835 7.806175246258254e-12 16.69999999999973
836 7.806175246258254e-12 16.71999999999973
837 7.806175246258254e-12 16.73999999999973
838 7.806175246258254e-12 16.75999999999973
839 7.806175246258254e-12 16.77999999999973
840 7.806175246258254e-12 16.79999999999973
841 7.806175246258254e-12 16.81999999999973
842 7.806175246258254e-12 16.83999999999973
843 7.806175246258254e-12 16.85999999999973
844 7.806175246258254e-12 16.87999999999973
845 7.806175246258254e-12 16.89999999999973
846 7.806175246258254e-12 16.91999999999973
847 7.806175246258254e-12 16.93999999999973
848 7.806175246258254e-12 16.95999999999973
849 7.806175246258254e-12 16.97999999999973
850 7.806175246258254e-12 16.99999999999973
851 7.806175246258254e-12 17.01999999999973
852 7.806175246258254e-12 17.03999999999973
853 7.806175246258254e-12 17.05999999999973
854 7.806175246258254e-12 17.07999999999972
855 7.806175246258254e-12 17.09999999999972
856 7.806175246258254e-12 17.11999999999972
857 7.806175246258254e-12 17.13999999999972
858 7.806175246258254e-12 17.15999999999972
859 7.806175246258254e-12 17.17999999999972
860 7.806175246258254e-12 17.19999999999972
861 7.806175246258254e-12 17.21999999999972
862 7.806175246258254e-12 17.23999999999972
863 7.806175246258254e-12 17.25999999999972
864 7.806175246258254e-12 17.27999999999972
865 7.806175246258254e-12 17.29999999999972
866 7.806175246258254e-12 17.31999999999972
867 7.806175246258254e-12 17.33999999999972
868 7.806175246258254e-12 17.35999999999972
869 7.806175246258254e-12 17.37999999999972
870 7.806175246258254e-12 17.39999999999972
871 7.806175246258254e-12 17.41999999999972
872 7.806175246258254e-12 17.43999999999972
873 7.806175246258254e-12 17.45999999999972
874 7.806175246258254e-12 17.47999999999972
875 7.806175246258254e-12 17.49999999999972
876 7.806175246258254e-12 17.51999999999972
877 7.806175246258254e-12 17.53999999999971
878 7.806175246258254e-12 17.55999999999971
879 7.806175246258254e-12 17.57999999999971
880 7.806175246258254e-12 17.59999999999971
881 7.806175246258254e-12 17.61999999999971
882 7.806175246258254e-12 17.63999999999971
883 7.806175246258254e-12 17.65999999999971
884 7.806175246258254e-12 17.67999999999971
885 7.806175246258254e-12 17.69999999999971
886 7.806175246258254e-12 17.71999999999971
887 7.806175246258254e-12 17.73999999999971
888 7.806175246258254e-12 17.75999999999971
889 7.806175246258254e-12 17.77999999999971
890 7.806175246258254e-12 17.79999999999971
891 7.806175246258254e-12 17.81999999999971
892 7.806175246258254e-12 17.83999999999971
893 7.806175246258254e-12 17.85999999999971
894 7.806175246258254e-12 17.87999999999971
895 7.806175246258254e-12 17.89999999999971
896 7.806175246258254e-12 17.91999999999971
897 7.806175246258254e-12 17.93999999999971
898 7.806175246258254e-12 17.95999999999971
899 7.806175246258254e-12 17.97999999999971
900 7.806175246258254e-12 17.99999999999971
901 7.806175246258254e-12 18.0199999999997
902 7.806175246258254e-12 18.0399999999997
903 7.806175246258254e-12 18.0599999999997
904 7.806175246258254e-12 18.0799999999997
905 7.806175246258254e-12 18.0999999999997
906 7.806175246258254e-12 18.1199999999997
907 7.806175246258254e-12 18.1399999999997
908 7.806175246258254e-12 18.1599999999997
909 7.806175246258254e-12 18.1799999999997
910 7.806175246258254e-12 18.1999999999997
911 7.806175246258254e-12 18.2199999999997
912 7.806175246258254e-12 18.2399999999997
913 7.806175246258254e-12 18.2599999999997
914 7.806175246258254e-12 18.2799999999997
915 7.806175246258254e-12 18.2999999999997
916 7.806175246258254e-12 18.3199999999997
917 7.806175246258254e-12 18.3399999999997
918 7.806175246258254e-12 18.3599999999997
919 7.806175246258254e-12 18.3799999999997
920 7.806175246258254e-12 18.3999999999997
921 7.806175246258254e-12 18.4199999999997
922 7.806175246258254e-12 18.4399999999997
923 7.806175246258254e-12 18.4599999999997
924 7.806175246258254e-12 18.47999999999969
925 7.806175246258254e-12 18.49999999999969
926 7.806175246258254e-12 18.51999999999969
927 7.806175246258254e-12 18.53999999999969
928 7.806175246258254e-12 18.55999999999969
929 7.806175246258254e-12 18.57999999999969
930 7.806175246258254e-12 18.59999999999969
931 7.806175246258254e-12 18.61999999999969
932 7.806175246258254e-12 18.63999999999969
933 7.806175246258254e-12 18.65999999999969
934 7.806175246258254e-12 18.67999999999969
935 7.806175246258254e-12 18.69999999999969
936 7.806175246258254e-12 18.71999999999969
937 7.806175246258254e-12 18.73999999999969
938 7.806175246258254e-12 18.75999999999969
939 7.806175246258254e-12 18.77999999999969
940 7.806175246258254e-12 18.79999999999969
941 7.806175246258254e-12 18.81999999999969
942 7.806175246258254e-12 18.83999999999969
943 7.806175246258254e-12 18.85999999999969
944 7.806175246258254e-12 18.87999999999969
945 7.806175246258254e-12 18.89999999999969
946 7.806175246258254e-12 18.91999999999969
947 7.806175246258254e-12 18.93999999999969
948 7.806175246258254e-12 18.95999999999968
949 7.806175246258254e-12 18.97999999999968
950 7.806175246258254e-12 18.99999999999968
951 7.806175246258254e-12 19.01999999999968
952 7.806175246258254e-12 19.03999999999968
953 7.806175246258254e-12 19.05999999999968
954 7.806175246258254e-12 19.07999999999968
955 7.806175246258254e-12 19.09999999999968
956 7.806175246258254e-12 19.11999999999968
957 7.806175246258254e-12 19.13999999999968
958 7.806175246258254e-12 19.15999999999968
959 7.806175246258254e-12 19.17999999999968
960 7.806175246258254e-12 19.19999999999968
961 7.806175246258254e-12 19.21999999999968
962 7.806175246258254e-12 19.23999999999968
963 7.806175246258254e-12 19.25999999999968
964 7.806175246258254e-12 19.27999999999968
965 7.806175246258254e-12 19.29999999999968
966 7.806175246258254e-12 19.31999999999968
967 7.806175246258254e-12 19.33999999999968
968 7.806175246258254e-12 19.35999999999968
969 7.806175246258254e-12 19.37999999999968
970 7.806175246258254e-12 19.39999999999968
971 7.806175246258254e-12 19.41999999999967
972 7.806175246258254e-12 19.43999999999967
973 7.806175246258254e-12 19.45999999999967
974 7.806175246258254e-12 19.47999999999967
975 7.806175246258254e-12 19.49999999999967
976 7.806175246258254e-12 19.51999999999967
977 7.806175246258254e-12 19.53999999999967
978 7.806175246258254e-12 19.55999999999967
979 7.806175246258254e-12 19.57999999999967
980 7.806175246258254e-12 19.59999999999967
981 7.806175246258254e-12 19.61999999999967
982 7.806175246258254e-12 19.63999999999967
983 7.806175246258254e-12 19.65999999999967
984 7.806175246258254e-12 19.67999999999967
985 7.806175246258254e-12 19.69999999999967
986 7.806175246258254e-12 19.71999999999967
987 7.806175246258254e-12 19.73999999999967
988 7.806175246258254e-12 19.75999999999967
989 7.806175246258254e-12 19.77999999999967
990 7.806175246258254e-12 19.79999999999967
991 7.806175246258254e-12 19.81999999999967
992 7.806175246258254e-12 19.83999999999967
993 7.806175246258254e-12 19.85999999999967
994 7.806175246258254e-12 19.87999999999967
995 7.806175246258254e-12 19.89999999999966
996 7.806175246258254e-12 19.91999999999966
997 7.806175246258254e-12 19.93999999999966
998 7.806175246258254e-12 19.95999999999966
999 7.806175246258254e-12 19.97999999999966
1000 7.806175246258254e-12 19.99999999999966
1001 7.806175246258254e-12 20.01999999999966
1002 7.806175246258254e-12 20.03999999999966
1003 7.806175246258254e-12 20.05999999999966
1004 7.806175246258254e-12 20.07999999999966
1005 7.806175246258254e-12 20.09999999999966
1006 7.806175246258254e-12 20.11999999999966
1007 7.806175246258254e-12 20.13999999999966
1008 7.806175246258254e-12 20.15999999999966
1009 7.806175246258254e-12 20.17999999999966
1010 7.806175246258254e-12 20.19999999999966
1011 7.806175246258254e-12 20.21999999999966
1012 7.806175246258254e-12 20.23999999999966
1013 7.806175246258254e-12 20.25999999999966
1014 7.806175246258254e-12 20.27999999999966
1015 7.806175246258254e-12 20.29999999999966
1016 7.806175246258254e-12 20.31999999999966
1017 7.806175246258254e-12 20.33999999999966
1018 7.806175246258254e-12 20.35999999999965
1019 7.806175246258254e-12 20.37999999999965
1020 7.806175246258254e-12 20.39999999999965
1021 7.806175246258254e-12 20.41999999999965
1022 7.806175246258254e-12 20.43999999999965
1023 7.806175246258254e-12 20.45999999999965
1024 7.806175246258254e-12 20.47999999999965
1025 7.806175246258254e-12 20.49999999999965
1026 7.806175246258254e-12 20.51999999999965
1027 7.806175246258254e-12 20.53999999999965
1028 7.806175246258254e-12 20.55999999999965
1029 7.806175246258254e-12 20.57999999999965
1030 7.806175246258254e-12 20.59999999999965
1031 7.806175246258254e-12 20.61999999999965
1032 7.806175246258254e-12 20.63999999999965
1033 7.806175246258254e-12 20.65999999999965
1034 7.806175246258254e-12 20.67999999999965
1035 7.806175246258254e-12 20.69999999999965
1036 7.806175246258254e-12 20.71999999999965
1037 7.806175246258254e-12 20.73999999999965
1038 7.806175246258254e-12 20.75999999999965
1039 7.806175246258254e-12 20.77999999999965
1040 7.806175246258254e-12 20.79999999999965
1041 7.806175246258254e-12 20.81999999999965
1042 7.806175246258254e-12 20.83999999999964
1043 7.806175246258254e-12 20.85999999999964
1044 7.806175246258254e-12 20.87999999999964
1045 7.806175246258254e-12 20.89999999999964
1046 7.806175246258254e-12 20.91999999999964
1047 7.806175246258254e-12 20.93999999999964
1048 7.806175246258254e-12 20.95999999999964
1049 7.806175246258254e-12 20.97999999999964
1050 7.806175246258254e-12 20.99999999999964
1051 7.806175246258254e-12 21.01999999999964
1052 7.806175246258254e-12 21.03999999999964
1053 7.806175246258254e-12 21.05999999999964
1054 7.806175246258254e-12 21.07999999999964
1055 7.806175246258254e-12 21.09999999999964
1056 7.806175246258254e-12 21.11999999999964
1057 7.806175246258254e-12 21.13999999999964
1058 7.806175246258254e-12 21.15999999999964
1059 7.806175246258254e-12 21.17999999999964
1060 7.806175246258254e-12 21.19999999999964
1061 7.806175246258254e-12 21.21999999999964
1062 7.806175246258254e-12 21.23999999999964
1063 7.806175246258254e-12 21.25999999999964
1064 7.806175246258254e-12 21.27999999999964
1065 7.806175246258254e-12 21.29999999999963
1066 7.806175246258254e-12 21.31999999999963
1067 7.806175246258254e-12 21.33999999999963
1068 7.806175246258254e-12 21.35999999999963
1069 7.806175246258254e-12 21.37999999999963
1070 7.806175246258254e-12 21.39999999999963
1071 7.806175246258254e-12 21.41999999999963
1072 7.806175246258254e-12 21.43999999999963
1073 7.806175246258254e-12 21.45999999999963
1074 7.806175246258254e-12 21.47999999999963
1075 7.806175246258254e-12 21.49999999999963
1076 7.806175246258254e-12 21.51999999999963
1077 7.806175246258254e-12 21.53999999999963
1078 7.806175246258254e-12 21.55999999999963
1079 7.806175246258254e-12 21.57999999999963
1080 7.806175246258254e-12 21.59999999999963
1081 7.806175246258254e-12 21.61999999999963
1082 7.806175246258254e-12 21.63999999999963
1083 7.806175246258254e-12 21.65999999999963
1084 7.806175246258254e-12 21.67999999999963
1085 7.806175246258254e-12 21.69999999999963
1086 7.806175246258254e-12 21.71999999999963
1087 7.806175246258254e-12 21.73999999999963
1088 7.806175246258254e-12 21.75999999999962
1089 7.806175246258254e-12 21.77999999999962
1090 7.806175246258254e-12 21.79999999999962
1091 7.806175246258254e-12 21.81999999999962
1092 7.806175246258254e-12 21.83999999999962
1093 7.806175246258254e-12 21.85999999999962
1094 7.806175246258254e-12 21.87999999999962
1095 7.806175246258254e-12 21.89999999999962
1096 7.806175246258254e-12 21.91999999999962
1097 7.806175246258254e-12 21.93999999999962
1098 7.806175246258254e-12 21.95999999999962
1099 7.806175246258254e-12 21.97999999999962
1100 7.806175246258254e-12 21.99999999999962
1101 7.806175246258254e-12 22.01999999999962
1102 7.806175246258254e-12 22.03999999999962
1103 7.806175246258254e-12 22.05999999999962
1104 7.806175246258254e-12 22.07999999999962
1105 7.806175246258254e-12 22.09999999999962
1106 7.806175246258254e-12 22.11999999999962
1107 7.806175246258254e-12 22.13999999999962
1108 7.806175246258254e-12 22.15999999999962
1109 7.806175246258254e-12 22.17999999999962
1110 7.806175246258254e-12 22.19999999999962
1111 7.806175246258254e-12 22.21999999999962
1112 7.806175246258254e-12 22.23999999999961
1113 7.806175246258254e-12 22.25999999999961
1114 7.806175246258254e-12 22.27999999999961
1115 7.806175246258254e-12 22.29999999999961
1116 7.806175246258254e-12 22.31999999999961
1117 7.806175246258254e-12 22.33999999999961
1118 7.806175246258254e-12 22.35999999999961
1119 7.806175246258254e-12 22.37999999999961
1120 7.806175246258254e-12 22.39999999999961
1121 7.806175246258254e-12 22.41999999999961
1122 7.806175246258254e-12 22.43999999999961
1123 7.806175246258254e-12 22.45999999999961
1124 7.806175246258254e-12 22.47999999999961
1125 7.806175246258254e-12 22.49999999999961
1126 7.806175246258254e-12 22.51999999999961
1127 7.806175246258254e-12 22.53999999999961
1128 7.806175246258254e-12 22.55999999999961
1129 7.806175246258254e-12 22.57999999999961
1130 7.806175246258254e-12 22.59999999999961
1131 7.806175246258254e-12 22.61999999999961
1132 7.806175246258254e-12 22.63999999999961
1133 7.806175246258254e-12 22.65999999999961
1134 7.806175246258254e-12 22.67999999999961
1135 7.806175246258254e-12 22.6999999999996
1136 7.806175246258254e-12 22.7199999999996
1137 7.806175246258254e-12 22.7399999999996
1138 7.806175246258254e-12 22.7599999999996
1139 7.806175246258254e-12 22.7799999999996
1140 7.806175246258254e-12 22.7999999999996
1141 7.806175246258254e-12 22.8199999999996
1142 7.806175246258254e-12 22.8399999999996
1143 7.806175246258254e-12 22.8599999999996
1144 7.806175246258254e-12 22.8799999999996
1145 7.806175246258254e-12 22.8999999999996
1146 7.806175246258254e-12 22.9199999999996
1147 7.806175246258254e-12 22.9399999999996
1148 7.806175246258254e-12 22.9599999999996
1149 7.806175246258254e-12 22.9799999999996
1150 7.806175246258254e-12 22.9999999999996
1151 7.806175246258254e-12 23.0199999999996
1152 7.806175246258254e-12 23.0399999999996
1153 7.806175246258254e-12 23.0599999999996
1154 7.806175246258254e-12 23.0799999999996
1155 7.806175246258254e-12 23.0999999999996
1156 7.806175246258254e-12 23.1199999999996
1157 7.806175246258254e-12 23.1399999999996
1158 7.806175246258254e-12 23.1599999999996
1159 7.806175246258254e-12 23.17999999999959
1160 7.806175246258254e-12 23.19999999999959
1161 7.806175246258254e-12 23.21999999999959
1162 7.806175246258254e-12 23.23999999999959
1163 7.806175246258254e-12 23.25999999999959
1164 7.806175246258254e-12 23.27999999999959
1165 7.806175246258254e-12 23.29999999999959
1166 7.806175246258254e-12 23.31999999999959
1167 7.806175246258254e-12 23.33999999999959
1168 7.806175246258254e-12 23.35999999999959
1169 7.806175246258254e-12 23.37999999999959
1170 7.806175246258254e-12 23.39999999999959
1171 7.806175246258254e-12 23.41999999999959
1172 7.806175246258254e-12 23.43999999999959
1173 7.806175246258254e-12 23.45999999999959
1174 7.806175246258254e-12 23.47999999999959
1175 7.806175246258254e-12 23.49999999999959
1176 7.806175246258254e-12 23.51999999999959
1177 7.806175246258254e-12 23.53999999999959
1178 7.806175246258254e-12 23.55999999999959
1179 7.806175246258254e-12 23.57999999999959
1180 7.806175246258254e-12 23.59999999999959
1181 7.806175246258254e-12 23.61999999999959
1182 7.806175246258254e-12 23.63999999999958
1183 7.806175246258254e-12 23.65999999999958
1184 7.806175246258254e-12 23.67999999999958
1185 7.806175246258254e-12 23.69999999999958
1186 7.806175246258254e-12 23.71999999999958
1187 7.806175246258254e-12 23.73999999999958
1188 7.806175246258254e-12 23.75999999999958
1189 7.806175246258254e-12 23.77999999999958
1190 7.806175246258254e-12 23.79999999999958
1191 7.806175246258254e-12 23.81999999999958
1192 7.806175246258254e-12 23.83999999999958
1193 7.806175246258254e-12 23.85999999999958
1194 7.806175246258254e-12 23.87999999999958
1195 7.806175246258254e-12 23.89999999999958
1196 7.806175246258254e-12 23.91999999999958
1197 7.806175246258254e-12 23.93999999999958
1198 7.806175246258254e-12 23.95999999999958
1199 7.806175246258254e-12 23.97999999999958
1200 7.806175246258254e-12 23.99999999999958
1201 7.806175246258254e-12 24.01999999999958
1202 7.806175246258254e-12 24.03999999999958
1203 7.806175246258254e-12 24.05999999999958
1204 7.806175246258254e-12 24.07999999999958
1205 7.806175246258254e-12 24.09999999999958
1206 7.806175246258254e-12 24.11999999999957
1207 7.806175246258254e-12 24.13999999999957
1208 7.806175246258254e-12 24.15999999999957
1209 7.806175246258254e-12 24.17999999999957
1210 7.806175246258254e-12 24.19999999999957
1211 7.806175246258254e-12 24.21999999999957
1212 7.806175246258254e-12 24.23999999999957
1213 7.806175246258254e-12 24.25999999999957
1214 7.806175246258254e-12 24.27999999999957
1215 7.806175246258254e-12 24.29999999999957
1216 7.806175246258254e-12 24.31999999999957
1217 7.806175246258254e-12 24.33999999999957
1218 7.806175246258254e-12 24.35999999999957
1219 7.806175246258254e-12 24.37999999999957
1220 7.806175246258254e-12 24.39999999999957
1221 7.806175246258254e-12 24.41999999999957
1222 7.806175246258254e-12 24.43999999999957
1223 7.806175246258254e-12 24.45999999999957
1224 7.806175246258254e-12 24.47999999999957
1225 7.806175246258254e-12 24.49999999999957
1226 7.806175246258254e-12 24.51999999999957
1227 7.806175246258254e-12 24.53999999999957
1228 7.806175246258254e-12 24.55999999999957
1229 7.806175246258254e-12 24.57999999999956
1230 7.806175246258254e-12 24.59999999999956
1231 7.806175246258254e-12 24.61999999999956
1232 7.806175246258254e-12 24.63999999999956
1233 7.806175246258254e-12 24.65999999999956
1234 7.806175246258254e-12 24.67999999999956
1235 7.806175246258254e-12 24.69999999999956
1236 7.806175246258254e-12 24.71999999999956
1237 7.806175246258254e-12 24.73999999999956
1238 7.806175246258254e-12 24.75999999999956
1239 7.806175246258254e-12 24.77999999999956
1240 7.806175246258254e-12 24.79999999999956
1241 7.806175246258254e-12 24.81999999999956
1242 7.806175246258254e-12 24.83999999999956
1243 7.806175246258254e-12 24.85999999999956
1244 7.806175246258254e-12 24.87999999999956
1245 7.806175246258254e-12 24.89999999999956
1246 7.806175246258254e-12 24.91999999999956
1247 7.806175246258254e-12 24.93999999999956
1248 7.806175246258254e-12 24.95999999999956
1249 7.806175246258254e-12 24.97999999999956
1250 7.806175246258254e-12 24.99999999999956
1251 7.806175246258254e-12 25.01999999999956
1252 7.806175246258254e-12 25.03999999999956
1253 7.806175246258254e-12 25.05999999999955
1254 7.806175246258254e-12 25.07999999999955
1255 7.806175246258254e-12 25.09999999999955
1256 7.806175246258254e-12 25.11999999999955
1257 7.806175246258254e-12 25.13999999999955
1258 7.806175246258254e-12 25.15999999999955
1259 7.806175246258254e-12 25.17999999999955
1260 7.806175246258254e-12 25.19999999999955
1261 7.806175246258254e-12 25.21999999999955
1262 7.806175246258254e-12 25.23999999999955
1263 7.806175246258254e-12 25.25999999999955
1264 7.806175246258254e-12 25.27999999999955
1265 7.806175246258254e-12 25.29999999999955
1266 7.806175246258254e-12 25.31999999999955
1267 7.806175246258254e-12 25.33999999999955
1268 7.806175246258254e-12 25.35999999999955
1269 7.806175246258254e-12 25.37999999999955
1270 7.806175246258254e-12 25.39999999999955
1271 7.806175246258254e-12 25.41999999999955
1272 7.806175246258254e-12 25.43999999999955
1273 7.806175246258254e-12 25.45999999999955
1274 7.806175246258254e-12 25.47999999999955
1275 7.806175246258254e-12 25.49999999999955
1276 7.806175246258254e-12 25.51999999999954
1277 7.806175246258254e-12 25.53999999999954
1278 7.806175246258254e-12 25.55999999999954
1279 7.806175246258254e-12 25.57999999999954
1280 7.806175246258254e-12 25.59999999999954
1281 7.806175246258254e-12 25.61999999999954
1282 7.806175246258254e-12 25.63999999999954
1283 7.806175246258254e-12 25.65999999999954
1284 7.806175246258254e-12 25.67999999999954
1285 7.806175246258254e-12 25.69999999999954
1286 7.806175246258254e-12 25.71999999999954
1287 7.806175246258254e-12 25.73999999999954
1288 7.806175246258254e-12 25.75999999999954
1289 7.806175246258254e-12 25.77999999999954
1290 7.806175246258254e-12 25.79999999999954
1291 7.806175246258254e-12 25.81999999999954
1292 7.806175246258254e-12 25.83999999999954
1293 7.806175246258254e-12 25.85999999999954
1294 7.806175246258254e-12 25.87999999999954
1295 7.806175246258254e-12 25.89999999999954
1296 7.806175246258254e-12 25.91999999999954
1297 7.806175246258254e-12 25.93999999999954
1298 7.806175246258254e-12 25.95999999999954
1299 7.806175246258254e-12 25.97999999999954
1300 7.806175246258254e-12 25.99999999999953
1301 7.806175246258254e-12 26.01999999999953
1302 7.806175246258254e-12 26.03999999999953
1303 7.806175246258254e-12 26.05999999999953
1304 7.806175246258254e-12 26.07999999999953
1305 7.806175246258254e-12 26.09999999999953
1306 7.806175246258254e-12 26.11999999999953
1307 7.806175246258254e-12 26.13999999999953
1308 7.806175246258254e-12 26.15999999999953
1309 7.806175246258254e-12 26.17999999999953
1310 7.806175246258254e-12 26.19999999999953
1311 7.806175246258254e-12 26.21999999999953
1312 7.806175246258254e-12 26.23999999999953
1313 7.806175246258254e-12 26.25999999999953
1314 7.806175246258254e-12 26.27999999999953
1315 7.806175246258254e-12 26.29999999999953
1316 7.806175246258254e-12 26.31999999999953
1317 7.806175246258254e-12 26.33999999999953
1318 7.806175246258254e-12 26.35999999999953
1319 7.806175246258254e-12 26.37999999999953
1320 7.806175246258254e-12 26.39999999999953
1321 7.806175246258254e-12 26.41999999999953
1322 7.806175246258254e-12 26.43999999999953
1323 7.806175246258254e-12 26.45999999999952
1324 7.806175246258254e-12 26.47999999999952
1325 7.806175246258254e-12 26.49999999999952
1326 7.806175246258254e-12 26.51999999999952
1327 7.806175246258254e-12 26.53999999999952
1328 7.806175246258254e-12 26.55999999999952
1329 7.806175246258254e-12 26.57999999999952
1330 7.806175246258254e-12 26.59999999999952
1331 7.806175246258254e-12 26.61999999999952
1332 7.806175246258254e-12 26.63999999999952
1333 7.806175246258254e-12 26.65999999999952
1334 7.806175246258254e-12 26.67999999999952
1335 7.806175246258254e-12 26.69999999999952
1336 7.806175246258254e-12 26.71999999999952
1337 7.806175246258254e-12 26.73999999999952
1338 7.806175246258254e-12 26.75999999999952
1339 7.806175246258254e-12 26.77999999999952
1340 7.806175246258254e-12 26.79999999999952
1341 7.806175246258254e-12 26.81999999999952
1342 7.806175246258254e-12 26.83999999999952
1343 7.806175246258254e-12 26.85999999999952
1344 7.806175246258254e-12 26.87999999999952
1345 7.806175246258254e-12 26.89999999999952
1346 7.806175246258254e-12 26.91999999999951
1347 7.806175246258254e-12 26.93999999999951
1348 7.806175246258254e-12 26.95999999999951
1349 7.806175246258254e-12 26.97999999999951
1350 7.806175246258254e-12 26.99999999999951
1351 7.806175246258254e-12 27.01999999999951
1352 7.806175246258254e-12 27.03999999999951
1353 7.806175246258254e-12 27.05999999999951
1354 7.806175246258254e-12 27.07999999999951
1355 7.806175246258254e-12 27.09999999999951
1356 7.806175246258254e-12 27.11999999999951
1357 7.806175246258254e-12 27.13999999999951
1358 7.806175246258254e-12 27.15999999999951
1359 7.806175246258254e-12 27.17999999999951
1360 7.806175246258254e-12 27.19999999999951
1361 7.806175246258254e-12 27.21999999999951
1362 7.806175246258254e-12 27.23999999999951
1363 7.806175246258254e-12 27.25999999999951
1364 7.806175246258254e-12 27.27999999999951
1365 7.806175246258254e-12 27.29999999999951
1366 7.806175246258254e-12 27.31999999999951
1367 7.806175246258254e-12 27.33999999999951
1368 7.806175246258254e-12 27.35999999999951
1369 7.806175246258254e-12 27.37999999999951
1370 7.806175246258254e-12 27.3999999999995
1371 7.806175246258254e-12 27.4199999999995
1372 7.806175246258254e-12 27.4399999999995
1373 7.806175246258254e-12 27.4599999999995
1374 7.806175246258254e-12 27.4799999999995
1375 7.806175246258254e-12 27.4999999999995
1376 7.806175246258254e-12 27.5199999999995
1377 7.806175246258254e-12 27.5399999999995
1378 7.806175246258254e-12 27.5599999999995
1379 7.806175246258254e-12 27.5799999999995
1380 7.806175246258254e-12 27.5999999999995
1381 7.806175246258254e-12 27.6199999999995
1382 7.806175246258254e-12 27.6399999999995
1383 7.806175246258254e-12 27.6599999999995
1384 7.806175246258254e-12 27.6799999999995
1385 7.806175246258254e-12 27.6999999999995
1386 7.806175246258254e-12 27.7199999999995
1387 7.806175246258254e-12 27.7399999999995
1388 7.806175246258254e-12 27.7599999999995
1389 7.806175246258254e-12 27.7799999999995
1390 7.806175246258254e-12 27.7999999999995
1391 7.806175246258254e-12 27.8199999999995
1392 7.806175246258254e-12 27.8399999999995
1393 7.806175246258254e-12 27.85999999999949
1394 7.806175246258254e-12 27.87999999999949
1395 7.806175246258254e-12 27.89999999999949
1396 7.806175246258254e-12 27.91999999999949
1397 7.806175246258254e-12 27.93999999999949
1398 7.806175246258254e-12 27.95999999999949
1399 7.806175246258254e-12 27.97999999999949
1400 7.806175246258254e-12 27.99999999999949
1401 7.806175246258254e-12 28.01999999999949
1402 7.806175246258254e-12 28.03999999999949
1403 7.806175246258254e-12 28.05999999999949
1404 7.806175246258254e-12 28.07999999999949
1405 7.806175246258254e-12 28.09999999999949
1406 7.806175246258254e-12 28.11999999999949
1407 7.806175246258254e-12 28.13999999999949
1408 7.806175246258254e-12 28.15999999999949
1409 7.806175246258254e-12 28.17999999999949
1410 7.806175246258254e-12 28.19999999999949
1411 7.806175246258254e-12 28.21999999999949
1412 7.806175246258254e-12 28.23999999999949
1413 7.806175246258254e-12 28.25999999999949
1414 7.806175246258254e-12 28.27999999999949
1415 7.806175246258254e-12 28.29999999999949
1416 7.806175246258254e-12 28.31999999999949
1417 7.806175246258254e-12 28.33999999999948
1418 7.806175246258254e-12 28.35999999999948
1419 7.806175246258254e-12 28.37999999999948
1420 7.806175246258254e-12 28.39999999999948
1421 7.806175246258254e-12 28.41999999999948
1422 7.806175246258254e-12 28.43999999999948
1423 7.806175246258254e-12 28.45999999999948
1424 7.806175246258254e-12 28.47999999999948
1425 7.806175246258254e-12 28.49999999999948
1426 7.806175246258254e-12 28.51999999999948
1427 7.806175246258254e-12 28.53999999999948
1428 7.806175246258254e-12 28.55999999999948
1429 7.806175246258254e-12 28.57999999999948
1430 7.806175246258254e-12 28.59999999999948
1431 7.806175246258254e-12 28.61999999999948
1432 7.806175246258254e-12 28.63999999999948
1433 7.806175246258254e-12 28.65999999999948
1434 7.806175246258254e-12 28.67999999999948
1435 7.806175246258254e-12 28.69999999999948
1436 7.806175246258254e-12 28.71999999999948
1437 7.806175246258254e-12 28.73999999999948
1438 7.806175246258254e-12 28.75999999999948
1439 7.806175246258254e-12 28.77999999999948
1440 7.806175246258254e-12 28.79999999999947
1441 7.806175246258254e-12 28.81999999999947
1442 7.806175246258254e-12 28.83999999999947
1443 7.806175246258254e-12 28.85999999999947
1444 7.806175246258254e-12 28.87999999999947
1445 7.806175246258254e-12 28.89999999999947
1446 7.806175246258254e-12 28.91999999999947
1447 7.806175246258254e-12 28.93999999999947
1448 7.806175246258254e-12 28.95999999999947
1449 7.806175246258254e-12 28.97999999999947
1450 7.806175246258254e-12 28.99999999999947
1451 7.806175246258254e-12 29.01999999999947
1452 7.806175246258254e-12 29.03999999999947
1453 7.806175246258254e-12 29.05999999999947
1454 7.806175246258254e-12 29.07999999999947
1455 7.806175246258254e-12 29.09999999999947
1456 7.806175246258254e-12 29.11999999999947
1457 7.806175246258254e-12 29.13999999999947
1458 7.806175246258254e-12 29.15999999999947
1459 7.806175246258254e-12 29.17999999999947
1460 7.806175246258254e-12 29.19999999999947
1461 7.806175246258254e-12 29.21999999999947
1462 7.806175246258254e-12 29.23999999999947
1463 7.806175246258254e-12 29.25999999999947
1464 7.806175246258254e-12 29.27999999999946
1465 7.806175246258254e-12 29.29999999999946
1466 7.806175246258254e-12 29.31999999999946
1467 7.806175246258254e-12 29.33999999999946
1468 7.806175246258254e-12 29.35999999999946
1469 7.806175246258254e-12 29.37999999999946
1470 7.806175246258254e-12 29.39999999999946
1471 7.806175246258254e-12 29.41999999999946
1472 7.806175246258254e-12 29.43999999999946
1473 7.806175246258254e-12 29.45999999999946
1474 7.806175246258254e-12 29.47999999999946
1475 7.806175246258254e-12 29.49999999999946
1476 7.806175246258254e-12 29.51999999999946
1477 7.806175246258254e-12 29.53999999999946
1478 7.806175246258254e-12 29.55999999999946
1479 7.806175246258254e-12 29.57999999999946
1480 7.806175246258254e-12 29.59999999999946
1481 7.806175246258254e-12 29.61999999999946
1482 7.806175246258254e-12 29.63999999999946
1483 7.806175246258254e-12 29.65999999999946
1484 7.806175246258254e-12 29.67999999999946
1485 7.806175246258254e-12 29.69999999999946
1486 7.806175246258254e-12 29.71999999999946
1487 7.806175246258254e-12 29.73999999999945
1488 7.806175246258254e-12 29.75999999999945
1489 7.806175246258254e-12 29.77999999999945
1490 7.806175246258254e-12 29.79999999999945
1491 7.806175246258254e-12 29.81999999999945
1492 7.806175246258254e-12 29.83999999999945
1493 7.806175246258254e-12 29.85999999999945
1494 7.806175246258254e-12 29.87999999999945
1495 7.806175246258254e-12 29.89999999999945
1496 7.806175246258254e-12 29.91999999999945
1497 7.806175246258254e-12 29.93999999999945
1498 7.806175246258254e-12 29.95999999999945
1499 7.806175246258254e-12 29.97999999999945
1500 7.806175246258254e-12 29.99999999999945
1501 7.806175246258254e-12 30.01999999999945
1502 7.806175246258254e-12 30.03999999999945
1503 7.806175246258254e-12 30.05999999999945
1504 7.806175246258254e-12 30.07999999999945
1505 7.806175246258254e-12 30.09999999999945
1506 7.806175246258254e-12 30.11999999999945
1507 7.806175246258254e-12 30.13999999999945
1508 7.806175246258254e-12 30.15999999999945
1509 7.806175246258254e-12 30.17999999999945
1510 7.806175246258254e-12 30.19999999999945
1511 7.806175246258254e-12 30.21999999999944
1512 7.806175246258254e-12 30.23999999999944
1513 7.806175246258254e-12 30.25999999999944
1514 7.806175246258254e-12 30.27999999999944
1515 7.806175246258254e-12 30.29999999999944
1516 7.806175246258254e-12 30.31999999999944
1517 7.806175246258254e-12 30.33999999999944
1518 7.806175246258254e-12 30.35999999999944
1519 7.806175246258254e-12 30.37999999999944
1520 7.806175246258254e-12 30.39999999999944
1521 7.806175246258254e-12 30.41999999999944
1522 7.806175246258254e-12 30.43999999999944
1523 7.806175246258254e-12 30.45999999999944
1524 7.806175246258254e-12 30.47999999999944
1525 7.806175246258254e-12 30.49999999999944
1526 7.806175246258254e-12 30.51999999999944
1527 7.806175246258254e-12 30.53999999999944
1528 7.806175246258254e-12 30.55999999999944
1529 7.806175246258254e-12 30.57999999999944
1530 7.806175246258254e-12 30.59999999999944
1531 7.806175246258254e-12 30.61999999999944
1532 7.806175246258254e-12 30.63999999999944
1533 7.806175246258254e-12 30.65999999999944
1534 7.806175246258254e-12 30.67999999999943
1535 7.806175246258254e-12 30.69999999999943
1536 7.806175246258254e-12 30.71999999999943
1537 7.806175246258254e-12 30.73999999999943
1538 7.806175246258254e-12 30.75999999999943
1539 7.806175246258254e-12 30.77999999999943
1540 7.806175246258254e-12 30.79999999999943
1541 7.806175246258254e-12 30.81999999999943
1542 7.806175246258254e-12 30.83999999999943
1543 7.806175246258254e-12 30.85999999999943
1544 7.806175246258254e-12 30.87999999999943
1545 7.806175246258254e-12 30.89999999999943
1546 7.806175246258254e-12 30.91999999999943
1547 7.806175246258254e-12 30.93999999999943
1548 7.806175246258254e-12 30.95999999999943
1549 7.806175246258254e-12 30.97999999999943
1550 7.806175246258254e-12 30.99999999999943
1551 7.806175246258254e-12 31.01999999999943
1552 7.806175246258254e-12 31.03999999999943
1553 7.806175246258254e-12 31.05999999999943
1554 7.806175246258254e-12 31.07999999999943
1555 7.806175246258254e-12 31.09999999999943
1556 7.806175246258254e-12 31.11999999999943
1557 7.806175246258254e-12 31.13999999999943
1558 7.806175246258254e-12 31.15999999999942
1559 7.806175246258254e-12 31.17999999999942
1560 7.806175246258254e-12 31.19999999999942
1561 7.806175246258254e-12 31.21999999999942
1562 7.806175246258254e-12 31.23999999999942
1563 7.806175246258254e-12 31.25999999999942
1564 7.806175246258254e-12 31.27999999999942
1565 7.806175246258254e-12 31.29999999999942
1566 7.806175246258254e-12 31.31999999999942
1567 7.806175246258254e-12 31.33999999999942
1568 7.806175246258254e-12 31.35999999999942
1569 7.806175246258254e-12 31.37999999999942
1570 7.806175246258254e-12 31.39999999999942
1571 7.806175246258254e-12 31.41999999999942
1572 7.806175246258254e-12 31.43999999999942
1573 7.806175246258254e-12 31.45999999999942
1574 7.806175246258254e-12 31.47999999999942
1575 7.806175246258254e-12 31.49999999999942
1576 7.806175246258254e-12 31.51999999999942
1577 7.806175246258254e-12 31.53999999999942
1578 7.806175246258254e-12 31.55999999999942
1579 7.806175246258254e-12 31.57999999999942
1580 7.806175246258254e-12 31.59999999999942
1581 7.806175246258254e-12 31.61999999999941
1582 7.806175246258254e-12 31.63999999999941
1583 7.806175246258254e-12 31.65999999999941
1584 7.806175246258254e-12 31.67999999999941
1585 7.806175246258254e-12 31.69999999999941
1586 7.806175246258254e-12 31.71999999999941
1587 7.806175246258254e-12 31.73999999999941
1588 7.806175246258254e-12 31.75999999999941
1589 7.806175246258254e-12 31.77999999999941
1590 7.806175246258254e-12 31.79999999999941
1591 7.806175246258254e-12 31.81999999999941
1592 7.806175246258254e-12 31.83999999999941
1593 7.806175246258254e-12 31.85999999999941
1594 7.806175246258254e-12 31.87999999999941
1595 7.806175246258254e-12 31.89999999999941
1596 7.806175246258254e-12 31.91999999999941
1597 7.806175246258254e-12 31.93999999999941
1598 7.806175246258254e-12 31.95999999999941
1599 7.806175246258254e-12 31.97999999999941
1600 7.806175246258254e-12 31.99999999999941
1601 7.806175246258254e-12 32.01999999999941
1602 7.806175246258254e-12 32.03999999999941
1603 7.806175246258254e-12 32.05999999999941
1604 7.806175246258254e-12 32.07999999999942
1605 7.806175246258254e-12 32.09999999999942
1606 7.806175246258254e-12 32.11999999999942
1607 7.806175246258254e-12 32.13999999999943
1608 7.806175246258254e-12 32.15999999999943
1609 7.806175246258254e-12 32.17999999999943
1610 7.806175246258254e-12 32.19999999999943
1611 7.806175246258254e-12 32.21999999999944
1612 7.806175246258254e-12 32.23999999999944
1613 7.806175246258254e-12 32.25999999999944
1614 7.806175246258254e-12 32.27999999999945
1615 7.806175246258254e-12 32.29999999999945
1616 7.806175246258254e-12 32.31999999999945
1617 7.806175246258254e-12 32.33999999999946
1618 7.806175246258254e-12 32.35999999999946
1619 7.806175246258254e-12 32.37999999999946
1620 7.806175246258254e-12 32.39999999999947
1621 7.806175246258254e-12 32.41999999999947
1622 7.806175246258254e-12 32.43999999999947
1623 7.806175246258254e-12 32.45999999999948
1624 7.806175246258254e-12 32.47999999999948
1625 7.806175246258254e-12 32.49999999999948
1626 7.806175246258254e-12 32.51999999999948
1627 7.806175246258254e-12 32.53999999999949
1628 7.806175246258254e-12 32.55999999999949
1629 7.806175246258254e-12 32.57999999999949
1630 7.806175246258254e-12 32.5999999999995
1631 7.806175246258254e-12 32.6199999999995
1632 7.806175246258254e-12 32.6399999999995
1633 7.806175246258254e-12 32.65999999999951
1634 7.806175246258254e-12 32.67999999999951
1635 7.806175246258254e-12 32.69999999999951
1636 7.806175246258254e-12 32.71999999999952
1637 7.806175246258254e-12 32.73999999999952
1638 7.806175246258254e-12 32.75999999999952
1639 7.806175246258254e-12 32.77999999999953
1640 7.806175246258254e-12 32.79999999999953
1641 7.806175246258254e-12 32.81999999999953
1642 7.806175246258254e-12 32.83999999999953
1643 7.806175246258254e-12 32.85999999999954
1644 7.806175246258254e-12 32.87999999999954
1645 7.806175246258254e-12 32.89999999999954
1646 7.806175246258254e-12 32.91999999999955
1647 7.806175246258254e-12 32.93999999999955
1648 7.806175246258254e-12 32.95999999999955
1649 7.806175246258254e-12 32.97999999999956
1650 7.806175246258254e-12 32.99999999999956
1651 7.806175246258254e-12 33.01999999999956
1652 7.806175246258254e-12 33.03999999999957
1653 7.806175246258254e-12 33.05999999999957
1654 7.806175246258254e-12 33.07999999999957
1655 7.806175246258254e-12 33.09999999999958
1656 7.806175246258254e-12 33.11999999999958
1657 7.806175246258254e-12 33.13999999999958
1658 7.806175246258254e-12 33.15999999999958
1659 7.806175246258254e-12 33.17999999999959
1660 7.806175246258254e-12 33.19999999999959
1661 7.806175246258254e-12 33.21999999999959
1662 7.806175246258254e-12 33.2399999999996
1663 7.806175246258254e-12 33.2599999999996
1664 7.806175246258254e-12 33.2799999999996
1665 7.806175246258254e-12 33.29999999999961
1666 7.806175246258254e-12 33.31999999999961
1667 7.806175246258254e-12 33.33999999999961
1668 7.806175246258254e-12 33.35999999999962
1669 7.806175246258254e-12 33.37999999999962
1670 7.806175246258254e-12 33.39999999999962
1671 7.806175246258254e-12 33.41999999999963
1672 7.806175246258254e-12 33.43999999999963
1673 7.806175246258254e-12 33.45999999999963
1674 7.806175246258254e-12 33.47999999999963
1675 7.806175246258254e-12 33.49999999999964
1676 7.806175246258254e-12 33.51999999999964
1677 7.806175246258254e-12 33.53999999999964
1678 7.806175246258254e-12 33.55999999999965
1679 7.806175246258254e-12 33.57999999999965
1680 7.806175246258254e-12 33.59999999999965
1681 7.806175246258254e-12 33.61999999999966
1682 7.806175246258254e-12 33.63999999999966
1683 7.806175246258254e-12 33.65999999999966
1684 7.806175246258254e-12 33.67999999999967
1685 7.806175246258254e-12 33.69999999999967
1686 7.806175246258254e-12 33.71999999999967
1687 7.806175246258254e-12 33.73999999999968
1688 7.806175246258254e-12 33.75999999999968
1689 7.806175246258254e-12 33.77999999999968
1690 7.806175246258254e-12 33.79999999999968
1691 7.806175246258254e-12 33.81999999999969
1692 7.806175246258254e-12 33.83999999999969
1693 7.806175246258254e-12 33.85999999999969
1694 7.806175246258254e-12 33.8799999999997
1695 7.806175246258254e-12 33.8999999999997
1696 7.806175246258254e-12 33.9199999999997
1697 7.806175246258254e-12 33.93999999999971
1698 7.806175246258254e-12 33.95999999999971
1699 7.806175246258254e-12 33.97999999999971
1700 7.806175246258254e-12 33.99999999999972
1701 7.806175246258254e-12 34.01999999999972
1702 7.806175246258254e-12 34.03999999999972
1703 7.806175246258254e-12 34.05999999999973
1704 7.806175246258254e-12 34.07999999999973
1705 7.806175246258254e-12 34.09999999999973
1706 7.806175246258254e-12 34.11999999999973
1707 7.806175246258254e-12 34.13999999999974
1708 7.806175246258254e-12 34.15999999999974
1709 7.806175246258254e-12 34.17999999999974
1710 7.806175246258254e-12 34.19999999999975
1711 7.806175246258254e-12 34.21999999999975
1712 7.806175246258254e-12 34.23999999999975
1713 7.806175246258254e-12 34.25999999999976
1714 7.806175246258254e-12 34.27999999999976
1715 7.806175246258254e-12 34.29999999999976
1716 7.806175246258254e-12 34.31999999999977
1717 7.806175246258254e-12 34.33999999999977
1718 7.806175246258254e-12 34.35999999999977
1719 7.806175246258254e-12 34.37999999999978
1720 7.806175246258254e-12 34.39999999999978
1721 7.806175246258254e-12 34.41999999999978
1722 7.806175246258254e-12 34.43999999999978
1723 7.806175246258254e-12 34.45999999999979
1724 7.806175246258254e-12 34.47999999999979
1725 7.806175246258254e-12 34.49999999999979
1726 7.806175246258254e-12 34.5199999999998
1727 7.806175246258254e-12 34.5399999999998
1728 7.806175246258254e-12 34.5599999999998
1729 7.806175246258254e-12 34.57999999999981
1730 7.806175246258254e-12 34.59999999999981
1731 7.806175246258254e-12 34.61999999999981
1732 7.806175246258254e-12 34.63999999999982
1733 7.806175246258254e-12 34.65999999999982
1734 7.806175246258254e-12 34.67999999999982
1735 7.806175246258254e-12 34.69999999999983
1736 7.806175246258254e-12 34.71999999999983
1737 7.806175246258254e-12 34.73999999999983
1738 7.806175246258254e-12 34.75999999999983
1739 7.806175246258254e-12 34.77999999999984
1740 7.806175246258254e-12 34.79999999999984
1741 7.806175246258254e-12 34.81999999999984
1742 7.806175246258254e-12 34.83999999999985
1743 7.806175246258254e-12 34.85999999999985
1744 7.806175246258254e-12 34.87999999999985
1745 7.806175246258254e-12 34.89999999999986
1746 7.806175246258254e-12 34.91999999999986
1747 7.806175246258254e-12 34.93999999999986
1748 7.806175246258254e-12 34.95999999999987
1749 7.806175246258254e-12 34.97999999999987
1750 7.806175246258254e-12 34.99999999999987
1751 7.806175246258254e-12 35.01999999999988
1752 7.806175246258254e-12 35.03999999999988
1753 7.806175246258254e-12 35.05999999999988
1754 7.806175246258254e-12 35.07999999999988
1755 7.806175246258254e-12 35.09999999999989
1756 7.806175246258254e-12 35.11999999999989
1757 7.806175246258254e-12 35.13999999999989
1758 7.806175246258254e-12 35.1599999999999
1759 7.806175246258254e-12 35.1799999999999
1760 7.806175246258254e-12 35.1999999999999
1761 7.806175246258254e-12 35.21999999999991
1762 7.806175246258254e-12 35.23999999999991
1763 7.806175246258254e-12 35.25999999999991
1764 7.806175246258254e-12 35.27999999999992
1765 7.806175246258254e-12 35.29999999999992
1766 7.806175246258254e-12 35.31999999999992
1767 7.806175246258254e-12 35.33999999999993
1768 7.806175246258254e-12 35.35999999999993
1769 7.806175246258254e-12 35.37999999999993
1770 7.806175246258254e-12 35.39999999999993
1771 7.806175246258254e-12 35.41999999999994
1772 7.806175246258254e-12 35.43999999999994
1773 7.806175246258254e-12 35.45999999999994
1774 7.806175246258254e-12 35.47999999999995
1775 7.806175246258254e-12 35.49999999999995
1776 7.806175246258254e-12 35.51999999999995
1777 7.806175246258254e-12 35.53999999999996
1778 7.806175246258254e-12 35.55999999999996
1779 7.806175246258254e-12 35.57999999999996
1780 7.806175246258254e-12 35.59999999999997
1781 7.806175246258254e-12 35.61999999999997
1782 7.806175246258254e-12 35.63999999999997
1783 7.806175246258254e-12 35.65999999999998
1784 7.806175246258254e-12 35.67999999999998
1785 7.806175246258254e-12 35.69999999999998
1786 7.806175246258254e-12 35.71999999999998
1787 7.806175246258254e-12 35.73999999999999
1788 7.806175246258254e-12 35.75999999999999
1789 7.806175246258254e-12 35.77999999999999
1790 7.806175246258254e-12 35.8
1791 7.806175246258254e-12 35.82
1792 7.806175246258254e-12 35.84
1793 7.806175246258254e-12 35.86000000000001
1794 7.806175246258254e-12 35.88000000000001
1795 7.806175246258254e-12 35.90000000000001
1796 7.806175246258254e-12 35.92000000000002
1797 7.806175246258254e-12 35.94000000000002
1798 7.806175246258254e-12 35.96000000000002
1799 7.806175246258254e-12 35.98000000000003
1800 7.806175246258254e-12 36.00000000000003
1801 7.806175246258254e-12 36.02000000000003
1802 7.806175246258254e-12 36.04000000000003
1803 7.806175246258254e-12 36.06000000000004
1804 7.806175246258254e-12 36.08000000000004
1805 7.806175246258254e-12 36.10000000000004
1806 7.806175246258254e-12 36.12000000000005
1807 7.806175246258254e-12 36.14000000000005
1808 7.806175246258254e-12 36.16000000000005
1809 7.806175246258254e-12 36.18000000000006
1810 7.806175246258254e-12 36.20000000000006
1811 7.806175246258254e-12 36.22000000000006
1812 7.806175246258254e-12 36.24000000000007
1813 7.806175246258254e-12 36.26000000000007
1814 7.806175246258254e-12 36.28000000000007
1815 7.806175246258254e-12 36.30000000000008
1816 7.806175246258254e-12 36.32000000000008
1817 7.806175246258254e-12 36.34000000000008
1818 7.806175246258254e-12 36.36000000000008
1819 7.806175246258254e-12 36.38000000000009
1820 7.806175246258254e-12 36.40000000000009
1821 7.806175246258254e-12 36.42000000000009
1822 7.806175246258254e-12 36.4400000000001
1823 7.806175246258254e-12 36.4600000000001
1824 7.806175246258254e-12 36.4800000000001
1825 7.806175246258254e-12 36.50000000000011
1826 7.806175246258254e-12 36.52000000000011
1827 7.806175246258254e-12 36.54000000000011
1828 7.806175246258254e-12 36.56000000000012
1829 7.806175246258254e-12 36.58000000000012
1830 7.806175246258254e-12 36.60000000000012
1831 7.806175246258254e-12 36.62000000000013
1832 7.806175246258254e-12 36.64000000000013
1833 7.806175246258254e-12 36.66000000000013
1834 7.806175246258254e-12 36.68000000000013
1835 7.806175246258254e-12 36.70000000000014
1836 7.806175246258254e-12 36.72000000000014
1837 7.806175246258254e-12 36.74000000000014
1838 7.806175246258254e-12 36.76000000000015
1839 7.806175246258254e-12 36.78000000000015
1840 7.806175246258254e-12 36.80000000000015
1841 7.806175246258254e-12 36.82000000000016
1842 7.806175246258254e-12 36.84000000000016
1843 7.806175246258254e-12 36.86000000000016
1844 7.806175246258254e-12 36.88000000000017
1845 7.806175246258254e-12 36.90000000000017
1846 7.806175246258254e-12 36.92000000000017
1847 7.806175246258254e-12 36.94000000000018
1848 7.806175246258254e-12 36.96000000000018
1849 7.806175246258254e-12 36.98000000000018
1850 7.806175246258254e-12 37.00000000000018
1851 7.806175246258254e-12 37.02000000000019
1852 7.806175246258254e-12 37.04000000000019
1853 7.806175246258254e-12 37.06000000000019
1854 7.806175246258254e-12 37.0800000000002
1855 7.806175246258254e-12 37.1000000000002
1856 7.806175246258254e-12 37.1200000000002
1857 7.806175246258254e-12 37.14000000000021
1858 7.806175246258254e-12 37.16000000000021
1859 7.806175246258254e-12 37.18000000000021
1860 7.806175246258254e-12 37.20000000000022
1861 7.806175246258254e-12 37.22000000000022
1862 7.806175246258254e-12 37.24000000000022
1863 7.806175246258254e-12 37.26000000000023
1864 7.806175246258254e-12 37.28000000000023
1865 7.806175246258254e-12 37.30000000000023
1866 7.806175246258254e-12 37.32000000000023
1867 7.806175246258254e-12 37.34000000000024
1868 7.806175246258254e-12 37.36000000000024
1869 7.806175246258254e-12 37.38000000000024
1870 7.806175246258254e-12 37.40000000000025
1871 7.806175246258254e-12 37.42000000000025
1872 7.806175246258254e-12 37.44000000000025
1873 7.806175246258254e-12 37.46000000000026
1874 7.806175246258254e-12 37.48000000000026
1875 7.806175246258254e-12 37.50000000000026
1876 7.806175246258254e-12 37.52000000000027
1877 7.806175246258254e-12 37.54000000000027
1878 7.806175246258254e-12 37.56000000000027
1879 7.806175246258254e-12 37.58000000000028
1880 7.806175246258254e-12 37.60000000000028
1881 7.806175246258254e-12 37.62000000000028
1882 7.806175246258254e-12 37.64000000000028
1883 7.806175246258254e-12 37.66000000000029
1884 7.806175246258254e-12 37.68000000000029
1885 7.806175246258254e-12 37.70000000000029
1886 7.806175246258254e-12 37.7200000000003
1887 7.806175246258254e-12 37.7400000000003
1888 7.806175246258254e-12 37.7600000000003
1889 7.806175246258254e-12 37.78000000000031
1890 7.806175246258254e-12 37.80000000000031
1891 7.806175246258254e-12 37.82000000000031
1892 7.806175246258254e-12 37.84000000000032
1893 7.806175246258254e-12 37.86000000000032
1894 7.806175246258254e-12 37.88000000000032
1895 7.806175246258254e-12 37.90000000000033
1896 7.806175246258254e-12 37.92000000000033
1897 7.806175246258254e-12 37.94000000000033
1898 7.806175246258254e-12 37.96000000000033
1899 7.806175246258254e-12 37.98000000000034
1900 7.806175246258254e-12 38.00000000000034
1901 7.806175246258254e-12 38.02000000000034
1902 7.806175246258254e-12 38.04000000000035
1903 7.806175246258254e-12 38.06000000000035
1904 7.806175246258254e-12 38.08000000000035
1905 7.806175246258254e-12 38.10000000000036
1906 7.806175246258254e-12 38.12000000000036
1907 7.806175246258254e-12 38.14000000000036
1908 7.806175246258254e-12 38.16000000000037
1909 7.806175246258254e-12 38.18000000000037
1910 7.806175246258254e-12 38.20000000000037
1911 7.806175246258254e-12 38.22000000000038
1912 7.806175246258254e-12 38.24000000000038
1913 7.806175246258254e-12 38.26000000000038
1914 7.806175246258254e-12 38.28000000000038
1915 7.806175246258254e-12 38.30000000000039
1916 7.806175246258254e-12 38.32000000000039
1917 7.806175246258254e-12 38.34000000000039
1918 7.806175246258254e-12 38.3600000000004
1919 7.806175246258254e-12 38.3800000000004
1920 7.806175246258254e-12 38.4000000000004
1921 7.806175246258254e-12 38.42000000000041
1922 7.806175246258254e-12 38.44000000000041
1923 7.806175246258254e-12 38.46000000000041
1924 7.806175246258254e-12 38.48000000000042
1925 7.806175246258254e-12 38.50000000000042
1926 7.806175246258254e-12 38.52000000000042
1927 7.806175246258254e-12 38.54000000000043
1928 7.806175246258254e-12 38.56000000000043
1929 7.806175246258254e-12 38.58000000000043
1930 7.806175246258254e-12 38.60000000000043
1931 7.806175246258254e-12 38.62000000000044
1932 7.806175246258254e-12 38.64000000000044
1933 7.806175246258254e-12 38.66000000000044
1934 7.806175246258254e-12 38.68000000000045
1935 7.806175246258254e-12 38.70000000000045
1936 7.806175246258254e-12 38.72000000000045
1937 7.806175246258254e-12 38.74000000000046
1938 7.806175246258254e-12 38.76000000000046
1939 7.806175246258254e-12 38.78000000000046
1940 7.806175246258254e-12 38.80000000000047
1941 7.806175246258254e-12 38.82000000000047
1942 7.806175246258254e-12 38.84000000000047
1943 7.806175246258254e-12 38.86000000000048
1944 7.806175246258254e-12 38.88000000000048
1945 7.806175246258254e-12 38.90000000000048
1946 7.806175246258254e-12 38.92000000000048
1947 7.806175246258254e-12 38.94000000000049
1948 7.806175246258254e-12 38.96000000000049
1949 7.806175246258254e-12 38.98000000000049
1950 7.806175246258254e-12 39.0000000000005
1951 7.806175246258254e-12 39.0200000000005
1952 7.806175246258254e-12 39.0400000000005
1953 7.806175246258254e-12 39.06000000000051
1954 7.806175246258254e-12 39.08000000000051
1955 7.806175246258254e-12 39.10000000000051
1956 7.806175246258254e-12 39.12000000000052
1957 7.806175246258254e-12 39.14000000000052
1958 7.806175246258254e-12 39.16000000000052
1959 7.806175246258254e-12 39.18000000000053
1960 7.806175246258254e-12 39.20000000000053
1961 7.806175246258254e-12 39.22000000000053
1962 7.806175246258254e-12 39.24000000000053
1963 7.806175246258254e-12 39.26000000000054
1964 7.806175246258254e-12 39.28000000000054
1965 7.806175246258254e-12 39.30000000000054
1966 7.806175246258254e-12 39.32000000000055
1967 7.806175246258254e-12 39.34000000000055
1968 7.806175246258254e-12 39.36000000000055
1969 7.806175246258254e-12 39.38000000000056
1970 7.806175246258254e-12 39.40000000000056
1971 7.806175246258254e-12 39.42000000000056
1972 7.806175246258254e-12 39.44000000000057
1973 7.806175246258254e-12 39.46000000000057
1974 7.806175246258254e-12 39.48000000000057
1975 7.806175246258254e-12 39.50000000000058
1976 7.806175246258254e-12 39.52000000000058
1977 7.806175246258254e-12 39.54000000000058
1978 7.806175246258254e-12 39.56000000000058
1979 7.806175246258254e-12 39.58000000000059
1980 7.806175246258254e-12 39.60000000000059
1981 7.806175246258254e-12 39.62000000000059
1982 7.806175246258254e-12 39.6400000000006
1983 7.806175246258254e-12 39.6600000000006
1984 7.806175246258254e-12 39.6800000000006
1985 7.806175246258254e-12 39.70000000000061
1986 7.806175246258254e-12 39.72000000000061
1987 7.806175246258254e-12 39.74000000000061
1988 7.806175246258254e-12 39.76000000000062
1989 7.806175246258254e-12 39.78000000000062
1990 7.806175246258254e-12 39.80000000000062
1991 7.806175246258254e-12 39.82000000000063
1992 7.806175246258254e-12 39.84000000000063
1993 7.806175246258254e-12 39.86000000000063
1994 7.806175246258254e-12 39.88000000000063
1995 7.806175246258254e-12 39.90000000000064
1996 7.806175246258254e-12 39.92000000000064
1997 7.806175246258254e-12 39.94000000000064
1998 7.806175246258254e-12 39.96000000000065
1999 7.806175246258254e-12 39.98000000000065
2000 7.806175246258254e-12 40.00000000000065
2001 7.806175246258254e-12 40.02000000000066
2002 7.806175246258254e-12 40.04000000000066
2003 7.806175246258254e-12 40.06000000000066
2004 7.806175246258254e-12 40.08000000000067
2005 7.806175246258254e-12 40.10000000000067
2006 7.806175246258254e-12 40.12000000000067
2007 7.806175246258254e-12 40.14000000000068
2008 7.806175246258254e-12 40.16000000000068
2009 7.806175246258254e-12 40.18000000000068
2010 7.806175246258254e-12 40.20000000000068
2011 7.806175246258254e-12 40.22000000000069
2012 7.806175246258254e-12 40.24000000000069
2013 7.806175246258254e-12 40.26000000000069
2014 7.806175246258254e-12 40.2800000000007
2015 7.806175246258254e-12 40.3000000000007
2016 7.806175246258254e-12 40.3200000000007
2017 7.806175246258254e-12 40.34000000000071
2018 7.806175246258254e-12 40.36000000000071
2019 7.806175246258254e-12 40.38000000000071
2020 7.806175246258254e-12 40.40000000000072
2021 7.806175246258254e-12 40.42000000000072
2022 7.806175246258254e-12 40.44000000000072
2023 7.806175246258254e-12 40.46000000000073
2024 7.806175246258254e-12 40.48000000000073
2025 7.806175246258254e-12 40.50000000000073
2026 7.806175246258254e-12 40.52000000000073
2027 7.806175246258254e-12 40.54000000000074
2028 7.806175246258254e-12 40.56000000000074
2029 7.806175246258254e-12 40.58000000000074
2030 7.806175246258254e-12 40.60000000000075
2031 7.806175246258254e-12 40.62000000000075
2032 7.806175246258254e-12 40.64000000000075
2033 7.806175246258254e-12 40.66000000000076
2034 7.806175246258254e-12 40.68000000000076
2035 7.806175246258254e-12 40.70000000000076
2036 7.806175246258254e-12 40.72000000000077
2037 7.806175246258254e-12 40.74000000000077
2038 7.806175246258254e-12 40.76000000000077
2039 7.806175246258254e-12 40.78000000000078
2040 7.806175246258254e-12 40.80000000000078
2041 7.806175246258254e-12 40.82000000000078
2042 7.806175246258254e-12 40.84000000000079
2043 7.806175246258254e-12 40.86000000000079
2044 7.806175246258254e-12 40.88000000000079
2045 7.806175246258254e-12 40.90000000000079
2046 7.806175246258254e-12 40.9200000000008
2047 7.806175246258254e-12 40.9400000000008
2048 7.806175246258254e-12 40.9600000000008
2049 7.806175246258254e-12 40.98000000000081
2050 7.806175246258254e-12 41.00000000000081
2051 7.806175246258254e-12 41.02000000000081
2052 7.806175246258254e-12 41.04000000000082
2053 7.806175246258254e-12 41.06000000000082
2054 7.806175246258254e-12 41.08000000000082
2055 7.806175246258254e-12 41.10000000000083
2056 7.806175246258254e-12 41.12000000000083
2057 7.806175246258254e-12 41.14000000000083
2058 7.806175246258254e-12 41.16000000000084
2059 7.806175246258254e-12 41.18000000000084
2060 7.806175246258254e-12 41.20000000000084
2061 7.806175246258254e-12 41.22000000000084
2062 7.806175246258254e-12 41.24000000000085
2063 7.806175246258254e-12 41.26000000000085
2064 7.806175246258254e-12 41.28000000000085
2065 7.806175246258254e-12 41.30000000000086
2066 7.806175246258254e-12 41.32000000000086
2067 7.806175246258254e-12 41.34000000000086
2068 7.806175246258254e-12 41.36000000000087
2069 7.806175246258254e-12 41.38000000000087
2070 7.806175246258254e-12 41.40000000000087
2071 7.806175246258254e-12 41.42000000000088
2072 7.806175246258254e-12 41.44000000000088
2073 7.806175246258254e-12 41.46000000000088
2074 7.806175246258254e-12 41.48000000000089
2075 7.806175246258254e-12 41.50000000000089
2076 7.806175246258254e-12 41.52000000000089
2077 7.806175246258254e-12 41.54000000000089
2078 7.806175246258254e-12 41.5600000000009
2079 7.806175246258254e-12 41.5800000000009
2080 7.806175246258254e-12 41.6000000000009
2081 7.806175246258254e-12 41.62000000000091
2082 7.806175246258254e-12 41.64000000000091
2083 7.806175246258254e-12 41.66000000000091
2084 7.806175246258254e-12 41.68000000000092
2085 7.806175246258254e-12 41.70000000000092
2086 7.806175246258254e-12 41.72000000000092
2087 7.806175246258254e-12 41.74000000000093
2088 7.806175246258254e-12 41.76000000000093
2089 7.806175246258254e-12 41.78000000000093
2090 7.806175246258254e-12 41.80000000000094
2091 7.806175246258254e-12 41.82000000000094
2092 7.806175246258254e-12 41.84000000000094
2093 7.806175246258254e-12 41.86000000000094
2094 7.806175246258254e-12 41.88000000000095
2095 7.806175246258254e-12 41.90000000000095
2096 7.806175246258254e-12 41.92000000000095
2097 7.806175246258254e-12 41.94000000000096
2098 7.806175246258254e-12 41.96000000000096
2099 7.806175246258254e-12 41.98000000000096
2100 7.806175246258254e-12 42.00000000000097
2101 7.806175246258254e-12 42.02000000000097
2102 7.806175246258254e-12 42.04000000000097
2103 7.806175246258254e-12 42.06000000000098
2104 7.806175246258254e-12 42.08000000000098
2105 7.806175246258254e-12 42.10000000000098
2106 7.806175246258254e-12 42.12000000000099
2107 7.806175246258254e-12 42.14000000000099
2108 7.806175246258254e-12 42.16000000000099
2109 7.806175246258254e-12 42.18000000000099
2110 7.806175246258254e-12 42.200000000001
2111 7.806175246258254e-12 42.220000000001
2112 7.806175246258254e-12 42.240000000001
2113 7.806175246258254e-12 42.26000000000101
2114 7.806175246258254e-12 42.28000000000101
2115 7.806175246258254e-12 42.30000000000101
2116 7.806175246258254e-12 42.32000000000102
2117 7.806175246258254e-12 42.34000000000102
2118 7.806175246258254e-12 42.36000000000102
2119 7.806175246258254e-12 42.38000000000103
2120 7.806175246258254e-12 42.40000000000103
2121 7.806175246258254e-12 42.42000000000103
2122 7.806175246258254e-12 42.44000000000104
2123 7.806175246258254e-12 42.46000000000104
2124 7.806175246258254e-12 42.48000000000104
2125 7.806175246258254e-12 42.50000000000104
2126 7.806175246258254e-12 42.52000000000105
2127 7.806175246258254e-12 42.54000000000105
2128 7.806175246258254e-12 42.56000000000105
2129 7.806175246258254e-12 42.58000000000106
2130 7.806175246258254e-12 42.60000000000106
2131 7.806175246258254e-12 42.62000000000106
2132 7.806175246258254e-12 42.64000000000107
2133 7.806175246258254e-12 42.66000000000107
2134 7.806175246258254e-12 42.68000000000107
2135 7.806175246258254e-12 42.70000000000108
2136 7.806175246258254e-12 42.72000000000108
2137 7.806175246258254e-12 42.74000000000108
2138 7.806175246258254e-12 42.76000000000109
2139 7.806175246258254e-12 42.78000000000109
2140 7.806175246258254e-12 42.80000000000109
2141 7.806175246258254e-12 42.82000000000109
2142 7.806175246258254e-12 42.8400000000011
2143 7.806175246258254e-12 42.8600000000011
2144 7.806175246258254e-12 42.8800000000011
2145 7.806175246258254e-12 42.90000000000111
2146 7.806175246258254e-12 42.92000000000111
2147 7.806175246258254e-12 42.94000000000111
2148 7.806175246258254e-12 42.96000000000112
2149 7.806175246258254e-12 42.98000000000112
2150 7.806175246258254e-12 43.00000000000112
2151 7.806175246258254e-12 43.02000000000113
2152 7.806175246258254e-12 43.04000000000113
2153 7.806175246258254e-12 43.06000000000113
2154 7.806175246258254e-12 43.08000000000114
2155 7.806175246258254e-12 43.10000000000114
2156 7.806175246258254e-12 43.12000000000114
2157 7.806175246258254e-12 43.14000000000114
2158 7.806175246258254e-12 43.16000000000115
2159 7.806175246258254e-12 43.18000000000115
2160 7.806175246258254e-12 43.20000000000115
2161 7.806175246258254e-12 43.22000000000116
2162 7.806175246258254e-12 43.24000000000116
2163 7.806175246258254e-12 43.26000000000116
2164 7.806175246258254e-12 43.28000000000117
2165 7.806175246258254e-12 43.30000000000117
2166 7.806175246258254e-12 43.32000000000117
2167 7.806175246258254e-12 43.34000000000118
2168 7.806175246258254e-12 43.36000000000118
2169 7.806175246258254e-12 43.38000000000118
2170 7.806175246258254e-12 43.40000000000119
2171 7.806175246258254e-12 43.42000000000119
2172 7.806175246258254e-12 43.44000000000119
2173 7.806175246258254e-12 43.46000000000119
2174 7.806175246258254e-12 43.4800000000012
2175 7.806175246258254e-12 43.5000000000012
2176 7.806175246258254e-12 43.5200000000012
2177 7.806175246258254e-12 43.54000000000121
2178 7.806175246258254e-12 43.56000000000121
2179 7.806175246258254e-12 43.58000000000121
2180 7.806175246258254e-12 43.60000000000122
2181 7.806175246258254e-12 43.62000000000122
2182 7.806175246258254e-12 43.64000000000122
2183 7.806175246258254e-12 43.66000000000123
2184 7.806175246258254e-12 43.68000000000123
2185 7.806175246258254e-12 43.70000000000123
2186 7.806175246258254e-12 43.72000000000124
2187 7.806175246258254e-12 43.74000000000124
2188 7.806175246258254e-12 43.76000000000124
2189 7.806175246258254e-12 43.78000000000124
2190 7.806175246258254e-12 43.80000000000125
2191 7.806175246258254e-12 43.82000000000125
2192 7.806175246258254e-12 43.84000000000125
2193 7.806175246258254e-12 43.86000000000126
2194 7.806175246258254e-12 43.88000000000126
2195 7.806175246258254e-12 43.90000000000126
2196 7.806175246258254e-12 43.92000000000127
2197 7.806175246258254e-12 43.94000000000127
2198 7.806175246258254e-12 43.96000000000127
2199 7.806175246258254e-12 43.98000000000128
2200 7.806175246258254e-12 44.00000000000128
2201 7.806175246258254e-12 44.02000000000128
2202 7.806175246258254e-12 44.04000000000129
2203 7.806175246258254e-12 44.06000000000129
2204 7.806175246258254e-12 44.08000000000129
2205 7.806175246258254e-12 44.10000000000129
2206 7.806175246258254e-12 44.1200000000013
2207 7.806175246258254e-12 44.1400000000013
2208 7.806175246258254e-12 44.1600000000013
2209 7.806175246258254e-12 44.18000000000131
2210 7.806175246258254e-12 44.20000000000131
2211 7.806175246258254e-12 44.22000000000131
2212 7.806175246258254e-12 44.24000000000132
2213 7.806175246258254e-12 44.26000000000132
2214 7.806175246258254e-12 44.28000000000132
2215 7.806175246258254e-12 44.30000000000133
2216 7.806175246258254e-12 44.32000000000133
2217 7.806175246258254e-12 44.34000000000133
2218 7.806175246258254e-12 44.36000000000134
2219 7.806175246258254e-12 44.38000000000134
2220 7.806175246258254e-12 44.40000000000134
2221 7.806175246258254e-12 44.42000000000134
2222 7.806175246258254e-12 44.44000000000135
2223 7.806175246258254e-12 44.46000000000135
2224 7.806175246258254e-12 44.48000000000135
2225 7.806175246258254e-12 44.50000000000136
2226 7.806175246258254e-12 44.52000000000136
2227 7.806175246258254e-12 44.54000000000136
2228 7.806175246258254e-12 44.56000000000137
2229 7.806175246258254e-12 44.58000000000137
2230 7.806175246258254e-12 44.60000000000137
2231 7.806175246258254e-12 44.62000000000138
2232 7.806175246258254e-12 44.64000000000138
2233 7.806175246258254e-12 44.66000000000138
2234 7.806175246258254e-12 44.68000000000139
2235 7.806175246258254e-12 44.70000000000139
2236 7.806175246258254e-12 44.72000000000139
2237 7.806175246258254e-12 44.74000000000139
2238 7.806175246258254e-12 44.7600000000014
2239 7.806175246258254e-12 44.7800000000014
2240 7.806175246258254e-12 44.8000000000014
2241 7.806175246258254e-12 44.82000000000141
2242 7.806175246258254e-12 44.84000000000141
2243 7.806175246258254e-12 44.86000000000141
2244 7.806175246258254e-12 44.88000000000142
2245 7.806175246258254e-12 44.90000000000142
2246 7.806175246258254e-12 44.92000000000142
2247 7.806175246258254e-12 44.94000000000143
2248 7.806175246258254e-12 44.96000000000143
2249 7.806175246258254e-12 44.98000000000143
2250 7.806175246258254e-12 45.00000000000144
2251 7.806175246258254e-12 45.02000000000144
2252 7.806175246258254e-12 45.04000000000144
2253 7.806175246258254e-12 45.06000000000144
2254 7.806175246258254e-12 45.08000000000145
2255 7.806175246258254e-12 45.10000000000145
2256 7.806175246258254e-12 45.12000000000145
2257 7.806175246258254e-12 45.14000000000146
2258 7.806175246258254e-12 45.16000000000146
2259 7.806175246258254e-12 45.18000000000146
2260 7.806175246258254e-12 45.20000000000147
2261 7.806175246258254e-12 45.22000000000147
2262 7.806175246258254e-12 45.24000000000147
2263 7.806175246258254e-12 45.26000000000148
2264 7.806175246258254e-12 45.28000000000148
2265 7.806175246258254e-12 45.30000000000148
2266 7.806175246258254e-12 45.32000000000149
2267 7.806175246258254e-12 45.34000000000149
2268 7.806175246258254e-12 45.36000000000149
2269 7.806175246258254e-12 45.38000000000149
2270 7.806175246258254e-12 45.4000000000015
2271 7.806175246258254e-12 45.4200000000015
2272 7.806175246258254e-12 45.4400000000015
2273 7.806175246258254e-12 45.46000000000151
2274 7.806175246258254e-12 45.48000000000151
2275 7.806175246258254e-12 45.50000000000151
2276 7.806175246258254e-12 45.52000000000152
2277 7.806175246258254e-12 45.54000000000152
2278 7.806175246258254e-12 45.56000000000152
2279 7.806175246258254e-12 45.58000000000153
2280 7.806175246258254e-12 45.60000000000153
2281 7.806175246258254e-12 45.62000000000153
2282 7.806175246258254e-12 45.64000000000154
2283 7.806175246258254e-12 45.66000000000154
2284 7.806175246258254e-12 45.68000000000154
2285 7.806175246258254e-12 45.70000000000154
2286 7.806175246258254e-12 45.72000000000155
2287 7.806175246258254e-12 45.74000000000155
2288 7.806175246258254e-12 45.76000000000155
2289 7.806175246258254e-12 45.78000000000156
2290 7.806175246258254e-12 45.80000000000156
2291 7.806175246258254e-12 45.82000000000156
2292 7.806175246258254e-12 45.84000000000157
2293 7.806175246258254e-12 45.86000000000157
2294 7.806175246258254e-12 45.88000000000157
2295 7.806175246258254e-12 45.90000000000158
2296 7.806175246258254e-12 45.92000000000158
2297 7.806175246258254e-12 45.94000000000158
2298 7.806175246258254e-12 45.96000000000159
2299 7.806175246258254e-12 45.98000000000159
2300 7.806175246258254e-12 46.00000000000159
2301 7.806175246258254e-12 46.02000000000159
2302 7.806175246258254e-12 46.0400000000016
2303 7.806175246258254e-12 46.0600000000016
2304 7.806175246258254e-12 46.0800000000016
2305 7.806175246258254e-12 46.10000000000161
2306 7.806175246258254e-12 46.12000000000161
2307 7.806175246258254e-12 46.14000000000161
2308 7.806175246258254e-12 46.16000000000162
2309 7.806175246258254e-12 46.18000000000162
2310 7.806175246258254e-12 46.20000000000162
2311 7.806175246258254e-12 46.22000000000163
2312 7.806175246258254e-12 46.24000000000163
2313 7.806175246258254e-12 46.26000000000163
2314 7.806175246258254e-12 46.28000000000164
2315 7.806175246258254e-12 46.30000000000164
2316 7.806175246258254e-12 46.32000000000164
2317 7.806175246258254e-12 46.34000000000164
2318 7.806175246258254e-12 46.36000000000165
2319 7.806175246258254e-12 46.38000000000165
2320 7.806175246258254e-12 46.40000000000165
2321 7.806175246258254e-12 46.42000000000166
2322 7.806175246258254e-12 46.44000000000166
2323 7.806175246258254e-12 46.46000000000166
2324 7.806175246258254e-12 46.48000000000167
2325 7.806175246258254e-12 46.50000000000167
2326 7.806175246258254e-12 46.52000000000167
2327 7.806175246258254e-12 46.54000000000168
2328 7.806175246258254e-12 46.56000000000168
2329 7.806175246258254e-12 46.58000000000168
2330 7.806175246258254e-12 46.60000000000169
2331 7.806175246258254e-12 46.62000000000169
2332 7.806175246258254e-12 46.64000000000169
2333 7.806175246258254e-12 46.66000000000169
2334 7.806175246258254e-12 46.6800000000017
2335 7.806175246258254e-12 46.7000000000017
2336 7.806175246258254e-12 46.7200000000017
2337 7.806175246258254e-12 46.74000000000171
2338 7.806175246258254e-12 46.76000000000171
2339 7.806175246258254e-12 46.78000000000171
2340 7.806175246258254e-12 46.80000000000172
2341 7.806175246258254e-12 46.82000000000172
2342 7.806175246258254e-12 46.84000000000172
2343 7.806175246258254e-12 46.86000000000173
2344 7.806175246258254e-12 46.88000000000173
2345 7.806175246258254e-12 46.90000000000173
2346 7.806175246258254e-12 46.92000000000174
2347 7.806175246258254e-12 46.94000000000174
2348 7.806175246258254e-12 46.96000000000174
2349 7.806175246258254e-12 46.98000000000174
2350 7.806175246258254e-12 47.00000000000175
2351 7.806175246258254e-12 47.02000000000175
2352 7.806175246258254e-12 47.04000000000175
2353 7.806175246258254e-12 47.06000000000176
2354 7.806175246258254e-12 47.08000000000176
2355 7.806175246258254e-12 47.10000000000176
2356 7.806175246258254e-12 47.12000000000177
2357 7.806175246258254e-12 47.14000000000177
2358 7.806175246258254e-12 47.16000000000177
2359 7.806175246258254e-12 47.18000000000178
2360 7.806175246258254e-12 47.20000000000178
2361 7.806175246258254e-12 47.22000000000178
2362 7.806175246258254e-12 47.24000000000179
2363 7.806175246258254e-12 47.26000000000179
2364 7.806175246258254e-12 47.28000000000179
2365 7.806175246258254e-12 47.30000000000179
2366 7.806175246258254e-12 47.3200000000018
2367 7.806175246258254e-12 47.3400000000018
2368 7.806175246258254e-12 47.3600000000018
2369 7.806175246258254e-12 47.38000000000181
2370 7.806175246258254e-12 47.40000000000181
2371 7.806175246258254e-12 47.42000000000181
2372 7.806175246258254e-12 47.44000000000182
2373 7.806175246258254e-12 47.46000000000182
2374 7.806175246258254e-12 47.48000000000182
2375 7.806175246258254e-12 47.50000000000183
2376 7.806175246258254e-12 47.52000000000183
2377 7.806175246258254e-12 47.54000000000183
2378 7.806175246258254e-12 47.56000000000184
2379 7.806175246258254e-12 47.58000000000184
2380 7.806175246258254e-12 47.60000000000184
2381 7.806175246258254e-12 47.62000000000184
2382 7.806175246258254e-12 47.64000000000185
2383 7.806175246258254e-12 47.66000000000185
2384 7.806175246258254e-12 47.68000000000185
2385 7.806175246258254e-12 47.70000000000186
2386 7.806175246258254e-12 47.72000000000186
2387 7.806175246258254e-12 47.74000000000186
2388 7.806175246258254e-12 47.76000000000187
2389 7.806175246258254e-12 47.78000000000187
2390 7.806175246258254e-12 47.80000000000187
2391 7.806175246258254e-12 47.82000000000188
2392 7.806175246258254e-12 47.84000000000188
2393 7.806175246258254e-12 47.86000000000188
2394 7.806175246258254e-12 47.88000000000189
2395 7.806175246258254e-12 47.90000000000189
2396 7.806175246258254e-12 47.92000000000189
2397 7.806175246258254e-12 47.94000000000189
2398 7.806175246258254e-12 47.9600000000019
2399 7.806175246258254e-12 47.9800000000019
2400 7.806175246258254e-12 48.0000000000019
2401 7.806175246258254e-12 48.02000000000191
2402 7.806175246258254e-12 48.04000000000191
2403 7.806175246258254e-12 48.06000000000191
2404 7.806175246258254e-12 48.08000000000192
2405 7.806175246258254e-12 48.10000000000192
2406 7.806175246258254e-12 48.12000000000192
2407 7.806175246258254e-12 48.14000000000193
2408 7.806175246258254e-12 48.16000000000193
2409 7.806175246258254e-12 48.18000000000193
2410 7.806175246258254e-12 48.20000000000194
2411 7.806175246258254e-12 48.22000000000194
2412 7.806175246258254e-12 48.24000000000194
2413 7.806175246258254e-12 48.26000000000194
2414 7.806175246258254e-12 48.28000000000195
2415 7.806175246258254e-12 48.30000000000195
2416 7.806175246258254e-12 48.32000000000195
2417 7.806175246258254e-12 48.34000000000196
2418 7.806175246258254e-12 48.36000000000196
2419 7.806175246258254e-12 48.38000000000196
2420 7.806175246258254e-12 48.40000000000197
2421 7.806175246258254e-12 48.42000000000197
2422 7.806175246258254e-12 48.44000000000197
2423 7.806175246258254e-12 48.46000000000198
2424 7.806175246258254e-12 48.48000000000198
2425 7.806175246258254e-12 48.50000000000198
2426 7.806175246258254e-12 48.52000000000199
2427 7.806175246258254e-12 48.54000000000199
2428 7.806175246258254e-12 48.56000000000199
2429 7.806175246258254e-12 48.58000000000199
2430 7.806175246258254e-12 48.600000000002
2431 7.806175246258254e-12 48.620000000002
2432 7.806175246258254e-12 48.640000000002
2433 7.806175246258254e-12 48.66000000000201
2434 7.806175246258254e-12 48.68000000000201
2435 7.806175246258254e-12 48.70000000000201
2436 7.806175246258254e-12 48.72000000000202
2437 7.806175246258254e-12 48.74000000000202
2438 7.806175246258254e-12 48.76000000000202
2439 7.806175246258254e-12 48.78000000000203
2440 7.806175246258254e-12 48.80000000000203
2441 7.806175246258254e-12 48.82000000000203
2442 7.806175246258254e-12 48.84000000000204
2443 7.806175246258254e-12 48.86000000000204
2444 7.806175246258254e-12 48.88000000000204
2445 7.806175246258254e-12 48.90000000000204
2446 7.806175246258254e-12 48.92000000000205
2447 7.806175246258254e-12 48.94000000000205
2448 7.806175246258254e-12 48.96000000000205
2449 7.806175246258254e-12 48.98000000000206
2450 7.806175246258254e-12 49.00000000000206
2451 7.806175246258254e-12 49.02000000000206
2452 7.806175246258254e-12 49.04000000000207
2453 7.806175246258254e-12 49.06000000000207
2454 7.806175246258254e-12 49.08000000000207
2455 7.806175246258254e-12 49.10000000000208
2456 7.806175246258254e-12 49.12000000000208
2457 7.806175246258254e-12 49.14000000000208
2458 7.806175246258254e-12 49.16000000000209
2459 7.806175246258254e-12 49.18000000000209
2460 7.806175246258254e-12 49.20000000000209
2461 7.806175246258254e-12 49.22000000000209
2462 7.806175246258254e-12 49.2400000000021
2463 7.806175246258254e-12 49.2600000000021
2464 7.806175246258254e-12 49.2800000000021
2465 7.806175246258254e-12 49.30000000000211
2466 7.806175246258254e-12 49.32000000000211
2467 7.806175246258254e-12 49.34000000000211
2468 7.806175246258254e-12 49.36000000000212
2469 7.806175246258254e-12 49.38000000000212
2470 7.806175246258254e-12 49.40000000000212
2471 7.806175246258254e-12 49.42000000000213
2472 7.806175246258254e-12 49.44000000000213
2473 7.806175246258254e-12 49.46000000000213
2474 7.806175246258254e-12 49.48000000000214
2475 7.806175246258254e-12 49.50000000000214
2476 7.806175246258254e-12 49.52000000000214
2477 7.806175246258254e-12 49.54000000000214
2478 7.806175246258254e-12 49.56000000000215
2479 7.806175246258254e-12 49.58000000000215
2480 7.806175246258254e-12 49.60000000000215
2481 7.806175246258254e-12 49.62000000000216
2482 7.806175246258254e-12 49.64000000000216
2483 7.806175246258254e-12 49.66000000000216
2484 7.806175246258254e-12 49.68000000000217
2485 7.806175246258254e-12 49.70000000000217
2486 7.806175246258254e-12 49.72000000000217
2487 7.806175246258254e-12 49.74000000000218
2488 7.806175246258254e-12 49.76000000000218
2489 7.806175246258254e-12 49.78000000000218
2490 7.806175246258254e-12 49.80000000000219
2491 7.806175246258254e-12 49.82000000000219
2492 7.806175246258254e-12 49.84000000000219
2493 7.806175246258254e-12 49.8600000000022
2494 7.806175246258254e-12 49.8800000000022
2495 7.806175246258254e-12 49.9000000000022
2496 7.806175246258254e-12 49.9200000000022
2497 7.806175246258254e-12 49.94000000000221
2498 7.806175246258254e-12 49.96000000000221
2499 7.806175246258254e-12 49.98000000000221
2500 7.806175246258254e-12 50.00000000000222
2501 7.806175246258254e-12 50.02000000000222
2502 7.806175246258254e-12 50.04000000000222
2503 7.806175246258254e-12 50.06000000000223
2504 7.806175246258254e-12 50.08000000000223
2505 7.806175246258254e-12 50.10000000000223
2506 7.806175246258254e-12 50.12000000000224
2507 7.806175246258254e-12 50.14000000000224
2508 7.806175246258254e-12 50.16000000000224
2509 7.806175246258254e-12 50.18000000000225
2510 7.806175246258254e-12 50.20000000000225
2511 7.806175246258254e-12 50.22000000000225
2512 7.806175246258254e-12 50.24000000000225
2513 7.806175246258254e-12 50.26000000000226
2514 7.806175246258254e-12 50.28000000000226
2515 7.806175246258254e-12 50.30000000000226
2516 7.806175246258254e-12 50.32000000000227
2517 7.806175246258254e-12 50.34000000000227
2518 7.806175246258254e-12 50.36000000000227
2519 7.806175246258254e-12 50.38000000000228
2520 7.806175246258254e-12 50.40000000000228
2521 7.806175246258254e-12 50.42000000000228
2522 7.806175246258254e-12 50.44000000000229
2523 7.806175246258254e-12 50.46000000000229
2524 7.806175246258254e-12 50.48000000000229
2525 7.806175246258254e-12 50.5000000000023
2526 7.806175246258254e-12 50.5200000000023
2527 7.806175246258254e-12 50.5400000000023
2528 7.806175246258254e-12 50.5600000000023
2529 7.806175246258254e-12 50.58000000000231
2530 7.806175246258254e-12 50.60000000000231
2531 7.806175246258254e-12 50.62000000000231
2532 7.806175246258254e-12 50.64000000000232
2533 7.806175246258254e-12 50.66000000000232
2534 7.806175246258254e-12 50.68000000000232
2535 7.806175246258254e-12 50.70000000000233
2536 7.806175246258254e-12 50.72000000000233
2537 7.806175246258254e-12 50.74000000000233
2538 7.806175246258254e-12 50.76000000000234
2539 7.806175246258254e-12 50.78000000000234
2540 7.806175246258254e-12 50.80000000000234
2541 7.806175246258254e-12 50.82000000000235
2542 7.806175246258254e-12 50.84000000000235
2543 7.806175246258254e-12 50.86000000000235
2544 7.806175246258254e-12 50.88000000000235
2545 7.806175246258254e-12 50.90000000000236
2546 7.806175246258254e-12 50.92000000000236
2547 7.806175246258254e-12 50.94000000000236
2548 7.806175246258254e-12 50.96000000000237
2549 7.806175246258254e-12 50.98000000000237
2550 7.806175246258254e-12 51.00000000000237
2551 7.806175246258254e-12 51.02000000000238
2552 7.806175246258254e-12 51.04000000000238
2553 7.806175246258254e-12 51.06000000000238
2554 7.806175246258254e-12 51.08000000000239
2555 7.806175246258254e-12 51.10000000000239
2556 7.806175246258254e-12 51.12000000000239
2557 7.806175246258254e-12 51.1400000000024
2558 7.806175246258254e-12 51.1600000000024
2559 7.806175246258254e-12 51.1800000000024
2560 7.806175246258254e-12 51.2000000000024
2561 7.806175246258254e-12 51.22000000000241
2562 7.806175246258254e-12 51.24000000000241
2563 7.806175246258254e-12 51.26000000000241
2564 7.806175246258254e-12 51.28000000000242
2565 7.806175246258254e-12 51.30000000000242
2566 7.806175246258254e-12 51.32000000000242
2567 7.806175246258254e-12 51.34000000000243
2568 7.806175246258254e-12 51.36000000000243
2569 7.806175246258254e-12 51.38000000000243
2570 7.806175246258254e-12 51.40000000000244
2571 7.806175246258254e-12 51.42000000000244
2572 7.806175246258254e-12 51.44000000000244
2573 7.806175246258254e-12 51.46000000000245
2574 7.806175246258254e-12 51.48000000000245
2575 7.806175246258254e-12 51.50000000000245
2576 7.806175246258254e-12 51.52000000000245
2577 7.806175246258254e-12 51.54000000000246
2578 7.806175246258254e-12 51.56000000000246
2579 7.806175246258254e-12 51.58000000000246
2580 7.806175246258254e-12 51.60000000000247
2581 7.806175246258254e-12 51.62000000000247
2582 7.806175246258254e-12 51.64000000000247
2583 7.806175246258254e-12 51.66000000000248
2584 7.806175246258254e-12 51.68000000000248
2585 7.806175246258254e-12 51.70000000000248
2586 7.806175246258254e-12 51.72000000000249
2587 7.806175246258254e-12 51.74000000000249
2588 7.806175246258254e-12 51.76000000000249
2589 7.806175246258254e-12 51.7800000000025
2590 7.806175246258254e-12 51.8000000000025
2591 7.806175246258254e-12 51.8200000000025
2592 7.806175246258254e-12 51.8400000000025
2593 7.806175246258254e-12 51.86000000000251
2594 7.806175246258254e-12 51.88000000000251
2595 7.806175246258254e-12 51.90000000000251
2596 7.806175246258254e-12 51.92000000000252
2597 7.806175246258254e-12 51.94000000000252
2598 7.806175246258254e-12 51.96000000000252
2599 7.806175246258254e-12 51.98000000000253
2600 7.806175246258254e-12 52.00000000000253
2601 7.806175246258254e-12 52.02000000000253
2602 7.806175246258254e-12 52.04000000000254
2603 7.806175246258254e-12 52.06000000000254
2604 7.806175246258254e-12 52.08000000000254
2605 7.806175246258254e-12 52.10000000000255
2606 7.806175246258254e-12 52.12000000000255
2607 7.806175246258254e-12 52.14000000000255
2608 7.806175246258254e-12 52.16000000000255
2609 7.806175246258254e-12 52.18000000000256
2610 7.806175246258254e-12 52.20000000000256
2611 7.806175246258254e-12 52.22000000000256
2612 7.806175246258254e-12 52.24000000000257
2613 7.806175246258254e-12 52.26000000000257
2614 7.806175246258254e-12 52.28000000000257
2615 7.806175246258254e-12 52.30000000000258
2616 7.806175246258254e-12 52.32000000000258
2617 7.806175246258254e-12 52.34000000000258
2618 7.806175246258254e-12 52.36000000000259
2619 7.806175246258254e-12 52.38000000000259
2620 7.806175246258254e-12 52.40000000000259
2621 7.806175246258254e-12 52.4200000000026
2622 7.806175246258254e-12 52.4400000000026
2623 7.806175246258254e-12 52.4600000000026
2624 7.806175246258254e-12 52.4800000000026
2625 7.806175246258254e-12 52.50000000000261
2626 7.806175246258254e-12 52.52000000000261
2627 7.806175246258254e-12 52.54000000000261
2628 7.806175246258254e-12 52.56000000000262
2629 7.806175246258254e-12 52.58000000000262
2630 7.806175246258254e-12 52.60000000000262
2631 7.806175246258254e-12 52.62000000000263
2632 7.806175246258254e-12 52.64000000000263
2633 7.806175246258254e-12 52.66000000000263
2634 7.806175246258254e-12 52.68000000000264
2635 7.806175246258254e-12 52.70000000000264
2636 7.806175246258254e-12 52.72000000000264
2637 7.806175246258254e-12 52.74000000000265
2638 7.806175246258254e-12 52.76000000000265
2639 7.806175246258254e-12 52.78000000000265
2640 7.806175246258254e-12 52.80000000000265
2641 7.806175246258254e-12 52.82000000000266
2642 7.806175246258254e-12 52.84000000000266
2643 7.806175246258254e-12 52.86000000000266
2644 7.806175246258254e-12 52.88000000000267
2645 7.806175246258254e-12 52.90000000000267
2646 7.806175246258254e-12 52.92000000000267
2647 7.806175246258254e-12 52.94000000000268
2648 7.806175246258254e-12 52.96000000000268
2649 7.806175246258254e-12 52.98000000000268
2650 7.806175246258254e-12 53.00000000000269
2651 7.806175246258254e-12 53.02000000000269
2652 7.806175246258254e-12 53.04000000000269
2653 7.806175246258254e-12 53.0600000000027
2654 7.806175246258254e-12 53.0800000000027
2655 7.806175246258254e-12 53.1000000000027
2656 7.806175246258254e-12 53.1200000000027
2657 7.806175246258254e-12 53.14000000000271
2658 7.806175246258254e-12 53.16000000000271
2659 7.806175246258254e-12 53.18000000000271
2660 7.806175246258254e-12 53.20000000000272
2661 7.806175246258254e-12 53.22000000000272
2662 7.806175246258254e-12 53.24000000000272
2663 7.806175246258254e-12 53.26000000000273
2664 7.806175246258254e-12 53.28000000000273
2665 7.806175246258254e-12 53.30000000000273
2666 7.806175246258254e-12 53.32000000000274
2667 7.806175246258254e-12 53.34000000000274
2668 7.806175246258254e-12 53.36000000000274
2669 7.806175246258254e-12 53.38000000000275
2670 7.806175246258254e-12 53.40000000000275
2671 7.806175246258254e-12 53.42000000000275
2672 7.806175246258254e-12 53.44000000000275
2673 7.806175246258254e-12 53.46000000000276
2674 7.806175246258254e-12 53.48000000000276
2675 7.806175246258254e-12 53.50000000000276
2676 7.806175246258254e-12 53.52000000000277
2677 7.806175246258254e-12 53.54000000000277
2678 7.806175246258254e-12 53.56000000000277
2679 7.806175246258254e-12 53.58000000000278
2680 7.806175246258254e-12 53.60000000000278
2681 7.806175246258254e-12 53.62000000000278
2682 7.806175246258254e-12 53.64000000000279
2683 7.806175246258254e-12 53.66000000000279
2684 7.806175246258254e-12 53.68000000000279
2685 7.806175246258254e-12 53.7000000000028
2686 7.806175246258254e-12 53.7200000000028
2687 7.806175246258254e-12 53.7400000000028
2688 7.806175246258254e-12 53.7600000000028
2689 7.806175246258254e-12 53.78000000000281
2690 7.806175246258254e-12 53.80000000000281
2691 7.806175246258254e-12 53.82000000000281
2692 7.806175246258254e-12 53.84000000000282
2693 7.806175246258254e-12 53.86000000000282
2694 7.806175246258254e-12 53.88000000000282
2695 7.806175246258254e-12 53.90000000000283
2696 7.806175246258254e-12 53.92000000000283
2697 7.806175246258254e-12 53.94000000000283
2698 7.806175246258254e-12 53.96000000000284
2699 7.806175246258254e-12 53.98000000000284
2700 7.806175246258254e-12 54.00000000000284
2701 7.806175246258254e-12 54.02000000000285
2702 7.806175246258254e-12 54.04000000000285
2703 7.806175246258254e-12 54.06000000000285
2704 7.806175246258254e-12 54.08000000000285
2705 7.806175246258254e-12 54.10000000000286
2706 7.806175246258254e-12 54.12000000000286
2707 7.806175246258254e-12 54.14000000000286
2708 7.806175246258254e-12 54.16000000000287
2709 7.806175246258254e-12 54.18000000000287
2710 7.806175246258254e-12 54.20000000000287
2711 7.806175246258254e-12 54.22000000000288
2712 7.806175246258254e-12 54.24000000000288
2713 7.806175246258254e-12 54.26000000000288
2714 7.806175246258254e-12 54.28000000000289
2715 7.806175246258254e-12 54.30000000000289
2716 7.806175246258254e-12 54.32000000000289
2717 7.806175246258254e-12 54.3400000000029
2718 7.806175246258254e-12 54.3600000000029
2719 7.806175246258254e-12 54.3800000000029
2720 7.806175246258254e-12 54.4000000000029
2721 7.806175246258254e-12 54.42000000000291
2722 7.806175246258254e-12 54.44000000000291
2723 7.806175246258254e-12 54.46000000000291
2724 7.806175246258254e-12 54.48000000000292
2725 7.806175246258254e-12 54.50000000000292
2726 7.806175246258254e-12 54.52000000000292
2727 7.806175246258254e-12 54.54000000000293
2728 7.806175246258254e-12 54.56000000000293
2729 7.806175246258254e-12 54.58000000000293
2730 7.806175246258254e-12 54.60000000000294
2731 7.806175246258254e-12 54.62000000000294
2732 7.806175246258254e-12 54.64000000000294
2733 7.806175246258254e-12 54.66000000000295
2734 7.806175246258254e-12 54.68000000000295
2735 7.806175246258254e-12 54.70000000000295
2736 7.806175246258254e-12 54.72000000000295
2737 7.806175246258254e-12 54.74000000000296
2738 7.806175246258254e-12 54.76000000000296
2739 7.806175246258254e-12 54.78000000000296
2740 7.806175246258254e-12 54.80000000000297
2741 7.806175246258254e-12 54.82000000000297
2742 7.806175246258254e-12 54.84000000000297
2743 7.806175246258254e-12 54.86000000000298
2744 7.806175246258254e-12 54.88000000000298
2745 7.806175246258254e-12 54.90000000000298
2746 7.806175246258254e-12 54.92000000000299
2747 7.806175246258254e-12 54.94000000000299
2748 7.806175246258254e-12 54.96000000000299
2749 7.806175246258254e-12 54.980000000003
2750 7.806175246258254e-12 55.000000000003
2751 7.806175246258254e-12 55.020000000003
2752 7.806175246258254e-12 55.040000000003
2753 7.806175246258254e-12 55.06000000000301
2754 7.806175246258254e-12 55.08000000000301
2755 7.806175246258254e-12 55.10000000000301
2756 7.806175246258254e-12 55.12000000000302
2757 7.806175246258254e-12 55.14000000000302
2758 7.806175246258254e-12 55.16000000000302
2759 7.806175246258254e-12 55.18000000000303
2760 7.806175246258254e-12 55.20000000000303
2761 7.806175246258254e-12 55.22000000000303
2762 7.806175246258254e-12 55.24000000000304
2763 7.806175246258254e-12 55.26000000000304
2764 7.806175246258254e-12 55.28000000000304
2765 7.806175246258254e-12 55.30000000000305
2766 7.806175246258254e-12 55.32000000000305
2767 7.806175246258254e-12 55.34000000000305
2768 7.806175246258254e-12 55.36000000000305
2769 7.806175246258254e-12 55.38000000000306
2770 7.806175246258254e-12 55.40000000000306
2771 7.806175246258254e-12 55.42000000000306
2772 7.806175246258254e-12 55.44000000000307
2773 7.806175246258254e-12 55.46000000000307
2774 7.806175246258254e-12 55.48000000000307
2775 7.806175246258254e-12 55.50000000000308
2776 7.806175246258254e-12 55.52000000000308
2777 7.806175246258254e-12 55.54000000000308
2778 7.806175246258254e-12 55.56000000000309
2779 7.806175246258254e-12 55.58000000000309
2780 7.806175246258254e-12 55.60000000000309
2781 7.806175246258254e-12 55.6200000000031
2782 7.806175246258254e-12 55.6400000000031
2783 7.806175246258254e-12 55.6600000000031
2784 7.806175246258254e-12 55.6800000000031
2785 7.806175246258254e-12 55.70000000000311
2786 7.806175246258254e-12 55.72000000000311
2787 7.806175246258254e-12 55.74000000000311
2788 7.806175246258254e-12 55.76000000000312
2789 7.806175246258254e-12 55.78000000000312
2790 7.806175246258254e-12 55.80000000000312
2791 7.806175246258254e-12 55.82000000000313
2792 7.806175246258254e-12 55.84000000000313
2793 7.806175246258254e-12 55.86000000000313
2794 7.806175246258254e-12 55.88000000000314
2795 7.806175246258254e-12 55.90000000000314
2796 7.806175246258254e-12 55.92000000000314
2797 7.806175246258254e-12 55.94000000000315
2798 7.806175246258254e-12 55.96000000000315
2799 7.806175246258254e-12 55.98000000000315
2800 7.806175246258254e-12 56.00000000000315
2801 7.806175246258254e-12 56.02000000000316
2802 7.806175246258254e-12 56.04000000000316
2803 7.806175246258254e-12 56.06000000000316
2804 7.806175246258254e-12 56.08000000000317
2805 7.806175246258254e-12 56.10000000000317
2806 7.806175246258254e-12 56.12000000000317
2807 7.806175246258254e-12 56.14000000000318
2808 7.806175246258254e-12 56.16000000000318
2809 7.806175246258254e-12 56.18000000000318
2810 7.806175246258254e-12 56.20000000000319
2811 7.806175246258254e-12 56.22000000000319
2812 7.806175246258254e-12 56.24000000000319
2813 7.806175246258254e-12 56.2600000000032
2814 7.806175246258254e-12 56.2800000000032
2815 7.806175246258254e-12 56.3000000000032
2816 7.806175246258254e-12 56.3200000000032
2817 7.806175246258254e-12 56.34000000000321
2818 7.806175246258254e-12 56.36000000000321
2819 7.806175246258254e-12 56.38000000000321
2820 7.806175246258254e-12 56.40000000000322
2821 7.806175246258254e-12 56.42000000000322
2822 7.806175246258254e-12 56.44000000000322
2823 7.806175246258254e-12 56.46000000000323
2824 7.806175246258254e-12 56.48000000000323
2825 7.806175246258254e-12 56.50000000000323
2826 7.806175246258254e-12 56.52000000000324
2827 7.806175246258254e-12 56.54000000000324
2828 7.806175246258254e-12 56.56000000000324
2829 7.806175246258254e-12 56.58000000000325
2830 7.806175246258254e-12 56.60000000000325
2831 7.806175246258254e-12 56.62000000000325
2832 7.806175246258254e-12 56.64000000000325
2833 7.806175246258254e-12 56.66000000000326
2834 7.806175246258254e-12 56.68000000000326
2835 7.806175246258254e-12 56.70000000000326
2836 7.806175246258254e-12 56.72000000000327
2837 7.806175246258254e-12 56.74000000000327
2838 7.806175246258254e-12 56.76000000000327
2839 7.806175246258254e-12 56.78000000000328
2840 7.806175246258254e-12 56.80000000000328
2841 7.806175246258254e-12 56.82000000000328
2842 7.806175246258254e-12 56.84000000000329
2843 7.806175246258254e-12 56.86000000000329
2844 7.806175246258254e-12 56.88000000000329
2845 7.806175246258254e-12 56.9000000000033
2846 7.806175246258254e-12 56.9200000000033
2847 7.806175246258254e-12 56.9400000000033
2848 7.806175246258254e-12 56.9600000000033
2849 7.806175246258254e-12 56.98000000000331
2850 7.806175246258254e-12 57.00000000000331
2851 7.806175246258254e-12 57.02000000000331
2852 7.806175246258254e-12 57.04000000000332
2853 7.806175246258254e-12 57.06000000000332
2854 7.806175246258254e-12 57.08000000000332
2855 7.806175246258254e-12 57.10000000000333
2856 7.806175246258254e-12 57.12000000000333
2857 7.806175246258254e-12 57.14000000000333
2858 7.806175246258254e-12 57.16000000000334
2859 7.806175246258254e-12 57.18000000000334
2860 7.806175246258254e-12 57.20000000000334
2861 7.806175246258254e-12 57.22000000000335
2862 7.806175246258254e-12 57.24000000000335
2863 7.806175246258254e-12 57.26000000000335
2864 7.806175246258254e-12 57.28000000000335
2865 7.806175246258254e-12 57.30000000000336
2866 7.806175246258254e-12 57.32000000000336
2867 7.806175246258254e-12 57.34000000000336
2868 7.806175246258254e-12 57.36000000000337
2869 7.806175246258254e-12 57.38000000000337
2870 7.806175246258254e-12 57.40000000000337
2871 7.806175246258254e-12 57.42000000000338
2872 7.806175246258254e-12 57.44000000000338
2873 7.806175246258254e-12 57.46000000000338
2874 7.806175246258254e-12 57.48000000000339
2875 7.806175246258254e-12 57.50000000000339
2876 7.806175246258254e-12 57.52000000000339
2877 7.806175246258254e-12 57.5400000000034
2878 7.806175246258254e-12 57.5600000000034
2879 7.806175246258254e-12 57.5800000000034
2880 7.806175246258254e-12 57.6000000000034
2881 7.806175246258254e-12 57.62000000000341
2882 7.806175246258254e-12 57.64000000000341
2883 7.806175246258254e-12 57.66000000000341
2884 7.806175246258254e-12 57.68000000000342
2885 7.806175246258254e-12 57.70000000000342
2886 7.806175246258254e-12 57.72000000000342
2887 7.806175246258254e-12 57.74000000000343
2888 7.806175246258254e-12 57.76000000000343
2889 7.806175246258254e-12 57.78000000000343
2890 7.806175246258254e-12 57.80000000000344
2891 7.806175246258254e-12 57.82000000000344
2892 7.806175246258254e-12 57.84000000000344
2893 7.806175246258254e-12 57.86000000000345
2894 7.806175246258254e-12 57.88000000000345
2895 7.806175246258254e-12 57.90000000000345
2896 7.806175246258254e-12 57.92000000000345
2897 7.806175246258254e-12 57.94000000000346
2898 7.806175246258254e-12 57.96000000000346
2899 7.806175246258254e-12 57.98000000000346
2900 7.806175246258254e-12 58.00000000000347
2901 7.806175246258254e-12 58.02000000000347
2902 7.806175246258254e-12 58.04000000000347
2903 7.806175246258254e-12 58.06000000000348
2904 7.806175246258254e-12 58.08000000000348
2905 7.806175246258254e-12 58.10000000000348
2906 7.806175246258254e-12 58.12000000000349
2907 7.806175246258254e-12 58.14000000000349
2908 7.806175246258254e-12 58.16000000000349
2909 7.806175246258254e-12 58.1800000000035
2910 7.806175246258254e-12 58.2000000000035
2911 7.806175246258254e-12 58.2200000000035
2912 7.806175246258254e-12 58.2400000000035
2913 7.806175246258254e-12 58.26000000000351
2914 7.806175246258254e-12 58.28000000000351
2915 7.806175246258254e-12 58.30000000000351
2916 7.806175246258254e-12 58.32000000000352
2917 7.806175246258254e-12 58.34000000000352
2918 7.806175246258254e-12 58.36000000000352
2919 7.806175246258254e-12 58.38000000000353
2920 7.806175246258254e-12 58.40000000000353
2921 7.806175246258254e-12 58.42000000000353
2922 7.806175246258254e-12 58.44000000000354
2923 7.806175246258254e-12 58.46000000000354
2924 7.806175246258254e-12 58.48000000000354
2925 7.806175246258254e-12 58.50000000000355
2926 7.806175246258254e-12 58.52000000000355
2927 7.806175246258254e-12 58.54000000000355
2928 7.806175246258254e-12 58.56000000000355
2929 7.806175246258254e-12 58.58000000000356
2930 7.806175246258254e-12 58.60000000000356
2931 7.806175246258254e-12 58.62000000000356
2932 7.806175246258254e-12 58.64000000000357
2933 7.806175246258254e-12 58.66000000000357
2934 7.806175246258254e-12 58.68000000000357
2935 7.806175246258254e-12 58.70000000000358
2936 7.806175246258254e-12 58.72000000000358
2937 7.806175246258254e-12 58.74000000000358
2938 7.806175246258254e-12 58.76000000000359
2939 7.806175246258254e-12 58.78000000000359
2940 7.806175246258254e-12 58.80000000000359
2941 7.806175246258254e-12 58.8200000000036
2942 7.806175246258254e-12 58.8400000000036
2943 7.806175246258254e-12 58.8600000000036
2944 7.806175246258254e-12 58.88000000000361
2945 7.806175246258254e-12 58.90000000000361
2946 7.806175246258254e-12 58.92000000000361
2947 7.806175246258254e-12 58.94000000000361
2948 7.806175246258254e-12 58.96000000000362
2949 7.806175246258254e-12 58.98000000000362
2950 7.806175246258254e-12 59.00000000000362
2951 7.806175246258254e-12 59.02000000000363
2952 7.806175246258254e-12 59.04000000000363
2953 7.806175246258254e-12 59.06000000000363
2954 7.806175246258254e-12 59.08000000000364
2955 7.806175246258254e-12 59.10000000000364
2956 7.806175246258254e-12 59.12000000000364
2957 7.806175246258254e-12 59.14000000000365
2958 7.806175246258254e-12 59.16000000000365
2959 7.806175246258254e-12 59.18000000000365
2960 7.806175246258254e-12 59.20000000000366
2961 7.806175246258254e-12 59.22000000000366
2962 7.806175246258254e-12 59.24000000000366
2963 7.806175246258254e-12 59.26000000000366
2964 7.806175246258254e-12 59.28000000000367
2965 7.806175246258254e-12 59.30000000000367
2966 7.806175246258254e-12 59.32000000000367
2967 7.806175246258254e-12 59.34000000000368
2968 7.806175246258254e-12 59.36000000000368
2969 7.806175246258254e-12 59.38000000000368
2970 7.806175246258254e-12 59.40000000000369
2971 7.806175246258254e-12 59.42000000000369
2972 7.806175246258254e-12 59.44000000000369
2973 7.806175246258254e-12 59.4600000000037
2974 7.806175246258254e-12 59.4800000000037
2975 7.806175246258254e-12 59.5000000000037
2976 7.806175246258254e-12 59.52000000000371
2977 7.806175246258254e-12 59.54000000000371
2978 7.806175246258254e-12 59.56000000000371
2979 7.806175246258254e-12 59.58000000000371
2980 7.806175246258254e-12 59.60000000000372
2981 7.806175246258254e-12 59.62000000000372
2982 7.806175246258254e-12 59.64000000000372
2983 7.806175246258254e-12 59.66000000000373
2984 7.806175246258254e-12 59.68000000000373
2985 7.806175246258254e-12 59.70000000000373
2986 7.806175246258254e-12 59.72000000000374
2987 7.806175246258254e-12 59.74000000000374
2988 7.806175246258254e-12 59.76000000000374
2989 7.806175246258254e-12 59.78000000000375
2990 7.806175246258254e-12 59.80000000000375
2991 7.806175246258254e-12 59.82000000000375
2992 7.806175246258254e-12 59.84000000000376
2993 7.806175246258254e-12 59.86000000000376
2994 7.806175246258254e-12 59.88000000000376
2995 7.806175246258254e-12 59.90000000000376
2996 7.806175246258254e-12 59.92000000000377
2997 7.806175246258254e-12 59.94000000000377
2998 7.806175246258254e-12 59.96000000000377
2999 7.806175246258254e-12 59.98000000000378
3000 -1.82994240726879e-05 60.00000000000378
3001 -8.586486752914359e-05 60.02000000000378
3002 -0.0002037606889295221 60.04000000000379
3003 -0.0003590687102910554 60.06000000000379
3004 -0.0005578434931149265 60.08000000000379
3005 -0.0008055941751983057 60.1000000000038
3006 -0.001095483262654791 60.1200000000038
3007 -0.001424664587051943 60.1400000000038
3008 -0.001796841140935918 60.16000000000381
3009 -0.002210866028394221 60.18000000000381
3010 -0.002663031300794288 60.20000000000381
3011 -0.003153520492856019 60.22000000000381
3012 -0.003682818509682448 60.24000000000382
3013 -0.004248780859080005 60.26000000000382
3014 -0.004849908772231092 60.28000000000382
3015 -0.005486116009245171 60.30000000000383
3016 -0.006156385149369831 60.32000000000383
3017 -0.006859057766037586 60.34000000000383
3018 -0.00759323056711825 60.36000000000384
3019 -0.008358105933845119 60.38000000000384
3020 -0.009152323377355005 60.40000000000384
3021 -0.009974596175035157 60.42000000000385
3022 -0.01082392526757937 60.44000000000385
3023 -0.011699124403454 60.46000000000385
3024 -0.01259884529278949 60.48000000000386
3025 -0.01352187225759552 60.50000000000386
3026 -0.01446700665270925 60.52000000000386
3027 -0.01543291861051743 60.54000000000386
3028 -0.01641827169770678 60.56000000000387
3029 -0.01742177579185437 60.58000000000387
3030 -0.01844209415819014 60.60000000000387
3031 -0.01947784307991252 60.62000000000388
3032 -0.02052765434280321 60.64000000000388
3033 -0.0215901552957347 60.66000000000388
3034 -0.02266393489363952 60.68000000000389
3035 -0.02374757173930953 60.70000000000389
3036 -0.02483964860540831 60.72000000000389
3037 -0.02593872911457542 60.7400000000039
3038 -0.02704335826198526 60.7600000000039
3039 -0.02815207993447808 60.7800000000039
3040 -0.02926343349925917 60.80000000000391
3041 -0.03037594792598011 60.82000000000391
3042 -0.03148814371109041 60.84000000000391
3043 -0.03259853834123298 60.86000000000391
3044 -0.0337056439793694 60.88000000000392
3045 -0.03480796882994504 60.90000000000392
3046 -0.03590401984231237 60.92000000000392
3047 -0.0369923035521295 60.94000000000393
3048 -0.03807132304718058 60.96000000000393
3049 -0.0391395810210548 60.98000000000393
3050 -0.04019558454536692 61.00000000000394
3051 -0.0412378440796804 61.02000000000394
3052 -0.04226487123317901 61.04000000000394
3053 -0.04327518240124763 61.06000000000395
3054 -0.04426730355487194 61.08000000000395
3055 -0.04523976791912799 61.10000000000395
3056 -0.04619111475641204 61.12000000000396
3057 -0.04711989209419982 61.14000000000396
3058 -0.04802465650077697 61.16000000000396
3059 -0.04890397392372399 61.18000000000396
3060 -0.04975642240858164 61.20000000000397
3061 -0.05058059335730174 61.22000000000397
3062 -0.05137508718197427 61.24000000000397
3063 -0.052138517262923 61.26000000000398
3064 -0.05286951356632382 61.28000000000398
3065 -0.05356672835146833 61.30000000000398
3066 -0.05422883097696338 61.32000000000399
3067 -0.05485451018745729 61.34000000000399
3068 -0.05544247816343675 61.36000000000399
3069 -0.05599146918439676 61.380000000004
3070 -0.05650024144105704 61.400000000004
3071 -0.05696757597659709 61.420000000004
3072 -0.05739228028547835 61.44000000000401
3073 -0.05777318704004486 61.46000000000401
3074 -0.05810915313823731 61.48000000000401
3075 -0.05839906148307255 61.50000000000401
3076 -0.05864183058205492 61.52000000000402
3077 -0.05883641711333908 61.54000000000402
3078 -0.05898181124089728 61.56000000000402
3079 -0.05907702718119835 61.58000000000403
3080 -0.0591211129127032 61.60000000000403
3081 -0.05911315546993622 61.62000000000403
3082 -0.05905227396906453 61.64000000000404
3083 -0.05893762096100928 61.66000000000404
3084 -0.05876838839983822 61.68000000000404
3085 -0.05854380644448616 61.70000000000405
3086 -0.05826313942029874 61.72000000000405
3087 -0.05792569451673769 61.74000000000405
3088 -0.05753082677686319 61.76000000000406
3089 -0.05707793362464506 61.78000000000406
3090 -0.05656645179482671 61.80000000000406
3091 -0.05599586076787207 61.82000000000406
3092 -0.05536568212629579 61.84000000000407
3093 -0.05467548476997623 61.86000000000407
3094 -0.05392489027962695 61.88000000000407
3095 -0.05311356627014359 61.90000000000408
3096 -0.05224122311242609 61.92000000000408
3097 -0.05130762211808489 61.94000000000408
3098 -0.05031257716249129 61.96000000000409
3099 -0.04925594965631746 61.98000000000409
3100 -0.04813764915696047 62.00000000000409
3101 -0.04695764026653807 62.0200000000041
3102 -0.04571593373500857 62.0400000000041
3103 -0.04441258614347244 62.0600000000041
3104 -0.04304771693903139 62.08000000000411
3105 -0.04162150365904977 62.10000000000411
3106 -0.04013416504035353 62.12000000000411
3107 -0.03858597146180555 62.14000000000411
3108 -0.03697725652528338 62.16000000000412
3109 -0.03530840374044166 62.18000000000412
3110 -0.03357984139856114 62.20000000000412
3111 -0.03179205089342766 62.22000000000413
3112 -0.02994556906163216 62.24000000000413
3113 -0.02804099210962018 62.26000000000413
3114 -0.02607897559186986 62.28000000000414
3115 -0.02406023042006411 62.30000000000414
3116 -0.02198551816412092 62.32000000000414
3117 -0.01985564814689303 62.34000000000415
3118 -0.0176714807172077 62.36000000000415
3119 -0.01543393038993431 62.38000000000415
3120 -0.01314396340250311 62.40000000000416
3121 -0.01080259712162013 62.42000000000416
3122 -0.00841090538487094 62.44000000000416
3123 -0.005970015490853299 62.46000000000416
3124 -0.003481099514541129 62.48000000000417
3125 -0.0009453748667447717 62.50000000000417
3126 0.001635887741956177 62.52000000000417
3127 0.004261371268910033 62.54000000000418
3128 0.006929716549675688 62.56000000000418
3129 0.009639513227109778 62.58000000000418
3130 0.01238930218193894 62.60000000000419
3131 0.01517758482450958 62.62000000000419
3132 0.01800282030201835 62.64000000000419
3133 0.02086342098867056 62.6600000000042
3134 0.02375775796726751 62.6800000000042
3135 0.0266841651697351 62.7000000000042
3136 0.02964093690816797 62.72000000000421
3137 0.03262632726706531 62.74000000000421
3138 0.03563855101299523 62.76000000000421
3139 0.03867578615253273 62.78000000000421
3140 0.04173617313147204 62.80000000000422
3141 0.04481781721547504 62.82000000000422
3142 0.0479187943369011 62.84000000000422
3143 0.05103715208138498 62.86000000000423
3144 0.05417090853754918 62.88000000000423
3145 0.057318053071447 62.90000000000423
3146 0.0604765457218842 62.92000000000424
3147 0.0636443210176595 62.94000000000424
3148 0.06681928865738343 62.96000000000424
3149 0.06999933621068324 62.98000000000425
3150 0.0731823292951312 63.00000000000425
3151 0.07636611077142177 63.02000000000425
3152 0.07954850524287052 63.04000000000426
3153 0.08272732392602822 63.06000000000426
3154 0.08590035791076585 63.08000000000426
3155 0.08906537744442042 63.10000000000426
3156 0.09222014988011701 63.12000000000427
3157 0.09536243266012624 63.14000000000427
3158 0.09848996233452754 63.16000000000427
3159 0.1016004697294044 63.18000000000428
3160 0.1046916878089119 63.20000000000428
3161 0.1077613391680085 63.22000000000428
3162 0.1108071362114567 63.24000000000429
3163 0.1138267914106557 63.26000000000429
3164 0.1168180179472984 63.28000000000429
3165 0.1197785216318994 63.3000000000043
3166 0.1227060062346839 63.3200000000043
3167 0.1255981841445737 63.3400000000043
3168 0.1284527736598055 63.36000000000431
3169 0.1312674966949411 63.38000000000431
3170 0.1340400840706883 63.40000000000431
3171 0.1367682726702796 63.42000000000431
3172 0.1394498091051974 63.44000000000432
3173 0.1420824536041811 63.46000000000432
3174 0.1446639783325652 63.48000000000432
3175 0.1471921701817468 63.50000000000433
3176 0.1496648303900185 63.52000000000433
3177 0.1520797792593404 63.54000000000433
3178 0.1544348548040133 63.56000000000434
3179 0.1567279135708154 63.58000000000434
3180 0.1589568327506058 63.60000000000434
3181 0.1611195087424516 63.62000000000435
3182 0.1632138619292812 63.64000000000435
3183 0.1652378359801989 63.66000000000435
3184 0.1671893994120149 63.68000000000436
3185 0.1690665484394411 63.70000000000436
3186 0.1708673028191667 63.72000000000436
3187 0.172589710245845 63.74000000000436
3188 0.1742318507659576 63.76000000000437
3189 0.1757918397833067 63.78000000000437
3190 0.1772678276459493 63.80000000000437
3191 0.1786579939361524 63.82000000000438
3192 0.1799605579502642 63.84000000000438
3193 0.1811737776049354 63.86000000000438
3194 0.1822959542341159 63.88000000000439
3195 0.1833254302201685 63.90000000000439
3196 0.1842605888597693 63.92000000000439
3197 0.1850998518296056 63.9400000000044
3198 0.1858416749575711 63.9600000000044
3199 0.1864845621280548 63.9800000000044
3200 0.1870270675789373 64.00000000000441
3201 0.1874677895502654 64.0200000000044
3202 0.187805372037413 64.0400000000044
3203 0.1880385109835315 64.06000000000439
3204 0.1881659582096883 64.08000000000439
3205 0.1881865132374128 64.10000000000439
3206 0.1880990333628025 64.12000000000438
3207 0.1879024301651808 64.14000000000438
3208 0.1875956702357307 64.16000000000437
3209 0.187177772396447 64.18000000000437
3210 0.1866478193195574 64.20000000000437
3211 0.1860049576799532 64.22000000000436
3212 0.1852483912568931 64.24000000000436
3213 0.1843773881026755 64.26000000000435
3214 0.1833912806696044 64.28000000000435
3215 0.1822894654387393 64.30000000000435
3216 0.1810714101809772 64.32000000000434
3217 0.1797366530208038 64.34000000000434
3218 0.1782847940060061 64.36000000000433
3219 0.176715501119976 64.38000000000433
3220 0.1750285171524851 64.40000000000433
3221 0.1732236608267219 64.42000000000432
3222 0.1713008274636755 64.44000000000432
3223 0.1692599842588276 64.46000000000431
3224 0.1671011718540154 64.48000000000431
3225 0.1648245091691659 64.50000000000431
3226 0.1624301979244175 64.5200000000043
3227 0.1599185268731153 64.5400000000043
3228 0.1572898688869018 64.56000000000429
3229 0.1545446634213994 64.58000000000429
3230 0.1516834283371034 64.60000000000429
3231 0.1487067711105638 64.62000000000428
3232 0.1456153797386685 64.64000000000428
3233 0.1424100146377018 64.66000000000427
3234 0.1390915302286551 64.68000000000427
3235 0.1356608833832675 64.70000000000427
3236 0.1321191156893746 64.72000000000426
3237 0.128467347191473 64.74000000000426
3238 0.1247067761987616 64.76000000000425
3239 0.1208386921994446 64.78000000000425
3240 0.1168644810492776 64.80000000000425
3241 0.1127856147157742 64.82000000000424
3242 0.1086036399488807 64.84000000000424
3243 0.1043201913701102 64.86000000000423
3244 0.0999369999369295 64.88000000000423
3245 0.09545588122797857 64.90000000000423
3246 0.09087872189027582 64.92000000000422
3247 0.08620749949599327 64.94000000000422
3248 0.08144428813744227 64.96000000000421
3249 0.07659124015836605 64.98000000000421
3250 0.07165057636537309 65.00000000000421
3251 0.06662459645820967 65.0200000000042
3252 0.06151568894774233 65.0400000000042
3253 0.05632631257637717 65.06000000000419
3254 0.05105899443063896 65.08000000000419
3255 0.04571634316369536 65.10000000000419
3256 0.04030104578463179 65.12000000000418
3257 0.03481586158205967 65.14000000000418
3258 0.02926362895463082 65.16000000000417
3259 0.02364726163993129 65.18000000000417
3260 0.0179697332170307 65.20000000000417
3261 0.01223407948330645 65.22000000000416
3262 0.006443403857345576 65.24000000000416
3263 0.0006008663595332918 65.26000000000415
3264 -0.005290318306897378 65.28000000000415
3265 -0.0112268763658513 65.30000000000415
3266 -0.01720548420683425 65.32000000000414
3267 -0.02322277127357021 65.34000000000414
3268 -0.02927531125363526 65.36000000000413
3269 -0.03535962281557727 65.38000000000413
3270 -0.04147218398398594 65.40000000000413
3271 -0.04760943329393329 65.42000000000412
3272 -0.05376776533142259 65.44000000000412
3273 -0.05994353789279446 65.46000000000411
3274 -0.06613307812568828 65.48000000000411
3275 -0.07233268185395601 65.50000000000411
3276 -0.07853861446454112 65.5200000000041
3277 -0.08474711763372104 65.5400000000041
3278 -0.09095440941290894 65.56000000000409
3279 -0.09715667755394948 65.58000000000409
3280 -0.1033500891805349 65.60000000000409
3281 -0.1095308116974273 65.62000000000408
3282 -0.1156950016511889 65.64000000000408
3283 -0.1218387975905715 65.66000000000408
3284 -0.1279583310488044 65.68000000000407
3285 -0.1340497320549648 65.70000000000407
3286 -0.1401091269345351 65.72000000000406
3287 -0.1461326406391395 65.74000000000406
3288 -0.1521164013562178 65.76000000000406
3289 -0.1580565388601717 65.78000000000405
3290 -0.163949190584157 65.80000000000405
3291 -0.169790506599535 65.82000000000404
3292 -0.1755766476142359 65.84000000000404
3293 -0.1813037930598079 65.86000000000404
3294 -0.186968136640466 65.88000000000403
3295 -0.1925658944119266 65.90000000000403
3296 -0.1980933047888298 65.92000000000402
3297 -0.2035466305014534 65.94000000000402
3298 -0.2089221577236467 65.96000000000402
3299 -0.2142161982068679 65.98000000000401
3300 -0.2194251007790196 66.00000000000401
3301 -0.2245452509167144 66.020000000004
3302 -0.2295730614621832 66.040000000004
3303 -0.2345049805067844 66.060000000004
3304 -0.2393374985707302 66.08000000000399
3305 -0.2440671465438489 66.10000000000399
3306 -0.248690497579634 66.12000000000398
3307 -0.2532041635029309 66.14000000000398
3308 -0.2576048051429342 66.16000000000398
3309 -0.2618891318912885 66.18000000000397
3310 -0.2660538856035862 66.20000000000397
3311 -0.2700958546363335 66.22000000000396
3312 -0.2740118953794302 66.24000000000396
3313 -0.2777989232624306 66.26000000000396
3314 -0.281453901397626 66.28000000000395
3315 -0.2849738381272366 66.30000000000395
3316 -0.2883558138136278 66.32000000000394
3317 -0.2915969662076859 66.34000000000394
3318 -0.2946944891460161 66.36000000000394
3319 -0.2976456393639727 66.38000000000393
3320 -0.3004477453714047 66.40000000000393
3321 -0.3030981990852175 66.42000000000392
3322 -0.305594449833579 66.44000000000392
3323 -0.307934012350614 66.46000000000392
3324 -0.3101144829541853 66.48000000000391
3325 -0.3121335209920549 66.50000000000391
3326 -0.3139888630762757 66.5200000000039
3327 -0.3156783181261639 66.5400000000039
3328 -0.3171997758239182 66.5600000000039
3329 -0.3185511949603507 66.58000000000389
3330 -0.3197306065250035 66.60000000000389
3331 -0.3207361214777767 66.62000000000388
3332 -0.3215659372559155 66.64000000000388
3333 -0.3222183404914303 66.66000000000388
3334 -0.3226916997610728 66.68000000000387
3335 -0.3229844738981819 66.70000000000387
3336 -0.3230952089860983 66.72000000000386
3337 -0.3230225471883549 66.74000000000386
3338 -0.3227652273444543 66.76000000000386
3339 -0.3223220785241339 66.78000000000385
3340 -0.3216920244509729 66.80000000000385
3341 -0.3208740962621488 66.82000000000384
3342 -0.3198674281734996 66.84000000000384
3343 -0.3186712547482133 66.86000000000384
3344 -0.3172849239314027 66.88000000000383
3345 -0.3157078842987248 66.90000000000383
3346 -0.3139396948615629 66.92000000000382
3347 -0.3119800285752123 66.94000000000382
3348 -0.3098286821761929 66.96000000000382
3349 -0.3074855635521502 66.98000000000381
3350 -0.3049507009476237 67.00000000000381
3351 -0.3022242269782823 67.0200000000038
3352 -0.2993063903216102 67.0400000000038
3353 -0.2961975834104242 67.0600000000038
3354 -0.292898334694432 67.08000000000379
3355 -0.2894092918942803 67.10000000000379
3356 -0.285731213735145 67.12000000000378
3357 -0.2818649984544476 67.14000000000378
3358 -0.2778116803191359 67.16000000000378
3359 -0.2735724162772278 67.18000000000377
3360 -0.2691485103022846 67.20000000000377
3361 -0.2645413990022161 67.22000000000376
3362 -0.259752643427286 67.24000000000376
3363 -0.2547839512236166 67.26000000000376
3364 -0.2496371877303187 67.28000000000375
3365 -0.2443143444989038 67.30000000000375
3366 -0.2388175464813604 67.32000000000374
3367 -0.2331490613450045 67.34000000000374
3368 -0.2273112842705674 67.36000000000374
3369 -0.2213067541364981 67.38000000000373
3370 -0.2151381623809201 67.40000000000373
3371 -0.2088083416972472 67.42000000000372
3372 -0.2023202457355023 67.44000000000372
3373 -0.1956769725017809 67.46000000000372
3374 -0.1888817544663194 67.48000000000371
3375 -0.1819379566842446 67.50000000000371
3376 -0.1748490661134121 67.52000000000371
3377 -0.167618702165089 67.5400000000037
3378 -0.160250614788715 67.5600000000037
3379 -0.1527486821752146 67.58000000000369
3380 -0.1451168953812798 67.60000000000369
3381 -0.1373593661602234 67.62000000000369
3382 -0.129480325576518 67.64000000000368
3383 -0.1214841190636177 67.66000000000368
3384 -0.1133751948017209 67.68000000000367
3385 -0.1051581099344047 67.70000000000367
3386 -0.0968375289389624 67.72000000000367
3387 -0.08841820253019121 67.74000000000366
3388 -0.07990496942147451 67.76000000000366
3389 -0.07130275856159846 67.78000000000365
3390 -0.06261659803614807 67.80000000000365
3391 -0.05385159979052372 67.82000000000365
3392 -0.04501294076752301 67.84000000000364
3393 -0.03610586951900181 67.86000000000364
3394 -0.02713571174967276 67.88000000000363
3395 -0.01810785411944264 67.90000000000363
3396 -0.009027741336316699 67.92000000000363
3397 9.912006111445617e-05 67.94000000000362
3398 0.0092671696453529 67.96000000000362
3399 0.0184708073467254 67.98000000000361
3400 0.02770439586775856 68.00000000000361
3401 0.03696225188354457 68.02000000000361
3402 0.04623865163033444 68.0400000000036
3403 0.05552784676308943 68.0600000000036
3404 0.06482407090225988 68.08000000000359
3405 0.07412154061948609 68.10000000000359
3406 0.08341445822332615 68.12000000000359
3407 0.09269700732269598 68.14000000000358
3408 0.1019633615909741 68.16000000000358
3409 0.1112076927425943 68.18000000000357
3410 0.1204241760438807 68.20000000000357
3411 0.1296069965087909 68.22000000000357
3412 0.138750347446029 68.24000000000356
3413 0.1478484289315682 68.26000000000356
3414 0.1568954607493158 68.28000000000355
3415 0.1658856843527072 68.30000000000355
3416 0.1748133560426214 68.32000000000355
3417 0.1836727634417389 68.34000000000354
3418 0.1924582326620821 68.36000000000354
3419 0.201164127985396 68.38000000000353
3420 0.2097848512678913 68.40000000000353
3421 0.2183148560475198 68.42000000000353
3422 0.2267486435253671 68.44000000000352
3423 0.23508075998561 68.46000000000352
3424 0.2433058051543844 68.48000000000351
3425 0.2514184297125 68.50000000000351
3426 0.2594133376126171 68.52000000000351
3427 0.2672852930863713 68.5400000000035
3428 0.2750291284742021 68.5600000000035
3429 0.2826397448523418 68.58000000000349
3430 0.2901121094762355 68.60000000000349
3431 0.2974412555125031 68.62000000000349
3432 0.3046222950250032 68.64000000000348
3433 0.3116504202939796 68.66000000000348
3434 0.3185208981403452 68.68000000000347
3435 0.32522907586012 68.70000000000347
3436 0.3317703806350732 68.72000000000347
3437 0.3381403145619338 68.74000000000346
3438 0.3443344542682954 68.76000000000346
3439 0.3503484545811711 68.78000000000345
3440 0.3561780655036627 68.80000000000345
3441 0.3618191320590635 68.82000000000345
3442 0.3672675962090909 68.84000000000344
3443 0.3725194860898187 68.86000000000344
3444 0.3775709342695985 68.88000000000343
3445 0.382418170122939 68.90000000000343
3446 0.387057510430859 68.92000000000343
3447 0.3914853707748127 68.94000000000342
3448 0.3956982664215273 68.96000000000342
3449 0.3996928196637122 68.98000000000341
3450 0.4034657433563088 69.00000000000341
3451 0.4070138540704709 69.02000000000341
3452 0.4103340811571188 69.0400000000034
3453 0.4134234604669246 69.0600000000034
3454 0.4162791339296441 69.08000000000339
3455 0.4188983545085279 69.10000000000339
3456 0.4212784894203797 69.12000000000339
3457 0.4234170212019845 69.14000000000338
3458 0.4253115501613455 69.16000000000338
3459 0.4269597937783058 69.18000000000337
3460 0.4283595827245871 69.20000000000337
3461 0.4295088657012927 69.22000000000337
3462 0.4304057148867745 69.24000000000336
3463 0.4310483223982365 69.26000000000336
3464 0.4314350315062102 69.28000000000335
3465 0.4315643337058571 69.30000000000335
3466 0.4314348459051126 69.32000000000335
3467 0.431045315285062 69.34000000000334
3468 0.4303946424192468 69.36000000000334
3469 0.4294818741195618 69.38000000000334
3470 0.4283061944993697 69.40000000000333
3471 0.426866948544688 69.42000000000333
3472 0.425163664784959 69.44000000000332
3473 0.4231960117555215 69.46000000000332
3474 0.4209638196482601 69.48000000000332
3475 0.4184671057994465 69.50000000000331
3476 0.4157060590743978 69.52000000000331
3477 0.4126810321255459 69.5400000000033
3478 0.409392559403281 69.5600000000033
3479 0.4058413591550037 69.5800000000033
3480 0.4020283377129444 69.60000000000329
3481 0.3979545811684544 69.62000000000329
3482 0.3936213835362299 69.64000000000328
3483 0.3890302339883223 69.66000000000328
3484 0.384182801379494 69.68000000000328
3485 0.3790809440160549 69.70000000000327
3486 0.3737267068310315 69.72000000000327
3487 0.3681223319826018 69.74000000000326
3488 0.3622702582920126 69.76000000000326
3489 0.3561731262452885 69.78000000000326
3490 0.349833761121826 69.80000000000325
3491 0.3432551760964948 69.82000000000325
3492 0.3364405978478514 69.84000000000324
3493 0.3293934668559177 69.86000000000324
3494 0.3221173939279309 69.88000000000324
3495 0.3146161748455139 69.90000000000323
3496 0.3068938052694163 69.92000000000323
3497 0.298954466398453 69.94000000000322
3498 0.2908025036649866 69.96000000000322
3499 0.2824424551600803 69.98000000000322
3500 0.2738790535305262 70.00000000000321
3501 0.2651171984397075 70.02000000000321
3502 0.2561619633904363 70.0400000000032
3503 0.2470185996504646 70.0600000000032
3504 0.2376925133821689 70.0800000000032
3505 0.2281892623909473 70.10000000000319
3506 0.2185145639382221 70.12000000000319
3507 0.2086742872452696 70.14000000000318
3508 0.1986744488909643 70.16000000000318
3509 0.1885212050711609 70.18000000000318
3510 0.1782208397608378 70.20000000000317
3511 0.1677797625733878 70.22000000000317
3512 0.1572045154437057 70.24000000000316
3513 0.1465017552188226 70.26000000000316
3514 0.1356782339179131 70.28000000000316
3515 0.1247408068102249 70.30000000000315
3516 0.1136964317628766 70.32000000000315
3517 0.1025521484957606 70.34000000000314
3518 0.09131506662334196 70.36000000000314
3519 0.07999238001967428 70.38000000000314
3520 0.06859137440853867 70.40000000000313
3521 0.05711939872571615 70.42000000000313
3522 0.04558384481035476 70.44000000000312
3523 0.0339921649157986 70.46000000000312
3524 0.02235187097307046 70.48000000000312
3525 0.01067051689109679 70.50000000000311
3526 -0.001044308901058296 70.52000000000311
3527 -0.01278499442881543 70.5400000000031
3528 -0.02454391749699295 70.5600000000031
3529 -0.03631343929942562 70.5800000000031
3530 -0.04808590723205992 70.60000000000309
3531 -0.05985367161133355 70.62000000000309
3532 -0.07160909063333316 70.64000000000308
3533 -0.0833445212316362 70.66000000000308
3534 -0.09505233834081249 70.68000000000308
3535 -0.1067249394025626 70.70000000000307
3536 -0.1183547440470051 70.72000000000307
3537 -0.1299342022276589 70.74000000000306
3538 -0.1414558056493886 70.76000000000306
3539 -0.1529120829697747 70.78000000000306
3540 -0.1642956071982674 70.80000000000305
3541 -0.1755990099446434 70.82000000000305
3542 -0.1868149889047228 70.84000000000304
3543 -0.1979362940538387 70.86000000000304
3544 -0.2089557336868144 70.88000000000304
3545 -0.2198661935252605 70.90000000000303
3546 -0.2306606368972232 70.92000000000303
3547 -0.2413321048844243 70.94000000000302
3548 -0.2518737101263273 70.96000000000302
3549 -0.2622786577370605 70.98000000000302
3550 -0.27254023149613 71.00000000000301
3551 -0.2826517939581245 71.02000000000301
3552 -0.2926068031561633 71.040000000003
3553 -0.302398826251494 71.060000000003
3554 -0.3120215289742986 71.080000000003
3555 -0.3214686743681775 71.10000000000299
3556 -0.3307341381488925 71.12000000000299
3557 -0.3398118995115672 71.14000000000298
3558 -0.3486960419825463 71.16000000000298
3559 -0.3573807497335991 71.18000000000298
3560 -0.3658603312866735 71.20000000000297
3561 -0.3741291960132979 71.22000000000297
3562 -0.3821818715339361 71.24000000000296
3563 -0.3900130028412004 71.26000000000296
3564 -0.3976173691508124 71.28000000000296
3565 -0.4049898562861364 71.30000000000295
3566 -0.4121254636398887 71.32000000000295
3567 -0.4190193072248877 71.34000000000295
3568 -0.4256666337644552 71.36000000000294
3569 -0.4320628097148788 71.38000000000294
3570 -0.4382033246441957 71.40000000000293
3571 -0.4440837983993431 71.42000000000293
3572 -0.449699993541004 71.44000000000293
3573 -0.455047802815522 71.46000000000292
3574 -0.4601232320017814 71.48000000000292
3575 -0.4649224148015126 71.50000000000291
3576 -0.4694416349853304 71.52000000000291
3577 -0.4736773069792924 71.54000000000291
3578 -0.4776259828563827 71.5600000000029
3579 -0.4812843601650554 71.5800000000029
3580 -0.4846492810715491 71.60000000000289
3581 -0.4877177243416073 71.62000000000289
3582 -0.4904868108250144 71.64000000000289
3583 -0.4929538271720175 71.66000000000288
3584 -0.4951162312570111 71.68000000000288
3585 -0.4969716327464175 71.70000000000287
3586 -0.498517787701372 71.72000000000287
3587 -0.4997526394832318 71.74000000000287
3588 -0.5006743177790428 71.76000000000286
3589 -0.5012811110511493 71.78000000000286
3590 -0.5015714904312947 71.80000000000285
3591 -0.5015441063378168 71.82000000000285
3592 -0.5011978306421115 71.84000000000285
3593 -0.5005317151367938 71.86000000000284
3594 -0.4995449859682196 71.88000000000284
3595 -0.4982370869889255 71.90000000000283
3596 -0.4966076948910555 71.92000000000283
3597 -0.4946566716413955 71.94000000000283
3598 -0.4923840808418722 71.96000000000282
3599 -0.4897902419757562 71.98000000000282
3600 -0.4868757083070626 72.00000000000281
3601 -0.4836412263395609 72.02000000000281
3602 -0.4800877926992371 72.04000000000281
3603 -0.476216654159671 72.0600000000028
3604 -0.472029300575135 72.0800000000028
3605 -0.4675274457944739 72.10000000000279
3606 -0.4627130460825233 72.12000000000279
3607 -0.4575883144235338 72.14000000000279
3608 -0.4521557139996931 72.16000000000278
3609 -0.4464179458064751 72.18000000000278
3610 -0.4403779504523217 72.20000000000277
3611 -0.4340388992915137 72.22000000000277
3612 -0.4274042195479549 72.24000000000277
3613 -0.4204775901725032 72.26000000000276
3614 -0.4132629243430622 72.28000000000276
3615 -0.4057643620979533 72.30000000000275
3616 -0.3979863080432609 72.32000000000275
3617 -0.3899334049317263 72.34000000000275
3618 -0.3816105299705309 72.36000000000274
3619 -0.3730227868555909 72.38000000000274
3620 -0.3641755096062863 72.40000000000273
3621 -0.3550742466158056 72.42000000000273
3622 -0.3457247396440081 72.44000000000273
3623 -0.3361329510277283 72.46000000000272
3624 -0.3263050781191594 72.48000000000272
3625 -0.3162475105466356 72.50000000000271
3626 -0.3059668251471695 72.52000000000271
3627 -0.2954697971341383 72.54000000000271
3628 -0.2847633822174567 72.5600000000027
3629 -0.2738547104399857 72.5800000000027
3630 -0.2627510980536269 72.60000000000269
3631 -0.251460021923921 72.62000000000269
3632 -0.2399890979503713 72.64000000000269
3633 -0.2283460832582193 72.66000000000268
3634 -0.2165388772671636 72.68000000000268
3635 -0.204575517027145 72.70000000000267
3636 -0.192464165925088 72.72000000000267
3637 -0.1802130996883345 72.74000000000267
3638 -0.1678306959590013 72.76000000000266
3639 -0.1553254370285464 72.78000000000266
3640 -0.1427058989851444 72.80000000000265
3641 -0.1299807329698478 72.82000000000265
3642 -0.1171586736479505 72.84000000000265
3643 -0.1042485298979322 72.86000000000264
3644 -0.09125915871515651 72.88000000000264
3645 -0.0781994598699513 72.90000000000263
3646 -0.06507838248004236 72.92000000000263
3647 -0.05190491291187834 72.94000000000263
3648 -0.03868806264205991 72.96000000000262
3649 -0.02543685960730349 72.98000000000262
3650 -0.0121603306710743 73.00000000000261
3651 0.001132494223236752 73.02000000000261
3652 0.01443258005573646 73.04000000000261
3653 0.02773090853406502 73.0600000000026
3654 0.04101847791315349 73.0800000000026
3655 0.05428630290442565 73.10000000000259
3656 0.06752543900791984 73.12000000000259
3657 0.08072698868653488 73.14000000000259
3658 0.09388210092804583 73.16000000000258
3659 0.1069819700134564 73.18000000000258
3660 0.1200178386431391 73.20000000000258
3661 0.1329810197920658 73.22000000000257
3662 0.145862896847396 73.24000000000257
3663 0.1586549211170523 73.26000000000256
3664 0.1713486318800543 73.28000000000256
3665 0.1839356612199928 73.30000000000256
3666 0.1964077291787491 73.32000000000255
3667 0.20875665161399 73.34000000000255
3668 0.2209743386087831 73.36000000000254
3669 0.2330527899155692 73.38000000000254
3670 0.2449841205897186 73.40000000000254
3671 0.2567605715198004 73.42000000000253
3672 0.2683744956641761 73.44000000000253
3673 0.2798183588446922 73.46000000000252
3674 0.2910847529495333 73.48000000000252
3675 0.3021663912708152 73.50000000000252
3676 0.3130561037634619 73.52000000000251
3677 0.3237468423273843 73.54000000000251
3678 0.3342316921609719 73.5600000000025
3679 0.3445038719924569 73.5800000000025
3680 0.3545567318767885 73.6000000000025
3681 0.3643837694492058 73.62000000000249
3682 0.3739786204570053 73.64000000000249
3683 0.3833350581198621 73.66000000000248
3684 0.3924469881514133 73.68000000000248
3685 0.401308450188719 73.70000000000248
3686 0.4099136285859607 73.72000000000247
3687 0.4182568503302423 73.74000000000247
3688 0.4263325933065641 73.76000000000246
3689 0.4341354845588811 73.78000000000246
3690 0.4416603070237267 73.80000000000246
3691 0.4489019919009651 73.82000000000245
3692 0.4558556171661428 73.84000000000245
3693 0.4625164091323898 73.86000000000244
3694 0.4688797501750158 73.88000000000244
3695 0.4749411822349133 73.90000000000244
3696 0.4806964124365 73.92000000000243
3697 0.486141299531055 73.94000000000243
3698 0.4912718786115861 73.96000000000242
3699 0.4960843527508809 73.98000000000242
3700 0.5005750636902915 74.00000000000242
3701 0.5047405465047564 74.02000000000241
3702 0.5085775350873429 74.04000000000241
3703 0.5120829161748163 74.0600000000024
3704 0.5152537464786701 74.0800000000024
3705 0.5180872827544054 74.1000000000024
3706 0.5205809924198755 74.12000000000239
3707 0.5227325227326396 74.14000000000239
3708 0.5245397147479746 74.16000000000238
3709 0.5260006254454133 74.18000000000238
3710 0.5271135014125976 74.20000000000238
3711 0.527876807359225 74.22000000000237
3712 0.5282892420695754 74.24000000000237
3713 0.528349692599051 74.26000000000236
3714 0.5280572586080813 74.28000000000236
3715 0.5274113007420238 74.30000000000236
3716 0.5264114292924968 74.32000000000235
3717 0.5250574761855299 74.34000000000235
3718 0.5233495164454822 74.36000000000234
3719 0.5212878672389837 74.38000000000234
3720 0.5188730957328367 74.40000000000234
3721 0.5161060260803922 74.42000000000233
3722 0.5129877534063744 74.44000000000233
3723 0.5095196226029783 74.46000000000232
3724 0.5057032346037433 74.48000000000232
3725 0.5015404479656151 74.50000000000232
3726 0.4970334109540198 74.52000000000231
3727 0.4921845558131497 74.54000000000231
3728 0.4869965630228949 74.5600000000023
3729 0.4814723782743325 74.5800000000023
3730 0.4756152325361374 74.6000000000023
3731 0.4694286401218999 74.62000000000229
3732 0.4629163754924233 74.64000000000229
3733 0.4560824751254686 74.66000000000228
3734 0.4489312378885315 74.68000000000228
3735 0.4414672266231809 74.70000000000228
3736 0.4336952727392466 74.72000000000227
3737 0.4256204562425996 74.74000000000227
3738 0.417248083505661 74.76000000000226
3739 0.4085837179254588 74.78000000000226
3740 0.3996331938807592 74.80000000000226
3741 0.3904025755961825 74.82000000000225
3742 0.3808981413040978 74.84000000000225
3743 0.3711263904367597 74.86000000000224
3744 0.3610940715447384 74.88000000000224
3745 0.3508081546231206 74.90000000000224
3746 0.3402758054374401 74.92000000000223
3747 0.3295043983615329 74.94000000000223
3748 0.3185015054070766 74.96000000000222
3749 0.3072748769044248 74.98000000000222
3750 0.295832433218345 75.00000000000222
3751 0.2841822764596473 75.02000000000221
3752 0.2723326719638124 75.04000000000221
3753 0.2602920248042737 75.0600000000022
3754 0.2480688824125792 75.0800000000022
3755 0.2356719482216691 75.1000000000022
3756 0.2231100657899941 75.12000000000219
3757 0.2103922019718458 75.14000000000219
3758 0.1975274202982834 75.16000000000219
3759 0.1845248762594716 75.18000000000218
3760 0.1713938297512889 75.20000000000218
3761 0.1581436369737611 75.22000000000217
3762 0.1447837285254904 75.24000000000217
3763 0.1313236014993064 75.26000000000217
3764 0.1177728191930681 75.28000000000216
3765 0.1041410030591378 75.30000000000216
3766 0.09043781300168073 75.32000000000215
3767 0.07667293504448415 75.34000000000215
3768 0.06285607685097913 75.36000000000215
3769 0.04899696694799921 75.38000000000214
3770 0.03510533931618774 75.40000000000214
3771 0.02119091900876311 75.42000000000213
3772 0.007263424343276027 75.44000000000213
3773 -0.00666744875591969 75.46000000000213
3774 -0.02059203913362481 75.48000000000212
3775 -0.03450070722981243 75.50000000000212
3776 -0.04838384458053283 75.52000000000211
3777 -0.06223189728365539 75.54000000000211
3778 -0.07603537491574555 75.56000000000211
3779 -0.08978485402259349 75.5800000000021
3780 -0.103470980878627 75.6000000000021
3781 -0.1170844729637928 75.62000000000209
3782 -0.1306161212007106 75.64000000000209
3783 -0.144056801898519 75.66000000000209
3784 -0.1573974832401231 75.68000000000208
3785 -0.1706292296523935 75.70000000000208
3786 -0.1837432197787685 75.72000000000207
3787 -0.1967307439675312 75.74000000000207
3788 -0.2095832031892131 75.76000000000207
3789 -0.222292107484572 75.78000000000206
3790 -0.2348490838543185 75.80000000000206
3791 -0.2472458933570911 75.82000000000205
3792 -0.2594744265468964 75.84000000000205
3793 -0.2715267059338111 75.86000000000205
3794 -0.2833948798911116 75.88000000000204
3795 -0.2950712262999194 75.90000000000204
3796 -0.3065481528003705 75.92000000000203
3797 -0.3178182144992461 75.94000000000203
3798 -0.3288741256277308 75.96000000000203
3799 -0.3397087490505789 75.98000000000202
3800 -0.3503150644438368 76.00000000000202
3801 -0.3606861923229953 76.02000000000201
3802 -0.3708154158049577 76.04000000000201
3803 -0.3806961757406923 76.06000000000201
3804 -0.390322040289087 76.080000000002
3805 -0.3996867199925926 76.100000000002
3806 -0.4087841184367227 76.12000000000199
3807 -0.4176082956070057 76.14000000000199
3808 -0.4261534449394769 76.16000000000199
3809 -0.4344139255567125 76.18000000000198
3810 -0.4423842712043982 76.20000000000198
3811 -0.4500591778027595 76.22000000000197
3812 -0.4574334937297695 76.24000000000197
3813 -0.4645022457242374 76.26000000000197
3814 -0.471260637482352 76.28000000000196
3815 -0.4777040304333003 76.30000000000196
3816 -0.483827958485781 76.32000000000195
3817 -0.4896281365040907 76.34000000000195
3818 -0.4951004511163023 76.36000000000195
3819 -0.5002409559631235 76.38000000000194
3820 -0.5050458992649023 76.40000000000194
3821 -0.5095117262560813 76.42000000000193
3822 -0.5136350576347123 76.44000000000193
3823 -0.5174127197265498 76.46000000000193
3824 -0.5208417527877957 76.48000000000192
3825 -0.5239193641231175 76.50000000000192
3826 -0.5266429406276311 76.52000000000191
3827 -0.5290101147971099 76.54000000000191
3828 -0.5310187486874161 76.56000000000191
3829 -0.5326669015751772 76.5800000000019
3830 -0.533952866029497 76.6000000000019
3831 -0.5348751732534009 76.62000000000189
3832 -0.5354325957712844 76.64000000000189
3833 -0.5356241287263794 76.66000000000189
3834 -0.5354490011343774 76.68000000000188
3835 -0.5349066949211373 76.70000000000188
3836 -0.5339969390495903 76.72000000000187
3837 -0.5327197215862004 76.74000000000187
3838 -0.5310752943354854 76.76000000000187
3839 -0.5290641788578249 76.78000000000186
3840 -0.526687171232372 76.80000000000186
3841 -0.5239453100828089 76.82000000000185
3842 -0.5208399230623136 76.84000000000185
3843 -0.5173726271363497 76.86000000000185
3844 -0.5135453272120015 76.88000000000184
3845 -0.5093601770153996 76.90000000000184
3846 -0.5048196295555142 76.92000000000183
3847 -0.4999264164216676 76.94000000000183
3848 -0.4946835469140026 76.96000000000183
3849 -0.4890943105302157 76.98000000000182
3850 -0.4831622626706522 77.00000000000182
3851 -0.476891219453178 77.02000000000182
3852 -0.4702852784121227 77.04000000000181
3853 -0.4633488141315285 77.06000000000181
3854 -0.456086457078231 77.0800000000018
3855 -0.448503100043961 77.1000000000018
3856 -0.4406039075605724 77.1200000000018
3857 -0.4323943067085233 77.14000000000179
3858 -0.4238799888075985 77.16000000000179
3859 -0.4150669045292995 77.18000000000178
3860 -0.405961253200391 77.20000000000178
3861 -0.39656945590962 77.22000000000178
3862 -0.3868981684694378 77.24000000000177
3863 -0.3769542823188108 77.26000000000177
3864 -0.3667449261455235 77.28000000000176
3865 -0.3562774258431676 77.30000000000176
3866 -0.3455593339955592 77.32000000000176
3867 -0.3345983939947593 77.34000000000175
3868 -0.3234025492573492 77.36000000000175
3869 -0.3119799444235385 77.38000000000174
3870 -0.3003388859887957 77.40000000000174
3871 -0.2884878333309496 77.42000000000174
3872 -0.2764354064944171 77.44000000000173
3873 -0.2641904052125387 77.46000000000173
3874 -0.2517617685311926 77.48000000000172
3875 -0.2391585624936126 77.50000000000172
3876 -0.2263899844031619 77.52000000000172
3877 -0.2134653505545821 77.54000000000171
3878 -0.2003940845116076 77.56000000000171
3879 -0.1871857073310616 77.5800000000017
3880 -0.1738498370473713 77.6000000000017
3881 -0.1603961592490255 77.6200000000017
3882 -0.1468344240813567 77.64000000000169
3883 -0.1331744497263644 77.66000000000169
3884 -0.1194261166969166 77.68000000000168
3885 -0.1055993414906261 77.70000000000168
3886 -0.09170408247492137 77.72000000000168
3887 -0.07775032169541993 77.74000000000167
3888 -0.06374804341314301 77.76000000000167
3889 -0.04970723873298514 77.78000000000166
3890 -0.03563790515893295 77.80000000000166
3891 -0.02155002669180058 77.82000000000166
3892 -0.007453584351206033 77.84000000000165
3893 0.006641464575985095 77.86000000000165
3894 0.02072522133293047 77.88000000000164
3895 0.0347878263068511 77.90000000000164
3896 0.04881944791463194 77.92000000000164
3897 0.06281031329833235 77.94000000000163
3898 0.07675071830650707 77.96000000000163
3899 0.0906310221506486 77.98000000000162
3900 0.1044416685197242 78.00000000000162
3901 0.1181731980005438 78.02000000000162
3902 0.1318162400798812 78.04000000000161
3903 0.1453615090332644 78.06000000000161
3904 0.1587998278332595 78.0800000000016
3905 0.1721221225007264 78.1000000000016
3906 0.1853194159689962 78.1200000000016
3907 0.1983828639077782 78.14000000000159
3908 0.211303760625804 78.16000000000159
3909 0.2240735113024627 78.18000000000158
3910 0.2366836467683782 78.20000000000158
3911 0.2491258401356993 78.22000000000158
3912 0.2613918964994277 78.24000000000157
3913 0.2734737562619415 78.26000000000157
3914 0.2853634884903721 78.28000000000156
3915 0.2970533102216699 78.30000000000156
3916 0.3085356027142572 78.32000000000156
3917 0.3198029039173981 78.34000000000155
3918 0.330847882607208 78.36000000000155
3919 0.3416633501665071 78.38000000000154
3920 0.3522422704064512 78.40000000000154
3921 0.3625777567344937 78.42000000000154
3922 0.3726630870889687 78.44000000000153
3923 0.3824917089201672 78.46000000000153
3924 0.3920572278440766 78.48000000000152
3925 0.4013534185074126 78.50000000000152
3926 0.4103742246583066 78.52000000000152
3927 0.4191137580119303 78.54000000000151
3928 0.4275662985879332 78.56000000000151
3929 0.4357262932968572 78.5800000000015
3930 0.4435883579607416 78.6000000000015
3931 0.4511472579567393 78.6200000000015
3932 0.4583979315595211 78.64000000000149
3933 0.4653355169368426 78.66000000000149
3934 0.4719553215384852 78.68000000000148
3935 0.4782528213221139 78.70000000000148
3936 0.4842236697054904 78.72000000000148
3937 0.4898637284100186 78.74000000000147
3938 0.4951690357804822 78.76000000000147
3939 0.5001358030999709 78.78000000000146
3940 0.5047604516001198 78.80000000000146
3941 0.5090396168164114 78.82000000000146
3942 0.5129701085173322 78.84000000000145
3943 0.516548964144135 78.86000000000145
3944 0.5197734399951587 78.88000000000144
3945 0.5226410153081096 78.90000000000144
3946 0.525149370364381 78.92000000000144
3947 0.5272963863602411 78.94000000000143
3948 0.5290801798985002 78.96000000000143
3949 0.5304990888199469 78.98000000000143
3950 0.5315516983552977 79.00000000000142
3951 0.5322368351723964 79.02000000000142
3952 0.5325535593306232 79.04000000000141
3953 0.5325011701009915 79.06000000000141
3954 0.5320792214443218 79.08000000000141
3955 0.5312875514273728 79.1000000000014
3956 0.5301262439572351 79.1200000000014
3957 0.5285956080123124 79.14000000000139
3958 0.5266962201889003 79.16000000000139
3959 0.5244289365529329 79.18000000000139
3960 0.5217948629527827 79.20000000000138
3961 0.5187953721720303 79.22000000000138
3962 0.5154321430433891 79.24000000000137
3963 0.5117071252059535 79.26000000000137
3964 0.5076225442804606 79.28000000000137
3965 0.5031808991435439 79.30000000000136
3966 0.498384975279204 79.32000000000136
3967 0.4932378261575295 79.34000000000135
3968 0.4877427703222051 79.36000000000135
3969 0.4819034033619951 79.38000000000135
3970 0.47572362154219 79.40000000000134
3971 0.4692075902587326 79.42000000000134
3972 0.4623597177864913 79.44000000000133
3973 0.4551846872194968 79.46000000000133
3974 0.4476874846198593 79.48000000000133
3975 0.4398733360492693 79.50000000000132
3976 0.4317477001211914 79.52000000000132
3977 0.4233162940526549 79.54000000000131
3978 0.414585083367619 79.56000000000131
3979 0.40556026225506 79.58000000000131
3980 0.3962482574968602 79.6000000000013
3981 0.3866557318351733 79.6200000000013
3982 0.3767895828759233 79.64000000000129
3983 0.3666569304632064 79.66000000000129
3984 0.356265107929904 79.68000000000129
3985 0.3456216530361291 79.70000000000128
3986 0.3347343092912048 79.72000000000128
3987 0.3236110039939507 79.74000000000127
3988 0.3122598287680282 79.76000000000127
3989 0.3006890534615354 79.78000000000127
3990 0.2889071464496035 79.80000000000126
3991 0.276922720297747 79.82000000000126
3992 0.2647445193103519 79.84000000000125
3993 0.2523814392171471 79.86000000000125
3994 0.2398425155492919 79.88000000000125
3995 0.2271368997118499 79.90000000000124
3996 0.2142738627011391 79.92000000000124
3997 0.20126279015534 79.94000000000123
3998 0.1881131661979694 79.96000000000123
3999 0.1748345709533219 79.98000000000123
4000 0.1614366641567115 80.00000000000122
4001 0.1479291736978301 80.02000000000122
4002 0.1343218959928652 80.04000000000121
4003 0.1206246895415099 80.06000000000121
4004 0.1068474577956531 80.08000000000121
4005 0.09300013135395838 80.1000000000012
4006 0.07909266535080255 80.1200000000012
4007 0.06513503653161551 80.14000000000119
4008 0.05113722862988176 80.16000000000119
4009 0.03710921603267136 80.18000000000119
4010 0.02306097696757007 80.20000000000118
4011 0.009002477572972078 80.22000000000118
4012 -0.005056367252325659 80.24000000000117
4013 -0.0191056820395517 80.26000000000117
4014 -0.03313561456139091 80.28000000000117
4015 -0.04713636047471772 80.30000000000116
4016 -0.06109817296193778 80.32000000000116
4017 -0.07501136517840412 80.34000000000115
4018 -0.08886631965892904 80.36000000000115
4019 -0.1026535018420071 80.38000000000115
4020 -0.1163634633754896 80.40000000000114
4021 -0.1299868391170935 80.42000000000114
4022 -0.143514346624611 80.44000000000113
4023 -0.156936799010993 80.46000000000113
4024 -0.1702451290350304 80.48000000000113
4025 -0.1834303901039631 80.50000000000112
4026 -0.1964837492654296 80.52000000000112
4027 -0.2093964988701433 80.54000000000111
4028 -0.2221600549715855 80.56000000000111
4029 -0.2347659540218217 80.58000000000111
4030 -0.2472058536777315 80.6000000000011
4031 -0.2594715521493308 80.6200000000011
4032 -0.2715549960936127 80.64000000000109
4033 -0.2834482735087298 80.66000000000109
4034 -0.2951436157335277 80.68000000000109
4035 -0.3066333990893136 80.70000000000108
4036 -0.317910127641251 80.72000000000108
4037 -0.3289664633477903 80.74000000000107
4038 -0.3397952130149388 80.76000000000107
4039 -0.3503893264876888 80.78000000000107
4040 -0.360741915046745 80.80000000000106
4041 -0.3708462355390171 80.82000000000106
4042 -0.3806957109975215 80.84000000000106
4043 -0.3902839343698724 80.86000000000105
4044 -0.3996046542214544 80.88000000000105
4045 -0.408651781461102 80.90000000000104
4046 -0.4174193875182296 80.92000000000104
4047 -0.4259017044573575 80.94000000000104
4048 -0.4340931169001855 80.96000000000103
4049 -0.4419882087404123 80.98000000000103
4050 -0.4495817413114049 81.00000000000102
4051 -0.4568686419906917 81.02000000000102
4052 -0.4638440034814433 81.04000000000102
4053 -0.4705031084719574 81.06000000000101
4054 -0.4768414107913995 81.08000000000101
4055 -0.4828545360932608 81.100000000001
4056 -0.4885383033066679 81.120000000001
4057 -0.4938887322275493 81.140000000001
4058 -0.4989019905336625 81.16000000000099
4059 -0.5035744480473295 81.18000000000099
4060 -0.5079027010701297 81.20000000000098
4061 -0.5118835404160759 81.22000000000098
4062 -0.5155139271414816 81.24000000000098
4063 -0.5187910310182327 81.26000000000097
4064 -0.5217122310626016 81.28000000000097
4065 -0.5242751558397569 81.30000000000096
4066 -0.5264776609615047 81.32000000000096
4067 -0.5283177973703348 81.34000000000096
4068 -0.5297938450083211 81.36000000000095
4069 -0.5309043369083642 81.38000000000095
4070 -0.5316480154960487 81.40000000000094
4071 -0.5320238839134077 81.42000000000094
4072 -0.5320311935390332 81.44000000000094
4073 -0.5316694375571811 81.46000000000093
4074 -0.5309383683359993 81.48000000000093
4075 -0.5298380300815468 81.50000000000092
4076 -0.5283687144093845 81.52000000000092
4077 -0.526530955582926 81.54000000000092
4078 -0.5243255510224146 81.56000000000091
4079 -0.5217535878037002 81.58000000000091
4080 -0.5188164473332414 81.6000000000009
4081 -0.515515783531882 81.6200000000009
4082 -0.5118534987810458 81.6400000000009
4083 -0.5078317630000604 81.66000000000089
4084 -0.5034530587169944 81.68000000000089
4085 -0.4987201563266398 81.70000000000088
4086 -0.4936360806660504 81.72000000000088
4087 -0.4882041104935215 81.74000000000088
4088 -0.4824278091990716 81.76000000000087
4089 -0.4763110251354665 81.78000000000087
4090 -0.4698578697574901 81.80000000000086
4091 -0.4630727242509806 81.82000000000086
4092 -0.455960225570659 81.84000000000086
4093 -0.4485252774743814 81.86000000000085
4094 -0.4407730420797958 81.88000000000085
4095 -0.4327089358868358 81.90000000000084
4096 -0.4243386364995339 81.92000000000084
4097 -0.4156680943786506 81.94000000000084
4098 -0.4067034887185301 81.96000000000083
4099 -0.3974512101500836 81.98000000000083
4100 -0.3879178940447593 82.00000000000082
4101 -0.3781104260270472 82.02000000000082
4102 -0.3680359012723705 82.04000000000082
4103 -0.3577016108018176 82.06000000000081
4104 -0.347115075222579 82.08000000000081
4105 -0.3362840251940311 82.1000000000008
4106 -0.3252163536547617 82.1200000000008
4107 -0.3139201263997796 82.1400000000008
4108 -0.3024035972075385 82.16000000000079
4109 -0.2906752083785571 82.18000000000079
4110 -0.2787435447051797 82.20000000000078
4111 -0.2666173543390024 82.22000000000078
4112 -0.254305540453357 82.24000000000078
4113 -0.2418171393624582 82.26000000000077
4114 -0.2291613013537392 82.28000000000077
4115 -0.2163472864728205 82.30000000000076
4116 -0.2033844660041853 82.32000000000076
4117 -0.1902823244332984 82.34000000000076
4118 -0.1770504313346778 82.36000000000075
4119 -0.1636984270553341 82.38000000000075
4120 -0.1502360291243413 82.40000000000074
4121 -0.1366730304326549 82.42000000000074
4122 -0.1230192689285008 82.44000000000074
4123 -0.1092846211784673 82.46000000000073
4124 -0.09547899796497174 82.48000000000073
4125 -0.08161233858002534 82.50000000000072
4126 -0.06769460873595061 82.52000000000072
4127 -0.05373578781246238 82.54000000000072
4128 -0.03974584014828136 82.56000000000071
4129 -0.0257347105447029 82.58000000000071
4130 -0.01171233878370746 82.6000000000007
4131 0.002311355336896893 82.6200000000007
4132 0.01632649267117599 82.6400000000007
4133 0.0303232298761911 82.66000000000069
4134 0.04429175546024826 82.68000000000069
4135 0.05822231808652747 82.70000000000068
4136 0.07210524281618057 82.72000000000068
4137 0.08593091662675638 82.74000000000068
4138 0.0996897979029391 82.76000000000067
4139 0.1133724391245133 82.78000000000067
4140 0.1269694784156832 82.80000000000067
4141 0.1404716448638525 82.82000000000066
4142 0.153869761284336 82.84000000000066
4143 0.1671547539313031 82.86000000000065
4144 0.1803176752844793 82.88000000000065
4145 0.1933496990293083 82.90000000000065
4146 0.2062421048602587 82.92000000000064
4147 0.218986295658002 82.94000000000064
4148 0.2315738060220263 82.96000000000063
4149 0.2439962934775224 82.98000000000063
4150 0.2562455523905421 83.00000000000063
4151 0.2683135233450232 83.02000000000062
4152 0.2801922771261695 83.04000000000062
4153 0.2918740324981446 83.06000000000061
4154 0.3033511627943316 83.08000000000061
4155 0.3146161827738631 83.10000000000061
4156 0.325661754837006 83.1200000000006
4157 0.3364806950059135 83.1400000000006
4158 0.3470659651618969 83.16000000000059
4159 0.3574106648957259 83.18000000000059
4160 0.3675080623034146 83.20000000000059
4161 0.3773516062893787 83.22000000000058
4162 0.3869348969782023 83.24000000000058
4163 0.3962517081986898 83.26000000000057
4164 0.4052959878465622 83.28000000000057
4165 0.4140618403734104 83.30000000000057
4166 0.4225435275983504 83.32000000000056
4167 0.4307354915387056 83.34000000000056
4168 0.4386323315634942 83.36000000000055
4169 0.4462288097513259 83.38000000000055
4170 0.4535198674393355 83.40000000000055
4171 0.4605006162969141 83.42000000000054
4172 0.4671663452760283 83.44000000000054
4173 0.4735125042429478 83.46000000000053
4174 0.4795347361855361 83.48000000000053
4175 0.4852288974650435 83.50000000000053
4176 0.4905909908456125 83.52000000000052
4177 0.4956172028215418 83.54000000000052
4178 0.5003039612971574 83.56000000000051
4179 0.5046478844570306 83.58000000000051
4180 0.5086457741686348 83.60000000000051
4181 0.5122946581472204 83.6200000000005
4182 0.5155917673054949 83.6400000000005
4183 0.5185345319857049 83.66000000000049
4184 0.5211206041289643 83.68000000000049
4185 0.5233478667973323 83.70000000000049
4186 0.5252144028299894 83.72000000000048
4187 0.526718525211389 83.74000000000048
4188 0.5278587866494858 83.76000000000047
4189 0.5286339785311972 83.78000000000047
4190 0.5290431282237599 83.80000000000047
4191 0.5290854958711685 83.82000000000046
4192 0.5287605934001928 83.84000000000046
4193 0.5280682116635524 83.86000000000045
4194 0.5270083827725983 83.88000000000045
4195 0.5255813672150635 83.90000000000045
4196 0.5237876894954636 83.92000000000044
4197 0.5216281510154764 83.94000000000044
4198 0.5191038022253115 83.96000000000043
4199 0.5162159575781606 83.98000000000043
4200 0.512966230143024 84.00000000000043
4201 0.5093565059952507 84.02000000000042
4202 0.5053889205275665 84.04000000000042
4203 0.5010658954721084 84.06000000000041
4204 0.4963901437173411 84.08000000000041
4205 0.4913646268734702 84.10000000000041
4206 0.4859925671693152 84.1200000000004
4207 0.4802774783449157 84.1400000000004
4208 0.4742231747333862 84.16000000000039
4209 0.467833723365033 84.18000000000039
4210 0.4611134455004909 84.20000000000039
4211 0.4540669410100067 84.22000000000038
4212 0.446699098255259 84.24000000000038
4213 0.4390150353330298 84.26000000000037
4214 0.4310200974358679 84.28000000000037
4215 0.4227198838967695 84.30000000000037
4216 0.4141202417196876 84.32000000000036
4217 0.4052272400486065 84.34000000000036
4218 0.3960471805231228 84.36000000000035
4219 0.3865866228526909 84.38000000000035
4220 0.3768523419394712 84.40000000000035
4221 0.3668513349060576 84.42000000000034
4222 0.3565908185503631 84.44000000000034
4223 0.3460782097102705 84.46000000000033
4224 0.3353211288541454 84.48000000000033
4225 0.3243273786693288 84.50000000000033
4226 0.3131049302773812 84.52000000000032
4227 0.3016619362819434 84.54000000000032
4228 0.29000674043083 84.56000000000031
4229 0.2781478466334893 84.58000000000031
4230 0.2660938749289956 84.60000000000031
4231 0.2538535923358829 84.6200000000003
4232 0.2414359150316344 84.6400000000003
4233 0.2288498854318239 84.6600000000003
4234 0.2161046610214105 84.68000000000029
4235 0.2032095168789004 84.70000000000029
4236 0.1901738327779889 84.72000000000028
4237 0.177007077884828 84.74000000000028
4238 0.1637188120234386 84.76000000000028
4239 0.1503186691871964 84.78000000000027
4240 0.1368163477194156 84.80000000000027
4241 0.1232216084668146 84.82000000000026
4242 0.1095442567906965 84.84000000000026
4243 0.09579412723906199 84.86000000000026
4244 0.08198109261904558 84.88000000000025
4245 0.06811505234936169 84.90000000000025
4246 0.05420591059771483 84.92000000000024
4247 0.04026357743600367 84.94000000000024
4248 0.02629796086430031 84.96000000000024
4249 0.01231893351165142 84.98000000000023
4250 -0.001663658114013547 85.00000000000023
4251 -0.01563997592267527 85.02000000000022
4252 -0.02960022262310708 85.04000000000022
4253 -0.0435346549150408 85.06000000000022
4254 -0.05743357378007415 85.08000000000021
4255 -0.07128733841015722 85.10000000000021
4256 -0.0850863852175411 85.1200000000002
4257 -0.09882122771726524 85.1400000000002
4258 -0.1124824497880813 85.1600000000002
4259 -0.1260607164569544 85.18000000000019
4260 -0.139546776885677 85.20000000000019
4261 -0.1529314721463893 85.22000000000018
4262 -0.166205757165621 85.24000000000018
4263 -0.1793607063343932 85.26000000000018
4264 -0.1923875063985475 85.28000000000017
4265 -0.2052774478268582 85.30000000000017
4266 -0.2180219412412066 85.32000000000016
4267 -0.2306125304785891 85.34000000000016
4268 -0.2430408907876427 85.36000000000016
4269 -0.2552988188603069 85.38000000000015
4270 -0.2673782486048586 85.40000000000015
4271 -0.2792712677018614 85.42000000000014
4272 -0.2909701065184492 85.44000000000014
4273 -0.3024671243344528 85.46000000000014
4274 -0.3137548204832865 85.48000000000013
4275 -0.3248258368219218 85.50000000000013
4276 -0.3356729570612454 85.52000000000012
4277 -0.3462891318057332 85.54000000000012
4278 -0.356667456434756 85.56000000000012
4279 -0.3668011795892919 85.58000000000011
4280 -0.3766837262035103 85.60000000000011
4281 -0.3863086858024387 85.6200000000001
4282 -0.3956697906827478 85.6400000000001
4283 -0.4047609308965254 85.6600000000001
4284 -0.4135761512181108 85.68000000000009
4285 -0.4221096633327288 85.70000000000009
4286 -0.4303558465323193 85.72000000000008
4287 -0.4383092600054146 85.74000000000008
4288 -0.445964629744833 85.76000000000008
4289 -0.4533168566290327 85.78000000000007
4290 -0.4603610154590583 85.80000000000007
4291 -0.4670923482211341 85.82000000000006
4292 -0.4735062723749343 85.84000000000006
4293 -0.4795983834581469 85.86000000000006
4294 -0.4853644591167601 85.88000000000005
4295 -0.4908004558095077 85.90000000000005
4296 -0.4959024956273642 85.92000000000004
4297 -0.5006668891328933 85.94000000000004
4298 -0.5050901613964049 85.96000000000004
4299 -0.5091690404591767 85.98000000000003
4300 -0.5129004343819362 86.00000000000003
4301 -0.5162814464384357 86.02000000000002
4302 -0.5193094009631144 86.04000000000002
4303 -0.5219818635100677 86.06000000000002
4304 -0.5242966144644671 86.08000000000001
4305 -0.5262516343700163 86.10000000000001
4306 -0.5278451055424397 86.12
4307 -0.5290754655636288 86.14
4308 -0.5299413886200197 86.16
4309 -0.5304417863968408 86.17999999999999
4310 -0.5305758210709405 86.19999999999999
4311 -0.5303428882226574 86.21999999999998
4312 -0.5297426470395358 86.23999999999998
4313 -0.5287750340754209 86.25999999999998
4314 -0.5274402281561179 86.27999999999997
4315 -0.5257386417926315 86.29999999999997
4316 -0.5236709536544767 86.31999999999996
4317 -0.5212381361183042 86.33999999999996
4318 -0.5184414466340275 86.35999999999996
4319 -0.5152824069268682 86.37999999999995
4320 -0.5117627952637761 86.39999999999995
4321 -0.5078846596026919 86.41999999999994
4322 -0.5036503446926802 86.43999999999994
4323 -0.499062483784746 86.45999999999994
4324 -0.4941239642591537 86.47999999999993
4325 -0.4888379337948774 86.49999999999993
4326 -0.4832078214972583 86.51999999999992
4327 -0.4772373393425894 86.53999999999992
4328 -0.4709304454753779 86.55999999999992
4329 -0.4642913837161571 86.57999999999991
4330 -0.4573246644085309 86.59999999999991
4331 -0.4500350535055941 86.61999999999991
4332 -0.4424275588137194 86.6399999999999
4333 -0.4345074531607851 86.6599999999999
4334 -0.4262802868402355 86.67999999999989
4335 -0.4177518536923489 86.69999999999989
4336 -0.4089281779220948 86.71999999999989
4337 -0.3998155317328142 86.73999999999988
4338 -0.3904204256798205 86.75999999999988
4339 -0.3807495853077238 86.77999999999987
4340 -0.3708099710902119 86.79999999999987
4341 -0.3606087572998788 86.81999999999987
4342 -0.3501533217235041 86.83999999999986
4343 -0.3394512488792578 86.85999999999986
4344 -0.3285103243010992 86.87999999999985
4345 -0.3173384994195584 86.89999999999985
4346 -0.305943911761185 86.91999999999985
4347 -0.2943348817621766 86.93999999999984
4348 -0.28251988411511 86.95999999999984
4349 -0.2705075450252153 86.97999999999983
4350 -0.2583066571364261 86.99999999999983
4351 -0.2459261549142878 87.01999999999983
4352 -0.2333750891943797 87.03999999999982
4353 -0.2206626247854603 87.05999999999982
4354 -0.2077980445032526 87.07999999999981
4355 -0.1947907325713913 87.09999999999981
4356 -0.1816501745257725 87.11999999999981
4357 -0.168385942533965 87.1399999999998
4358 -0.155007673336417 87.1599999999998
4359 -0.1415250651380473 87.17999999999979
4360 -0.1279478827061034 87.19999999999979
4361 -0.1142859357152577 87.21999999999979
4362 -0.1005490649858324 87.23999999999978
4363 -0.08674714239519789 87.25999999999978
4364 -0.07289007144094345 87.27999999999977
4365 -0.05898778138780029 87.29999999999977
4366 -0.04505019257941786 87.31999999999977
4367 -0.0310872146997066 87.33999999999976
4368 -0.01710875656899883 87.35999999999976
4369 -0.003124698878900157 87.37999999999975
4370 0.01085511473111327 87.39999999999975
4371 0.02482086504072304 87.41999999999975
4372 0.03876277060375891 87.43999999999974
4373 0.05267110808055461 87.45999999999974
4374 0.06653622153505877 87.47999999999973
4375 0.08034851593518932 87.49999999999973
4376 0.09409846256111948 87.51999999999973
4377 0.107776617777553 87.53999999999972
4378 0.1213736186854962 87.55999999999972
4379 0.1348801882018109 87.57999999999971
4380 0.1482871515261624 87.59999999999971
4381 0.1615854384421224 87.61999999999971
4382 0.1747660779442651 87.6399999999997
4383 0.1878202032546822 87.6599999999997
4384 0.2007390718664475 87.67999999999969
4385 0.2135140682771618 87.69999999999969
4386 0.2261366935511299 87.71999999999969
4387 0.2385985767287123 87.73999999999968
4388 0.2508914924658315 87.75999999999968
4389 0.2630073528843887 87.77999999999967
4390 0.2749381968815732 87.79999999999967
4391 0.2866762076365841 87.81999999999967
4392 0.2982137273426393 87.83999999999966
4393 0.3095432315226471 87.85999999999966
4394 0.3206573372262718 87.87999999999965
4395 0.331548822367398 87.89999999999965
4396 0.3422106170385881 87.91999999999965
4397 0.3526357901942142 87.93999999999964
4398 0.362817569473165 87.95999999999964
4399 0.3727493434362257 87.97999999999963
4400 0.382424658813068 87.99999999999963
4401 0.3918372316102864 88.01999999999963
4402 0.4009809553963308 88.03999999999962
4403 0.4098498778290805 88.05999999999962
4404 0.4184381999517722 88.07999999999961
4405 0.4267403047791941 88.09999999999961
4406 0.434750731812401 88.11999999999961
4407 0.4424641725296453 88.1399999999996
4408 0.4498755010405082 88.1599999999996
4409 0.4569797634096674 88.17999999999959
4410 0.4637721793099872 88.19999999999959
4411 0.4702481263713725 88.21999999999959
4412 0.4764031732427606 88.23999999999958
4413 0.4822331091114286 88.25999999999958
4414 0.4877338679133108 88.27999999999957
4415 0.4929015556249002 88.29999999999957
4416 0.4977325229728883 88.31999999999957
4417 0.5022232941503864 88.33999999999956
4418 0.5063705704213675 88.35999999999956
4419 0.510171289516166 88.37999999999955
4420 0.5136225949151426 88.39999999999955
4421 0.516721817824066 88.41999999999955
4422 0.5194665123134902 88.43999999999954
4423 0.5218544537485867 88.45999999999954
4424 0.5238836114730332 88.47999999999954
4425 0.5255521731362086 88.49999999999953
4426 0.5268585846916999 88.51999999999953
4427 0.5278015349823436 88.53999999999952
4428 0.5283799202842283 88.55999999999952
4429 0.5285928781480042 88.57999999999952
4430 0.5284397885730385 88.59999999999951
4431 0.5279202931858393 88.61999999999951
4432 0.5270343046767658 88.6399999999995
4433 0.5257819558340274 88.6599999999995
4434 0.5241636289822811 88.6799999999995
4435 0.5221799664189215 88.69999999999949
4436 0.5198318827145696 88.71999999999949
4437 0.51712054390121 88.73999999999948
4438 0.5140474079720839 88.75999999999948
4439 0.5106142029961384 88.77999999999948
4440 0.506822919740199 88.79999999999947
4441 0.5026758146746175 88.81999999999947
4442 0.4981754503631216 88.83999999999946
4443 0.4933246474042902 88.85999999999946
4444 0.4881264817040719 88.87999999999946
4445 0.4825842972969545 88.89999999999945
4446 0.4767017430052992 88.91999999999945
4447 0.4704827454956869 88.93999999999944
4448 0.4639314756243348 88.95999999999944
4449 0.4570523763312294 88.97999999999944
4450 0.4498501748303788 88.99999999999943
4451 0.4423298532594118 89.01999999999943
4452 0.4344966085604772 89.03999999999942
4453 0.426355880840875 89.05999999999942
4454 0.4179133777051947 89.07999999999942
4455 0.4091750244729035 89.09999999999941
4456 0.400146967209452 89.11999999999941
4457 0.3908356116792246 89.1399999999994
4458 0.381247596164949 89.1599999999994
4459 0.3713897805196042 89.1799999999994
4460 0.3612692470555119 89.19999999999939
4461 0.3508932890674054 89.21999999999939
4462 0.3402693990300354 89.23999999999938
4463 0.3294052651084037 89.25999999999938
4464 0.3183087572832148 89.27999999999938
4465 0.306987913491942 89.29999999999937
4466 0.2954509572759251 89.31999999999937
4467 0.2837062948729416 89.33999999999936
4468 0.2717624663412365 89.35999999999936
4469 0.2596281363599439 89.37999999999936
4470 0.2473121262234924 89.39999999999935
4471 0.2348233934332748 89.41999999999935
4472 0.222171010436103 89.43999999999934
4473 0.2093641638060468 89.45999999999934
4474 0.1964121577223108 89.47999999999934
4475 0.183324395582811 89.49999999999933
4476 0.1701103714253257 89.51999999999933
4477 0.1567796621263404 89.53999999999932
4478 0.1433419143203168 89.55999999999932
4479 0.1298068329922928 89.57999999999932
4480 0.1161841815714643 89.59999999999931
4481 0.1024837601833611 89.61999999999931
4482 0.08871539886757593 89.6399999999993
4483 0.07488895877196772 89.6599999999993
4484 0.06101432262133286 89.6799999999993
4485 0.04710137556533957 89.69999999999929
4486 0.03316000797483462 89.71999999999929
4487 0.01920010094183607 89.73999999999928
4488 0.00523149995593639 89.75999999999928
4489 -0.008735974963977624 89.77999999999928
4490 -0.0226925202424194 89.79999999999927
4491 -0.03662837257774618 89.81999999999927
4492 -0.05053382288096936 89.83999999999926
4493 -0.06439921528125896 89.85999999999926
4494 -0.07821495560395224 89.87999999999926
4495 -0.09197152989013126 89.89999999999925
4496 -0.1056595029956794 89.91999999999925
4497 -0.1192695110423729 89.93999999999924
4498 -0.1327922735199991 89.95999999999924
4499 -0.1462185996470552 89.97999999999924
4500 -0.1595393931889438 89.99999999999923
4501 -0.1727456691582698 90.01999999999923
4502 -0.1858285652542626 90.03999999999922
4503 -0.1987793247689369 90.05999999999922
4504 -0.2115892990962418 90.07999999999922
4505 -0.2242499706776897 90.09999999999921
4506 -0.2367529576301245 90.11999999999921
4507 -0.2490900132198354 90.1399999999992
4508 -0.2612530106021498 90.1599999999992
4509 -0.273233961525753 90.1799999999992
4510 -0.2850250349807721 90.19999999999919
4511 -0.2966185315343688 90.21999999999919
4512 -0.3080068828724053 90.23999999999918
4513 -0.3191826650521706 90.25999999999918
4514 -0.3301386011212104 90.27999999999918
4515 -0.3408675562400283 90.29999999999917
4516 -0.3513625479951124 90.31999999999917
4517 -0.3616167590615613 90.33999999999916
4518 -0.3716235387305865 90.35999999999916
4519 -0.3813763907361059 90.37999999999916
4520 -0.3908689735764611 90.39999999999915
4521 -0.400095106641255 90.41999999999915
4522 -0.4090487573655816 90.43999999999915
4523 -0.4177240513719233 90.45999999999914
4524 -0.4261152855260236 90.47999999999914
4525 -0.4342169318630739 90.49999999999913
4526 -0.4420236293069436 90.51999999999913
4527 -0.4495301863350219 90.53999999999913
4528 -0.456731598305072 90.55999999999912
4529 -0.4636230220218367 90.57999999999912
4530 -0.4701997827363712 90.59999999999911
4531 -0.4764573893712714 90.61999999999911
4532 -0.482391521544345 90.63999999999911
4533 -0.4879980373422343 90.6599999999991
4534 -0.4932729716391958 90.6799999999991
4535 -0.4982125255598296 90.69999999999909
4536 -0.5028131141324581 90.71999999999909
4537 -0.5070713709841782 90.73999999999909
4538 -0.5109841074475695 90.75999999999908
4539 -0.5145483220379304 90.77999999999908
4540 -0.5177612129764408 90.79999999999907
4541 -0.5206202210719213 90.81999999999907
4542 -0.5231230177127926 90.83999999999907
4543 -0.5252674547472931 90.85999999999906
4544 -0.5270516040630548 90.87999999999906
4545 -0.5284737759653483 90.89999999999905
4546 -0.5295325073411873 90.91999999999905
4547 -0.5302265689126688 90.93999999999905
4548 -0.5305549970869418 90.95999999999904
4549 -0.5305170552945714 90.97999999999904
4550 -0.5301122427950591 90.99999999999903
4551 -0.5293403508308521 91.01999999999903
4552 -0.528201421794758 91.03999999999903
4553 -0.5266957260987446 91.05999999999902
4554 -0.5248237931573327 91.07999999999902
4555 -0.5225864287776544 91.09999999999901
4556 -0.5199847304953891 91.11999999999901
4557 -0.5170200650329595 91.13999999999901
4558 -0.5136940589154384 91.159999999999
4559 -0.5100086058316757 91.179999999999
4560 -0.5059658807419319 91.19999999999899
4561 -0.5015683541691268 91.21999999999899
4562 -0.4968187742345411 91.23999999999899
4563 -0.4917201364452171 91.25999999999898
4564 -0.4862757119458027 91.27999999999898
4565 -0.4804890503373703 91.29999999999897
4566 -0.4743639672762238 91.31999999999897
4567 -0.467904547255367 91.33999999999897
4568 -0.4611151525521895 91.35999999999896
4569 -0.4540004077070693 91.37999999999896
4570 -0.4465651728926275 91.39999999999895
4571 -0.438814571824394 91.41999999999895
4572 -0.4307539971709318 91.43999999999895
4573 -0.4223891016645986 91.45999999999894
4574 -0.4137257813851843 91.47999999999894
4575 -0.4047701606199381 91.49999999999893
4576 -0.3955286118087138 91.51999999999893
4577 -0.3860077400398303 91.53999999999893
4578 -0.3762143808099657 91.55999999999892
4579 -0.3661555856675059 91.57999999999892
4580 -0.3558386164521325 91.59999999999891
4581 -0.3452709403981306 91.61999999999891
4582 -0.3344602336453533 91.63999999999891
4583 -0.3234143470549277 91.6599999999989
4584 -0.3121413138222054 91.6799999999989
4585 -0.3006493500406744 91.69999999999889
4586 -0.2889468455809799 91.71999999999889
4587 -0.2770423418121941 91.73999999999889
4588 -0.2649445376245669 91.75999999999888
4589 -0.2526622794530221 91.77999999999888
4590 -0.2402045545971002 91.79999999999887
4591 -0.2275804637073702 91.81999999999887
4592 -0.2147992184513637 91.83999999999887
4593 -0.2018701404283623 91.85999999999886
4594 -0.1888026639540141 91.87999999999886
4595 -0.1756063103206575 91.89999999999885
4596 -0.1622906742737092 91.91999999999885
4597 -0.1488654150171047 91.93999999999885
4598 -0.13534026298017 91.95999999999884
4599 -0.1217249989249423 91.97999999999884
4600 -0.108029442932386 91.99999999999883
4601 -0.09426345017995602 92.01999999999883
4602 -0.08043690182185319 92.03999999999883
4603 -0.0665597126184313 92.05999999999882
4604 -0.05264180953153461 92.07999999999882
4605 -0.03869310335956018 92.09999999999881
4606 -0.02472349749900154 92.11999999999881
4607 -0.01074288769905527 92.13999999999881
4608 0.003238863223707342 92.1599999999988
4609 0.01721192726699883 92.1799999999988
4610 0.03116650620925002 92.19999999999879
4611 0.04509284514614408 92.21999999999879
4612 0.05898125238956155 92.23999999999879
4613 0.07282210358241924 92.25999999999878
4614 0.0866058346153662 92.27999999999878
4615 0.1003229550868713 92.29999999999878
4616 0.1139640549297684 92.31999999999877
4617 0.1275198095184915 92.33999999999877
4618 0.1409809874633388 92.35999999999876
4619 0.1543384620092852 92.37999999999876
4620 0.1675832131713179 92.39999999999876
4621 0.180706329253161 92.41999999999875
4622 0.1936989986040786 92.43999999999875
4623 0.2065525172417454 92.45999999999874
4624 0.2192583204364005 92.47999999999874
4625 0.2318079765109854 92.49999999999874
4626 0.2441931769959413 92.51999999999873
4627 0.2564057571061661 92.53999999999873
4628 0.2684376945675854 92.55999999999872
4629 0.2802810968115992 92.57999999999872
4630 0.2919282144225711 92.59999999999872
4631 0.3033714477789144 92.61999999999871
4632 0.3146033413721849 92.63999999999871
4633 0.325616588755909 92.6599999999987
4634 0.3364040388418141 92.6799999999987
4635 0.346958681712805 92.6999999999987
4636 0.3572736484461648 92.71999999999869
4637 0.3673422286628793 92.73999999999869
4638 0.3771578926212095 92.75999999999868
4639 0.3867142731692458 92.77999999999868
4640 0.3960051598609549 92.79999999999868
4641 0.4050245163998067 92.81999999999867
4642 0.4137664600708448 92.83999999999867
4643 0.4222252754873931 92.85999999999866
4644 0.4303954122922506 92.87999999999866
4645 0.4382714789698374 92.89999999999866
4646 0.4458482520141543 92.91999999999865
4647 0.4531206848846648 92.93999999999865
4648 0.4600839028124394 92.95999999999864
4649 0.4667332061457626 92.97999999999864
4650 0.4730640622504405 92.99999999999864
4651 0.4790721364259291 93.01999999999863
4652 0.4847532726005822 93.03999999999863
4653 0.4901034728910588 93.05999999999862
4654 0.4951189558987233 93.07999999999862
4655 0.4997961568926095 93.09999999999862
4656 0.504131681429139 93.11999999999861
4657 0.5081223373496008 93.13999999999861
4658 0.5117651507564487 93.1599999999986
4659 0.515057339460278 93.1799999999986
4660 0.5179963342745346 93.1999999999986
4661 0.52057979895461 93.21999999999859
4662 0.5228056037502481 93.23999999999859
4663 0.5246718060079235 93.25999999999858
4664 0.5261767071831562 93.27999999999858
4665 0.5273188627589113 93.29999999999858
4666 0.5280970509638757 93.31999999999857
4667 0.5285102751272275 93.33999999999857
4668 0.5285577751612512 93.35999999999856
4669 0.5282390460944139 93.37999999999856
4670 0.5275538518055075 93.39999999999856
4671 0.5265022052115153 93.41999999999855
4672 0.5250843459483771 93.43999999999855
4673 0.5233007669069104 93.45999999999854
4674 0.5211522355617657 93.47999999999854
4675 0.5186397709626689 93.49999999999854
4676 0.515764672895562 93.51999999999853
4677 0.5125285211563352 93.53999999999853
4678 0.5089331642206415 93.55999999999852
4679 0.5049807051496135 93.57999999999852
4680 0.5006735431637571 93.59999999999852
4681 0.4960143582688689 93.61999999999851
4682 0.4910060926371862 93.63999999999851
4683 0.4856519346553063 93.6599999999985
4684 0.4799553567328075 93.6799999999985
4685 0.473920144144252 93.6999999999985
4686 0.467550338538552 93.71999999999849
4687 0.4608502284691917 93.73999999999849
4688 0.4538243776728109 93.75999999999848
4689 0.4464776352427061 93.77999999999848
4690 0.4388150767261089 93.79999999999848
4691 0.4308419970810619 93.81999999999847
4692 0.4225639563239074 93.83999999999847
4693 0.413986767048959 93.85999999999846
4694 0.405116447363303 93.87999999999846
4695 0.3959592593726441 93.89999999999846
4696 0.3865217245345313 93.91999999999845
4697 0.376810590910898 93.93999999999845
4698 0.3668328144051922 93.95999999999844
4699 0.3565955650243436 93.97999999999844
4700 0.3461062332713014 93.99999999999844
4701 0.3353724075873227 94.01999999999843
4702 0.3244018590514364 94.03999999999843
4703 0.3132025318275288 94.05999999999842
4704 0.3017825455322256 94.07999999999842
4705 0.2901502131037252 94.09999999999842
4706 0.2783140066893462 94.11999999999841
4707 0.2662825171873502 94.13999999999841
4708 0.2540644824978021 94.1599999999984
4709 0.2416687894229299 94.1799999999984
4710 0.229104446251196 94.1999999999984
4711 0.2163805759573349 94.21999999999839
4712 0.2035064224124428 94.23999999999839
4713 0.1904913384786554 94.25999999999839
4714 0.177344770841681 94.27999999999838
4715 0.1640762551366136 94.29999999999838
4716 0.1506953997817066 94.31999999999837
4717 0.1372118794577565 94.33999999999837
4718 0.123635430133488 94.35999999999837
4719 0.109975835639559 94.37999999999836
4720 0.09624290865707047 94.39999999999836
4721 0.08244649463951265 94.41999999999835
4722 0.06859646901372543 94.43999999999835
4723 0.05470271942489525 94.45999999999835
4724 0.04077513260025001 94.47999999999834
4725 0.02682359850372543 94.49999999999834
4726 0.01285798648190866 94.51999999999833
4727 -0.001111867462937987 94.53999999999833
4728 -0.01507614505420549 94.55999999999833
4729 -0.02902505428662121 94.57999999999832
4730 -0.04294885340194782 94.59999999999832
4731 -0.05683785667778154 94.61999999999831
4732 -0.07068243321792922 94.63999999999831
4733 -0.08447302217042989 94.65999999999831
4734 -0.09820014309010984 94.6799999999983
4735 -0.1118543921636393 94.6999999999983
4736 -0.125426440224555 94.71999999999829
4737 -0.1389070482475587 94.73999999999829
4738 -0.1522870739727001 94.75999999999829
4739 -0.1655574642849053 94.77999999999828
4740 -0.1787092731080291 94.79999999999828
4741 -0.191733682344189 94.81999999999827
4742 -0.2046219916370509 94.83999999999827
4743 -0.2173656054575841 94.85999999999827
4744 -0.2299560599362585 94.87999999999826
4745 -0.2423850391145537 94.89999999999826
4746 -0.2546443467889778 94.91999999999825
4747 -0.2667259186526133 94.93999999999825
4748 -0.2786218331220698 94.95999999999825
4749 -0.290324318273514 94.97999999999824
4750 -0.3018257300479391 94.99999999999824
4751 -0.3131185662586661 95.01999999999823
4752 -0.3241954660069283 95.03999999999823
4753 -0.3350492239303937 95.05999999999823
4754 -0.345672763648319 95.07999999999822
4755 -0.3560591704840027 95.09999999999822
4756 -0.3662017062563748 95.11999999999821
4757 -0.3760937917879978 95.13999999999821
4758 -0.385728999818154 95.15999999999821
4759 -0.3951010621453952 95.1799999999982
4760 -0.4042038586028332 95.1999999999982
4761 -0.4130314294573587 95.21999999999819
4762 -0.4215779799940767 95.23999999999819
4763 -0.429837878327918 95.25999999999819
4764 -0.4378056721938868 95.27999999999818
4765 -0.4454760824032919 95.29999999999818
4766 -0.4528440054099632 95.31999999999817
4767 -0.4599045047531194 95.33999999999817
4768 -0.4666528140435943 95.35999999999817
4769 -0.4730843398776967 95.37999999999816
4770 -0.479194667925925 95.39999999999816
4771 -0.4849795610146879 95.41999999999815
4772 -0.4904349531589094 95.43999999999815
4773 -0.4955569567344189 95.45999999999815
4774 -0.50034187034891 95.47999999999814
4775 -0.5047862084115372 95.49999999999814
4776 -0.5088866870069543 95.51999999999813
4777 -0.5126402043646336 95.53999999999813
4778 -0.5160438484544114 95.55999999999813
4779 -0.5190949151845565 95.57999999999812
4780 -0.5217909652882233 95.59999999999812
4781 -0.5241297540680976 95.61999999999811
4782 -0.5261092344856644 95.63999999999811
4783 -0.5277275774810726 95.65999999999811
4784 -0.5289831888211528 95.6799999999981
4785 -0.5298747153456072 95.6999999999981
4786 -0.5304010605788652 95.71999999999809
4787 -0.5305613564907908 95.73999999999809
4788 -0.5303549756914048 95.75999999999809
4789 -0.5297815506720643 95.77999999999808
4790 -0.5288409926314316 95.79999999999808
4791 -0.5275334487071397 95.81999999999807
4792 -0.5258593038745779 95.83999999999807
4793 -0.5238192107116812 95.85999999999807
4794 -0.5214141099394072 95.87999999999806
4795 -0.5186452252073185 95.89999999999806
4796 -0.5155140475657467 95.91999999999805
4797 -0.512022323611795 95.93999999999805
4798 -0.5081720743638758 95.95999999999805
4799 -0.5039656157233965 95.97999999999804
4800 -0.4994055562561948 95.99999999999804
4801 -0.4944947494758198 96.01999999999803
4802 -0.4892363211977506 96.03999999999803
4803 -0.4836336711777801 96.05999999999803
4804 -0.4776904763454142 96.07999999999802
4805 -0.4714106782458427 96.09999999999802
4806 -0.4647984877006139 96.11999999999802
4807 -0.4578583926336092 96.13999999999801
4808 -0.4505951308621685 96.15999999999801
4809 -0.4430136781899149 96.179999999998
4810 -0.4351192841222118 96.199999999998
4811 -0.426917472727978 96.219999999998
4812 -0.4184140082097992 96.23999999999799
4813 -0.4096148888750442 96.25999999999799
4814 -0.400526360710356 96.27999999999798
4815 -0.3911549060037516 96.29999999999798
4816 -0.381507238857143 96.31999999999798
4817 -0.3715902983860078 96.33999999999797
4818 -0.3614112335232726 96.35999999999797
4819 -0.3509774022790803 96.37999999999796
4820 -0.3402963718841633 96.39999999999796
4821 -0.3293759084102397 96.41999999999796
4822 -0.3182239450429425 96.43999999999795
4823 -0.3068485973519093 96.45999999999795
4824 -0.2952581726258471 96.47999999999794
4825 -0.2834611332904526 96.49999999999794
4826 -0.2714660920087987 96.51999999999794
4827 -0.2592818172803125 96.53999999999793
4828 -0.2469172294612767 96.55999999999793
4829 -0.2343813686864581 96.57999999999792
4830 -0.2216833893987732 96.59999999999792
4831 -0.208832557600244 96.61999999999792
4832 -0.1958382483904184 96.63999999999791
4833 -0.1827099401023137 96.65999999999791
4834 -0.1694571914172062 96.6799999999979
4835 -0.1560896277363472 96.6999999999979
4836 -0.142616941683816 96.7199999999979
4837 -0.1290488921039577 96.73999999999789
4838 -0.1153952838691482 96.75999999999789
4839 -0.1016659547457675 96.77999999999788
4840 -0.08787077092516823 96.79999999999788
4841 -0.0740196331440539 96.81999999999788
4842 -0.06012246888956239 96.83999999999787
4843 -0.04618919528087568 96.85999999999787
4844 -0.032229719599321 96.87999999999786
4845 -0.01825394789472115 96.89999999999786
4846 -0.004271760603039663 96.91999999999786
4847 0.0097069946229528 96.93999999999785
4848 0.02367249716612605 96.95999999999785
4849 0.03761496515731047 96.97999999999784
4850 0.05152467112034288 96.99999999999784
4851 0.06539195540281158 97.01999999999784
4852 0.07920721910733484 97.03999999999783
4853 0.09296092699126263 97.05999999999783
4854 0.1066436249640007 97.07999999999782
4855 0.1202459414843642 97.09999999999782
4856 0.1337585907602837 97.11999999999782
4857 0.1471723906919244 97.13999999999781
4858 0.1604782608311162 97.15999999999781
4859 0.1736672283603525 97.1799999999978
4860 0.1867304326323145 97.1999999999978
4861 0.1996591120893577 97.2199999999978
4862 0.2124446161738732 97.23999999999779
4863 0.2250784387003776 97.25999999999779
4864 0.2375522061222147 97.27999999999778
4865 0.249857677537402 97.29999999999778
4866 0.2619867524667979 97.31999999999778
4867 0.2739314673640152 97.33999999999777
4868 0.285683993019112 97.35999999999777
4869 0.2972366516918099 97.37999999999776
4870 0.3085819058402411 97.39999999999776
4871 0.3197123706865 97.41999999999776
4872 0.3306208103481735 97.43999999999775
4873 0.3413001326651102 97.45999999999775
4874 0.3517433809480505 97.47999999999774
4875 0.361943772190384 97.49999999999774
4876 0.3718947105294274 97.51999999999774
4877 0.3815897269423935 97.53999999999773
4878 0.3910225007141387 97.55999999999773
4879 0.4001869128692147 97.57999999999772
4880 0.409077003934817 97.59999999999772
4881 0.4176869570619872 97.61999999999772
4882 0.4260111381748444 97.63999999999771
4883 0.4340440739092359 97.65999999999771
4884 0.4417804495174884 97.6799999999977
4885 0.4492151202060771 97.6999999999977
4886 0.4563431211845816 97.7199999999977
4887 0.4631596634084689 97.73999999999769
4888 0.4696601033825702 97.75999999999769
4889 0.4758399907549999 97.77999999999768
4890 0.4816950983515551 97.79999999999768
4891 0.4872213478481304 97.81999999999768
4892 0.4924148283166606 97.83999999999767
4893 0.4972718734589768 97.85999999999767
4894 0.5017889909653299 97.87999999999766
4895 0.5059628727341923 97.89999999999766
4896 0.5097904360744863 97.91999999999766
4897 0.5132688073860674 97.93999999999765
4898 0.5163952907608036 97.95999999999765
4899 0.5191674277175439 97.97999999999764
4900 0.5215829922190549 97.99999999999764
4901 0.5236399324200416 98.01999999999764
4902 0.5253364098414083 98.03999999999763
4903 0.5266708537076874 98.05999999999763
4904 0.5276419328143501 98.07999999999763
4905 0.5282485258643399 98.09999999999762
4906 0.5284897414578622 98.11999999999762
4907 0.5283649419879163 98.13999999999761
4908 0.5278737505463629 98.15999999999761
4909 0.5270160507013846 98.17999999999761
4910 0.5257919584722683 98.1999999999976
4911 0.5242018366417882 98.2199999999976
4912 0.5222463018172774 98.23999999999759
4913 0.5199262523596696 98.25999999999759
4914 0.5172428371965703 98.27999999999759
4915 0.5141974854663616 98.29999999999758
4916 0.5107919049202543 98.31999999999758
4917 0.5070280656808028 98.33999999999757
4918 0.50290820959315 98.35999999999757
4919 0.4984348794630732 98.37999999999757
4920 0.4936108734730092 98.39999999999756
4921 0.4884392496410869 98.41999999999756
4922 0.4829233283358094 98.43999999999755
4923 0.4770667358797173 98.45999999999755
4924 0.4708733830837164 98.47999999999755
4925 0.4643474201604577 98.49999999999754
4926 0.4574932680595519 98.51999999999754
4927 0.4503156326421318 98.53999999999753
4928 0.4428194723528959 98.55999999999753
4929 0.4350099630119733 98.57999999999753
4930 0.4268925239048927 98.59999999999752
4931 0.4184728410638034 98.61999999999752
4932 0.4097568228048966 98.63999999999751
4933 0.4007506021917088 98.65999999999751
4934 0.3914605655595412 98.67999999999751
4935 0.3818933389624476 98.6999999999975
4936 0.3720557692964829 98.7199999999975
4937 0.3619549229691671 98.73999999999749
4938 0.3515980804850131 98.75999999999749
4939 0.3409927239363224 98.77999999999749
4940 0.3301465325551792 98.79999999999748
4941 0.3190673642661226 98.81999999999748
4942 0.3077632453457617 98.83999999999747
4943 0.2962423841847698 98.85999999999747
4944 0.2845131757859998 98.87999999999747
4945 0.272584152732416 98.89999999999746
4946 0.2604639712558117 98.91999999999746
4947 0.2481614435716028 98.93999999999745
4948 0.2356855162864035 98.95999999999745
4949 0.2230452482973789 98.97999999999745
4950 0.2102498219285973 98.99999999999744
4951 0.1973085392268905 99.01999999999744
4952 0.1842307987457182 99.03999999999743
4953 0.1710260886585336 99.05999999999743
4954 0.1577039834833103 99.07999999999743
4955 0.1442741283542139 99.09999999999742
4956 0.130746225767097 99.11999999999742
4957 0.1171300345817708 99.13999999999741
4958 0.1034353537174811 99.15999999999741
4959 0.08967201298687555 99.17999999999741
4960 0.07584987286044763 99.1999999999974
4961 0.06197881767741089 99.2199999999974
4962 0.04806873851208386 99.23999999999739
4963 0.03412952945876674 99.25999999999739
4964 0.02017107170205644 99.27999999999739
4965 0.006203213859967512 99.29999999999738
4966 -0.007764215047824569 99.31999999999738
4967 -0.02172140325251402 99.33999999999737
4968 -0.03565858318051712 99.35999999999737
4969 -0.04956604159819294 99.37999999999737
4970 -0.06343411718777275 99.39999999999736
4971 -0.07725321004473897 99.41999999999736
4972 -0.09101379535953535 99.43999999999735
4973 -0.1047064281172658 99.45999999999735
4974 -0.1183217396316215 99.47999999999735
4975 -0.1318504415251778 99.49999999999734
4976 -0.1452833396057284 99.51999999999734
4977 -0.1586113270328078 99.53999999999733
4978 -0.1718253966405877 99.55999999999733
4979 -0.1849166686943184 99.57999999999733
4980 -0.1978763870396051 99.59999999999732
4981 -0.2106958927289898 99.61999999999732
4982 -0.2233666514320663 99.63999999999731
4983 -0.2358802708307842 99.65999999999731
4984 -0.2482284932740288 99.67999999999731
4985 -0.2604031801239753 99.6999999999973
4986 -0.2723963325635141 99.7199999999973
4987 -0.2842001022660798 99.73999999999729
4988 -0.2958067808228511 99.75999999999729
4989 -0.3072087844075817 99.77999999999729
4990 -0.318398675518349 99.79999999999728
4991 -0.3293691686659486 99.81999999999728
4992 -0.3401131153052041 99.83999999999727
4993 -0.3506235191078453 99.85999999999727
4994 -0.3608935527119633 99.87999999999727
4995 -0.3709165517356639 99.89999999999726
4996 -0.3806860105927873 99.91999999999726
4997 -0.3901955770426844 99.93999999999726
4998 -0.3994390557124641 99.95999999999725
4999 -0.4084104006365578 99.97999999999725
5000 -0.417103726547418 99.99999999999724
5001 -0.4255133210780521 100.0199999999972
5002 -0.4336336371808154 100.0399999999972
5003 -0.4414593071891308 100.0599999999972
5004 -0.4489851284254895 100.0799999999972
5005 -0.4562060801153423 100.0999999999972
5006 -0.4631173058456302 100.1199999999972
5007 -0.4697141230391405 100.1399999999972
5008 -0.475992024270768 100.1599999999972
5009 -0.4819466771042208 100.1799999999972
5010 -0.4875739304283834 100.1999999999972
5011 -0.4928697984618512 100.2199999999972
5012 -0.4978304726173987 100.2399999999972
5013 -0.5024523583618671 100.2599999999972
5014 -0.5067320745312986 100.2799999999972
5015 -0.5106664345356099 100.2999999999972
5016 -0.5142524125911047 100.3199999999972
5017 -0.517487204004607 100.3399999999972
5018 -0.5203682327432282 100.3599999999972
5019 -0.5228931525269086 100.3799999999972
5020 -0.5250598069961445 100.3999999999972
5021 -0.5268662552042639 100.4199999999972
5022 -0.5283107781474579 100.4399999999972
5023 -0.5293918975815221 100.4599999999972
5024 -0.5301083830331855 100.4799999999971
5025 -0.5304592473966742 100.4999999999971
5026 -0.5304437400934049 100.5199999999971
5027 -0.5300613472368867 100.5399999999971
5028 -0.5293118468890688 100.5599999999971
5029 -0.5281952589102402 100.5799999999971
5030 -0.5267118471330167 100.5999999999971
5031 -0.5248621214922996 100.6199999999971
5032 -0.5226468678649274 100.6399999999971
5033 -0.5200671676240736 100.6599999999971
5034 -0.517124375296947 100.6799999999971
5035 -0.513820106601256 100.6999999999971
5036 -0.5101562312479836 100.7199999999971
5037 -0.5061349173795662 100.7399999999971
5038 -0.5017586175168686 100.7599999999971
5039 -0.4970300643219595 100.7799999999971
5040 -0.4919522423220856 100.7999999999971
5041 -0.4865284084132491 100.8199999999971
5042 -0.4807620967801877 100.8399999999971
5043 -0.4746571100903028 100.8599999999971
5044 -0.4682175196575283 100.8799999999971
5045 -0.4614476749016068 100.8999999999971
5046 -0.4543521846726104 100.9199999999971
5047 -0.4469358991261236 100.9399999999971
5048 -0.4392039236110808 100.9599999999971
5049 -0.4311616396917834 100.979999999997
5050 -0.4228146945842829 100.999999999997
5051 -0.4141689680351507 101.019999999997
5052 -0.4052305715490515 101.039999999997
5053 -0.396005860791068 101.059999999997
5054 -0.3865014363529151 101.079999999997
5055 -0.3767241228441119 101.099999999997
5056 -0.3666809634755624 101.119999999997
5057 -0.356379205548592 101.139999999997
5058 -0.3458263051992774 101.159999999997
5059 -0.3350299298055349 101.179999999997
5060 -0.3239979274099316 101.199999999997
5061 -0.3127383182154167 101.219999999997
5062 -0.3012593120373533 101.239999999997
5063 -0.2895692929932904 101.259999999997
5064 -0.2776767974004481 101.279999999997
5065 -0.265590510193195 101.299999999997
5066 -0.2533192749581728 101.319999999997
5067 -0.2408720744553368 101.339999999997
5068 -0.2282580047948289 101.359999999997
5069 -0.2154862719066621 101.379999999997
5070 -0.2025661943420459 101.399999999997
5071 -0.1895072032486968 101.419999999997
5072 -0.1763188169072664 101.439999999997
5073 -0.1630106241583116 101.459999999997
5074 -0.1495922859287237 101.4799999999969
5075 -0.1360735265299709 101.4999999999969
5076 -0.1224641284038245 101.5199999999969
5077 -0.1087739116417979 101.5399999999969
5078 -0.09501272891483906 101.5599999999969
5079 -0.08119045965867144 101.5799999999969
5080 -0.06731702187455696 101.5999999999969
5081 -0.05340234003665998 101.6199999999969
5082 -0.03945632173180916 101.6399999999969
5083 -0.02548887719211178 101.6599999999969
5084 -0.01150990651868129 101.6799999999969
5085 0.002470727811655026 101.6999999999969
5086 0.01644319370502082 101.7199999999969
5087 0.03039768620688851 101.7399999999969
5088 0.04432444837292959 101.7599999999969
5089 0.05821378689906914 101.7799999999969
5090 0.07205607172878317 101.7999999999969
5091 0.08584173257965062 101.8199999999969
5092 0.09956127278483472 101.8399999999969
5093 0.1132052763768949 101.8599999999969
5094 0.1267644115479757 101.8799999999969
5095 0.1402294414313912 101.8999999999969
5096 0.1535912314926444 101.9199999999969
5097 0.1668407541321538 101.9399999999969
5098 0.1799690892334553 101.9599999999969
5099 0.1929674175287765 101.9799999999968
5100 0.2058270261946055 101.9999999999968
5101 0.2185393424037736 102.0199999999968
5102 0.2310959271284319 102.0399999999968
5103 0.2434884657748023 102.0599999999968
5104 0.2557087867032445 102.0799999999968
5105 0.2677488602551481 102.0999999999968
5106 0.2796007830879757 102.1199999999968
5107 0.2912567983402273 102.1399999999968
5108 0.3027092966535943 102.1599999999968
5109 0.3139508143639276 102.1799999999968
5110 0.3249740399709145 102.1999999999968
5111 0.3357718011475724 102.2199999999968
5112 0.3463370728219485 102.2399999999968
5113 0.3566629997356244 102.2599999999968
5114 0.3667428819005935 102.2799999999968
5115 0.3765701704845299 102.2999999999968
5116 0.38613847618372 102.3199999999968
5117 0.3954415753414323 102.3399999999968
5118 0.4044734205403816 102.3599999999968
5119 0.413228119959574 102.3799999999968
5120 0.4216999479605554 102.3999999999968
5121 0.4298833489114016 102.4199999999968
5122 0.4377729232713621 102.4399999999968
5123 0.4453634391406653 102.4599999999968
5124 0.4526498392171855 102.4799999999967
5125 0.4596272407260119 102.4999999999967
5126 0.46629092672449 102.5199999999967
5127 0.472636356482483 102.5399999999967
5128 0.478659190911767 102.5599999999967
5129 0.4843552585089203 102.5799999999967
5130 0.4897205594445372 102.5999999999967
5131 0.4947513029689071 102.6199999999967
5132 0.4994439133810483 102.6399999999967
5133 0.5037949873502418 102.6599999999967
5134 0.5078013251627388 102.6799999999967
5135 0.5114599381012663 102.6999999999967
5136 0.5147680287657848 102.7199999999967
5137 0.5177230281343249 102.7399999999967
5138 0.5203226013942406 102.7599999999967
5139 0.5225645921478543 102.7799999999967
5140 0.5244470537061128 102.7999999999967
5141 0.5259682762837876 102.8199999999967
5142 0.5271268034210989 102.8399999999967
5143 0.5279214039667675 102.8599999999967
5144 0.528351069627188 102.8799999999967
5145 0.5284150283259463 102.8999999999967
5146 0.528112763631545 102.9199999999967
5147 0.5274440336414775 102.9399999999967
5148 0.5264088357803816 102.9599999999967
5149 0.5250074060268659 102.9799999999967
5150 0.5232402241972346 102.9999999999966
5151 0.5211080445010029 103.0199999999966
5152 0.518611882433708 103.0399999999966
5153 0.5157530225056861 103.0599999999966
5154 0.5125330371969814 103.0799999999966
5155 0.5089537575743933 103.0999999999966
5156 0.5050172891170328 103.1199999999966
5157 0.5007260148285138 103.1399999999966
5158 0.4960826057949511 103.1599999999966
5159 0.4910899930571224 103.1799999999966
5160 0.4857513509918595 103.1999999999966
5161 0.4800701477209943 103.2199999999966
5162 0.474050151795751 103.2399999999966
5163 0.4676953993885861 103.2599999999966
5164 0.4610101652572886 103.2799999999966
5165 0.4539990049169046 103.2999999999966
5166 0.4466667531328713 103.3199999999966
5167 0.4390184759883344 103.3399999999966
5168 0.4310594602252359 103.3599999999966
5169 0.4227952540722552 103.3799999999966
5170 0.4142316608038633 103.3999999999966
5171 0.405374695125489 103.4199999999966
5172 0.3962306112789663 103.4399999999966
5173 0.3868059270968909 103.4599999999966
5174 0.377107369651667 103.4799999999966
5175 0.3671418882733986 103.4999999999965
5176 0.3569166557354996 103.5199999999965
5177 0.3464390526269291 103.5399999999965
5178 0.3357166561121326 103.5599999999965
5179 0.3247572350553516 103.5799999999965
5180 0.3135687285894418 103.5999999999965
5181 0.3021592478469036 103.6199999999965
5182 0.2905370956064403 103.6399999999965
5183 0.2787107396661149 103.6599999999965
5184 0.2666887696234634 103.6799999999965
5185 0.2544799136439206 103.6999999999965
5186 0.2420930519199635 103.7199999999965
5187 0.2295371899575404 103.7399999999965
5188 0.2168214447910634 103.7599999999965
5189 0.2039550575942977 103.7799999999965
5190 0.1909473764111869 103.7999999999965
5191 0.1778078470425897 103.8199999999965
5192 0.164546003283345 103.8399999999965
5193 0.1511714496640012 103.8599999999965
5194 0.1376938601355909 103.8799999999965
5195 0.1241229682678505 103.8999999999965
5196 0.1104685536896972 103.9199999999965
5197 0.09674042855596973 103.9399999999965
5198 0.08294843831626342 103.9599999999965
5199 0.06910245913171027 103.9799999999965
5200 0.0552123777086504 103.9999999999964
5201 0.04128808308754665 104.0199999999964
5202 0.02733946851416165 104.0399999999964
5203 0.01337640457152068 104.0599999999964
5204 -0.000591274934763819 104.0799999999964
5205 -0.01455375259372049 104.0999999999964
5206 -0.02850123246051746 104.1199999999964
5207 -0.04242397014330878 104.1399999999964
5208 -0.05631227923882175 104.1599999999964
5209 -0.07015652763566231 104.1799999999964
5210 -0.08394714990405588 104.1999999999964
5211 -0.09767466341428917 104.2199999999964
5212 -0.1113296612053245 104.2399999999964
5213 -0.1249028102057457 104.2599999999964
5214 -0.1383848665483567 104.2799999999964
5215 -0.1517666810999149 104.2999999999964
5216 -0.1650392002716548 104.3199999999964
5217 -0.1781934699466127 104.3399999999964
5218 -0.1912206692129506 104.3599999999964
5219 -0.2041120932970208 104.3799999999964
5220 -0.2168591399645688 104.3999999999964
5221 -0.229453341149087 104.4199999999964
5222 -0.2418863737593545 104.4399999999964
5223 -0.2541500411291442 104.4599999999964
5224 -0.2662362704509265 104.4799999999964
5225 -0.2781371334237773 104.4999999999963
5226 -0.2898448494581449 104.5199999999963
5227 -0.3013517749355128 104.5399999999963
5228 -0.31265039404713 104.5599999999963
5229 -0.3237333472180213 104.5799999999963
5230 -0.3345934190792413 104.5999999999963
5231 -0.3452235377983186 104.6199999999963
5232 -0.3556167876508863 104.6399999999963
5233 -0.3657664142033419 104.6599999999963
5234 -0.3756658244383214 104.6799999999963
5235 -0.3853085961546185 104.6999999999963
5236 -0.3946884536707858 104.7199999999963
5237 -0.4037992715491596 104.7399999999963
5238 -0.4126350798346591 104.7599999999963
5239 -0.421190079603959 104.7799999999963
5240 -0.4294586359732885 104.7999999999963
5241 -0.4374352862569201 104.8199999999963
5242 -0.4451147484845888 104.8399999999963
5243 -0.4524919107604913 104.8599999999963
5244 -0.4595618330862787 104.8799999999963
5245 -0.4663197402667897 104.8999999999963
5246 -0.4727610396129134 104.9199999999963
5247 -0.4788813057135937 104.9399999999963
5248 -0.4846762925132837 104.9599999999963
5249 -0.4901419318033473 104.9799999999963
5250 -0.4952743281179398 104.9999999999962
5251 -0.5000697736863698 105.0199999999962
5252 -0.5045247778772493 105.0399999999962
5253 -0.5086360505906803 105.0599999999962
5254 -0.5124004806498712 105.0799999999962
5255 -0.5158151536580021 105.0999999999962
5256 -0.5188773633361256 105.1199999999962
5257 -0.5215846568643977 105.1399999999962
5258 -0.523934779351899 105.1599999999962
5259 -0.5259256816213524 105.1799999999962
5260 -0.5275555290475905 105.1999999999962
5261 -0.5288227136713923 105.2199999999962
5262 -0.529725880377061 105.2399999999962
5263 -0.5302639312089175 105.2599999999962
5264 -0.5304359878735603 105.2799999999962
5265 -0.5302414109101419 105.2999999999962
5266 -0.5296798312829054 105.3199999999962
5267 -0.5287511426902827 105.3399999999962
5268 -0.5274554894739926 105.3599999999962
5269 -0.5257932483557042 105.3799999999962
5270 -0.5237650626987804 105.3999999999962
5271 -0.5213718694213187 105.4199999999962
5272 -0.5186148819374999 105.4399999999962
5273 -0.5154955818672644 105.4599999999962
5274 -0.5120157075030657 105.4799999999962
5275 -0.5081772738828154 105.4999999999961
5276 -0.5039825893385498 105.5199999999961
5277 -0.4994342497525989 105.5399999999961
5278 -0.4945351068144392 105.5599999999961
5279 -0.4892882767578044 105.5799999999961
5280 -0.4836971515270539 105.5999999999961
5281 -0.4777654002146145 105.6199999999961
5282 -0.4714969558632197 105.6399999999961
5283 -0.4648960230560225 105.6599999999961
5284 -0.4579670808255833 105.6799999999961
5285 -0.4507148603710213 105.6999999999961
5286 -0.4431443293125987 105.7199999999961
5287 -0.4352607276293887 105.7399999999961
5288 -0.4270695721648838 105.7599999999961
5289 -0.4185766182825559 105.7799999999961
5290 -0.4097878578612997 105.7999999999961
5291 -0.4007095298528588 105.8199999999961
5292 -0.3913481124790942 105.8399999999961
5293 -0.3817103072449895 105.8599999999961
5294 -0.3718030509084848 105.8799999999961
5295 -0.3616334871570916 105.8999999999961
5296 -0.3512089646637246 105.9199999999961
5297 -0.3405370444889918 105.9399999999961
5298 -0.329625487227556 105.9599999999961
5299 -0.3184822202671228 105.9799999999961
5300 -0.3071153550250896 105.999999999996
5301 -0.2955331886832401 106.019999999996
5302 -0.2837441819136321 106.039999999996
5303 -0.2717569415391645 106.059999999996
5304 -0.2595802283711877 106.079999999996
5305 -0.2472229587206512 106.099999999996
5306 -0.2346941722548524 106.119999999996
5307 -0.2220030174373774 106.139999999996
5308 -0.2091587574828744 106.159999999996
5309 -0.196170764427491 106.179999999996
5310 -0.1830485123937234 106.199999999996
5311 -0.1698015560032426 106.219999999996
5312 -0.1564395199507926 106.239999999996
5313 -0.142972094396812 106.259999999996
5314 -0.1294090332966156 106.279999999996
5315 -0.1157601399974145 106.299999999996
5316 -0.1020352493546215 106.319999999996
5317 -0.08824422501290434 106.339999999996
5318 -0.07439696637397575 106.359999999996
5319 -0.0605033991264324 106.379999999996
5320 -0.0465734374679016 106.399999999996
5321 -0.03261698888615669 106.419999999996
5322 -0.01864396079372039 106.439999999996
5323 -0.004664233197473187 106.459999999996
5324 0.009312345800130142 106.479999999996
5325 0.02327595455282674 106.4999999999959
5326 0.03721681185525135 106.5199999999959
5327 0.05112519121668322 106.5399999999959
5328 0.06499142997939161 106.5599999999959
5329 0.07880592839946535 106.5799999999959
5330 0.09255914948039634 106.5999999999959
5331 0.106241636955121 106.6199999999959
5332 0.1198440174035956 106.6399999999959
5333 0.1333570032796148 106.6599999999959
5334 0.1467714097891702 106.6799999999959
5335 0.1600781526223586 106.6999999999959
5336 0.1732682566946843 106.7199999999959
5337 0.1863328572238115 106.7399999999959
5338 0.1992631896816165 106.7599999999959
5339 0.2120505998922388 106.7799999999959
5340 0.2246865796304551 106.7999999999959
5341 0.2371627521197915 106.8199999999959
5342 0.2494708734354198 106.8399999999959
5343 0.2616028413608916 106.8599999999959
5344 0.2735506884215181 106.8799999999959
5345 0.2853065791524563 106.8999999999959
5346 0.2968628320379412 106.9199999999959
5347 0.3082119100402383 106.9399999999959
5348 0.3193464219985248 106.9599999999959
5349 0.3302591173091894 106.9799999999959
5350 0.3409429054585997 106.9999999999959
5351 0.3513908535579051 107.0199999999958
5352 0.3615961696546351 107.0399999999958
5353 0.3715522250215773 107.0599999999958
5354 0.381252550224302 107.0799999999958
5355 0.3906908347442414 107.0999999999958
5356 0.3998609459954018 107.1199999999958
5357 0.4087569130422852 107.1399999999958
5358 0.4173729248031058 107.1599999999958
5359 0.4257033426423129 107.1799999999958
5360 0.4337426870521061 107.1999999999958
5361 0.4414856384261754 107.2199999999958
5362 0.4489270510377975 107.2399999999958
5363 0.4560619526882962 107.2599999999958
5364 0.4628855431414522 107.2799999999958
5365 0.4693931816662326 107.2999999999958
5366 0.475580409776149 107.3199999999958
5367 0.4814429951314897 107.3399999999958
5368 0.4869768549449182 107.3599999999958
5369 0.4921780760794554 107.3799999999958
5370 0.4970429828009816 107.3999999999958
5371 0.501568083760259 107.4199999999958
5372 0.505750062197705 107.4399999999958
5373 0.5095858370455305 107.4599999999958
5374 0.5130725215141643 107.4799999999958
5375 0.5162074278470752 107.4999999999958
5376 0.5189880916817862 107.5199999999957
5377 0.5214122744686284 107.5399999999957
5378 0.523477907035208 107.5599999999957
5379 0.5251831550199191 107.5799999999957
5380 0.5265264453778139 107.5999999999957
5381 0.5275064399691568 107.6199999999957
5382 0.5281220104305444 107.6399999999957
5383 0.5283722649560209 107.6599999999957
5384 0.5282565427839451 107.6799999999957
5385 0.5277744708288259 107.6999999999957
5386 0.5269259265241566 107.7199999999957
5387 0.5257110223711482 107.7399999999957
5388 0.5241301067714769 107.7599999999957
5389 0.5221838013729067 107.7799999999957
5390 0.5198729880306923 107.7999999999957
5391 0.5171988120695307 107.8199999999957
5392 0.5141626999024992 107.8399999999957
5393 0.510766353813789 107.8599999999957
5394 0.5070117323676882 107.8799999999957
5395 0.5029010779223133 107.8999999999957
5396 0.4984369213772027 107.9199999999957
5397 0.493622059778406 107.9399999999957
5398 0.4884595391161621 107.9599999999957
5399 0.4829526755653365 107.9799999999957
5400 0.4771050867373247 107.9999999999957
5401 0.4709206789275173 108.0199999999956
5402 0.4644035989066998 108.0399999999956
5403 0.4575582580682684 108.0599999999956
5404 0.4503893548187597 108.0799999999956
5405 0.4429018436065556 108.0999999999956
5406 0.435100891839873 108.1199999999956
5407 0.4269919104873759 108.1399999999956
5408 0.418580581856754 108.1599999999956
5409 0.4098728106474748 108.1799999999956
5410 0.4008747238916787 108.1999999999956
5411 0.3915927012161401 108.2199999999956
5412 0.3820333713540056 108.2399999999956
5413 0.3722035747875714 108.2599999999956
5414 0.3621103679267812 108.2799999999956
5415 0.3517610229484374 108.2999999999956
5416 0.3411630206795372 108.3199999999956
5417 0.3303240353360952 108.3399999999956
5418 0.3192519192636911 108.3599999999956
5419 0.3079546921864118 108.3799999999956
5420 0.2964405609858994 108.3999999999956
5421 0.2847179164685389 108.4199999999956
5422 0.2727952840810963 108.4399999999956
5423 0.2606813180705154 108.4599999999956
5424 0.2483848247787018 108.4799999999956
5425 0.2359147467937714 108.4999999999956
5426 0.2232801407712201 108.5199999999955
5427 0.2104901847714012 108.5399999999955
5428 0.1975541766129843 108.5599999999955
5429 0.1844815131982682 108.5799999999955
5430 0.1712816803851215 108.5999999999955
5431 0.1579642504030384 108.6199999999955
5432 0.1445388635334646 108.6399999999955
5433 0.1310152223647469 108.6599999999955
5434 0.1174030832582736 108.6799999999955
5435 0.1037122427756463 108.6999999999955
5436 0.08995252922758662 108.7199999999955
5437 0.07613380166411302 108.7399999999955
5438 0.06226594439673665 108.7599999999955
5439 0.04835884740537311 108.7799999999955
5440 0.03442240134403757 108.7999999999955
5441 0.02046648877712726 108.8199999999955
5442 0.006500960110146879 108.8399999999955
5443 -0.007464358028448847 108.8599999999955
5444 -0.02141965440079939 108.8799999999955
5445 -0.03535515898227438 108.8999999999955
5446 -0.04926115775328468 108.9199999999955
5447 -0.06312799050008473 108.9399999999955
5448 -0.07694605655235244 108.9599999999955
5449 -0.09070582863173494 108.9799999999955
5450 -0.1043978629745912 108.9999999999955
5451 -0.1180127900018349 109.0199999999954
5452 -0.1315413189899347 109.0399999999954
5453 -0.1449742515396037 109.0599999999954
5454 -0.158302481497481 109.0799999999954
5455 -0.17151699817706 109.0999999999954
5456 -0.1846089214382332 109.1199999999954
5457 -0.1975694941125689 109.1399999999954
5458 -0.2103900556997793 109.1599999999954
5459 -0.2230620692341783 109.1799999999954
5460 -0.2355771418961237 109.1999999999954
5461 -0.2479270084522023 109.2199999999954
5462 -0.2601035331671163 109.2399999999954
5463 -0.2720987136470114 109.2599999999954
5464 -0.2839046961687079 109.2799999999954
5465 -0.2955137681583794 109.2999999999954
5466 -0.3069183474494063 109.3199999999954
5467 -0.3181109943566733 109.3399999999954
5468 -0.3290844143635873 109.3599999999954
5469 -0.3398314688010313 109.3799999999954
5470 -0.3503451647737338 109.3999999999954
5471 -0.3606186576525765 109.4199999999954
5472 -0.3706452759960074 109.4399999999954
5473 -0.3804185180593726 109.4599999999954
5474 -0.3899320306308299 109.4799999999954
5475 -0.399179602709851 109.4999999999954
5476 -0.4081551972044983 109.5199999999953
5477 -0.4168529217693054 109.5399999999953
5478 -0.4252670610146541 109.5599999999953
5479 -0.4333920659712709 109.5799999999953
5480 -0.4412225640705341 109.5999999999953
5481 -0.4487533541313953 109.6199999999953
5482 -0.4559794072823441 109.6399999999953
5483 -0.4628958682834436 109.6599999999953
5484 -0.469498049819612 109.6799999999953
5485 -0.4757814393706323 109.6999999999953
5486 -0.4817417027271389 109.7199999999953
5487 -0.4873746839265164 109.7399999999953
5488 -0.4926763971222041 109.7599999999953
5489 -0.4976430295061354 109.7799999999953
5490 -0.5022709776957103 109.7999999999953
5491 -0.5065568647677107 109.8199999999953
5492 -0.5104974904987154 109.8399999999953
5493 -0.5140898329118306 109.8599999999953
5494 -0.5173310841185896 109.8799999999953
5495 -0.5202186650976126 109.8999999999953
5496 -0.5227502121198848 109.9199999999953
5497 -0.5249235682301717 109.9399999999953
5498 -0.526736792287869 109.9599999999953
5499 -0.5281881667103671 109.9799999999953
5500 -0.5292762040270723 109.9999999999953
5501 -0.5299996699406331 110.0199999999952
5502 -0.530357573927858 110.0399999999952
5503 -0.5303491636691736 110.0599999999952
5504 -0.5299739205892517 110.0799999999952
5505 -0.5292316085003027 110.0999999999952
5506 -0.528122252972843 110.1199999999952
5507 -0.5266461026758386 110.1399999999952
5508 -0.5248036662017251 110.1599999999952
5509 -0.5225957291073025 110.1799999999952
5510 -0.5200233626517234 110.1999999999952
5511 -0.5170879150205107 110.2199999999952
5512 -0.5137910015486399 110.2399999999952
5513 -0.5101344825147206 110.2599999999952
5514 -0.5061205208954558 110.2799999999952
5515 -0.501751566294934 110.2999999999952
5516 -0.4970303432156642 110.3199999999952
5517 -0.4919598353634059 110.3399999999952
5518 -0.4865432918070173 110.3599999999952
5519 -0.4807842378761931 110.3799999999952
5520 -0.4746864754693137 110.3999999999952
5521 -0.4682540703093149 110.4199999999952
5522 -0.461491363440385 110.4399999999952
5523 -0.4544029606335405 110.4599999999952
5524 -0.4469937047843427 110.4799999999952
5525 -0.4392687010979923 110.4999999999952
5526 -0.4312333275244883 110.5199999999952
5527 -0.4228932213643444 110.5399999999951
5528 -0.4142542473182897 110.5599999999951
5529 -0.4053225200747508 110.5799999999951
5530 -0.3961043926223191 110.5999999999951
5531 -0.3866064559239761 110.6199999999951
5532 -0.3768355288575244 110.6399999999951
5533 -0.3667986509231789 110.6599999999951
5534 -0.3565030654996482 110.6799999999951
5535 -0.3459562253785439 110.6999999999951
5536 -0.3351657925054378 110.7199999999951
5537 -0.3241396098380582 110.7399999999951
5538 -0.3128856955668036 110.7599999999951
5539 -0.3014122505093557 110.7799999999951
5540 -0.2897276594718069 110.7999999999951
5541 -0.2778404514646546 110.8199999999951
5542 -0.2657593078351735 110.8399999999951
5543 -0.2534930674323546 110.8599999999951
5544 -0.2410507111841853 110.8799999999951
5545 -0.2284413320795475 110.8999999999951
5546 -0.2156741322734985 110.9199999999951
5547 -0.2027584273511088 110.9399999999951
5548 -0.1897036446163372 110.9599999999951
5549 -0.1765193025255762 110.9799999999951
5550 -0.1632149870283062 110.9999999999951
5551 -0.149800351785594 111.0199999999951
5552 -0.1362851227528781 111.039999999995
5553 -0.122679080536285 111.059999999995
5554 -0.108992042683967 111.079999999995
5555 -0.09523385741271564 111.099999999995
5556 -0.08141440638486501 111.119999999995
5557 -0.0675436039618327 111.139999999995
5558 -0.05363137297354897 111.159999999995
5559 -0.03968762336515148 111.179999999995
5560 -0.02572226299039246 111.199999999995
5561 -0.0117451887607931 111.219999999995
5562 0.0022337351744038 111.239999999995
5563 0.01620467512325242 111.259999999995
5564 0.03015782814948517 111.279999999995
5565 0.04408343753569115 111.299999999995
5566 0.05797180888663276 111.319999999995
5567 0.07181331175904547 111.339999999995
5568 0.08559837590281877 111.359999999995
5569 0.09931750333234479 111.379999999995
5570 0.1129612768563638 111.399999999995
5571 0.1265203641823346 111.419999999995
5572 0.1399855278209541 111.439999999995
5573 0.1533476309186728 111.459999999995
5574 0.166597643074175 111.479999999995
5575 0.1797266434570496 111.499999999995
5576 0.1927258129434301 111.519999999995
5577 0.2055864341437105 111.5399999999949
5578 0.2182999321816067 111.5599999999949
5579 0.2308578670851039 111.5799999999949
5580 0.2432519224575624 111.5999999999949
5581 0.2554739256165108 111.6199999999949
5582 0.2675158425190587 111.6399999999949
5583 0.2793697706070121 111.6599999999949
5584 0.2910279464815607 111.6799999999949
5585 0.3024827619051141 111.6999999999949
5586 0.3137267511762102 111.7199999999949
5587 0.3247525877086891 111.7399999999949
5588 0.3355531022923403 111.7599999999949
5589 0.3461212879092744 111.7799999999949
5590 0.3564502775979688 111.7999999999949
5591 0.3665333527024311 111.8199999999949
5592 0.3763639700982593 111.8399999999949
5593 0.3859357423791487 111.8599999999949
5594 0.3952424394883235 111.8799999999949
5595 0.4042780080953177 111.8999999999949
5596 0.4130365575618298 111.9199999999949
5597 0.4215123600499543 111.9399999999949
5598 0.4296998527463254 111.9599999999949
5599 0.4375936370464595 111.9799999999949
5600 0.4451884791400817 111.9999999999949
5601 0.4524793173825961 112.0199999999949
5602 0.4594612623708619 112.0399999999948
5603 0.4661295972191962 112.0599999999948
5604 0.4724797793322508 112.0799999999948
5605 0.4785074579628593 112.0999999999948
5606 0.4842084656434487 112.1199999999948
5607 0.4895787984432222 112.1399999999948
5608 0.4946146598825784 112.1599999999948
5609 0.4993124723762697 112.1799999999948
5610 0.5036688291795109 112.1999999999948
5611 0.5076805290262576 112.2199999999948
5612 0.5113445808484703 112.2399999999948
5613 0.5146581932159631 112.2599999999948
5614 0.517618784788362 112.2799999999948
5615 0.5202240052279175 112.2999999999948
5616 0.5224716992131347 112.3199999999948
5617 0.5243599067356165 112.3399999999948
5618 0.5258869229860346 112.3599999999948
5619 0.5270512992798231 112.3799999999948
5620 0.5278517991057415 112.3999999999948
5621 0.5282874034258049 112.4199999999948
5622 0.5283573292341071 112.4399999999948
5623 0.528061065028149 112.4599999999948
5624 0.527398359300471 112.4799999999948
5625 0.5263692084543075 112.4999999999948
5626 0.5249738417288363 112.5199999999948
5627 0.523212737242309 112.5399999999947
5628 0.5210866428535242 112.5599999999947
5629 0.5185965701090854 112.5799999999947
5630 0.5157438012783786 112.5999999999947
5631 0.5125299012350729 112.6199999999947
5632 0.5089567000747905 112.6399999999947
5633 0.5050262950050972 112.6599999999947
5634 0.5007410671281793 112.6799999999947
5635 0.4961036847431343 112.6999999999947
5636 0.4911170706420729 112.7199999999947
5637 0.4857843976873518 112.7399999999947
5638 0.4801091271999165 112.7599999999947
5639 0.4740950257125421 112.7799999999947
5640 0.4677461236346814 112.7999999999947
5641 0.461066691924487 112.8199999999947
5642 0.454061278899371 112.8399999999947
5643 0.4467347186604049 112.8599999999947
5644 0.4390920711182648 112.8799999999947
5645 0.4311386192086795 112.8999999999947
5646 0.4228799064617875 112.9199999999947
5647 0.414321734829926 112.9399999999947
5648 0.4054701115693911 112.9599999999947
5649 0.3963312909349651 112.9799999999947
5650 0.3869117839007609 112.9999999999947
5651 0.3772183160260121 113.0199999999947
5652 0.3672578313431196 113.0399999999946
5653 0.3570375008170306 113.0599999999946
5654 0.34656470128633 113.0799999999946
5655 0.3358470085205011 113.0999999999946
5656 0.3248921852453974 113.1199999999946
5657 0.3137081704666174 113.1399999999946
5658 0.3023030712081314 113.1599999999946
5659 0.2906851839519891 113.1799999999946
5660 0.2788629764915372 113.1999999999946
5661 0.2668450356039684 113.2199999999946
5662 0.2546400851209967 113.2399999999946
5663 0.242257005246594 113.2599999999946
5664 0.2297047971526157 113.2799999999946
5665 0.216992577223245 113.2999999999946
5666 0.2041295824031261 113.3199999999946
5667 0.1911251577251245 113.3399999999946
5668 0.1779887489237003 113.3599999999946
5669 0.1647298881778933 113.3799999999946
5670 0.15135817677572 113.3999999999946
5671 0.1378832878581077 113.4199999999946
5672 0.1243149565048775 113.4399999999946
5673 0.1106629579041195 113.4599999999946
5674 0.09693710289349204 113.4799999999946
5675 0.08314723826447305 113.4999999999946
5676 0.06930323853857941 113.5199999999946
5677 0.05541498768337549 113.5399999999945
5678 0.04149237540330938 113.5599999999945
5679 0.02754529584485015 113.5799999999945
5680 0.01358361728945797 113.5999999999945
5681 -0.0003828266468490114 113.6199999999945
5682 -0.01434421625388856 113.6399999999945
5683 -0.02829075478546838 113.6599999999945
5684 -0.0422126990725579 113.6799999999945
5685 -0.05610036207116875 113.6999999999945
5686 -0.06994411119501705 113.7199999999945
5687 -0.08373438071536114 113.7399999999945
5688 -0.09746168471131211 113.7599999999945
5689 -0.111116615401812 113.7799999999945
5690 -0.1246898417983514 113.7999999999945
5691 -0.1381721176385533 113.8199999999945
5692 -0.1515542928741861 113.8399999999945
5693 -0.1648273092195934 113.8599999999945
5694 -0.1779822154314523 113.8799999999945
5695 -0.1910101887371504 113.8999999999945
5696 -0.2039025237172385 113.9199999999945
5697 -0.2166506169903263 113.9399999999945
5698 -0.2292460000864874 113.9599999999945
5699 -0.2416803452038871 113.9799999999945
5700 -0.2539454560363386 113.9999999999945
5701 -0.2660332566578684 114.0199999999945
5702 -0.2779358167436828 114.0399999999944
5703 -0.289645355104813 114.0599999999944
5704 -0.3011542233530545 114.0799999999944
5705 -0.3124549088428038 114.0999999999944
5706 -0.3235400463349944 114.1199999999944
5707 -0.3344024175866249 114.1399999999944
5708 -0.3450349480905481 114.1599999999944
5709 -0.3554307233243934 114.1799999999944
5710 -0.3655829880658136 114.1999999999944
5711 -0.375485144983745 114.2199999999944
5712 -0.3851307711466183 114.2399999999944
5713 -0.3945135872238862 114.2599999999944
5714 -0.4036274642695943 114.2799999999944
5715 -0.4124664310565391 114.2999999999944
5716 -0.4210246913117132 114.3199999999944
5717 -0.4292966049274679 114.3399999999944
5718 -0.4372767080816019 114.3599999999944
5719 -0.4449597168946579 114.3799999999944
5720 -0.4523405195883608 114.3999999999944
5721 -0.4594141672647507 114.4199999999944
5722 -0.4661758897795302 114.4399999999944
5723 -0.4726210879329396 114.4599999999944
5724 -0.4787453361678394 114.4799999999944
5725 -0.4845443833200902 114.4999999999944
5726 -0.490014161639198 114.5199999999944
5727 -0.4951507698821654 114.5399999999944
5728 -0.4999504977985623 114.5599999999943
5729 -0.5044098542124519 114.5799999999943
5730 -0.5085255454579558 114.5999999999943
5731 -0.512294458584496 114.6199999999943
5732 -0.5157136783990618 114.6399999999943
5733 -0.5187805054996035 114.6599999999943
5734 -0.521492468474501 114.6799999999943
5735 -0.5238473112736229 114.6999999999943
5736 -0.5258429888254689 114.7199999999943
5737 -0.527477659127201 114.7399999999943
5738 -0.5287497063695548 114.7599999999943
5739 -0.5296577792122793 114.7799999999943
5740 -0.5302007703736292 114.7999999999943
5741 -0.5303777999743051 114.8199999999943
5742 -0.5301882245289369 114.8399999999943
5743 -0.5296316748898952 114.8599999999943
5744 -0.5287080442791136 114.8799999999943
5745 -0.5274174639421866 114.8999999999943
5746 -0.5257603105621986 114.9199999999943
5747 -0.5237372287335723 114.9399999999943
5748 -0.521349143173912 114.9599999999943
5749 -0.5185972645513395 114.9799999999943
5750 -0.5154830775857292 114.9999999999943
5751 -0.5120083086921426 115.0199999999943
5752 -0.508174974661874 115.0399999999943
5753 -0.5039853769322571 115.0599999999942
5754 -0.4994421113739761 115.0799999999942
5755 -0.4945480222312839 115.0999999999942
5756 -0.4893062229669886 115.1199999999942
5757 -0.4837201023304248 115.1399999999942
5758 -0.4777933259624905 115.1599999999942
5759 -0.4715298189997951 115.1799999999942
5760 -0.4649337866825291 115.1999999999942
5761 -0.4580097011849433 115.2199999999942
5762 -0.4507622897484138 115.2399999999942
5763 -0.4431965193048569 115.2599999999942
5764 -0.4353176248311229 115.2799999999942
5765 -0.4271311144551873 115.2999999999942
5766 -0.4186427439268053 115.3199999999942
5767 -0.409858500359664 115.3399999999942
5768 -0.4007846180574045 115.3599999999942
5769 -0.3914275716768321 115.3799999999942
5770 -0.3817940616742712 115.3999999999942
5771 -0.3718910226748832 115.4199999999942
5772 -0.3617255914793384 115.4399999999942
5773 -0.3513051150765119 115.4599999999942
5774 -0.3406371503881962 115.4799999999942
5775 -0.3297294558778603 115.4999999999942
5776 -0.3185899566510312 115.5199999999942
5777 -0.3072267593481968 115.5399999999942
5778 -0.2956481596747201 115.5599999999941
5779 -0.2838626136907051 115.5799999999941
5780 -0.2718787265850069 115.5999999999941
5781 -0.2597052552810584 115.6199999999941
5782 -0.2473511129665477 115.6399999999941
5783 -0.2348253361929712 115.6599999999941
5784 -0.2221370739194607 115.6799999999941
5785 -0.2092955843877645 115.6999999999941
5786 -0.1963102411040498 115.7199999999941
5787 -0.1831905146957726 115.7399999999941
5788 -0.169945957475544 115.7599999999941
5789 -0.1565861929531844 115.7799999999941
5790 -0.1431209110577536 115.7999999999941
5791 -0.1295598646058809 115.8199999999941
5792 -0.1159128538312607 115.8399999999941
5793 -0.1021897150698174 115.8599999999941
5794 -0.08840030980393251 115.8799999999941
5795 -0.07455453638245606 115.8999999999941
5796 -0.06066231982114589 115.9199999999941
5797 -0.0467335752618721 115.9399999999941
5798 -0.03277820850677836 115.9599999999941
5799 -0.01880612637660115 115.9799999999941
5800 -0.004827211179959033 115.9999999999941
5801 0.00914868975720926 116.0199999999941
5802 0.02311175672154241 116.0399999999941
5803 0.03705220730538573 116.059999999994
5804 0.05096031403086598 116.079999999994
5805 0.06482641517085519 116.099999999994
5806 0.07864090974370881 116.119999999994
5807 0.09239425990315663 116.139999999994
5808 0.1060770086120476 116.159999999994
5809 0.1196797812007447 116.179999999994
5810 0.1331932898012174 116.199999999994
5811 0.1466083459173255 116.219999999994
5812 0.1599158657460765 116.239999999994
5813 0.1731068719261165 116.259999999994
5814 0.1861724986385472 116.279999999994
5815 0.1991039800998046 116.299999999994
5816 0.2118926614526531 116.319999999994
5817 0.2245300307691963 116.339999999994
5818 0.2370077136269526 116.359999999994
5819 0.2493174657887434 116.379999999994
5820 0.2614511806645625 116.399999999994
5821 0.2734008849421337 116.419999999994
5822 0.2851587467054441 116.439999999994
5823 0.2967170800372045 116.459999999994
5824 0.308068343428874 116.479999999994
5825 0.3192051448150688 116.499999999994
5826 0.330120235877226 116.519999999994
5827 0.3408065197312604 116.539999999994
5828 0.3512570602196338 116.5599999999939
5829 0.3614650655910228 116.5799999999939
5830 0.3714239018294161 116.5999999999939
5831 0.3811270996510792 116.6199999999939
5832 0.3905683466082257 116.6399999999939
5833 0.3997415060796119 116.6599999999939
5834 0.4086406056478406 116.6799999999939
5835 0.4172598334349603 116.6999999999939
5836 0.4255935464045406 116.7199999999939
5837 0.4336362632894673 116.7399999999939
5838 0.4413826624441066 116.7599999999939
5839 0.4488275958663936 116.7799999999939
5840 0.4559660880105555 116.7999999999939
5841 0.4627933347359219 116.8199999999939
5842 0.4693046937973046 116.8399999999939
5843 0.4754957034247444 116.8599999999939
5844 0.4813621291714201 116.8799999999939
5845 0.4868998840144174 116.8999999999939
5846 0.4921050567489652 116.9199999999939
5847 0.4969739651310014 116.9399999999939
5848 0.5015031147544263 116.9599999999939
5849 0.5056891885691348 116.9799999999939
5850 0.509529105387639 116.9999999999939
5851 0.5130199712478316 117.0199999999939
5852 0.5161590958191798 117.0399999999939
5853 0.5189440121141021 117.0599999999938
5854 0.5213724778246711 117.0799999999938
5855 0.5234424285770743 117.0999999999938
5856 0.5251520177884188 117.1199999999938
5857 0.526499674573684 117.1399999999938
5858 0.5274840629853971 117.1599999999938
5859 0.52810404849441 117.1799999999938
5860 0.5283587242630773 117.1999999999938
5861 0.5282474341131649 117.2199999999938
5862 0.5277698022473311 117.2399999999938
5863 0.5269257010105216 117.2599999999938
5864 0.5257152329846388 117.2799999999938
5865 0.5241387562139054 117.2999999999938
5866 0.52219688419374 117.3199999999938
5867 0.5198904941784422 117.3399999999938
5868 0.5172207299759978 117.3599999999938
5869 0.5141890161811168 117.3799999999938
5870 0.5107970468325633 117.3999999999938
5871 0.5070467801253484 117.4199999999938
5872 0.5029404553559096 117.4399999999938
5873 0.4984806013973482 117.4599999999938
5874 0.4936700110819133 117.4799999999938
5875 0.4885117258376244 117.4999999999938
5876 0.4830090622165499 117.5199999999938
5877 0.4771656322674662 117.5399999999938
5878 0.4709853365723382 117.5599999999937
5879 0.4644723230418078 117.5799999999937
5880 0.4576309985407209 117.5999999999937
5881 0.4504660576755704 117.6199999999937
5882 0.4429824516734687 117.6399999999937
5883 0.4351853479493748 117.6599999999937
5884 0.4270801523474238 117.6799999999937
5885 0.4186725445993366 117.6999999999937
5886 0.4099684308759523 117.7199999999937
5887 0.4009739294723716 117.7399999999937
5888 0.3916954220788497 117.7599999999937
5889 0.3821395337289407 117.7799999999937
5890 0.3723131024450426 117.7999999999937
5891 0.3622231841776469 117.8199999999937
5892 0.3518770446733097 117.8399999999937
5893 0.3412821649952674 117.8599999999937
5894 0.330446218439699 117.8799999999937
5895 0.319377055696271 117.8999999999937
5896 0.3080826947082372 117.9199999999937
5897 0.2965713380986568 117.9399999999937
5898 0.2848513757123868 117.9599999999937
5899 0.2729313363834115 117.9799999999937
5900 0.2608198669461353 117.9999999999937
5901 0.2485257713353309 118.0199999999937
5902 0.2360579927890158 118.0399999999937
5903 0.2234255854546907 118.0599999999937
5904 0.2106377267972539 118.0799999999936
5905 0.197703712204266 118.0999999999936
5906 0.1846329381561529 118.1199999999936
5907 0.1714348909824239 118.1399999999936
5908 0.1581191390458753 118.1599999999936
5909 0.1446953243717137 118.1799999999936
5910 0.1311731481625586 118.1999999999936
5911 0.1175623655730096 118.2199999999936
5912 0.1038727728610201 118.2399999999936
5913 0.09011419709355427 118.2599999999936
5914 0.07629649885164731 118.2799999999936
5915 0.06242956106578387 118.2999999999936
5916 0.04852327339653901 118.3199999999936
5917 0.03458752529981054 118.3399999999936
5918 0.02063219943726489 118.3599999999936
5919 0.006667148197956162 118.3799999999936
5920 -0.007297801089865775 118.3999999999936
5921 -0.02125283708319317 118.4199999999936
5922 -0.03518819000121488 118.4399999999936
5923 -0.04909414523155838 118.4599999999936
5924 -0.06296104150635884 118.4799999999936
5925 -0.07677927869049775 118.4999999999936
5926 -0.09053932917485476 118.5199999999936
5927 -0.1042317464884666 118.5399999999936
5928 -0.1178471604169629 118.5599999999936
5929 -0.1313762803225486 118.5799999999935
5930 -0.1448099073850433 118.5999999999935
5931 -0.158138932873436 118.6199999999935
5932 -0.1713543466497511 118.6399999999935
5933 -0.1844472674855678 118.6599999999935
5934 -0.1974089357614278 118.6799999999935
5935 -0.2102306920483854 118.6999999999935
5936 -0.2229039956331682 118.7199999999935
5937 -0.2354204530762777 118.7399999999935
5938 -0.2477717979536254 118.7599999999935
5939 -0.2599498941767756 118.7799999999935
5940 -0.2719467379701633 118.7999999999935
5941 -0.2837544724616256 118.8199999999935
5942 -0.2953653844415791 118.8399999999935
5943 -0.3067718897517425 118.8599999999935
5944 -0.3179665459102436 118.8799999999935
5945 -0.3289420589494013 118.8999999999935
5946 -0.3396912881878052 118.9199999999935
5947 -0.3502072362709088 118.9399999999935
5948 -0.3604830614140103 118.9599999999935
5949 -0.3705120878072634 118.9799999999935
5950 -0.3802878173277831 118.9999999999935
5951 -0.3898038876163058 119.0199999999935
5952 -0.3990540955898281 119.0399999999935
5953 -0.4080323898112201 119.0599999999935
5954 -0.4167328887604467 119.0799999999934
5955 -0.4251498697428552 119.0999999999934
5956 -0.4332777830931596 119.1199999999934
5957 -0.4411112563182866 119.1399999999934
5958 -0.4486450814803523 119.1599999999934
5959 -0.4558742338966186 119.1799999999934
5960 -0.4627938533918951 119.1999999999934
5961 -0.4693992516030012 119.2199999999934
5962 -0.4756859151944981 119.2399999999934
5963 -0.4816495075247901 119.2599999999934
5964 -0.4872858697981182 119.2799999999934
5965 -0.4925910144310481 119.2999999999934
5966 -0.4975611233550712 119.3199999999934
5967 -0.5021925974804961 119.3399999999934
5968 -0.5064820548877986 119.3599999999934
5969 -0.5104262911897346 119.3799999999934
5970 -0.5140222815597623 119.3999999999934
5971 -0.5172672032694124 119.4199999999934
5972 -0.52015849156921 119.4399999999934
5973 -0.5226937893476439 119.4599999999934
5974 -0.5248709317792148 119.4799999999934
5975 -0.5266879691833833 119.4999999999934
5976 -0.5281431831877321 119.5199999999934
5977 -0.5292350854569685 119.5399999999934
5978 -0.52996243632342 119.5599999999934
5979 -0.5303242479020367 119.5799999999933
5980 -0.5303197564304626 119.5999999999933
5981 -0.5299484417925676 119.6199999999933
5982 -0.5292100773536089 119.6399999999933
5983 -0.5281046726940632 119.6599999999933
5984 -0.5266324797418159 119.6799999999933
5985 -0.5247940021639939 119.6999999999933
5986 -0.5225900234587465 119.7199999999933
5987 -0.5200216127480366 119.7399999999933
5988 -0.5170901139493885 119.7599999999933
5989 -0.5137971365513867 119.7799999999933
5990 -0.5101445470256233 119.7999999999933
5991 -0.5061344966909153 119.8199999999933
5992 -0.5017694346774518 119.8399999999933
5993 -0.4970520846413981 119.8599999999933
5994 -0.4919854242533744 119.8799999999933
5995 -0.4865727002169102 119.8999999999933
5996 -0.4808174395758097 119.9199999999933
5997 -0.4747234356741285 119.9399999999933
5998 -0.4682947539008377 119.9599999999933
5999 -0.4615357331898476 119.9799999999933
6000 -0.4544509739403935 119.9999999999933
6001 -0.4470453197096514 120.0199999999933
6002 -0.4393238624747471 120.0399999999933
6003 -0.4312919815791142 120.0599999999933
6004 -0.4229553106565267 120.0799999999932
6005 -0.4143197218138409 120.0999999999932
6006 -0.405391319067346 120.1199999999932
6007 -0.3961764527696094 120.1399999999932
6008 -0.3866817146664391 120.1599999999932
6009 -0.3769139214355443 120.1799999999932
6010 -0.3668801091704664 120.1999999999932
6011 -0.3565875166822954 120.2199999999932
6012 -0.3460435954924545 120.2399999999932
6013 -0.3352560050553022 120.2599999999932
6014 -0.3242325892483775 120.2799999999932
6015 -0.3129813608334308 120.2999999999932
6016 -0.3015105203747694 120.3199999999932
6017 -0.2898284454409247 120.3399999999932
6018 -0.2779436695916344 120.3599999999932
6019 -0.2658648698833865 120.3799999999932
6020 -0.2536008824858863 120.3999999999932
6021 -0.24116068376247 120.4199999999932
6022 -0.2285533682712465 120.4399999999932
6023 -0.2157881389261399 120.4599999999932
6024 -0.2028743123592691 120.4799999999932
6025 -0.1898213134382163 120.4999999999932
6026 -0.176638655194614 120.5199999999932
6027 -0.163335924134496 120.5399999999932
6028 -0.1499227768636388 120.5599999999932
6029 -0.1364089348538394 120.5799999999931
6030 -0.1228041763931141 120.5999999999931
6031 -0.1091183213413724 120.6199999999931
6032 -0.09536121828915682 120.6399999999931
6033 -0.08154274578671981 120.6599999999931
6034 -0.06767281947884671 120.6799999999931
6035 -0.05376136264744898 120.6999999999931
6036 -0.03981828295423872 120.7199999999931
6037 -0.02585348756868554 120.7399999999931
6038 -0.01187687461722066 120.7599999999931
6039 0.002101690424663447 120.7799999999931
6040 0.01607237408090437 120.7999999999931
6041 0.03002537281716421 120.8199999999931
6042 0.04395092931748855 120.8399999999931
6043 0.05783934862150421 120.8599999999931
6044 0.07168099935130495 120.8799999999931
6045 0.08546631084369104 120.8999999999931
6046 0.09918578487199771 120.9199999999931
6047 0.1128300024419377 120.9399999999931
6048 0.1263896306096239 120.9599999999931
6049 0.1398554308536866 120.9799999999931
6050 0.1532182655984732 120.9999999999931
6051 0.166469102369641 121.0199999999931
6052 0.1795990204859004 121.0399999999931
6053 0.192599207423462 121.0599999999931
6054 0.2054609534594433 121.079999999993
6055 0.2181756660373146 121.099999999993
6056 0.2307348962762212 121.119999999993
6057 0.2431303362194551 121.139999999993
6058 0.2553538118183366 121.159999999993
6059 0.2673972823293089 121.179999999993
6060 0.2792528437781263 121.199999999993
6061 0.2909127359729865 121.219999999993
6062 0.3023693441720948 121.239999999993
6063 0.3136152000698274 121.259999999993
6064 0.3246429762468178 121.279999999993
6065 0.3354455026549821 121.299999999993
6066 0.3460157688116744 121.319999999993
6067 0.3563469078814183 121.339999999993
6068 0.3664322004898313 121.359999999993
6069 0.3762651004844851 121.379999999993
6070 0.385839217914233 121.399999999993
6071 0.3951483209498824 121.419999999993
6072 0.4041863560881 121.439999999993
6073 0.4129474309079765 121.459999999993
6074 0.4214258155216121 121.479999999993
6075 0.4296159478577925 121.499999999993
6076 0.437512425380422 121.519999999993
6077 0.4451100077685023 121.539999999993
6078 0.4524036378649444 121.559999999993
6079 0.4593884215488278 121.5799999999929
6080 0.4660596395182493 121.5999999999929
6081 0.4724127464435094 121.6199999999929
6082 0.478443391423216 121.6399999999929
6083 0.4841474058390552 121.6599999999929
6084 0.4895207793879975 121.6799999999929
6085 0.4945597187578119 121.6999999999929
6086 0.4992606410418603 121.7199999999929
6087 0.5036201396064514 121.7399999999929
6088 0.5076350112797033 121.7599999999929
6089 0.5113022620771766 121.7799999999929
6090 0.5146190987300719 121.7999999999929
6091 0.517582934222834 121.8199999999929
6092 0.5201914228486436 121.8399999999929
6093 0.5224423983928693 121.8599999999929
6094 0.5243339052566279 121.8799999999929
6095 0.5258642364690811 121.8999999999929
6096 0.5270319374107388 121.9199999999929
6097 0.5278357679950852 121.9399999999929
6098 0.5282747099314684 121.9599999999929
6099 0.5283479821643077 121.9799999999929
6100 0.5280550608777839 121.9999999999929
6101 0.5273957021343353 122.0199999999929
6102 0.5263698925075483 122.0399999999929
6103 0.5249778609985344 122.0599999999929
6104 0.5232200910550956 122.0799999999929
6105 0.5210973177904969 122.0999999999928
6106 0.5186105541714748 122.1199999999928
6107 0.5157610800074903 122.1399999999928
6108 0.5125504606508161 122.1599999999928
6109 0.5089805206898341 122.1799999999928
6110 0.5050533561865043 122.1999999999928
6111 0.5007713459166138 122.2199999999928
6112 0.4961371575094611 122.2399999999928
6113 0.4911537087796516 122.2599999999928
6114 0.4858241715484658 122.2799999999928
6115 0.4801520051468534 122.2999999999928
6116 0.4741409720653112 122.3199999999928
6117 0.4677951030392467 122.3399999999928
6118 0.4611186663750509 122.3599999999928
6119 0.4541162062343638 122.3799999999928
6120 0.446792555682493 122.3999999999928
6121 0.4391527745910184 122.4199999999928
6122 0.431202141842226 122.4399999999928
6123 0.4229461995690975 122.4599999999928
6124 0.4143907468741064 122.4799999999928
6125 0.4055417921849183 122.4999999999928
6126 0.3964055797179439 122.5199999999928
6127 0.3869886229546992 122.5399999999928
6128 0.3772976541159762 122.5599999999928
6129 0.3673396124198899 122.5799999999928
6130 0.3571216608580845 122.5999999999927
6131 0.3466511769336756 122.6199999999927
6132 0.3359357381173659 122.6399999999927
6133 0.3249831020771914 122.6599999999927
6134 0.3138012070093272 122.6799999999927
6135 0.3023981603448614 122.6999999999927
6136 0.2907822559873713 122.7199999999927
6137 0.278961959728341 122.7399999999927
6138 0.266945858994188 122.7599999999927
6139 0.2547426757369139 122.7799999999927
6140 0.2423612862933558 122.7999999999927
6141 0.2298106936744558 122.8199999999927
6142 0.2171000128782649 122.8399999999927
6143 0.2042384776786868 122.8599999999927
6144 0.1912354341570459 122.8799999999927
6145 0.1781003283198654 122.8999999999927
6146 0.1648426904770831 122.9199999999927
6147 0.1514721210204511 122.9399999999927
6148 0.1379982941042991 122.9599999999927
6149 0.1244309420250551 122.9799999999927
6150 0.1107798411708923 122.9999999999927
6151 0.09705480232128529 123.0199999999927
6152 0.08326567103796774 123.0399999999927
6153 0.06942232158786212 123.0599999999927
6154 0.05553463863436566 123.0799999999927
6155 0.04161251135167613 123.0999999999926
6156 0.02766583347039954 123.1199999999926
6157 0.01370447400207032 123.1399999999926
6158 -0.0002617334078132506 123.1599999999926
6159 -0.01422296805141742 123.1799999999926
6160 -0.02816943329229706 123.1999999999926
6161 -0.04209138591723858 123.2199999999926
6162 -0.05597913895083581 123.2399999999926
6163 -0.06982305849116699 123.2599999999926
6164 -0.08361357843006856 123.2799999999926
6165 -0.09734121168935754 123.2999999999926
6166 -0.1109965510090488 123.3199999999926
6167 -0.1245702640224148 123.3399999999926
6168 -0.1380531039958682 123.3599999999926
6169 -0.151435918927937 123.3799999999926
6170 -0.1647096509577097 123.3999999999926
6171 -0.1778653478363733 123.4199999999926
6172 -0.1908941859302736 123.4399999999926
6173 -0.2037874602613713 123.4599999999926
6174 -0.2165365675368026 123.4799999999926
6175 -0.2291330354605207 123.4999999999926
6176 -0.2415685359370801 123.5199999999926
6177 -0.2538348692128468 123.5399999999926
6178 -0.2659239640552604 123.5599999999926
6179 -0.277827882709366 123.5799999999926
6180 -0.2895388469556472 123.5999999999925
6181 -0.3010492042884099 123.6199999999925
6182 -0.3123514417302899 123.6399999999925
6183 -0.3234381909316044 123.6599999999925
6184 -0.3343022367515489 123.6799999999925
6185 -0.3449364993151944 123.6999999999925
6186 -0.3553340655032997 123.7199999999925
6187 -0.3654881781317844 123.7399999999925
6188 -0.375392239357081 123.7599999999925
6189 -0.3850398231266816 123.7799999999925
6190 -0.3944246531309241 123.7999999999925
6191 -0.4035405943053735 123.8199999999925
6192 -0.4123816768821086 123.8399999999925
6193 -0.4209421037828844 123.8599999999925
6194 -0.4292162321015098 123.8799999999925
6195 -0.4371985991202881 123.8999999999925
6196 -0.4448839201439854 123.9199999999925
6197 -0.4522670775942589 123.9399999999925
6198 -0.4593431269267757 123.9599999999925
6199 -0.4661072894557228 123.9799999999925
6200 -0.4725549681631824 123.9999999999925
6201 -0.478681734924483 124.0199999999925
6202 -0.4844833397521565 124.0399999999925
6203 -0.4899557128829486 124.0599999999925
6204 -0.4950949499967017 124.0799999999925
6205 -0.4998973404466817 124.0999999999924
6206 -0.5043593908841683 124.1199999999924
6207 -0.5084778049204737 124.1399999999924
6208 -0.5122494680512154 124.1599999999924
6209 -0.5156714671492584 124.1799999999924
6210 -0.518741097401515 124.1999999999924
6211 -0.5214558882447546 124.2199999999924
6212 -0.5238135758109439 124.2399999999924
6213 -0.5258121169367255 124.2599999999924
6214 -0.5274496733055051 124.2799999999924
6215 -0.5287246185180488 124.2999999999924
6216 -0.5296356032927616 124.3199999999924
6217 -0.5301815156009857 124.3399999999924
6218 -0.5303614810352354 124.3599999999924
6219 -0.5301748468488199 124.3799999999924
6220 -0.5296212453719765 124.3999999999924
6221 -0.5287005634300631 124.4199999999924
6222 -0.5274129362336599 124.4399999999924
6223 -0.5257587348806473 124.4599999999924
6224 -0.5237386026045029 124.4799999999924
6225 -0.5213534615753443 124.4999999999924
6226 -0.5186045234700507 124.5199999999924
6227 -0.5154932624923541 124.5399999999924
6228 -0.5120214139411966 124.5599999999924
6229 -0.5081909857460959 124.5799999999924
6230 -0.5040042771117157 124.5999999999923
6231 -0.499463882074252 124.6199999999923
6232 -0.494572644104233 124.6399999999923
6233 -0.4893336733702449 124.6599999999923
6234 -0.4837503576122468 124.6799999999923
6235 -0.4778263599176871 124.6999999999923
6236 -0.4715656041839072 124.7199999999923
6237 -0.4649722931640578 124.7399999999923
6238 -0.4580508961715895 124.7599999999923
6239 -0.4508061365233831 124.7799999999923
6240 -0.4432429786703607 124.7999999999923
6241 -0.4353666588468025 124.8199999999923
6242 -0.4271826859175664 124.8399999999923
6243 -0.418696807686473 124.8599999999923
6244 -0.4099150086576267 124.8799999999923
6245 -0.4008435248420639 124.8999999999923
6246 -0.3914888281541403 124.9199999999923
6247 -0.3818576167708856 124.9399999999923
6248 -0.3719568210203116 124.9599999999923
6249 -0.3617935786945189 124.9799999999923
6250 -0.3513752335903334 124.9999999999923
6251 -0.3407093434797355 125.0199999999923
6252 -0.329803662378981 125.0399999999923
6253 -0.3186661149200641 125.0599999999923
6254 -0.3073048074252619 125.0799999999923
6255 -0.2957280316134613 125.0999999999922
6256 -0.2839442446263452 125.1199999999922
6257 -0.2719620473030903 125.1399999999922
6258 -0.259790198680246 125.1599999999922
6259 -0.2474376075765521 125.1799999999922
6260 -0.2349133092143906 125.1999999999922
6261 -0.2222264535194711 125.2199999999922
6262 -0.2093862978648418 125.2399999999922
6263 -0.1964022103284635 125.2599999999922
6264 -0.1832836657580245 125.2799999999922
6265 -0.1700402175964282 125.2999999999922
6266 -0.1566814890754564 125.3199999999922
6267 -0.1432171632996169 125.3399999999922
6268 -0.1296569964587819 125.3599999999922
6269 -0.116010791748825 125.3799999999922
6270 -0.102288380585113 125.3999999999922
6271 -0.08849962519465199 125.4199999999922
6272 -0.07465442499155477 125.4399999999922
6273 -0.06076270308896033 125.4599999999922
6274 -0.04683437336086657 125.4799999999922
6275 -0.03287934379261118 125.4999999999922
6276 -0.01890752222642882 125.5199999999922
6277 -0.004928788153056798 125.5399999999922
6278 0.009047008959497926 125.5599999999922
6279 0.02301004703488954 125.5799999999922
6280 0.03695054555830811 125.5999999999921
6281 0.05085877699673912 125.6199999999921
6282 0.06472507737817403 125.6399999999921
6283 0.07853984524453454 125.6599999999921
6284 0.09229354330506964 125.6799999999921
6285 0.105976713713797 125.6999999999921
6286 0.1195799810152235 125.7199999999921
6287 0.1330940550781266 125.7399999999921
6288 0.1465097479644162 125.7599999999921
6289 0.1598179744409886 125.7799999999921
6290 0.1730097567527434 125.7999999999921
6291 0.1860762284906411 125.8199999999921
6292 0.1990086225178445 125.8399999999921
6293 0.2117982818822328 125.8599999999921
6294 0.2244366946124614 125.8799999999921
6295 0.236915483967355 125.8999999999921
6296 0.2492264021348563 125.9199999999921
6297 0.2613613433199179 125.9399999999921
6298 0.2733123379027494 125.9599999999921
6299 0.2850715492413954 125.9799999999921
6300 0.2966312873677066 125.9999999999921
6301 0.3079840129984985 126.0199999999921
6302 0.3191223322739106 126.0399999999921
6303 0.3300390014205622 126.0599999999921
6304 0.3407269300547637 126.0799999999921
6305 0.3511791698741796 126.0999999999921
6306 0.3613889175905756 126.119999999992
6307 0.3713495481084585 126.139999999992
6308 0.3810545899824431 126.159999999992
6309 0.3904977240107015 126.179999999992
6310 0.3996728160495261 126.199999999992
6311 0.4085738971047707 126.219999999992
6312 0.4171951444710458 126.239999999992
6313 0.4255309175653774 126.259999999992
6314 0.4335757363768513 126.279999999992
6315 0.4413242777763174 126.299999999992
6316 0.4487713889624634 126.319999999992
6317 0.4559120926312684 126.339999999992
6318 0.4627415844776818 126.359999999992
6319 0.4692552199978093 126.379999999992
6320 0.4754485353717033 126.399999999992
6321 0.4813172940517607 126.419999999992
6322 0.4868574097922784 126.439999999992
6323 0.4920649652400195 126.459999999992
6324 0.49693628015263 126.479999999992
6325 0.5014678607420329 126.499999999992
6326 0.505656383427734 126.519999999992
6327 0.509498755404492 126.539999999992
6328 0.5129920890044154 126.559999999992
6329 0.5161336938887726 126.579999999992
6330 0.5189211097858342 126.599999999992
6331 0.5213520817308759 126.6199999999919
6332 0.5234245426499095 126.6399999999919
6333 0.5251366483278007 126.6599999999919
6334 0.5264868345386597 126.6799999999919
6335 0.5274737538052818 126.6999999999919
6336 0.5280962724724954 126.7199999999919
6337 0.5283534822599418 126.7399999999919
6338 0.5282447278564156 126.7599999999919
6339 0.5277696274699768 126.7799999999919
6340 0.5269280564483786 126.7999999999919
6341 0.5257201139147786 126.8199999999919
6342 0.5241461519066229 126.8399999999919
6343 0.5222067862235139 126.8599999999919
6344 0.5199028926569551 126.8799999999919
6345 0.5172356149323107 126.8999999999919
6346 0.5142063673275591 126.9199999999919
6347 0.5108168503259474 126.9399999999919
6348 0.5070690181712608 126.9599999999919
6349 0.5029651103385202 126.9799999999919
6350 0.4985076508131864 126.9999999999919
6351 0.4936994305475924 127.0199999999919
6352 0.4885434939080269 127.0399999999919
6353 0.4830431505289131 127.0599999999919
6354 0.4772020140533691 127.0799999999919
6355 0.471023981873107 127.0999999999919
6356 0.4645132004941224 127.1199999999918
6357 0.457674075468786 127.1399999999918
6358 0.4505112986225559 127.1599999999918
6359 0.4430298224382763 127.1799999999918
6360 0.4352348123148659 127.1999999999918
6361 0.4271316713928027 127.2199999999918
6362 0.4187260804889105 127.2399999999918
6363 0.4100239398706861 127.2599999999918
6364 0.4010313723837431 127.2799999999918
6365 0.3917547550257373 127.2999999999918
6366 0.3822007114996757 127.3199999999918
6367 0.3723760787996333 127.3399999999918
6368 0.3622879115697237 127.3599999999918
6369 0.3519434766503011 127.3799999999918
6370 0.3413502528210621 127.3999999999918
6371 0.3305159114285045 127.4199999999918
6372 0.3194483033374926 127.4399999999918
6373 0.3081554456107664 127.4599999999918
6374 0.2966455376142077 127.4799999999918
6375 0.2849269683169425 127.4999999999918
6376 0.2730082652360685 127.5199999999918
6377 0.260898078032285 127.5399999999918
6378 0.2486052083146384 127.5599999999918
6379 0.2361385979662028 127.5799999999918
6380 0.2235073007341716 127.5999999999918
6381 0.2107204932810937 127.6199999999917
6382 0.1977874715419881 127.6399999999917
6383 0.1847176314157237 127.6599999999917
6384 0.171520456429219 127.6799999999917
6385 0.158205517539806 127.6999999999917
6386 0.1447824549647169 127.7199999999917
6387 0.131260968573199 127.7399999999917
6388 0.1176508137875905 127.7599999999917
6389 0.1039617876855885 127.7799999999917
6390 0.09020371637954316 127.7999999999917
6391 0.07638646075460498 127.8199999999917
6392 0.06251990378053386 127.8399999999917
6393 0.04861393308212739 127.8599999999917
6394 0.03467843990055638 127.8799999999917
6395 0.0207233092737387 127.8999999999917
6396 0.006758391929455357 127.9199999999917
6397 -0.007206486390475428 127.9399999999917
6398 -0.02116151240445701 127.9599999999917
6399 -0.03509691472296487 127.9799999999917
6400 -0.04900297945363633 127.9999999999917
6401 -0.06287004576713864 128.0199999999917
6402 -0.07668851246087396 128.0399999999917
6403 -0.09044885093865995 128.0599999999917
6404 -0.1041416144308135 128.0799999999917
6405 -0.117757432764178 128.0999999999917
6406 -0.1312870139948595 128.1199999999917
6407 -0.1447211589411204 128.1399999999917
6408 -0.1580507569724912 128.1599999999918
6409 -0.1712667968019738 128.1799999999918
6410 -0.1843603992171162 128.1999999999918
6411 -0.1973228046539373 128.2199999999918
6412 -0.2101453511223089 128.2399999999918
6413 -0.2228194987282152 128.2599999999918
6414 -0.2353368495440817 128.2799999999918
6415 -0.2476891392354171 128.2999999999918
6416 -0.2598682296628977 128.3199999999918
6417 -0.2718661180438987 128.3399999999918
6418 -0.2836749443280083 128.3599999999919
6419 -0.2952869935291511 128.3799999999919
6420 -0.3066946826276912 128.3999999999919
6421 -0.3178905681334143 128.4199999999919
6422 -0.3288673530386953 128.4399999999919
6423 -0.3396178966762317 128.4599999999919
6424 -0.3501352025518705 128.4799999999919
6425 -0.3604124242217 128.4999999999919
6426 -0.3704428870834036 128.5199999999919
6427 -0.3802200926941644 128.5399999999919
6428 -0.3897376784648343 128.559999999992
6429 -0.3989894381034912 128.579999999992
6430 -0.4079693232577217 128.599999999992
6431 -0.416671450076338 128.619999999992
6432 -0.4250900934739298 128.639999999992
6433 -0.4332197068555021 128.659999999992
6434 -0.4410549094512829 128.679999999992
6435 -0.448590500315639 128.699999999992
6436 -0.4558214479696504 128.719999999992
6437 -0.462742891812756 128.7399999999921
6438 -0.469350146306342 128.7599999999921
6439 -0.4756386914318427 128.7799999999921
6440 -0.4816041914321245 128.7999999999921
6441 -0.4872424888399105 128.8199999999921
6442 -0.4925495925783472 128.8399999999921
6443 -0.4975216829962031 128.8599999999921
6444 -0.5021551599460249 128.8799999999921
6445 -0.5064466401887553 128.8999999999921
6446 -0.5103929177026051 128.9199999999921
6447 -0.5139909719670607 128.9399999999922
6448 -0.5172379878986175 128.9599999999922
6449 -0.5201313845323287 128.9799999999922
6450 -0.522668798659 128.9999999999922
6451 -0.5248480703437052 129.0199999999922
6452 -0.5266672578691467 129.0399999999922
6453 -0.5281246266701571 129.0599999999922
6454 -0.529218686146963 129.0799999999922
6455 -0.5299482024794547 129.0999999999922
6456 -0.5303121896555562 129.1199999999922
6457 -0.5303098749034679 129.1399999999923
6458 -0.5299407421052291 129.1599999999923
6459 -0.5292045583395284 129.1799999999923
6460 -0.5281013330249971 129.1999999999923
6461 -0.526631316287703 129.2199999999923
6462 -0.5247950155889534 129.2399999999923
6463 -0.5225932078663027 129.2599999999923
6464 -0.5200269570498712 129.2799999999923
6465 -0.5170976123605078 129.2999999999923
6466 -0.5138067811929233 129.3199999999923
6467 -0.5101563257637234 129.3399999999924
6468 -0.5061483958603675 129.3599999999924
6469 -0.5017854394500969 129.3799999999924
6470 -0.4970701792283653 129.3999999999924
6471 -0.492005590859163 129.4199999999924
6472 -0.4865949199955644 129.4399999999924
6473 -0.4808416915792437 129.4599999999924
6474 -0.4747496960614216 129.4799999999924
6475 -0.4683230004032241 129.4999999999924
6476 -0.4615659388776303 129.5199999999925
6477 -0.4544831137342009 129.5399999999925
6478 -0.4470793641990177 129.5599999999925
6479 -0.4393597838642632 129.5799999999925
6480 -0.4313297470271359 129.5999999999925
6481 -0.422994888038754 129.6199999999925
6482 -0.4143610763355953 129.6399999999925
6483 -0.4054344158782587 129.6599999999925
6484 -0.3962212519806733 129.6799999999925
6485 -0.3867281807560485 129.6999999999925
6486 -0.3769620136540002 129.7199999999926
6487 -0.3669297816041766 129.7399999999926
6488 -0.3566387293131043 129.7599999999926
6489 -0.3460963034366377 129.7799999999926
6490 -0.3353101661447229 129.7999999999926
6491 -0.3242881532704885 129.8199999999926
6492 -0.3130382831123326 129.8399999999926
6493 -0.3015687518348632 129.8599999999926
6494 -0.2898879381765672 129.8799999999926
6495 -0.278004371687981 129.8999999999926
6496 -0.2659267311433584 129.9199999999927
6497 -0.2536638503546375 129.9399999999927
6498 -0.2412247066394764 129.9599999999927
6499 -0.2286183949938694 129.9799999999927
6500 -0.215854113255913 129.9999999999927
6501 -0.2029411755914167 130.0199999999927
6502 -0.1898890096814865 130.0399999999927
6503 -0.1767071301964543 130.0599999999927
6504 -0.1634051215811602 130.0799999999927
6505 -0.1499926395839965 130.0999999999927
6506 -0.1364794052095628 130.1199999999928
6507 -0.1228751982320252 130.1399999999928
6508 -0.1091898364428224 130.1599999999928
6509 -0.09543317028758133 130.1799999999928
6510 -0.08161507753997466 130.1999999999928
6511 -0.06774547254445973 130.2199999999928
6512 -0.0538342794864787 130.2399999999928
6513 -0.03989140735113456 130.2599999999928
6514 -0.025926762263828 130.2799999999928
6515 -0.01195024247497509 130.2999999999928
6516 0.002028285619442361 130.3199999999929
6517 0.01599898822028452 130.3399999999929
6518 0.02995206237643181 130.3599999999929
6519 0.04387774998385675 130.3799999999929
6520 0.05776635497607682 130.3999999999929
6521 0.07160824543372649 130.4199999999929
6522 0.08539385122552218 130.4399999999929
6523 0.09911367254368418 130.4599999999929
6524 0.1127582912499496 130.4799999999929
6525 0.1263183740176377 130.499999999993
6526 0.1397846809312385 130.519999999993
6527 0.1531480731741959 130.539999999993
6528 0.1663995183625543 130.559999999993
6529 0.1795300944043308 130.579999999993
6530 0.19253097895439 130.599999999993
6531 0.2053934536163523 130.619999999993
6532 0.218108942157918 130.639999999993
6533 0.230669002100749 130.659999999993
6534 0.2430653149558874 130.679999999993
6535 0.2552897054081308 130.6999999999931
6536 0.2673341373126156 130.7199999999931
6537 0.2791907050428521 130.7399999999931
6538 0.2908516434729652 130.7599999999931
6539 0.3023093385956292 130.7799999999931
6540 0.3135563220169627 130.7999999999931
6541 0.3245852663828651 130.8199999999931
6542 0.3353889975640553 130.8399999999931
6543 0.3459605058675156 130.8599999999931
6544 0.3562929233736325 130.8799999999931
6545 0.3663795288861393 130.8999999999932
6546 0.3762137744701899 130.9199999999932
6547 0.3857892708080204 130.9399999999932
6548 0.3950997850533932 130.9599999999932
6549 0.404139260694413 130.9799999999932
6550 0.41290180539318 130.9999999999932
6551 0.4213816892375439 131.0199999999932
6552 0.4295733473165553 131.0399999999932
6553 0.4374713770940966 131.0599999999932
6554 0.4450705414517061 131.0799999999932
6555 0.452365773751297 131.0999999999933
6556 0.4593521840132933 131.1199999999933
6557 0.4660250500053549 131.1399999999933
6558 0.4723798257965198 131.1599999999933
6559 0.4784121575257941 131.1799999999933
6560 0.4841178765264624 131.1999999999933
6561 0.4894929728493341 131.2199999999933
6562 0.4945336499133313 131.2399999999933
6563 0.4992363240781048 131.2599999999933
6564 0.503597588614991 131.2799999999934
6565 0.5076142380042455 131.2999999999934
6566 0.5112832795607557 131.3199999999934
6567 0.5146019152181025 131.3399999999934
6568 0.5175675576235635 131.3599999999934
6569 0.520177859826109 131.3799999999934
6570 0.522430656091892 131.3999999999934
6571 0.524323987427777 131.4199999999934
6572 0.5258561442899372 131.4399999999934
6573 0.5270256747249504 131.4599999999934
6574 0.5278313355985675 131.4799999999935
6575 0.5282721062390014 131.4999999999935
6576 0.5283472037540373 131.5199999999935
6577 0.5280561094759884 131.5399999999935
6578 0.5273985662459221 131.5599999999935
6579 0.5263745727961935 131.5799999999935
6580 0.5249843518811877 131.5999999999935
6581 0.523228379372468 131.6199999999935
6582 0.5211073992544877 131.6399999999935
6583 0.5186224173487795 131.6599999999935
6584 0.5157747121594216 131.6799999999936
6585 0.5125658484932646 131.6999999999936
6586 0.5089976559502322 131.7199999999936
6587 0.5050722184731209 131.7399999999936
6588 0.5007919225806097 131.7599999999936
6589 0.4961594291163224 131.7799999999936
6590 0.4911776580539994 131.7999999999936
6591 0.4858497786392142 131.8199999999936
6592 0.4801792490115622 131.8399999999936
6593 0.4741698318290172 131.8599999999936
6594 0.4678255565563435 131.8799999999937
6595 0.4611506865011716 131.8999999999937
6596 0.4541497711865116 131.9199999999937
6597 0.4468276387603351 131.9399999999937
6598 0.4391893496069961 131.9599999999937
6599 0.4312401799203939 131.9799999999937
6600 0.422985673922388 131.9999999999937
6601 0.4144316275764818 132.0199999999937
6602 0.4055840476016149 132.0399999999937
6603 0.3964491862517996 132.0599999999937
6604 0.3870335500593695 132.0799999999938
6605 0.3773438626254305 132.0999999999938
6606 0.3673870656142255 132.1199999999938
6607 0.357170328254577 132.1399999999938
6608 0.3467010248870094 132.1599999999938
6609 0.3359867263841238 132.1799999999938
6610 0.3250351966107342 132.1999999999938
6611 0.3138543733663559 132.2199999999938
6612 0.3024523592611245 132.2399999999938
6613 0.2908374488129484 132.2599999999939
6614 0.2790181086245502 132.2799999999939
6615 0.2670029260813984 132.2999999999939
6616 0.2548006204240487 132.3199999999939
6617 0.2424200686939878 132.3399999999939
6618 0.2298702742064768 132.3599999999939
6619 0.2171603502520663 132.3799999999939
6620 0.2042995306445556 132.3999999999939
6621 0.1912971612608883 132.4199999999939
6622 0.1781626881322138 132.4399999999939
6623 0.1649056392609586 132.459999999994
6624 0.1515356172930534 132.479999999994
6625 0.1380622949659757 132.499999999994
6626 0.1244954033128584 132.519999999994
6627 0.1108447203802409 132.539999999994
6628 0.09712005593583983 132.559999999994
6629 0.0833312557858826 132.579999999994
6630 0.06948819407040627 132.599999999994
6631 0.05560075559705903 132.619999999994
6632 0.04167882969439154 132.639999999994
6633 0.02773230982815134 132.6599999999941
6634 0.01377106455890872 132.6799999999941
6635 -0.0001950710649848735 132.6999999999941
6636 -0.01415627606384661 132.7199999999941
6637 -0.02810275366555798 132.7399999999941
6638 -0.0420247609036612 132.7599999999941
6639 -0.05591260999642041 132.7799999999941
6640 -0.06975666731735553 132.7999999999941
6641 -0.08354736661380113 132.8199999999941
6642 -0.09727521976307633 132.8399999999941
6643 -0.110930818253104 132.8599999999942
6644 -0.1245048303528616 132.8799999999942
6645 -0.1379880097509474 132.8999999999942
6646 -0.151371202198681 132.9199999999942
6647 -0.1646453516595276 132.9399999999942
6648 -0.1778015024801532 132.9599999999942
6649 -0.1908308333248079 132.9799999999942
6650 -0.2037246364834046 132.9999999999942
6651 -0.2164743096662458 133.0199999999942
6652 -0.22907138102317 133.0399999999943
6653 -0.241507520606302 133.0599999999943
6654 -0.25377452586885 133.0799999999943
6655 -0.2658643258320546 133.0999999999943
6656 -0.2777689856674059 133.1199999999943
6657 -0.2894807215112691 133.1399999999943
6658 -0.3009918842028012 133.1599999999943
6659 -0.3122949565701011 133.1799999999943
6660 -0.3233825729636944 133.1999999999943
6661 -0.3342475125737748 133.2199999999943
6662 -0.3448826914813733 133.2399999999944
6663 -0.3552811894876222 133.2599999999944
6664 -0.3654362581857898 133.2799999999944
6665 -0.3753413093736315 133.2999999999944
6666 -0.3849899087226185 133.3199999999944
6667 -0.394375774285742 133.3399999999944
6668 -0.4034927811158658 133.3599999999944
6669 -0.4123349576158823 133.3799999999944
6670 -0.4208964976387972 133.3999999999944
6671 -0.4291717678376045 133.4199999999944
6672 -0.4371553020426802 133.4399999999945
6673 -0.4448418096060782 133.4599999999945
6674 -0.4522261754397316 133.4799999999945
6675 -0.4593034547921861 133.4999999999945
6676 -0.4660688710202199 133.5199999999945
6677 -0.4725178194742698 133.5399999999945
6678 -0.4786458762907213 133.5599999999945
6679 -0.4844487900952835 133.5799999999945
6680 -0.4899224895334221 133.5999999999945
6681 -0.4950630696239972 133.6199999999945
6682 -0.4998668197022847 133.6399999999946
6683 -0.50433024123998 133.6599999999946
6684 -0.5084500370443137 133.6799999999946
6685 -0.5122230847830942 133.6999999999946
6686 -0.5156464759117292 133.7199999999946
6687 -0.5187175141465454 133.7399999999946
6688 -0.5214337183617114 133.7599999999946
6689 -0.5237928284102118 133.7799999999946
6690 -0.5257928029204449 133.7999999999946
6691 -0.5274317989078833 133.8199999999946
6692 -0.5287081862147882 133.8399999999947
6693 -0.5296206211217068 133.8599999999947
6694 -0.530167994126472 133.8799999999947
6695 -0.5303494166583398 133.8999999999947
6696 -0.5301642439493121 133.9199999999947
6697 -0.5296121064851619 133.9399999999947
6698 -0.5286928890768046 133.9599999999947
6699 -0.5274067203968749 133.9799999999947
6700 -0.5257539823841006 133.9999999999947
6701 -0.5237353103435779 134.0199999999948
6702 -0.5213516237620553 134.0399999999948
6703 -0.5186041324090713 134.0599999999948
6704 -0.5154943150147006 134.0799999999948
6705 -0.5120239056606912 134.0999999999948
6706 -0.5081949058632785 134.1199999999948
6707 -0.504009618904549 134.1399999999948
6708 -0.4994706340528968 134.1599999999948
6709 -0.4945807977554887 134.1799999999948
6710 -0.4893432145519382 134.1999999999948
6711 -0.4837612732782322 134.2199999999949
6712 -0.4778386360535007 134.2399999999949
6713 -0.471579228048471 134.2599999999949
6714 -0.4649872458823064 134.2799999999949
6715 -0.4580671606431071 134.2999999999949
6716 -0.4508236958927662 134.3199999999949
6717 -0.4432618155220083 134.3399999999949
6718 -0.4353867529152915 134.3599999999949
6719 -0.4272040130765565 134.3799999999949
6720 -0.4187193465757195 134.3999999999949
6721 -0.4099387377106247 134.419999999995
6722 -0.4008684183772687 134.439999999995
6723 -0.3915148612961362 134.459999999995
6724 -0.3818847636427631 134.479999999995
6725 -0.3719850529256575 134.499999999995
6726 -0.3618228668748813 134.519999999995
6727 -0.351405551711242 134.539999999995
6728 -0.3407406586817164 134.559999999995
6729 -0.3298359466901704 134.579999999995
6730 -0.3186993365185387 134.599999999995
6731 -0.3073389346151034 134.6199999999951
6732 -0.295763033237853 134.6399999999951
6733 -0.2839800880380693 134.6599999999951
6734 -0.2719986997037699 134.6799999999951
6735 -0.2598276252142715 134.6999999999951
6736 -0.2474757738429478 134.7199999999951
6737 -0.234952180951331 134.7399999999951
6738 -0.2222659949538703 134.7599999999951
6739 -0.2094264744990557 134.7799999999951
6740 -0.1964429901296727 134.7999999999952
6741 -0.1833250127658757 134.8199999999952
6742 -0.1700820952571626 134.8399999999952
6743 -0.1567238584000402 134.8599999999952
6744 -0.1432599898103848 134.8799999999952
6745 -0.1297002413512743 134.8999999999952
6746 -0.1160544163221394 134.9199999999952
6747 -0.1023323482028267 134.9399999999952
6748 -0.08854389791162136 134.9599999999952
6749 -0.07469896386378209 134.9799999999952
6750 -0.06080747084838521 134.9999999999953
6751 -0.0468793328814958 135.0199999999953
6752 -0.03292445696028233 135.0399999999953
6753 -0.01895275095588189 135.0599999999953
6754 -0.004974095773775635 135.0799999999953
6755 0.009001660149489773 135.0999999999953
6756 0.02296469469454163 135.1199999999953
6757 0.03690522590713667 135.1399999999953
6758 0.05081352595145777 135.1599999999953
6759 0.06467993171353811 135.1799999999953
6760 0.07849484106495251 135.1999999999954
6761 0.09224871634957148 135.2199999999954
6762 0.1059320991232023 135.2399999999954
6763 0.1195356141738493 135.2599999999954
6764 0.1330499705973891 135.2799999999954
6765 0.1464659788748919 135.2999999999954
6766 0.1597745533916982 135.3199999999954
6767 0.1729667174904916 135.3399999999954
6768 0.1860335940345779 135.3599999999954
6769 0.1989664089738757 135.3799999999954
6770 0.2117565204547046 135.3999999999955
6771 0.2243954220634713 135.4199999999955
6772 0.2368747267376969 135.4399999999955
6773 0.2491861867897333 135.4599999999955
6774 0.2613217027193589 135.4799999999955
6775 0.2732733032565409 135.4999999999955
6776 0.2850331452467225 135.5199999999955
6777 0.2965935429460561 135.5399999999955
6778 0.3079469558984097 135.5599999999955
6779 0.319085987490946 135.5799999999956
6780 0.3300033911621885 135.5999999999956
6781 0.3406920812514115 135.6199999999956
6782 0.3511451036000155 135.6399999999956
6783 0.3613556576173388 135.6599999999956
6784 0.3713171158682586 135.6799999999956
6785 0.381023007336708 135.6999999999956
6786 0.3904670115903534 135.7199999999956
6787 0.399642992571406 135.7399999999956
6788 0.4085449826045005 135.7599999999956
6789 0.4171671573935093 135.7799999999957
6790 0.4255038755660701 135.7999999999957
6791 0.4335496544360967 135.8199999999957
6792 0.4412991712814536 135.8399999999957
6793 0.4487472735191626 135.8599999999957
6794 0.4558889808615206 135.8799999999957
6795 0.4627194912697953 135.8999999999957
6796 0.469234156076463 135.9199999999957
6797 0.4754285137846871 135.9399999999957
6798 0.4812983245694671 135.9599999999957
6799 0.4868395020811317 135.9799999999958
6800 0.4920481288408858 135.9999999999958
6801 0.4969205242299159 136.0199999999958
6802 0.5014531901535321 136.0399999999958
6803 0.5056428087489919 136.0599999999958
6804 0.5094862914191912 136.0799999999958
6805 0.5129807478790694 136.0999999999958
6806 0.5161234798074877 136.1199999999958
6807 0.5189120222599402 136.1399999999958
6808 0.5213441256456851 136.1599999999958
6809 0.5234177229331195 136.1799999999959
6810 0.5251309656141493 136.1999999999959
6811 0.5264822816227382 136.2199999999959
6812 0.5274703346320697 136.2399999999959
6813 0.528093985107945 136.2599999999959
6814 0.5283523204215862 136.2799999999959
6815 0.5282446920703091 136.2999999999959
6816 0.5277707129367232 136.3199999999959
6817 0.5269302578384023 136.3399999999959
6818 0.5257234270142771 136.3599999999959
6819 0.5241505707898747 136.379999999996
6820 0.5222123047662842 136.399999999996
6821 0.519909500166221 136.419999999996
6822 0.5172433043441121 136.439999999996
6823 0.5142151307656083 136.459999999996
6824 0.5108266777118132 136.479999999996
6825 0.5070798984907551 136.499999999996
6826 0.5029770350341073 136.519999999996
6827 0.4985206064118273 136.539999999996
6828 0.4937134072568323 136.5599999999961
6829 0.4885584762998317 136.5799999999961
6830 0.48305912622436 136.5999999999961
6831 0.4772189674544009 136.6199999999961
6832 0.4710418994191653 136.6399999999961
6833 0.4645320684257763 136.6599999999961
6834 0.4576938754735385 136.6799999999961
6835 0.4505320170985491 136.6999999999961
6836 0.4430514421155258 136.7199999999961
6837 0.4352573152451992 136.7399999999961
6838 0.4271550416797391 136.7599999999962
6839 0.4187502987784527 136.7799999999962
6840 0.4100489901736171 136.7999999999962
6841 0.4010572344150513 136.8199999999962
6842 0.3917814098637991 136.8399999999962
6843 0.3822281399808308 136.8599999999962
6844 0.3724042622247795 136.8799999999962
6845 0.362316828992806 136.8999999999962
6846 0.3519731086303824 136.9199999999962
6847 0.3413805782989776 136.9399999999962
6848 0.3305469092890712 136.9599999999963
6849 0.3194799510936252 136.9799999999963
6850 0.3081877230494905 136.9999999999963
6851 0.2966784222230313 137.0199999999963
6852 0.2849604368701368 137.0399999999963
6853 0.2730422960193264 137.0599999999963
6854 0.26093264812116 137.0799999999963
6855 0.2486402947654594 137.0999999999963
6856 0.2361741760390978 137.1199999999963
6857 0.2235433481316811 137.1399999999963
6858 0.2107569856950444 137.1599999999964
6859 0.1978243849727488 137.1799999999964
6860 0.1847549414126497 137.1999999999964
6861 0.1715581386571823 137.2199999999964
6862 0.158243546458087 137.2399999999964
6863 0.1448208062374329 137.2599999999964
6864 0.1312996162657544 137.2799999999964
6865 0.1176897331043714 137.2999999999964
6866 0.1040009540258307 137.3199999999964
6867 0.09024310493928402 137.3399999999965
6868 0.07642604553433335 137.3599999999965
6869 0.06255965934426989 137.3799999999965
6870 0.0486538331565861 137.3999999999965
6871 0.03471845808450373 137.4199999999965
6872 0.02076341988753085 137.4399999999965
6873 0.006798569503921848 137.4599999999965
6874 -0.007166266580409659 137.4799999999965
6875 -0.02112127483925062 137.4999999999965
6876 -0.03505668338313409 137.5199999999965
6877 -0.04896277835452165 137.5399999999966
6878 -0.06282989947874126 137.5599999999966
6879 -0.07664844396758677 137.5799999999966
6880 -0.09040888356895063 137.5999999999966
6881 -0.1041017716301424 137.6199999999966
6882 -0.1177177370023257 137.6399999999966
6883 -0.1312474879591007 137.6599999999966
6884 -0.1446818261138282 137.6799999999966
6885 -0.1580116403137145 137.6999999999966
6886 -0.171227919856059 137.7199999999966
6887 -0.1843217825392446 137.7399999999967
6888 -0.197284471518488 137.7599999999967
6889 -0.2101073231141434 137.7799999999967
6890 -0.2227817972452423 137.7999999999967
6891 -0.2352994954565154 137.8199999999967
6892 -0.247652153534441 137.8399999999967
6893 -0.2598316319007373 137.8599999999967
6894 -0.2718299275698942 137.8799999999967
6895 -0.2836391806307759 137.8999999999967
6896 -0.2952516738157063 137.9199999999967
6897 -0.3066598266979786 137.9399999999968
6898 -0.3178561913213106 137.9599999999968
6899 -0.3288334730265371 137.9799999999968
6900 -0.339584529267117 137.9999999999968
6901 -0.3501023650624763 138.0199999999968
6902 -0.360380131867067 138.0399999999968
6903 -0.3704111573753272 138.0599999999968
6904 -0.3801889385958198 138.0799999999968
6905 -0.3897071164263561 138.0999999999968
6906 -0.3989594830211259 138.1199999999968
6907 -0.4079399906573875 138.1399999999969
6908 -0.4166427516542026 138.1599999999969
6909 -0.425062047400326 138.1799999999969
6910 -0.4331923221274918 138.1999999999969
6911 -0.4410282032654479 138.2199999999969
6912 -0.4485644854732896 138.2399999999969
6913 -0.455796134468559 138.2599999999969
6914 -0.4627182944869445 138.2799999999969
6915 -0.4693262733037094 138.2999999999969
6916 -0.4756155570566512 138.319999999997
6917 -0.4815818033160166 138.339999999997
6918 -0.48722085725143 138.359999999997
6919 -0.4925287282253161 138.379999999997
6920 -0.4975015953964396 138.399999999997
6921 -0.5021358562734739 138.419999999997
6922 -0.5064281208095821 138.439999999997
6923 -0.5103751823206139 138.459999999997
6924 -0.5139740239253981 138.479999999997
6925 -0.5172218365420787 138.499999999997
6926 -0.5201160312928769 138.5199999999971
6927 -0.5226542439917294 138.5399999999971
6928 -0.5248343146590403 138.5599999999971
6929 -0.5266542970214152 138.5799999999971
6930 -0.5281124676773382 138.5999999999971
6931 -0.5292073313134373 138.6199999999971
6932 -0.5299376556192227 138.6399999999971
6933 -0.5303024492123388 138.6599999999971
6934 -0.5303009409890034 138.6799999999971
6935 -0.5299326212972137 138.6999999999971
6936 -0.5291972451355307 138.7199999999972
6937 -0.5280948316028496 138.7399999999972
6938 -0.5266256232744417 138.7599999999972
6939 -0.5247901290858801 138.7799999999972
6940 -0.5225891283672727 138.7999999999972
6941 -0.5200236793395885 138.8199999999972
6942 -0.5170951387909115 138.8399999999972
6943 -0.5138051041909542 138.8599999999972
6944 -0.5101554392104247 138.8799999999972
6945 -0.5061482975509064 138.8999999999972
6946 -0.5017861244115334 138.9199999999973
6947 -0.4970716406591401 138.9399999999973
6948 -0.4920078222331641 138.9599999999973
6949 -0.4865979148898779 138.9799999999973
6950 -0.4808454419547899 138.9999999999973
6951 -0.4747541947625258 139.0199999999973
6952 -0.4683282374290142 139.0399999999973
6953 -0.4615719068345513 139.0599999999973
6954 -0.4544898013099891 139.0799999999973
6955 -0.4470867606503388 139.0999999999974
6956 -0.4393678801952547 139.1199999999974
6957 -0.4313385293695478 139.1399999999974
6958 -0.4230043461602393 139.1599999999974
6959 -0.4143711980043395 139.1799999999974
6960 -0.4054451848029048 139.1999999999974
6961 -0.3962326592875277 139.2199999999974
6962 -0.3867402054163115 139.2399999999974
6963 -0.3769746412367649 139.2599999999974
6964 -0.366942999166909 139.2799999999974
6965 -0.3566525205406296 139.2999999999975
6966 -0.3461106532688008 139.3199999999975
6967 -0.3353250541359554 139.3399999999975
6968 -0.3243035638965133 139.3599999999975
6969 -0.3130541989285425 139.3799999999975
6970 -0.3015851548490646 139.3999999999975
6971 -0.2899048103949382 139.4199999999975
6972 -0.2780216933365676 139.4399999999975
6973 -0.2659444831550999 139.4599999999975
6974 -0.2536820136831377 139.4799999999975
6975 -0.2412432625556872 139.4999999999976
6976 -0.2286373234839283 139.5199999999976
6977 -0.2158733948909554 139.5399999999976
6978 -0.2029607898821842 139.5599999999976
6979 -0.1899089367573372 139.5799999999976
6980 -0.1767273501098618 139.5999999999976
6981 -0.1634256141769769 139.6199999999976
6982 -0.1500133829586469 139.6399999999976
6983 -0.1365003792481697 139.6599999999976
6984 -0.1228963819622151 139.6799999999976
6985 -0.1092112090466639 139.6999999999977
6986 -0.09545471073651525 139.7199999999977
6987 -0.08163676534385017 139.7399999999977
6988 -0.06776728664283777 139.7599999999977
6989 -0.05385619930589298 139.7799999999977
6990 -0.0399134113008009 139.7999999999977
6991 -0.02594882988212949 139.8199999999977
6992 -0.01197235319201515 139.8399999999977
6993 0.002006151975483597 139.8599999999977
6994 0.01597685180038458 139.8799999999978
6995 0.0299299429861913 139.8999999999978
6996 0.04385566739066969 139.9199999999978
6997 0.05774432855886074 139.9399999999978
6998 0.07158629472239826 139.9599999999978
6999 0.08537199552881379 139.9799999999978
7000 0.09909193036123401 139.9999999999978
7001 0.1127366812650502 140.0199999999978
7002 0.1262969144974708 140.0399999999978
7003 0.1397633895683046 140.0599999999978
7004 0.1531269673200741 140.0799999999979
7005 0.1663786156957365 140.0999999999979
7006 0.1795094122329125 140.1199999999979
7007 0.1925105337360728 140.1399999999979
7008 0.2053732627055918 140.1599999999979
7009 0.2180890218405047 140.1799999999979
7010 0.2306493666368946 140.1999999999979
7011 0.2430459802522097 140.2199999999979
7012 0.2552706860685458 140.2399999999979
7013 0.2673154495636549 140.2599999999979
7014 0.2791723635312212 140.279999999998
7015 0.2908336605782417 140.299999999998
7016 0.3022917288565764 140.319999999998
7017 0.3135390978017683 140.339999999998
7018 0.3245684407719171 140.359999999998
7019 0.3353725814764298 140.379999999998
7020 0.3459445107134791 140.399999999998
7021 0.3562773593051525 140.419999999998
7022 0.366364406372334 140.439999999998
7023 0.3761991046538862 140.459999999998
7024 0.3857750615403631 140.4799999999981
7025 0.3950860462423043 140.4999999999981
7026 0.4041260020388305 140.5199999999981
7027 0.4128890346710162 140.5399999999981
7028 0.4213694140199817 140.5599999999981
7029 0.4295615742766545 140.5799999999981
7030 0.4374601141797084 140.5999999999981
7031 0.4450597921925857 140.6199999999981
7032 0.4523555449288136 140.6399999999981
7033 0.4593424807485175 140.6599999999981
7034 0.4660158765729721 140.6799999999982
7035 0.4723711866907146 140.6999999999982
7036 0.4784040555914037 140.7199999999982
7037 0.4841103134717523 140.7399999999982
7038 0.4894859507010869 140.7599999999982
7039 0.4945271707166779 140.7799999999982
7040 0.4992303887212672 140.7999999999982
7041 0.5035921964809081 140.8199999999982
7042 0.5076093917764531 140.8399999999982
7043 0.5112789773044352 140.8599999999983
7044 0.5145981548572973 140.8799999999983
7045 0.5175643367234889 140.8999999999983
7046 0.5201751776251401 140.9199999999983
7047 0.5224285108650213 140.9399999999983
7048 0.524322375497939 140.9599999999983
7049 0.5258550617825651 140.9799999999983
7050 0.5270251176356505 140.9999999999983
7051 0.5278313011756058 141.0199999999983
7052 0.5282725922110418 141.0399999999983
7053 0.5283482026036673 141.0599999999984
7054 0.5280576158316173 141.0799999999984
7055 0.5274005783072485 141.0999999999984
7056 0.5263770801822778 141.1199999999984
7057 0.5249873513966714 141.1399999999984
7058 0.5232318641886767 141.1599999999984
7059 0.5211113633572962 141.1799999999984
7060 0.5186268535506193 141.1999999999984
7061 0.5157796153195839 141.2199999999984
7062 0.5125712106242506 141.2399999999984
7063 0.5090034667136207 141.2599999999985
7064 0.505078474506421 141.2799999999985
7065 0.5007986136186051 141.2999999999985
7066 0.4961665470667794 141.3199999999985
7067 0.4911851945351609 141.3399999999985
7068 0.4858577262694169 141.3599999999985
7069 0.4801875999586946 141.3799999999985
7070 0.4741785775428916 141.3999999999985
7071 0.4678346868405141 141.4199999999985
7072 0.4611601936197348 141.4399999999985
7073 0.4541596461441304 141.4599999999986
7074 0.4468378730641936 141.4799999999986
7075 0.4391999350506121 141.4999999999986
7076 0.4312511084413683 141.5199999999986
7077 0.4229969352533421 141.5399999999986
7078 0.414443213149825 141.5599999999986
7079 0.4055959500863847 141.5799999999986
7080 0.3964613949369939 141.5999999999986
7081 0.3870460565558475 141.6199999999986
7082 0.377356657837571 141.6399999999987
7083 0.367400140985077 141.6599999999987
7084 0.3571836738899652 141.6799999999987
7085 0.3467146306882423 141.6999999999987
7086 0.336000583286489 141.7199999999987
7087 0.3250492960336381 141.7399999999987
7088 0.3138687054955105 141.7599999999987
7089 0.3024669166213162 141.7799999999987
7090 0.2908522218843467 141.7999999999987
7091 0.2790330878980585 141.8199999999987
7092 0.2670181033108409 141.8399999999988
7093 0.2548159869829848 141.8599999999988
7094 0.2424356167447111 141.8799999999988
7095 0.229885995345663 141.8999999999988
7096 0.2171762347986894 141.9199999999988
7097 0.2043155691357282 141.9399999999988
7098 0.1913133455908024 141.9599999999988
7099 0.1781790081976715 141.9799999999988
7100 0.1649220868648153 141.9999999999988
7101 0.1515521828303344 142.0199999999988
7102 0.1380789695093871 142.0399999999989
7103 0.1245121778371141 142.0599999999989
7104 0.1108615847392401 142.0799999999989
7105 0.09713700259424009 142.0999999999989
7106 0.08334827519699092 142.1199999999989
7107 0.06950527691313653 142.1399999999989
7108 0.05561789360252548 142.1599999999989
7109 0.0416960136448721 142.1799999999989
7110 0.02774953118555476 142.1999999999989
7111 0.01378831679614879 142.2199999999989
7112 -0.0001777953520944599 142.239999999999
7113 -0.01413898673947718 142.259999999999
7114 -0.02808545886914769 142.279999999999
7115 -0.04200746724316803 142.299999999999
7116 -0.0558953262825291 142.319999999999
7117 -0.06973940226862786 142.339999999999
7118 -0.08353012740913161 142.359999999999
7119 -0.09725801418587662 142.379999999999
7120 -0.1109136529142336 142.399999999999
7121 -0.124487712259504 142.419999999999
7122 -0.1379709449020028 142.4399999999991
7123 -0.1513541907036179 142.4599999999991
7124 -0.1646283849033147 142.4799999999991
7125 -0.1777845877143832 142.4999999999991
7126 -0.1908139829899693 142.5199999999991
7127 -0.2037078548951947 142.5399999999991
7128 -0.2164576000084814 142.5599999999991
7129 -0.2290547525803351 142.5799999999991
7130 -0.2414909802492166 142.5999999999991
7131 -0.2537580786747847 142.6199999999992
7132 -0.265847977269717 142.6399999999992
7133 -0.2777527444587514 142.6599999999992
7134 -0.289464590205227 142.6799999999992
7135 -0.3009758690847675 142.6999999999992
7136 -0.3122790635468553 142.7199999999992
7137 -0.3233668076403035 142.7399999999992
7138 -0.3342318765611548 142.7599999999992
7139 -0.3448671913177634 142.7799999999992
7140 -0.3552658290062009 142.7999999999992
7141 -0.3654210434493906 142.8199999999993
7142 -0.375326242146462 142.8399999999993
7143 -0.3849749947698073 142.8599999999993
7144 -0.3943610187614582 142.8799999999993
7145 -0.4034781887309582 142.8999999999993
7146 -0.4123205317200518 142.9199999999993
7147 -0.4208822446936067 142.9399999999993
7148 -0.4291576909787856 142.9599999999993
7149 -0.4371414045152231 142.9799999999993
7150 -0.4448280968878947 142.9999999999993
7151 -0.4522126511257729 143.0199999999994
7152 -0.4592901237040647 143.0399999999994
7153 -0.4660557348372505 143.0599999999994
7154 -0.4725048820531984 143.0799999999994
7155 -0.4786331410818905 143.0999999999994
7156 -0.4844362613893427 143.1199999999994
7157 -0.4899101658522118 143.1399999999994
7158 -0.4950509526466421 143.1599999999994
7159 -0.4998549111114948 143.1799999999994
7160 -0.5043185432320102 143.1999999999994
7161 -0.5084385472004135 143.2199999999995
7162 -0.5122118092562664 143.2399999999995
7163 -0.5156354175231913 143.2599999999995
7164 -0.5187066711900707 143.2799999999995
7165 -0.5214230922652114 143.2999999999995
7166 -0.5237824237656127 143.3199999999995
7167 -0.5257826180406743 143.3399999999995
7168 -0.5274218308927547 143.3599999999995
7169 -0.5286984398175415 143.3799999999995
7170 -0.5296110898704914 143.3999999999996
7171 -0.5301586826257026 143.4199999999996
7172 -0.5303403221269593 143.4399999999996
7173 -0.5301553691066887 143.4599999999996
7174 -0.5296034465232526 143.4799999999996
7175 -0.5286844493026114 143.4999999999996
7176 -0.5273984978678233 143.5199999999996
7177 -0.5257459749066693 143.5399999999996
7178 -0.5237275160346366 143.5599999999996
7179 -0.5213440440096758 143.5799999999996
7180 -0.5185967675366979 143.5999999999997
7181 -0.5154871616565251 143.6199999999997
7182 -0.5120169632478462 143.6399999999997
7183 -0.508188173110151 143.6599999999997
7184 -0.5040030932654307 143.6799999999997
7185 -0.4994643134400422 143.6999999999997
7186 -0.4945746793548256 143.7199999999997
7187 -0.4893372981509421 143.7399999999997
7188 -0.4837555565646919 143.7599999999997
7189 -0.4778331180119989 143.7799999999997
7190 -0.4715739029888075 143.7999999999998
7191 -0.4649821144013521 143.8199999999998
7192 -0.4580622202343139 143.8399999999998
7193 -0.4508189432359729 143.8599999999998
7194 -0.4432572480591263 143.8799999999998
7195 -0.4353823661335448 143.8999999999998
7196 -0.4271998072728583 143.9199999999998
7197 -0.4187153171248075 143.9399999999998
7198 -0.4099348821745901 143.9599999999998
7199 -0.4008647353952539 143.9799999999998
7200 -0.391511345346161 143.9999999999999
7201 -0.3818814122410804 144.0199999999999
7202 -0.3719818603329533 144.0399999999999
7203 -0.3618198312592312 144.0599999999999
7204 -0.3514026661570677 144.0799999999999
7205 -0.340737922936156 144.0999999999999
7206 -0.3298333523974651 144.1199999999999
7207 -0.3186968819786419 144.1399999999999
7208 -0.3073366158883226 144.1599999999999
7209 -0.2957608436606264 144.1799999999999
7210 -0.283978023567465 144.2
7211 -0.271996756137025 144.22
7212 -0.2598257978853477 144.24
7213 -0.247474058417624 144.26
7214 -0.23495057125551 144.28
7215 -0.2222644863546236 144.3
7216 -0.209425062988255 144.32
7217 -0.196441670943784 144.34
7218 -0.1833237811056421 144.36
7219 -0.1700809452854787 144.3800000000001
7220 -0.156722785694573 144.4000000000001
7221 -0.1432589890699438 144.4200000000001
7222 -0.1296993087359401 144.4400000000001
7223 -0.116053546535579 144.4600000000001
7224 -0.1023315367969267 144.4800000000001
7225 -0.0885431407668674 144.5000000000001
7226 -0.07469825657545866 144.5200000000001
7227 -0.06080680846607274 144.5400000000001
7228 -0.04687871195571936 144.5600000000001
7229 -0.03292387367839909 144.5800000000002
7230 -0.0189522011111427 144.6000000000002
7231 -0.004973574779070692 144.6200000000002
7232 0.009002155592327444 144.6400000000002
7233 0.02296516833997518 144.6600000000002
7234 0.036905681909732 144.6800000000002
7235 0.05081396854575947 144.7000000000002
7236 0.06468036357598095 144.7200000000002
7237 0.07849526555796221 144.7400000000002
7238 0.09224913678264397 144.7600000000002
7239 0.105932518902543 144.7800000000003
7240 0.1195360366137039 144.8000000000003
7241 0.1330503980306413 144.8200000000003
7242 0.1464664141023784 144.8400000000003
7243 0.1597749985875923 144.8600000000003
7244 0.172967175052565 144.8800000000003
7245 0.1860340768811706 144.9000000000003
7246 0.1989669348330309 144.9200000000003
7247 0.211757092042564 144.9400000000003
7248 0.2243960356171252 144.9600000000003
7249 0.2368753884930652 144.9800000000004
7250 0.2491869016951797 145.0000000000004
7251 0.2613224687215764 145.0200000000004
7252 0.2732741206669408 145.0400000000004
7253 0.2850340182990982 145.0600000000004
7254 0.2965944723768839 145.0800000000004
7255 0.3079479400938724 145.1000000000004
7256 0.3190870281502527 145.1200000000004
7257 0.3300044900204884 145.1400000000004
7258 0.3406932372033176 145.1600000000005
7259 0.3511463161218414 145.1800000000005
7260 0.361356926616877 145.2000000000005
7261 0.3713184406099278 145.2200000000005
7262 0.3810243869556696 145.2400000000005
7263 0.3904684448325443 145.2600000000005
7264 0.3996444780398605 145.2800000000005
7265 0.4085465164674221 145.3000000000005
7266 0.4171687402625842 145.3200000000005
7267 0.4255055055835273 145.3400000000005
7268 0.4335513294094324 145.3600000000006
7269 0.4413008888632124 145.3800000000006
7270 0.448749031226543 145.4000000000006
7271 0.4558907761472958 145.4200000000006
7272 0.4627213205358308 145.4400000000006
7273 0.469236016159885 145.4600000000006
7274 0.4754304013173065 145.4800000000006
7275 0.481300235309836 145.5000000000006
7276 0.4868414324370637 145.5200000000006
7277 0.492050073813345 145.5400000000006
7278 0.4969224784243824 145.5600000000007
7279 0.5014551497403311 145.5800000000007
7280 0.5056447682016058 145.6000000000007
7281 0.5094882482766874 145.6200000000007
7282 0.5129826964311248 145.6400000000007
7283 0.5161254151509697 145.6600000000007
7284 0.5189139390718592 145.6800000000007
7285 0.5213460186602518 145.7000000000007
7286 0.523419585903162 145.7200000000007
7287 0.5251327927945723 145.7400000000007
7288 0.5264840672196744 145.7600000000008
7289 0.5274720717158047 145.7800000000008
7290 0.5280956673342053 145.8000000000008
7291 0.5283539455125315 145.8200000000008
7292 0.5282462507061016 145.8400000000008
7293 0.5277722017494416 145.8600000000008
7294 0.5269316707160842 145.8800000000008
7295 0.5257247572699546 145.9000000000008
7296 0.5241518138366904 145.9200000000008
7297 0.5222134538373263 145.9400000000009
7298 0.5199105538917007 145.9600000000009
7299 0.5172442538366715 145.9800000000009
7300 0.5142159744249631 146.0000000000009
7301 0.5108274091744968 146.0200000000009
7302 0.5070805139531562 146.0400000000009
7303 0.5029775284495841 146.0600000000009
7304 0.4985209746025887 146.0800000000009
7305 0.4937136451679295 146.1000000000009
7306 0.488558580495344 146.1200000000009
7307 0.4830590929946337 146.140000000001
7308 0.4772187962377712 146.160000000001
7309 0.4710415853761897 146.180000000001
7310 0.4645316070501985 146.200000000001
7311 0.4576932692306248 146.220000000001
7312 0.4505312611012895 146.240000000001
7313 0.4430505371425814 146.260000000001
7314 0.4352562605980205 146.280000000001
7315 0.4271538370852639 146.300000000001
7316 0.4187489441385254 146.320000000001
7317 0.4100474856483692 146.3400000000011
7318 0.4010555813441108 146.3600000000011
7319 0.3917796102199953 146.3800000000011
7320 0.3822261951612188 146.4000000000011
7321 0.3724021743913567 146.4200000000011
7322 0.3623146018799498 146.4400000000011
7323 0.3519707447191174 146.4600000000011
7324 0.3413780797864439 146.4800000000011
7325 0.3305442795505274 146.5000000000011
7326 0.3194771935800048 146.5200000000011
7327 0.3081848399414152 146.5400000000012
7328 0.2966754190866682 146.5600000000012
7329 0.2849573170784376 146.5800000000012
7330 0.2730390630815776 146.6000000000012
7331 0.2609293084631724 146.6200000000012
7332 0.2486368518052387 146.6400000000012
7333 0.2361706360163626 146.6600000000012
7334 0.2235397153416634 146.6800000000012
7335 0.2107532658210191 146.7000000000012
7336 0.1978205835089897 146.7200000000012
7337 0.1847510640950055 146.7400000000013
7338 0.1715541906332358 146.7600000000013
7339 0.1582395344547286 146.7800000000013
7340 0.1448167348514798 146.8000000000013
7341 0.1312954916251094 146.8200000000013
7342 0.1176855607878717 146.8400000000013
7343 0.1039967399069486 146.8600000000013
7344 0.09023885572738671 146.8800000000013
7345 0.07642176716907079 146.9000000000013
7346 0.06255535775248385 146.9200000000014
7347 0.04864951599255656 146.9400000000014
7348 0.03471413186430913 146.9600000000014
7349 0.02075909075624565 146.9800000000014
7350 0.006794244236246547 147.0000000000014
7351 -0.007170581602194017 147.0200000000014
7352 -0.02112557310641399 147.0400000000014
7353 -0.03506095813988057 147.0600000000014
7354 -0.04896702301549438 147.0800000000014
7355 -0.06283410703132988 147.1000000000014
7356 -0.07665260776371294 147.1200000000015
7357 -0.09041299664784033 147.1400000000015
7358 -0.1041058265641778 147.1600000000015
7359 -0.1177217267393117 147.1800000000015
7360 -0.1312514058708928 147.2000000000015
7361 -0.1446856644865142 147.2200000000015
7362 -0.1580153925092517 147.2400000000015
7363 -0.1712315795269004 147.2600000000015
7364 -0.1843253427854504 147.2800000000015
7365 -0.1972879253841355 147.3000000000015
7366 -0.2101106648281041 147.3200000000016
7367 -0.2227850214446315 147.3400000000016
7368 -0.2353025964057149 147.3600000000016
7369 -0.2476551242921185 147.3800000000016
7370 -0.2598344664245095 147.4000000000016
7371 -0.271832620360457 147.4200000000016
7372 -0.2836417242912901 147.4400000000016
7373 -0.2952540637318318 147.4600000000016
7374 -0.3066620552246124 147.4800000000016
7375 -0.3178582529149145 147.5000000000016
7376 -0.3288353610548563 147.5200000000017
7377 -0.3395862357661714 147.5400000000017
7378 -0.3501038835609421 147.5600000000017
7379 -0.3603814595180742 147.5800000000017
7380 -0.3704122860733501 147.6000000000017
7381 -0.3801898621864492 147.6200000000017
7382 -0.3897078313516307 147.6400000000017
7383 -0.3989599858607824 147.6600000000017
7384 -0.4079402710871687 147.6800000000017
7385 -0.4166428083234741 147.7000000000018
7386 -0.4250618751415123 147.7200000000018
7387 -0.4331919158150479 147.7400000000018
7388 -0.4410275596623235 147.7600000000018
7389 -0.4485635999614925 147.7800000000018
7390 -0.4557950049957385 147.8000000000018
7391 -0.462716915276471 147.8200000000018
7392 -0.4693246429343206 147.8400000000018
7393 -0.4756136674360063 147.8600000000018
7394 -0.4815796549603706 147.8800000000018
7395 -0.4872184439150223 147.9000000000019
7396 -0.4925260452546084 147.9200000000019
7397 -0.4974986360022217 147.9400000000019
7398 -0.5021326184687334 147.9600000000019
7399 -0.5064246023986194 147.9800000000019
7400 -0.5103713747339615 148.0000000000019
7401 -0.5139699188814151 148.0200000000019
7402 -0.5172174234859872 148.0400000000019
7403 -0.52011130075391 148.0600000000019
7404 -0.5226491973743889 148.0800000000019
7405 -0.5248289490145376 148.100000000002
7406 -0.5266486054826646 148.120000000002
7407 -0.5281064491500153 148.140000000002
7408 -0.5292009889031165 148.160000000002
7409 -0.529930980224566 148.180000000002
7410 -0.5302954397981824 148.200000000002
7411 -0.5302935976693008 148.220000000002
7412 -0.5299249405330372 148.240000000002
7413 -0.5291892252986763 148.260000000002
7414 -0.5280864706743917 148.280000000002
7415 -0.5266169199858401 148.3000000000021
7416 -0.5247810823422815 148.3200000000021
7417 -0.5225797401170811 148.3400000000021
7418 -0.5200139491337309 148.3600000000021
7419 -0.5170850641206725 148.3800000000021
7420 -0.5137946871070008 148.4000000000021
7421 -0.5101446785021335 148.4200000000021
7422 -0.5061371988183482 148.4400000000021
7423 -0.5017746856595436 148.4600000000021
7424 -0.4970598641425634 148.4800000000021
7425 -0.4919957100446721 148.5000000000022
7426 -0.4865854695644867 148.5200000000022
7427 -0.4808326648123836 148.5400000000022
7428 -0.4747410919309717 148.5600000000022
7429 -0.4683148089834582 148.5800000000022
7430 -0.46155815817243 148.6000000000022
7431 -0.4544757350791709 148.6200000000022
7432 -0.4470723827532914 148.6400000000022
7433 -0.4393531926970926 148.6600000000022
7434 -0.431323539461953 148.6800000000023
7435 -0.4229890581195579 148.7000000000023
7436 -0.4143556163016823 148.7200000000023
7437 -0.4054293156570689 148.7400000000023
7438 -0.3962165066686626 148.7600000000023
7439 -0.3867237771001754 148.7800000000023
7440 -0.3769579444215656 148.8000000000023
7441 -0.3669260366360651 148.8200000000023
7442 -0.356635299457616 148.8400000000023
7443 -0.3460931809454488 148.8600000000023
7444 -0.3353073362301511 148.8800000000024
7445 -0.3242856091798339 148.9000000000024
7446 -0.313036013374451 148.9200000000024
7447 -0.3015667456439824 148.9400000000024
7448 -0.289886186467395 148.9600000000024
7449 -0.2780028629340694 148.9800000000024
7450 -0.2659254539789512 149.0000000000024
7451 -0.2536627924561015 149.0200000000024
7452 -0.2412238591515888 149.0400000000024
7453 -0.2286177448835111 149.0600000000024
7454 -0.2158536513566461 149.0800000000025
7455 -0.202940891090072 149.1000000000025
7456 -0.1898888903609871 149.1200000000025
7457 -0.1767071649388956 149.1400000000025
7458 -0.1634052999545658 149.1600000000025
7459 -0.1499929503515246 149.1800000000025
7460 -0.1364798373722685 149.2000000000025
7461 -0.1228757398581605 149.2200000000025
7462 -0.1091904776294369 149.2400000000025
7463 -0.09543390037370852 149.2600000000025
7464 -0.08161588534231426 149.2800000000026
7465 -0.06774634824209237 149.3000000000026
7466 -0.053835212388785 149.3200000000026
7467 -0.03989238785033 149.3400000000026
7468 -0.02592778009891369 149.3600000000026
7469 -0.01195128783542913 149.3800000000026
7470 0.002027221925247844 149.4000000000026
7471 0.01599791514130521 149.4200000000026
7472 0.02995098876533401 149.4400000000026
7473 0.04387668467088933 149.4600000000027
7474 0.05776530593913335 149.4800000000027
7475 0.07160722086213618 149.5000000000027
7476 0.08539285912003926 149.5200000000027
7477 0.09911272051946972 149.5400000000027
7478 0.1127573865470805 149.5600000000027
7479 0.126317523957308 149.5800000000027
7480 0.1397838927406972 149.6000000000027
7481 0.1531473532030404 149.6200000000027
7482 0.1663988731746253 149.6400000000027
7483 0.1795295293399998 149.6600000000028
7484 0.1925305005313336 149.6800000000028
7485 0.2053930683519596 149.7000000000028
7486 0.2181086543715198 149.7200000000028
7487 0.2306688165596621 149.7400000000028
7488 0.2430652366139995 149.7600000000028
7489 0.2552897376933047 149.7800000000028
7490 0.2673342852333181 149.8000000000028
7491 0.2791909721643427 149.8200000000028
7492 0.290852032348384 149.8400000000028
7493 0.3023098508705123 149.8600000000029
7494 0.3135569601174303 149.8800000000029
7495 0.3245860331749222 149.9000000000029
7496 0.3353898918118152 149.9200000000029
7497 0.345961529150723 149.9400000000029
7498 0.3562940754278544 149.9600000000029
7499 0.366380808142298 149.9800000000029
7500 0.3762151803946611 150.0000000000029
7501 0.3857908032468084 150.0200000000029
7502 0.3951014411047614 150.0400000000029
7503 0.4041410400872733 150.060000000003
7504 0.412903705733738 150.080000000003
7505 0.4213837071716876 150.100000000003
7506 0.4295754812075399 150.120000000003
7507 0.4374736215943261 150.140000000003
7508 0.4450728910690685 150.160000000003
7509 0.4523682260257041 150.180000000003
7510 0.4593547321805452 150.200000000003
7511 0.4660276878307847 150.220000000003
7512 0.4723825469230413 150.2400000000031
7513 0.4784149544823901 150.2600000000031
7514 0.4841207410031838 150.2800000000031
7515 0.4894958974395506 150.3000000000031
7516 0.4945366238289399 150.3200000000031
7517 0.499239334934672 150.3400000000031
7518 0.5036006188534726 150.3600000000031
7519 0.5076172752722016 150.3800000000031
7520 0.5112863180071268 150.4000000000031
7521 0.5146049421769734 150.4200000000031
7522 0.5175705611592238 150.4400000000032
7523 0.5201808287914932 150.4600000000032
7524 0.5224335801004658 150.4800000000032
7525 0.5243268547267385 150.5000000000032
7526 0.5258589416326446 150.5200000000032
7527 0.527028389499974 150.5400000000032
7528 0.527833960896243 150.5600000000032
7529 0.5282746267302285 150.5800000000032
7530 0.5283496080772645 150.6000000000032
7531 0.5280583843280842 150.6200000000032
7532 0.5274007024529982 150.6400000000033
7533 0.526376555972346 150.6600000000033
7534 0.524986173301826 150.6800000000033
7535 0.5232300242904061 150.7000000000033
7536 0.5211088610341625 150.7200000000033
7537 0.5186236884018643 150.7400000000033
7538 0.5157757780445559 150.7600000000033
7539 0.5125667005394602 150.7800000000033
7540 0.5089982839015011 150.8000000000033
7541 0.5050726189859378 150.8200000000033
7542 0.5007920814271587 150.8400000000034
7543 0.4961593416861332 150.8600000000034
7544 0.4911773171244729 150.8800000000034
7545 0.4858491789956611 150.9000000000034
7546 0.480178383430296 150.9200000000034
7547 0.4741686951188723 150.9400000000034
7548 0.4678241419671075 150.9600000000034
7549 0.4611489932320088 150.9800000000034
7550 0.4541477951649358 151.0000000000034
7551 0.4468253776760259 151.0200000000034
7552 0.4391868023271663 151.0400000000035
7553 0.4312373459551404 151.0600000000035
7554 0.4229825521941866 151.0800000000035
7555 0.4144282180731519 151.1000000000035
7556 0.4055803530096289 151.1200000000035
7557 0.3964452074431164 151.1400000000035
7558 0.3870292904098923 151.1600000000035
7559 0.3773393249829388 151.1800000000035
7560 0.3673822554209347 151.2000000000035
7561 0.3571652494555025 151.2200000000036
7562 0.3466956800914259 151.2400000000036
7563 0.3359811223837021 151.2600000000036
7564 0.3250293395731674 151.2800000000036
7565 0.3138482699943582 151.3000000000036
7566 0.3024460169970648 151.3200000000036
7567 0.2908308754426491 151.3400000000036
7568 0.279011313157173 151.3600000000036
7569 0.2669959178143783 151.3800000000036
7570 0.2547934089690704 151.4000000000036
7571 0.2424126645166287 151.4200000000037
7572 0.2298626870268581 151.4400000000037
7573 0.2171525914590071 151.4600000000037
7574 0.2042916095253986 151.4800000000037
7575 0.1912890898959204 151.5000000000037
7576 0.1781544770889596 151.5200000000037
7577 0.1648973007097647 151.5400000000037
7578 0.1515271629161515 151.5600000000037
7579 0.1380537369657475 151.5800000000037
7580 0.1244867529413431 151.6000000000037
7581 0.1108359894844413 151.6200000000038
7582 0.09711125804139466 151.6400000000038
7583 0.08332240369461154 151.6600000000038
7584 0.06947930014737277 151.6800000000038
7585 0.0555918330052057 151.7000000000038
7586 0.04166989159598802 151.7200000000038
7587 0.02772336949269154 151.7400000000038
7588 0.01376213730337322 151.7600000000038
7589 -0.0002039710349158265 151.7800000000038
7590 -0.01416513586982789 151.8000000000038
7591 -0.02811155864133591 151.8200000000039
7592 -0.04203349610908242 151.8400000000039
7593 -0.05592126205250936 151.8600000000039
7594 -0.06976522268174801 151.8800000000039
7595 -0.0835558106382235 151.9000000000039
7596 -0.09728353841575237 151.9200000000039
7597 -0.1109389967759027 151.9400000000039
7598 -0.124512853804328 151.9600000000039
7599 -0.137995863099053 151.9800000000039
7600 -0.1513788735743812 152.000000000004
7601 -0.1646528259325811 152.020000000004
7602 -0.1778087671507433 152.040000000004
7603 -0.1908378737070372 152.060000000004
7604 -0.2037314406257453 152.080000000004
7605 -0.2164808645129972 152.100000000004
7606 -0.2290776747800974 152.120000000004
7607 -0.2415135395615974 152.140000000004
7608 -0.2537802556904866 152.160000000004
7609 -0.2658697536084733 152.180000000004
7610 -0.2777741018642774 152.2000000000041
7611 -0.289485510440939 152.2200000000041
7612 -0.300996332118469 152.2400000000041
7613 -0.3122990531248241 152.2600000000041
7614 -0.3233863041401109 152.2800000000041
7615 -0.3342508633523666 152.3000000000041
7616 -0.3448856586801511 152.3200000000041
7617 -0.3552837731095707 152.3400000000041
7618 -0.3654384495350698 152.3600000000041
7619 -0.3753430895885554 152.3800000000041
7620 -0.3849912679312476 152.4000000000042
7621 -0.3943767077444326 152.4200000000042
7622 -0.4034932768356058 152.4400000000042
7623 -0.4123350005528068 152.4600000000042
7624 -0.4208960854206351 152.4800000000042
7625 -0.429170889782562 152.5000000000042
7626 -0.437153945283904 152.5200000000042
7627 -0.4448399678804892 152.5400000000042
7628 -0.4522238419134288 152.5600000000042
7629 -0.4593006204653127 152.5800000000042
7630 -0.4660655257052473 152.6000000000043
7631 -0.4725139570971011 152.6200000000043
7632 -0.4786414878526089 152.6400000000043
7633 -0.4844438691171429 152.6600000000043
7634 -0.4899170256931992 152.6800000000043
7635 -0.4950570525803525 152.7000000000043
7636 -0.4998602405539552 152.7200000000043
7637 -0.5043230924339785 152.7400000000043
7638 -0.5084423168148339 152.7600000000043
7639 -0.5122147944229564 152.7800000000043
7640 -0.5156376103403412 152.8000000000044
7641 -0.5187080633365222 152.8200000000044
7642 -0.5214236760102812 152.8400000000044
7643 -0.5237821935984464 152.8600000000044
7644 -0.5257815685399093 152.8800000000044
7645 -0.5274199525016106 152.9000000000044
7646 -0.5286957279676878 152.9200000000044
7647 -0.5296075419947539 152.9400000000044
7648 -0.5301542872435214 152.9600000000044
7649 -0.5303350794889838 152.9800000000045
7650 -0.5301492774133763 153.0000000000045
7651 -0.5295965031584838 153.0200000000045
7652 -0.5286766466255268 153.0400000000045
7653 -0.5273898396107816 153.0600000000045
7654 -0.5257364581666086 153.0800000000045
7655 -0.5237171394778626 153.1000000000045
7656 -0.5213328110035643 153.1200000000045
7657 -0.5185846760040382 153.1400000000045
7658 -0.5154742154624422 153.1600000000045
7659 -0.5120031616884363 153.1800000000046
7660 -0.508173522483771 153.2000000000046
7661 -0.5039875958872446 153.2200000000046
7662 -0.4994479731670957 153.2400000000046
7663 -0.4945575016612347 153.2600000000046
7664 -0.4893192886525974 153.2800000000046
7665 -0.4837367222008027 153.3000000000046
7666 -0.4778134669279282 153.3200000000046
7667 -0.4715534427124146 153.3400000000046
7668 -0.4649608532036111 153.3600000000046
7669 -0.4580401680219174 153.3800000000047
7670 -0.4507961099859721 153.4000000000047
7671 -0.4432336446596817 153.4200000000047
7672 -0.435358005119153 153.4400000000047
7673 -0.4271746993917038 153.4600000000047
7674 -0.4186894763906563 153.4800000000047
7675 -0.4099083188917847 153.5000000000047
7676 -0.4008374662319287 153.5200000000047
7677 -0.3914833833608793 153.5400000000047
7678 -0.3818527707261931 153.5600000000047
7679 -0.3719525573613942 153.5800000000048
7680 -0.3617898826405762 153.6000000000048
7681 -0.3513720873815183 153.6200000000048
7682 -0.3407067296511989 153.6400000000048
7683 -0.3298015648349362 153.6600000000048
7684 -0.3186645158889886 153.6800000000048
7685 -0.307303689110511 153.7000000000048
7686 -0.295727377669859 153.7200000000048
7687 -0.2839440363690666 153.7400000000048
7688 -0.2719622678476147 153.7600000000049
7689 -0.2597908288158384 153.7800000000049
7690 -0.2474386268371861 153.8000000000049
7691 -0.2349147010157606 153.8200000000049
7692 -0.2222281977468868 153.8400000000049
7693 -0.2093883781596253 153.8600000000049
7694 -0.1964046114627856 153.8800000000049
7695 -0.1832863681472523 153.9000000000049
7696 -0.1700432031600269 153.9200000000049
7697 -0.1566847372933547 153.9400000000049
7698 -0.1432206561871585 153.960000000005
7699 -0.129660714184975 153.980000000005
7700 -0.1160147136168907 154.000000000005
7701 -0.1022924894342438 154.020000000005
7702 -0.08850390279743238 154.040000000005
7703 -0.07465885138592947 154.060000000005
7704 -0.06076726021412004 154.080000000005
7705 -0.04683904467706352 154.100000000005
7706 -0.03288411118708266 154.120000000005
7707 -0.01891236768468789 154.140000000005
7708 -0.004933696091271232 154.1600000000051
7709 0.009042054117844346 154.1800000000051
7710 0.02300506215535135 154.2000000000051
7711 0.03694554662113546 154.2200000000051
7712 0.05085377890056931 154.2400000000051
7713 0.06472009487932297 154.2600000000051
7714 0.07853489353901276 154.2800000000051
7715 0.09228863673852451 154.3000000000051
7716 0.105971866863935 154.3200000000051
7717 0.1195752073977823 154.3400000000051
7718 0.1330893688283083 154.3600000000052
7719 0.1465051600476369 154.3800000000052
7720 0.1598134965522495 154.4000000000052
7721 0.1730054007910997 154.4200000000052
7722 0.1860720066053941 154.4400000000052
7723 0.1990045464293541 154.4600000000052
7724 0.2117943613304366 154.4800000000052
7725 0.2244329399056505 154.5000000000052
7726 0.2369119046676695 154.5200000000052
7727 0.2492230074925847 154.5400000000053
7728 0.2613581420982556 154.5600000000053
7729 0.2733093383459161 154.5800000000053
7730 0.2850687599587733 154.6000000000053
7731 0.2966287160705783 154.6200000000053
7732 0.307981663679166 154.6400000000053
7733 0.3191202095817642 154.6600000000053
7734 0.3300371093520506 154.6800000000053
7735 0.3407252733252302 154.7000000000053
7736 0.3511777479882875 154.7200000000053
7737 0.3613877319683036 154.7400000000054
7738 0.3713486008859494 154.7600000000054
7739 0.3810538812082981 154.7800000000054
7740 0.3904972525610857 154.8000000000054
7741 0.399672580681054 154.8200000000054
7742 0.4085738947229802 154.8400000000054
7743 0.4171953757667831 154.8600000000054
7744 0.4255313797848704 154.8800000000054
7745 0.4335764230218843 154.9000000000054
7746 0.4413251851350468 154.9200000000054
7747 0.4487725104093725 154.9400000000055
7748 0.4559134226077118 154.9600000000055
7749 0.4627431156733224 154.9800000000055
7750 0.469256943411368 155.0000000000055
7751 0.4754504414238528 155.0200000000055
7752 0.481319373404701 155.0400000000055
7753 0.486859650246943 155.0600000000055
7754 0.4920673557707656 155.0800000000055
7755 0.4969388086952538 155.1000000000055
7756 0.5014705128451052 155.1200000000055
7757 0.5056591505730803 155.1400000000056
7758 0.5095016303895585 155.1600000000056
7759 0.5129950712976105 155.1800000000056
7760 0.5161367799751626 155.2000000000056
7761 0.5189242806661204 155.2200000000056
7762 0.5213553199692713 155.2400000000056
7763 0.5234278358190907 155.2600000000056
7764 0.525139981591952 155.2800000000056
7765 0.526490184426877 155.3000000000056
7766 0.5274771038987693 155.3200000000056
7767 0.5280996062193903 155.3400000000057
7768 0.5283567830155266 155.3600000000057
7769 0.5282479786367875 155.3800000000057
7770 0.527772813065178 155.4000000000057
7771 0.526931156720738 155.4200000000057
7772 0.5257231145418512 155.4400000000057
7773 0.5241490383285132 155.4600000000057
7774 0.5222095409228688 155.4800000000057
7775 0.5199055002220736 155.5000000000057
7776 0.517238058118183 155.5200000000058
7777 0.5142086334682381 155.5400000000058
7778 0.5108189251304733 155.5600000000058
7779 0.5070708864385394 155.5800000000058
7780 0.5029667587472509 155.6000000000058
7781 0.4985090670967507 155.6200000000058
7782 0.4937006035931739 155.6400000000058
7783 0.488544409777825 155.6600000000058
7784 0.483043799893063 155.6800000000058
7785 0.4772023850747993 155.7000000000058
7786 0.4710240662133504 155.7200000000059
7787 0.4645129905454493 155.7400000000059
7788 0.4576735639214191 155.7600000000059
7789 0.4505104803669165 155.7800000000059
7790 0.4430286928092222 155.8000000000059
7791 0.4352333667101086 155.8200000000059
7792 0.4271299096373191 155.8400000000059
7793 0.4187239982103795 155.8600000000059
7794 0.4100215392805622 155.8800000000059
7795 0.4010286515485361 155.9000000000059
7796 0.3917517167160581 155.920000000006
7797 0.3821973584152595 155.940000000006
7798 0.3723724161050787 155.960000000006
7799 0.3622839436095269 155.980000000006
7800 0.3519392081086634 156.000000000006
7801 0.3413456902461005 156.020000000006
7802 0.3305110608114824 156.040000000006
7803 0.3194431703727908 156.060000000006
7804 0.3081500403138224 156.080000000006
7805 0.2966398692936112 156.100000000006
7806 0.2849210459688278 156.1200000000061
7807 0.2730020991233201 156.1400000000061
7808 0.2608916799087619 156.1600000000061
7809 0.2485985903940605 156.1800000000061
7810 0.2361317699494191 156.2000000000061
7811 0.2235002774161608 156.2200000000061
7812 0.2107132868372738 156.2400000000061
7813 0.1977800953212484 156.2600000000061
7814 0.1847100987084219 156.2800000000061
7815 0.1715127815831134 156.3000000000062
7816 0.1581977137566639 156.3200000000062
7817 0.1447745361682243 156.3400000000062
7818 0.1312529483331157 156.3600000000062
7819 0.1176427068207862 156.3800000000062
7820 0.1039536089813011 156.4000000000062
7821 0.0901954820865835 156.4200000000062
7822 0.07637818506767145 156.4400000000062
7823 0.06251160163552218 156.4600000000062
7824 0.04860561960638371 156.4800000000062
7825 0.03467012992610035 156.5000000000063
7826 0.02071501843111296 156.5200000000063
7827 0.006750136321219432 156.5400000000063
7828 -0.007214690581535959 156.5600000000063
7829 -0.02116964839494923 156.5800000000063
7830 -0.03510496453747751 156.6000000000063
7831 -0.04901092550921422 156.6200000000063
7832 -0.06287787143118108 156.6400000000063
7833 -0.07669619890587155 156.6600000000063
7834 -0.09045638028067456 156.6800000000063
7835 -0.1041489682240876 156.7000000000064
7836 -0.1177645919825196 156.7200000000064
7837 -0.1312939623086185 156.7400000000064
7838 -0.1447278782332532 156.7600000000064
7839 -0.1580572309582528 156.7800000000064
7840 -0.1712730094170983 156.8000000000064
7841 -0.1843663331026341 156.8200000000064
7842 -0.1973284437504016 156.8400000000064
7843 -0.2101506807391172 156.8600000000064
7844 -0.2228245044683977 156.8800000000064
7845 -0.2353415159881621 156.9000000000065
7846 -0.2476934508791142 156.9200000000065
7847 -0.2598721688746409 156.9400000000065
7848 -0.2718696703748777 156.9600000000065
7849 -0.2836780933963692 156.9800000000065
7850 -0.295289721414251 157.0000000000065
7851 -0.3066969741751142 157.0200000000065
7852 -0.3178924052586118 157.0400000000065
7853 -0.3288687177883363 157.0600000000065
7854 -0.3396187697024391 157.0800000000065
7855 -0.3501355710121561 157.1000000000066
7856 -0.3604122704126161 157.1200000000066
7857 -0.3704421990454899 157.1400000000066
7858 -0.3802188535186325 157.1600000000066
7859 -0.3897358738623722 157.1800000000066
7860 -0.3989870553538938 157.2000000000066
7861 -0.4079663479420178 157.2200000000066
7862 -0.4166678711032248 157.2400000000066
7863 -0.4250858998815663 157.2600000000066
7864 -0.4332148857445779 157.2800000000067
7865 -0.4410494519791206 157.3000000000067
7866 -0.4485843947332326 157.3200000000067
7867 -0.4558146852660881 157.3400000000067
7868 -0.4627354649301175 157.3600000000067
7869 -0.4693420413456831 157.3800000000067
7870 -0.4756298998814567 157.4000000000067
7871 -0.4815947033690009 157.4200000000067
7872 -0.4872322946456529 157.4400000000067
7873 -0.4925386815971641 157.4600000000067
7874 -0.4975100433356961 157.4800000000068
7875 -0.5021427836263055 157.5000000000068
7876 -0.5064335057985694 157.5200000000068
7877 -0.5103790105000882 157.5400000000068
7878 -0.5139762782195395 157.5600000000068
7879 -0.5172225005148166 157.5800000000068
7880 -0.5201150930274127 157.6000000000068
7881 -0.5226516854411584 157.6200000000068
7882 -0.5248301260196038 157.6400000000068
7883 -0.5266484667952847 157.6600000000068
7884 -0.528104982138576 157.6800000000069
7885 -0.5291981843060702 157.7000000000069
7886 -0.5299268367862229 157.7200000000069
7887 -0.5302899506129297 157.7400000000069
7888 -0.5302867550190425 157.7600000000069
7889 -0.52991674581366 157.7800000000069
7890 -0.5291796766792032 157.8000000000069
7891 -0.5280755634305347 157.8200000000069
7892 -0.5266046563355398 157.8400000000069
7893 -0.5247674621321784 157.8600000000069
7894 -0.5225647597164498 157.880000000007
7895 -0.5199976158873336 157.900000000007
7896 -0.5170673801365251 157.920000000007
7897 -0.5137756576750525 157.940000000007
7898 -0.5101243106628754 157.960000000007
7899 -0.5061154953664552 157.980000000007
7900 -0.5017516576048842 158.000000000007
7901 -0.4970355194208817 158.020000000007
7902 -0.4919700597047814 158.040000000007
7903 -0.4865585225225206 158.0600000000071
7904 -0.4808044369364998 158.0800000000071
7905 -0.4747115934386924 158.1000000000071
7906 -0.4682840570332862 158.1200000000071
7907 -0.4615261660057625 158.1400000000071
7908 -0.454442520348917 158.1600000000071
7909 -0.44703796223207 158.1800000000071
7910 -0.4393175862536726 158.2000000000071
7911 -0.4312867649295482 158.2200000000071
7912 -0.4229511376537835 158.2400000000071
7913 -0.4143165711933148 158.2600000000072
7914 -0.4053891676399758 158.2800000000072
7915 -0.3961752774897576 158.3000000000072
7916 -0.38668149401951 158.3200000000072
7917 -0.3769146297981505 158.3400000000072
7918 -0.3668817198914117 158.3600000000072
7919 -0.3565900049366638 158.3800000000072
7920 -0.3460469350058046 158.4000000000072
7921 -0.3352601680128894 158.4200000000072
7922 -0.3242375458153226 158.4400000000072
7923 -0.3129870856088993 158.4600000000073
7924 -0.3015169851006136 158.4800000000073
7925 -0.2898356229734191 158.5000000000073
7926 -0.2779515275042663 158.5200000000073
7927 -0.265873378910541 158.5400000000073
7928 -0.2536100111231698 158.5600000000073
7929 -0.2411704038515418 158.5800000000073
7930 -0.2285636506425044 158.6000000000073
7931 -0.2157989517995949 158.6200000000073
7932 -0.2028856208584183 158.6400000000073
7933 -0.189833085846564 158.6600000000074
7934 -0.1766508626574505 158.6800000000074
7935 -0.1633485347888149 158.7000000000074
7936 -0.149935757381628 158.7200000000074
7937 -0.1364222555084908 158.7400000000074
7938 -0.1228178062302667 158.7600000000074
7939 -0.1091322296830799 158.7800000000074
7940 -0.09537537587886927 158.8000000000074
7941 -0.08155712277284298 158.8200000000074
7942 -0.06768738485615626 158.8400000000074
7943 -0.05377608692875532 158.8600000000075
7944 -0.03983313900517323 158.8800000000075
7945 -0.02586844584842281 158.9000000000075
7946 -0.01189190572792622 158.9200000000075
7947 0.002086613281121349 158.9400000000075
7948 0.01605727695972832 158.9600000000075
7949 0.0300102829779702 158.9800000000075
7950 0.043935873348937 159.0000000000075
7951 0.05782435082152896 159.0200000000075
7952 0.07166608348099088 159.0400000000076
7953 0.08545150154812584 159.0600000000076
7954 0.09917110562645581 159.0800000000076
7955 0.1128154773022264 159.1000000000076
7956 0.1263752830895004 159.1200000000076
7957 0.1398412836845897 159.1400000000076
7958 0.1532043391958432 159.1600000000076
7959 0.1664554177767492 159.1800000000076
7960 0.1795855977822324 159.2000000000076
7961 0.1925860560948802 159.2200000000076
7962 0.2054480761266411 159.2400000000077
7963 0.2181630804780773 159.2600000000077
7964 0.2307226264122973 159.2800000000077
7965 0.2431183960898311 159.3000000000077
7966 0.2553422141188575 159.3200000000077
7967 0.267386045965945 159.3400000000077
7968 0.279241983979735 159.3600000000077
7969 0.2909022631752259 159.3800000000077
7970 0.3023592692343697 159.4000000000077
7971 0.3136055343782608 159.4200000000077
7972 0.3246337315758458 159.4400000000078
7973 0.3354366842530923 159.4600000000078
7974 0.3460073844482159 159.4800000000078
7975 0.356338963535322 159.5000000000078
7976 0.3664246999433873 159.5200000000078
7977 0.3762580391860681 159.5400000000078
7978 0.3858325850459295 159.5600000000078
7979 0.3951421175363992 159.5800000000078
7980 0.4041805885243999 159.6000000000078
7981 0.4129420985661613 159.6200000000078
7982 0.4214209140317193 159.6400000000079
7983 0.4296114798324656 159.6600000000079
7984 0.4375083870672169 159.6800000000079
7985 0.4451063982453058 159.7000000000079
7986 0.4524004490196823 159.7200000000079
7987 0.4593856490715429 159.7400000000079
7988 0.4660572752629956 159.7600000000079
7989 0.4724107800283111 159.7800000000079
7990 0.4784418134489363 159.8000000000079
7991 0.4841462020497782 159.820000000008
7992 0.4895199385304999 159.840000000008
7993 0.4945592270866752 159.860000000008
7994 0.4992604802233156 159.880000000008
7995 0.5036202855693099 159.900000000008
7996 0.5076354490444649 159.920000000008
7997 0.5113029779498934 159.940000000008
7998 0.514620072261769 159.960000000008
7999 0.5175841458781316 159.980000000008
8000 0.5201928533791997 160.000000000008
8001 0.5224440323151424 160.0200000000081
8002 0.5243357165864689 160.0400000000081
8003 0.5258662022062279 160.0600000000081
8004 0.5270340363750773 160.0800000000081
8005 0.5278379810546781 160.1000000000081
8006 0.5282770152238353 160.1200000000081
8007 0.5283503532719527 160.1400000000081
8008 0.5280574803528605 160.1600000000081
8009 0.5273981439592448 160.1800000000081
8010 0.5263723386208951 160.2000000000081
8011 0.524980287170785 160.2200000000082
8012 0.5232224753564784 160.2400000000082
8013 0.5210996426081014 160.2600000000082
8014 0.5186127973686182 160.2800000000082
8015 0.5157632224971049 160.3000000000082
8016 0.5125524808796346 160.3200000000082
8017 0.5089824041246653 160.3400000000082
8018 0.5050550828519476 160.3600000000082
8019 0.5007728977496951 160.3800000000082
8020 0.4961385180193694 160.4000000000082
8021 0.4911548635534232 160.4200000000083
8022 0.4858251050377773 160.4400000000083
8023 0.4801527045464156 160.4600000000083
8024 0.4741414229689789 160.4800000000083
8025 0.4677952942744149 160.5000000000083
8026 0.4611185865092106 160.5200000000083
8027 0.4541158482730335 160.5400000000083
8028 0.4467919112395802 160.5600000000083
8029 0.4391518379271555 160.5800000000083
8030 0.4312009064781636 160.6000000000084
8031 0.4229446609984827 160.6200000000084
8032 0.4143889022555869 160.6400000000084
8033 0.4055396391625675 160.6600000000084
8034 0.3964031205817294 160.6800000000084
8035 0.3869858529128004 160.7000000000084
8036 0.3772945672256163 160.7200000000084
8037 0.3673362119681508 160.7400000000084
8038 0.3571179529828448 160.7600000000084
8039 0.3466471634530818 160.7800000000084
8040 0.3359314226170169 160.8000000000085
8041 0.3249784940157858 160.8200000000085
8042 0.3137963162882881 160.8400000000085
8043 0.3023929952958919 160.8600000000085
8044 0.290776825437227 160.8800000000085
8045 0.2789562750040448 160.9000000000085
8046 0.2669399348401255 160.9200000000085
8047 0.2547365237508772 160.9400000000085
8048 0.2423549202533957 160.9600000000085
8049 0.2298041298272669 160.9800000000085
8050 0.2170932646196035 161.0000000000086
8051 0.2042315597051022 161.0200000000086
8052 0.1912283628872815 161.0400000000086
8053 0.1780931197187066 161.0600000000086
8054 0.1648353600268323 161.0800000000086
8055 0.1514646855888823 161.1000000000086
8056 0.1379907714808913 161.1200000000086
8057 0.124423347415263 161.1400000000086
8058 0.1107721917132009 161.1600000000086
8059 0.09704711658867046 161.1800000000086
8060 0.08325796764567168 161.2000000000087
8061 0.06941461897520831 161.2200000000087
8062 0.05552695644338877 161.2400000000087
8063 0.0416048687433935 161.2600000000087
8064 0.02765824923203234 161.2800000000087
8065 0.01369696959291015 161.3000000000087
8066 -0.0002691366438495374 161.3200000000087
8067 -0.01423024999858928 161.3400000000087
8068 -0.02817657180598631 161.3600000000087
8069 -0.04209835919350029 161.3800000000087
8070 -0.05598592618560035 161.4000000000088
8071 -0.0698296395621877 161.4200000000088
8072 -0.08361993260529171 161.4400000000088
8073 -0.09734731698547334 161.4600000000088
8074 -0.1110023841410565 161.4800000000088
8075 -0.1245758033883767 161.5000000000088
8076 -0.1380583269581191 161.5200000000088
8077 -0.1514408056724533 161.5400000000088
8078 -0.1647141801079091 161.5600000000088
8079 -0.1778694978584078 161.5800000000089
8080 -0.1908979377432374 161.6000000000089
8081 -0.2037907935390633 161.6200000000089
8082 -0.2165394622388219 161.6400000000089
8083 -0.2291354753854354 161.6600000000089
8084 -0.2415705007676297 161.6800000000089
8085 -0.2538363363427995 161.7000000000089
8086 -0.2659249131707826 161.7200000000089
8087 -0.2778282985226961 161.7400000000089
8088 -0.2895387054664791 161.7600000000089
8089 -0.3010484848231504 161.780000000009
8090 -0.312350125494262 161.800000000009
8091 -0.3234362571577311 161.820000000009
8092 -0.3342996601594102 161.840000000009
8093 -0.3449332622062334 161.860000000009
8094 -0.3553301476010486 161.880000000009
8095 -0.3654835592498734 161.900000000009
8096 -0.3753869023701895 161.920000000009
8097 -0.3850337482572911 161.940000000009
8098 -0.3944178249673881 161.960000000009
8099 -0.4035329980618575 161.9800000000091
8100 -0.4123732987328795 162.0000000000091
8101 -0.4209329261096123 162.0200000000091
8102 -0.429206245991649 162.0400000000091
8103 -0.4371877880490897 162.0600000000091
8104 -0.4448722718382901 162.0800000000091
8105 -0.4522545817637887 162.1000000000091
8106 -0.4593297699152126 162.1200000000091
8107 -0.4660930607799306 162.1400000000091
8108 -0.4725398538391949 162.1600000000091
8109 -0.4786657232287067 162.1800000000092
8110 -0.4844664218027016 162.2000000000092
8111 -0.4899378724069131 162.2200000000092
8112 -0.4950761761378627 162.2400000000092
8113 -0.4998776201684323 162.2600000000092
8114 -0.5043387085234758 162.2800000000092
8115 -0.5084561460520362 162.3000000000092
8116 -0.5122268097193087 162.3200000000092
8117 -0.5156477964255312 162.3400000000092
8118 -0.5187164076604617 162.3600000000093
8119 -0.5214301637824211 162.3800000000093
8120 -0.5237868100463776 162.4000000000093
8121 -0.5257843042741528 162.4200000000093
8122 -0.5274207999973562 162.4400000000093
8123 -0.5286946735880657 162.4600000000093
8124 -0.5296045773212716 162.4800000000093
8125 -0.5301494097465361 162.5000000000093
8126 -0.5303282811762731 162.5200000000093
8127 -0.530140553233258 162.5400000000093
8128 -0.5295858518112907 162.5600000000094
8129 -0.5286640703257862 162.5800000000094
8130 -0.5273753327747517 162.6000000000094
8131 -0.5257200251742031 162.6200000000094
8132 -0.5236987824421871 162.6400000000094
8133 -0.5213125344161462 162.6600000000094
8134 -0.5185624873686732 162.6800000000094
8135 -0.5154501198758299 162.7000000000094
8136 -0.5119771690170716 162.7200000000094
8137 -0.5081456423887708 162.7400000000094
8138 -0.5039578393424394 162.7600000000095
8139 -0.4994163559050331 162.7800000000095
8140 -0.4945240381820391 162.8000000000095
8141 -0.4892839928309525 162.8200000000095
8142 -0.4836996160644947 162.8400000000095
8143 -0.4777745637755513 162.8600000000095
8144 -0.471512767737915 162.8800000000095
8145 -0.4649184290391479 162.9000000000095
8146 -0.4579960154406978 162.9200000000095
8147 -0.4507502561043304 162.9400000000095
8148 -0.4431861150486887 162.9600000000096
8149 -0.4353088278466098 162.9800000000096
8150 -0.4271239044211081 163.0000000000096
8151 -0.4186370923921717 163.0200000000096
8152 -0.4098543800270576 163.0400000000096
8153 -0.4007820021784262 163.0600000000096
8154 -0.3914264322277775 163.0800000000096
8155 -0.3817943651841621 163.1000000000096
8156 -0.3718927352800603 163.1200000000096
8157 -0.3617286793557971 163.1400000000096
8158 -0.3513095437469238 163.1600000000097
8159 -0.3406428849622399 163.1800000000097
8160 -0.3297364598612073 163.2000000000097
8161 -0.3185981923784073 163.2200000000097
8162 -0.3072361908728884 163.2400000000097
8163 -0.2956587480205835 163.2600000000097
8164 -0.2838743208427693 163.2800000000097
8165 -0.2718915111192508 163.3000000000097
8166 -0.2597190766756677 163.3200000000097
8167 -0.2473659285055874 163.3400000000098
8168 -0.2348411026387858 163.3600000000098
8169 -0.2221537477576354 163.3800000000098
8170 -0.2093131255698564 163.4000000000098
8171 -0.1963286065356966 163.4200000000098
8172 -0.183209661604084 163.4400000000098
8173 -0.1699658442445849 163.4600000000098
8174 -0.1566067765328668 163.4800000000098
8175 -0.143142146534438 163.5000000000098
8176 -0.1295817064607813 163.5200000000098
8177 -0.1159352605267708 163.5400000000099
8178 -0.1022126433942048 163.5600000000099
8179 -0.08842371679378191 163.5800000000099
8180 -0.07457837804178313 163.6000000000099
8181 -0.06068655208817517 163.6200000000099
8182 -0.04675815581114851 163.6400000000099
8183 -0.03280309513024298 163.6600000000099
8184 -0.01883127714398233 163.6800000000099
8185 -0.004852584018376979 163.7000000000099
8186 0.009123135011853269 163.7200000000099
8187 0.02308605877520659 163.74000000001
8188 0.03702640535015337 163.76000000001
8189 0.0509344468004195 163.78000000001
8190 0.06480051994235808 163.80000000001
8191 0.07861502280366868 163.82000000001
8192 0.0923684183918092 163.84000000001
8193 0.1060512488460586 163.86000000001
8194 0.1196541395239699 163.88000000001
8195 0.1331677998017466 163.90000000001
8196 0.1465830399749169 163.92000000001
8197 0.159890775060444 163.9400000000101
8198 0.1730820278488376 163.9600000000101
8199 0.186147933460776 163.9800000000101
8200 0.199079724123953 164.0000000000101
8201 0.2118687431715675 164.0200000000101
8202 0.2245064775482478 164.0400000000101
8203 0.2369845527018444 164.0600000000101
8204 0.2492947181858605 164.0800000000101
8205 0.2614288713520859 164.1000000000101
8206 0.2733790423539468 164.1200000000102
8207 0.2851373932658039 164.1400000000102
8208 0.2966962340096064 164.1600000000102
8209 0.308048025020879 164.1800000000102
8210 0.3191853717362495 164.2000000000102
8211 0.3301010302433341 164.2200000000102
8212 0.3407879116313142 164.2400000000102
8213 0.3512390634305734 164.2600000000102
8214 0.3614476874967464 164.2800000000102
8215 0.3714071544585686 164.3000000000102
8216 0.3811109958836012 164.3200000000103
8217 0.3905528907606903 164.3400000000103
8218 0.3997267063960749 164.3600000000103
8219 0.4086264722340239 164.3800000000103
8220 0.41724636985383 164.4000000000103
8221 0.4255807551839551 164.4200000000103
8222 0.4336241490297369 164.4400000000103
8223 0.4413712261190534 164.4600000000103
8224 0.4488168361895882 164.4800000000103
8225 0.4559560008303923 164.5000000000103
8226 0.4627839159238523 164.5200000000104
8227 0.4692959357514661 164.5400000000104
8228 0.4754875973284926 164.5600000000104
8229 0.4813546639956598 164.5800000000104
8230 0.4868930478061505 164.6000000000104
8231 0.4920988333810569 164.6200000000104
8232 0.4969683416386941 164.6400000000104
8233 0.5014980769340183 164.6600000000104
8234 0.5056847213527583 164.6800000000104
8235 0.5095251892868159 164.7000000000104
8236 0.5130165965703379 164.7200000000105
8237 0.5161562485989173 164.7400000000105
8238 0.5189416757613632 164.7600000000105
8239 0.521370623639034 164.7800000000105
8240 0.523441026501053 164.8000000000105
8241 0.5251510505531127 164.8200000000105
8242 0.5264991110286253 164.8400000000105
8243 0.5274838766342995 164.8600000000105
8244 0.5281042162868064 164.8800000000105
8245 0.5283592176703128 164.9000000000106
8246 0.5282482286705215 164.9200000000106
8247 0.5277708692805932 164.9400000000106
8248 0.5269270189858004 164.9600000000106
8249 0.5257167744422424 164.9800000000106
8250 0.5241404932526903 165.0000000000106
8251 0.5221987911554227 165.0200000000106
8252 0.5198925470982511 165.0400000000106
8253 0.5172229002846375 165.0600000000106
8254 0.5141912779835334 165.0800000000106
8255 0.5107993772148515 165.1000000000107
8256 0.5070491532701027 165.1200000000107
8257 0.5029428507479193 165.1400000000107
8258 0.4984829957033685 165.1600000000107
8259 0.4936723811393071 165.1800000000107
8260 0.4885140513514301 165.2000000000107
8261 0.4830113222258149 165.2200000000107
8262 0.4771678084764157 165.2400000000107
8263 0.4709874091325464 165.2600000000107
8264 0.4644742760444799 165.2800000000107
8265 0.4576328172877334 165.3000000000108
8266 0.4504677260784395 165.3200000000108
8267 0.442983961011912 165.3400000000108
8268 0.4351866857926567 165.3600000000108
8269 0.4270813123833641 165.3800000000108
8270 0.4186735168046223 165.4000000000108
8271 0.4099692093893522 165.4200000000108
8272 0.4009745111755786 165.4400000000108
8273 0.3916958070813422 165.4600000000108
8274 0.3821397287592726 165.4800000000108
8275 0.3723131100714445 165.5000000000109
8276 0.3622230005718592 165.5200000000109
8277 0.3518766742701878 165.5400000000109
8278 0.3412816106670076 165.5600000000109
8279 0.3304454836579237 165.5800000000109
8280 0.319376144205854 165.6000000000109
8281 0.3080816159051027 165.6200000000109
8282 0.2965700986549621 165.6400000000109
8283 0.28484997968811 165.6600000000109
8284 0.2729297922905012 165.6800000000109
8285 0.2608181873891073 165.700000000011
8286 0.2485239664247735 165.720000000011
8287 0.2360560716550422 165.740000000011
8288 0.2234235631706799 165.760000000011
8289 0.2106356144434369 165.780000000011
8290 0.1977015237701358 165.800000000011
8291 0.1846306879951362 165.820000000011
8292 0.1714325919415085 165.840000000011
8293 0.1581168056157601 165.860000000011
8294 0.1446929712055605 165.8800000000111
8295 0.1311707879475242 165.9000000000111
8296 0.1175600123665992 165.9200000000111
8297 0.1038704439108646 165.9400000000111
8298 0.09011190789082846 165.9600000000111
8299 0.0762942650283448 165.9800000000111
8300 0.06242739884373853 166.0000000000111
8301 0.04852119389304595 166.0200000000111
8302 0.0345855397071038 166.0400000000111
8303 0.02063032649456446 166.0600000000111
8304 0.006665407764206304 166.0800000000112
8305 -0.007299394448813733 166.1000000000112
8306 -0.02125426610521783 166.1200000000112
8307 -0.03518943195552954 166.1400000000112
8308 -0.04909517943724518 166.1600000000112
8309 -0.06296185061174328 166.1800000000112
8310 -0.07677984146014084 166.2000000000112
8311 -0.0905396242636705 166.2200000000112
8312 -0.1042317521400196 166.2400000000112
8313 -0.1178468562895174 166.2600000000112
8314 -0.1313756456433269 166.2800000000113
8315 -0.1448089222800065 166.3000000000113
8316 -0.1581375767656455 166.3200000000113
8317 -0.1713525979193948 166.3400000000113
8318 -0.184445106665074 166.3600000000113
8319 -0.197406347124501 166.3800000000113
8320 -0.2102276583804216 166.4000000000113
8321 -0.222900500530912 166.4200000000113
8322 -0.2354164784401885 166.4400000000113
8323 -0.2477673254398865 166.4600000000113
8324 -0.2599449036520093 166.4800000000114
8325 -0.2719412113401401 166.5000000000114
8326 -0.2837483930729656 166.5200000000114
8327 -0.2953587286452326 166.5400000000114
8328 -0.3067646373194555 166.5600000000114
8329 -0.3179586746193817 166.5800000000114
8330 -0.3289335472507174 166.6000000000114
8331 -0.3396821119482634 166.6200000000114
8332 -0.3501973767361181 166.6400000000114
8333 -0.360472497873487 166.6600000000115
8334 -0.3705008029369323 166.6800000000115
8335 -0.3802757915424602 166.7000000000115
8336 -0.3897911070881658 166.7200000000115
8337 -0.3990405406018515 166.7400000000115
8338 -0.4080180480246097 166.7600000000115
8339 -0.4167177446490974 166.7800000000115
8340 -0.4251339121484363 166.8000000000115
8341 -0.4332610008290509 166.8200000000115
8342 -0.4410936348634368 166.8400000000115
8343 -0.4486266152000595 166.8600000000116
8344 -0.4558549070243763 166.8800000000116
8345 -0.4627736547984215 166.9000000000116
8346 -0.4693781713445661 166.9200000000116
8347 -0.4756639422852063 166.9400000000116
8348 -0.4816266280833528 166.9600000000116
8349 -0.4872620751034036 166.9800000000116
8350 -0.4925662893929593 167.0000000000116
8351 -0.4975354566744296 167.0200000000116
8352 -0.5021659739231569 167.0400000000116
8353 -0.5064544547420602 167.0600000000117
8354 -0.5103976909227977 167.0800000000117
8355 -0.5139926737980586 167.1000000000117
8356 -0.5172365915744457 167.1200000000117
8357 -0.5201268592518188 167.1400000000117
8358 -0.5226611108382767 167.1600000000117
8359 -0.5248371952249336 167.1800000000117
8360 -0.5266531659910242 167.2000000000117
8361 -0.5281073008885471 167.2200000000117
8362 -0.529198110706112 167.2400000000117
8363 -0.5299243592711782 167.2600000000118
8364 -0.5302850668986354 167.2800000000118
8365 -0.5302794597747986 167.3000000000118
8366 -0.529907029410793 167.3200000000118
8367 -0.5291675379245497 167.3400000000118
8368 -0.5280609985457472 167.3600000000118
8369 -0.526587671728402 167.3800000000118
8370 -0.5247480542200782 167.4000000000118
8371 -0.5225429403940197 167.4200000000118
8372 -0.5199733876400504 167.4400000000118
8373 -0.5170407518400409 167.4600000000119
8374 -0.5137466376619992 167.4800000000119
8375 -0.5100929135018694 167.5000000000119
8376 -0.5060817333656144 167.5200000000119
8377 -0.5017155479446131 167.5400000000119
8378 -0.4969970771431664 167.5600000000119
8379 -0.4919293056246234 167.5800000000119
8380 -0.4865154791958273 167.6000000000119
8381 -0.480759124019121 167.6200000000119
8382 -0.4746640385314849 167.640000000012
8383 -0.4682342867162775 167.660000000012
8384 -0.4614742078307188 167.680000000012
8385 -0.4543884072317997 167.700000000012
8386 -0.4469817251843901 167.720000000012
8387 -0.4392592576439583 167.740000000012
8388 -0.4312263824550749 167.760000000012
8389 -0.4228887372248705 167.780000000012
8390 -0.4142521922020646 167.800000000012
8391 -0.4053228503760422 167.820000000012
8392 -0.3961070653215032 167.8400000000121
8393 -0.3866114271052572 167.8600000000121
8394 -0.3768427554091699 167.8800000000121
8395 -0.3668080832978249 167.9000000000121
8396 -0.3565146567665576 167.9200000000121
8397 -0.3459699225634166 167.9400000000121
8398 -0.3351815421359358 167.9600000000121
8399 -0.3241573588510761 167.9800000000121
8400 -0.3129053893225559 168.0000000000121
8401 -0.3014338350910899 168.0200000000121
8402 -0.2897510735558135 168.0400000000122
8403 -0.2778656371719058 168.0600000000122
8404 -0.2657862029269617 168.0800000000122
8405 -0.2535216107495953 168.1000000000122
8406 -0.2410808350546632 168.1200000000122
8407 -0.2284729742229361 168.1400000000122
8408 -0.215707230470165 168.1600000000122
8409 -0.2027929155614409 168.1800000000122
8410 -0.18973945886146 168.2000000000122
8411 -0.1765563759899136 168.2200000000122
8412 -0.1632532549443369 168.2400000000123
8413 -0.1498397477013052 168.2600000000123
8414 -0.1363255791618345 168.2800000000123
8415 -0.1227205294541859 168.3000000000123
8416 -0.1090344182397967 168.3200000000123
8417 -0.09527709541991279 168.3400000000123
8418 -0.08145843964257891 168.3600000000123
8419 -0.06758836544643904 168.3800000000123
8420 -0.05367679759322468 168.4000000000123
8421 -0.03973364626774368 168.4200000000124
8422 -0.02576881667975986 168.4400000000124
8423 -0.01179220647062707 168.4600000000124
8424 0.002186316773688217 168.4800000000124
8425 0.01615691853589132 168.5000000000124
8426 0.03010979608813651 168.5200000000124
8427 0.04403519232277503 168.5400000000124
8428 0.0579234092996181 168.5600000000124
8429 0.07176481635559599 168.5800000000124
8430 0.08554984347180994 168.6000000000124
8431 0.09926899187646898 168.6200000000125
8432 0.1129128431948323 168.6400000000125
8433 0.1264720655406848 168.6600000000125
8434 0.139937419817186 168.6800000000125
8435 0.1532997661339061 168.7000000000125
8436 0.1665500733684588 168.7200000000125
8437 0.1796794201410627 168.7400000000125
8438 0.1926789850280003 168.7600000000125
8439 0.2055400523011691 168.7800000000125
8440 0.218254044315662 168.8000000000125
8441 0.2308125195242137 168.8200000000126
8442 0.2432071618677484 168.8400000000126
8443 0.2554297956995919 168.8600000000126
8444 0.267472387210974 168.8800000000126
8445 0.2793270293370057 168.9000000000126
8446 0.2909859592993875 168.9200000000126
8447 0.3024415620754759 168.9400000000126
8448 0.3136863711682785 168.9600000000126
8449 0.3247130592888935 168.9800000000126
8450 0.3355144547357901 169.0000000000126
8451 0.3460835457489638 169.0200000000127
8452 0.3564134657447263 169.0400000000127
8453 0.3664974968963747 169.0600000000127
8454 0.3763290820001684 169.0800000000127
8455 0.3859018276104407 169.1000000000127
8456 0.3952095171790455 169.1200000000127
8457 0.4042460994516173 169.1400000000127
8458 0.4130056775650436 169.1600000000127
8459 0.4214825194164668 169.1800000000127
8460 0.4296710683107187 169.2000000000127
8461 0.4375659220132103 169.2200000000128
8462 0.4451618367813321 169.2400000000128
8463 0.4524537540799456 169.2600000000128
8464 0.4594367801029633 169.2800000000128
8465 0.4661061979449606 169.3000000000128
8466 0.4724574592890817 169.3200000000128
8467 0.4784862113702411 169.3400000000128
8468 0.4841882875044154 169.3600000000128
8469 0.4895596783583687 169.3800000000128
8470 0.4945965916190096 169.4000000000129
8471 0.4992954381054387 169.4200000000129
8472 0.5036528103846358 169.4400000000129
8473 0.5076655131440438 169.4600000000129
8474 0.5113305562799048 169.4800000000129
8475 0.5146451438542831 169.5000000000129
8476 0.517606701293876 169.5200000000129
8477 0.5202128672228369 169.5400000000129
8478 0.5224614801665521 169.5600000000129
8479 0.5243505833491061 169.5800000000129
8480 0.5258784742474863 169.600000000013
8481 0.5270436931290055 169.620000000013
8482 0.5278450078754094 169.640000000013
8483 0.5282814001455896 169.660000000013
8484 0.5283520880836334 169.680000000013
8485 0.5280565548205235 169.700000000013
8486 0.5273945503820143 169.720000000013
8487 0.5263660713752089 169.740000000013
8488 0.5249713464132599 169.760000000013
8489 0.523210856744483 169.780000000013
8490 0.5210853481850208 169.8000000000131
8491 0.5185958294837864 169.8200000000131
8492 0.5157435843562385 169.8400000000131
8493 0.5125301790483608 169.8600000000131
8494 0.5089574468579519 169.8800000000131
8495 0.5050274839560128 169.9000000000131
8496 0.5007426705207845 169.9200000000131
8497 0.4961056762222879 169.9400000000131
8498 0.4911194248021887 169.9600000000131
8499 0.4857870904626162 169.9800000000131
8500 0.4801121338054244 170.0000000000132
8501 0.4740983230709381 170.0200000000132
8502 0.4677496917628059 170.0400000000132
8503 0.4610705073073653 170.0600000000132
8504 0.4540653252232314 170.0800000000132
8505 0.4467389783499652 170.1000000000132
8506 0.4390965302104483 170.1200000000132
8507 0.431143262924266 170.1400000000132
8508 0.4228847188999624 170.1600000000132
8509 0.4143267057104807 170.1800000000133
8510 0.4054752295425078 170.2000000000133
8511 0.396336543498353 170.2200000000133
8512 0.3869171604832531 170.2400000000133
8513 0.3772238171732218 170.2600000000133
8514 0.3672634565630159 170.2800000000133
8515 0.3570432442284066 170.3000000000133
8516 0.3465705563084762 170.3200000000133
8517 0.3358529747003567 170.3400000000133
8518 0.3248982634662321 170.3600000000133
8519 0.3137143632904348 170.3800000000134
8520 0.3023093815206559 170.4000000000134
8521 0.2906916136578125 170.4200000000134
8522 0.2788695288723477 170.4400000000134
8523 0.2668517206210652 170.4600000000134
8524 0.2546469085171119 170.4800000000134
8525 0.2422639718798307 170.5000000000134
8526 0.2297119162310599 170.5200000000134
8527 0.2169998555122143 170.5400000000134
8528 0.2041370255834322 170.5600000000134
8529 0.1911327758106554 170.5800000000135
8530 0.177996552068199 170.6000000000135
8531 0.1647378838487655 170.6200000000135
8532 0.1513663760545625 170.6400000000135
8533 0.1378917015811571 170.6600000000135
8534 0.1243235913408903 170.6800000000135
8535 0.1106718250589581 170.7000000000135
8536 0.09694621463961534 170.7200000000135
8537 0.08315660606093167 170.7400000000135
8538 0.06931287349022115 170.7600000000135
8539 0.05542490267000724 170.7800000000136
8540 0.04150258201366471 170.8000000000136
8541 0.02755580562932614 170.8200000000136
8542 0.01359444562599579 170.8400000000136
8543 -0.000371665384961094 170.8600000000136
8544 -0.01433270782600462 170.8800000000136
8545 -0.02827888279368843 170.9000000000136
8546 -0.0422004478473139 170.9200000000136
8547 -0.05608771762666536 170.9400000000136
8548 -0.06993105869500818 170.9600000000137
8549 -0.08372090548297488 170.9800000000137
8550 -0.09744777004522841 171.0000000000137
8551 -0.1111022439599251 171.0200000000137
8552 -0.1246749970021397 171.0400000000137
8553 -0.1381567846019173 171.0600000000137
8554 -0.1515384548939696 171.0800000000137
8555 -0.1648109521195158 171.1000000000137
8556 -0.1779653230692365 171.1200000000137
8557 -0.1909927460867892 171.1400000000137
8558 -0.2038845184783706 171.1600000000138
8559 -0.2166320376575975 171.1800000000138
8560 -0.2292268369782637 171.2000000000138
8561 -0.241660583179846 171.2200000000138
8562 -0.2539250750827724 171.2400000000138
8563 -0.2660122464344418 171.2600000000138
8564 -0.2779141644605717 171.2800000000138
8565 -0.2896230420211763 171.3000000000138
8566 -0.3011312349243219 171.3200000000138
8567 -0.3124312265357898 171.3400000000138
8568 -0.3235156518334716 171.3600000000139
8569 -0.3343772915764483 171.3800000000139
8570 -0.3450090741619479 171.4000000000139
8571 -0.355404086426559 171.4200000000139
8572 -0.3655555715732752 171.4400000000139
8573 -0.3754569354023331 171.4600000000139
8574 -0.3851017539253224 171.4800000000139
8575 -0.3944837535367753 171.5000000000139
8576 -0.4035967996996649 171.5200000000139
8577 -0.4124349284866136 171.5400000000139
8578 -0.4209923401423654 171.560000000014
8579 -0.4292634006536885 171.580000000014
8580 -0.4372426411154032 171.600000000014
8581 -0.4449247822400696 171.620000000014
8582 -0.4523047081933345 171.640000000014
8583 -0.4593774751614363 171.660000000014
8584 -0.4661383076775368 171.680000000014
8585 -0.472582607274862 171.700000000014
8586 -0.4787059488314094 171.720000000014
8587 -0.4845040846661012 171.740000000014
8588 -0.4899729436339655 171.7600000000141
8589 -0.495108620017804 171.7800000000141
8590 -0.4999074108810292 171.8000000000141
8591 -0.5043658187998882 171.8200000000141
8592 -0.508480545681279 171.8400000000141
8593 -0.51224847628258 171.8600000000141
8594 -0.5156667032591102 171.8800000000141
8595 -0.5187325350042878 171.9000000000141
8596 -0.5214434913691883 171.9200000000141
8597 -0.5237973181327221 171.9400000000142
8598 -0.5257919726047831 171.9600000000142
8599 -0.5274256139898414 171.9800000000142
8600 -0.5286966228315207 172.0000000000142
8601 -0.5296036533929014 172.0200000000142
8602 -0.5301455974407737 172.0400000000142
8603 -0.5303215728117244 172.0600000000142
8604 -0.5301309449366931 172.0800000000142
8605 -0.5295733395861901 172.1000000000142
8606 -0.5286486508340615 172.1200000000142
8607 -0.5273570075555388 172.1400000000143
8608 -0.52569879396762 172.1600000000143
8609 -0.5236746554988139 172.1800000000143
8610 -0.5212855102423415 172.2000000000143
8611 -0.5185325803348502 172.2200000000143
8612 -0.5154173426993922 172.2400000000143
8613 -0.5119415324639819 172.2600000000143
8614 -0.5081071610435312 172.2800000000143
8615 -0.5039165362601054 172.3000000000143
8616 -0.4993722464883401 172.3200000000143
8617 -0.494477146771824 172.3400000000144
8618 -0.4892343438836278 172.3600000000144
8619 -0.4836472351261283 172.3800000000144
8620 -0.4777194832329134 172.4000000000144
8621 -0.4714550172679103 172.4200000000144
8622 -0.4648580418889827 172.4400000000144
8623 -0.4579330277286147 172.4600000000144
8624 -0.4506847047521592 172.4800000000144
8625 -0.4431180391430574 172.5000000000144
8626 -0.4352382694000964 172.5200000000144
8627 -0.427050907977039 172.5400000000145
8628 -0.4185617036897908 172.5600000000145
8629 -0.4097766461917944 172.5800000000145
8630 -0.4007019747113986 172.6000000000145
8631 -0.3913441586227028 172.6200000000145
8632 -0.381709904003924 172.6400000000145
8633 -0.3718061396585634 172.6600000000145
8634 -0.3616400068430891 172.6800000000145
8635 -0.3512188536612891 172.7000000000145
8636 -0.340550237194378 172.7200000000146
8637 -0.3296419150271796 172.7400000000146
8638 -0.3185018162760603 172.7600000000146
8639 -0.3071380449537601 172.7800000000146
8640 -0.2955588995186235 172.8000000000146
8641 -0.2837728375627165 172.8200000000146
8642 -0.2717884626389351 172.8400000000146
8643 -0.2596145320274774 172.8600000000146
8644 -0.24725995886012 172.8800000000146
8645 -0.2347337792287722 172.9000000000146
8646 -0.2220451453859284 172.9200000000147
8647 -0.2092033183577936 172.9400000000147
8648 -0.1962176691917875 172.9600000000147
8649 -0.1830976696890674 172.9800000000147
8650 -0.1698528725385339 173.0000000000147
8651 -0.1564929046018004 173.0200000000147
8652 -0.1430274513610925 173.0400000000147
8653 -0.1294662667481006 173.0600000000147
8654 -0.1158191544450298 173.0800000000147
8655 -0.1020959517136786 173.1000000000147
8656 -0.08830651898375251 173.1200000000148
8657 -0.07446075326367824 173.1400000000148
8658 -0.06056858012544671 173.1600000000148
8659 -0.04663991750381621 173.1800000000148
8660 -0.03268467217559859 173.2000000000148
8661 -0.01871274851388066 173.2200000000148
8662 -0.004734029443171844 173.2400000000148
8663 0.00924163466177526 173.2600000000148
8664 0.02320442416522206 173.2800000000148
8665 0.03714455797747194 173.3000000000148
8666 0.05105230736375441 173.3200000000149
8667 0.06491800947918153 173.3400000000149
8668 0.07873206357325287 173.3600000000149
8669 0.09248493256563996 173.3800000000149
8670 0.1061671599201662 173.4000000000149
8671 0.1197693707494267 173.4200000000149
8672 0.133282275259897 173.4400000000149
8673 0.14669668475267 173.4600000000149
8674 0.1600035143534132 173.4800000000149
8675 0.1731937886994291 173.5000000000149
8676 0.186258643013795 173.520000000015
8677 0.1991893112374395 173.540000000015
8678 0.2119771365420795 173.560000000015
8679 0.2246136076760146 173.580000000015
8680 0.2370903491856151 173.600000000015
8681 0.2493991147286824 173.620000000015
8682 0.2615318003068391 173.640000000015
8683 0.2734804360427192 173.660000000015
8684 0.2852371885080116 173.680000000015
8685 0.2967943671369117 173.7000000000151
8686 0.3081444313670599 173.7200000000151
8687 0.3192799896056678 173.7400000000151
8688 0.3301938004191594 173.7600000000151
8689 0.3408787727708665 173.7800000000151
8690 0.3513279577181831 173.8000000000151
8691 0.3615345542141613 173.8200000000151
8692 0.3714919410284908 173.8400000000151
8693 0.3811936431599999 173.8600000000151
8694 0.3906333465318258 173.8800000000151
8695 0.3998049183771565 173.9000000000152
8696 0.4087023889874778 173.9200000000152
8697 0.4173199403639908 173.9400000000152
8698 0.4256519331401441 173.9600000000152
8699 0.4336928849811354 173.9800000000152
8700 0.4414374766218787 174.0000000000152
8701 0.4488805535686899 174.0200000000152
8702 0.4560171398212368 174.0400000000152
8703 0.4628424342353588 174.0600000000152
8704 0.4693517917950941 174.0800000000152
8705 0.4755407497104945 174.1000000000153
8706 0.4814050721332949 174.1200000000153
8707 0.4869406740415655 174.1400000000153
8708 0.4921436411949935 174.1600000000153
8709 0.4970102979242779 174.1800000000153
8710 0.5015371490576195 174.2000000000153
8711 0.5057208795330053 174.2200000000153
8712 0.5095584005952892 174.2400000000153
8713 0.5130468317537109 174.2600000000153
8714 0.516183480890761 174.2800000000153
8715 0.5189658800128463 174.3000000000154
8716 0.5213917752320848 174.3200000000154
8717 0.5234591056162663 174.3400000000154
8718 0.5251660307067063 174.3600000000154
8719 0.5265109802284097 174.3800000000154
8720 0.5274926164903843 174.4000000000154
8721 0.5281098114285271 174.4200000000154
8722 0.5283616551899942 174.4400000000154
8723 0.5282474970494148 174.4600000000154
8724 0.5277669609697806 174.4800000000155
8725 0.5269199261092672 174.5000000000155
8726 0.5257064962855256 174.5200000000155
8727 0.524127027618289 174.5400000000155
8728 0.5221821367888883 174.5600000000155
8729 0.5198727096968413 174.5800000000155
8730 0.5171998878609654 174.6000000000155
8731 0.5141650959145474 174.6200000000155
8732 0.5107700367023665 174.6400000000155
8733 0.5070166697632743 174.6600000000155
8734 0.5029072385980187 174.6800000000156
8735 0.4984442727489867 174.7000000000156
8736 0.493630568829769 174.7200000000156
8737 0.4884691746414829 174.7400000000156
8738 0.4829634062234222 174.7600000000156
8739 0.4771168805877741 174.7800000000156
8740 0.4709335028785859 174.8000000000156
8741 0.464417423957584 174.8200000000156
8742 0.4575730553969859 174.8400000000156
8743 0.4504050964222129 174.8600000000156
8744 0.4429185030947489 174.8800000000157
8745 0.4351184470583696 174.9000000000157
8746 0.4270103372057615 174.9200000000157
8747 0.4185998552956838 174.9400000000157
8748 0.4098929131683498 174.9600000000157
8749 0.4008956338358918 174.9800000000157
8750 0.39161440450879 175.0000000000157
8751 0.3820558591090516 175.0200000000157
8752 0.3722268340603402 175.0400000000157
8753 0.3621343807238169 175.0600000000157
8754 0.3517857747516236 175.0800000000158
8755 0.3411884974573211 175.1000000000158
8756 0.3303502246846062 175.1200000000158
8757 0.3192788117509495 175.1400000000158
8758 0.3079822810047911 175.1600000000158
8759 0.2964688351409123 175.1800000000158
8760 0.2847468636516983 175.2000000000158
8761 0.2728249003657212 175.2200000000158
8762 0.2607115990729004 175.2400000000158
8763 0.2484157605762634 175.2600000000159
8764 0.2359463303892594 175.2800000000159
8765 0.2233123677861011 175.3000000000159
8766 0.2105230490686101 175.3200000000159
8767 0.1975876728399741 175.3400000000159
8768 0.1845156366726716 175.3600000000159
8769 0.1713164274937488 175.3800000000159
8770 0.1579996152788197 175.4000000000159
8771 0.1445748421584164 175.4200000000159
8772 0.1310518073832004 175.4400000000159
8773 0.1174402695033947 175.460000000016
8774 0.1037500274654463 175.480000000016
8775 0.08999090675933089 175.500000000016
8776 0.07617276929157019 175.520000000016
8777 0.06230549930715582 175.540000000016
8778 0.04839898412571692 175.560000000016
8779 0.03446311563183176 175.580000000016
8780 0.02050777836997864 175.600000000016
8781 0.006542822849194298 175.620000000016
8782 -0.007421925133794603 175.640000000016
8783 -0.02137665177364735 175.6600000000161
8784 -0.03531158433459674 175.6800000000161
8785 -0.04921701024284127 175.7000000000161
8786 -0.06308327072966045 175.7200000000161
8787 -0.0769007634294543 175.7400000000161
8788 -0.09065996109885155 175.7600000000161
8789 -0.1043514172127439 175.7800000000161
8790 -0.1179657638416368 175.8000000000161
8791 -0.131493711335833 175.8200000000161
8792 -0.1449260628158524 175.8400000000161
8793 -0.1582537089011017 175.8600000000162
8794 -0.1714676393905409 175.8800000000162
8795 -0.1845589766625987 175.9000000000162
8796 -0.1975189648407251 175.9200000000162
8797 -0.2103389465140135 175.9400000000162
8798 -0.2230103810548322 175.9600000000162
8799 -0.235524876903566 175.9800000000162
8800 -0.2478741656189547 176.0000000000162
8801 -0.2600501109088718 176.0200000000162
8802 -0.2720447138030571 176.0400000000162
8803 -0.2838501176565177 176.0600000000163
8804 -0.2954586053342753 176.0800000000163
8805 -0.3068625954150216 176.1000000000163
8806 -0.3180546476259056 176.1200000000163
8807 -0.3290274668857451 176.1400000000163
8808 -0.3397739109587835 176.1600000000163
8809 -0.3502869933422005 176.1800000000163
8810 -0.3605598699197448 176.2000000000163
8811 -0.3705858678821024 176.2200000000163
8812 -0.3803584877550901 176.2400000000164
8813 -0.3898713791108654 176.2600000000164
8814 -0.3991183322284519 176.2800000000164
8815 -0.4080933035215163 176.3000000000164
8816 -0.4167904128821276 176.3200000000164
8817 -0.4252039379445994 176.3400000000164
8818 -0.4333283352212351 176.3600000000164
8819 -0.4411582299184434 176.3800000000164
8820 -0.4486884198016073 176.4000000000164
8821 -0.4559138802255868 176.4200000000164
8822 -0.4628297515398595 176.4400000000165
8823 -0.4694313494619914 176.4600000000165
8824 -0.4757141598875868 176.4800000000165
8825 -0.4816738482157502 176.5000000000165
8826 -0.4873062569722916 176.5200000000165
8827 -0.492607397370981 176.5400000000165
8828 -0.497573453996942 176.5600000000165
8829 -0.5022008320848589 176.5800000000165
8830 -0.5064861375629591 176.6000000000165
8831 -0.5104261720315834 176.6200000000165
8832 -0.5140179190214818 176.6400000000166
8833 -0.5172585810128499 176.6600000000166
8834 -0.5201455635836988 176.6800000000166
8835 -0.5226765121158309 176.7000000000166
8836 -0.5248492690794001 176.7200000000166
8837 -0.5266618985070282 176.7400000000166
8838 -0.5281126721643178 176.7600000000166
8839 -0.5292001061909422 176.7800000000166
8840 -0.5299229718646871 176.8000000000166
8841 -0.5302802800913066 176.8200000000166
8842 -0.530271266929535 176.8400000000167
8843 -0.5298954305723089 176.8600000000167
8844 -0.5291525279623237 176.8800000000167
8845 -0.528042580385175 176.9000000000167
8846 -0.5265658402651314 176.9200000000167
8847 -0.5247228217478477 176.9400000000167
8848 -0.5225143062474489 176.9600000000167
8849 -0.5199413660910477 176.9800000000167
8850 -0.5170053526793325 177.0000000000167
8851 -0.5137078783050182 177.0200000000168
8852 -0.510050811467224 177.0400000000168
8853 -0.5060363067020498 177.0600000000168
8854 -0.501666820201723 177.0800000000168
8855 -0.4969450781467699 177.1000000000168
8856 -0.4918740569589831 177.1200000000168
8857 -0.4864570157616606 177.1400000000168
8858 -0.4806974783262801 177.1600000000168
8859 -0.4745992455376515 177.1800000000168
8860 -0.468166385930838 177.2000000000168
8861 -0.4614032414742514 177.2200000000169
8862 -0.4543144156310827 177.2400000000169
8863 -0.4469047554846223 177.2600000000169
8864 -0.43917935820621 177.2800000000169
8865 -0.4311436024645497 177.3000000000169
8866 -0.4228031303531992 177.3200000000169
8867 -0.4141638157397306 177.3400000000169
8868 -0.4052317600097183 177.3600000000169
8869 -0.3960133182729988 177.3800000000169
8870 -0.3865150900269942 177.4000000000169
8871 -0.3767438889366372 177.420000000017
8872 -0.3667067540479785 177.440000000017
8873 -0.3564109318622964 177.460000000017
8874 -0.3458638725834114 177.480000000017
8875 -0.3350732381846868 177.500000000017
8876 -0.3240468749032712 177.520000000017
8877 -0.3127928001520155 177.540000000017
8878 -0.3013192181449607 177.560000000017
8879 -0.2896345075556074 177.580000000017
8880 -0.2777472007822337 177.600000000017
8881 -0.2656659780782527 177.6200000000171
8882 -0.2533996802274055 177.6400000000171
8883 -0.2409572834407211 177.6600000000171
8884 -0.2283478869909218 177.6800000000171
8885 -0.2155806925741222 177.7000000000171
8886 -0.2026650149588373 177.7200000000171
8887 -0.189610284222817 177.7400000000171
8888 -0.1764260165558319 177.7600000000171
8889 -0.1631217990732679 177.7800000000171
8890 -0.1497072861327953 177.8000000000171
8891 -0.1361922045516052 177.8200000000172
8892 -0.1225863328428759 177.8400000000172
8893 -0.1088994919503336 177.8600000000172
8894 -0.0951415321055991 177.8800000000172
8895 -0.08132233180488387 177.9000000000172
8896 -0.06745180598822291 177.9200000000172
8897 -0.05353988017304522 177.9400000000172
8898 -0.03959646416579965 177.9600000000172
8899 -0.02563146320361448 177.9800000000172
8900 -0.01165477472182626 178.0000000000173
8901 0.002323733495796997 178.0200000000173
8902 0.01629422727637513 178.0400000000173
8903 0.03024690451100566 178.0600000000173
8904 0.04417200776852877 178.0800000000173
8905 0.05805984035829384 178.1000000000173
8906 0.07190077087345842 178.1200000000173
8907 0.08568523122285074 178.1400000000173
8908 0.09940372193227039 178.1600000000173
8909 0.113046827100112 178.1800000000173
8910 0.1266052146354237 178.2000000000174
8911 0.1400696459505729 178.2200000000174
8912 0.153430982681054 178.2400000000174
8913 0.1666801942816162 178.2600000000174
8914 0.1798083595819545 178.2800000000174
8915 0.1928066594792096 178.3000000000174
8916 0.2056663781906976 178.3200000000174
8917 0.2183789396668912 178.3400000000174
8918 0.2309359039934883 178.3600000000174
8919 0.2433289559801338 178.3800000000174
8920 0.2555499205062848 178.4000000000175
8921 0.2675907646300739 178.4200000000175
8922 0.2794435853520281 178.4400000000175
8923 0.2911006193268088 178.4600000000175
8924 0.3025542517789784 178.4800000000175
8925 0.3137970168696971 178.5000000000175
8926 0.3248215924671446 178.5200000000175
8927 0.335620802906333 178.5400000000175
8928 0.346187641770982 178.5600000000175
8929 0.3565152431128901 178.5800000000175
8930 0.3665968870160536 178.6000000000176
8931 0.3764260222772058 178.6200000000176
8932 0.3859962553680634 178.6400000000176
8933 0.3953013699438278 178.6600000000176
8934 0.4043353184716736 178.6800000000176
8935 0.4130922030443143 178.7000000000176
8936 0.4215662961803079 178.7200000000176
8937 0.4297520414359841 178.7400000000176
8938 0.4376440348474047 178.7600000000176
8939 0.4452370383264328 178.7800000000177
8940 0.4525259912778018 178.8000000000177
8941 0.4595060038165475 178.8200000000177
8942 0.4661723578802317 178.8400000000177
8943 0.4725205088331839 178.8600000000177
8944 0.4785461064848449 178.8800000000177
8945 0.4842449810819326 178.9000000000177
8946 0.4896131288724709 178.9200000000177
8947 0.4946467567788692 178.9400000000177
8948 0.4993422809880944 178.9600000000177
8949 0.5036962947792133 178.9800000000178
8950 0.5077056032380678 179.0000000000178
8951 0.5113672182829861 179.0200000000178
8952 0.514678347786652 179.0400000000178
8953 0.51763641291897 179.0600000000178
8954 0.5202390620992122 179.0800000000178
8955 0.5224841325704048 179.1000000000178
8956 0.5243696692489356 179.1200000000178
8957 0.5258939717259988 179.1400000000178
8958 0.5270555844114366 179.1600000000178
8959 0.5278532746897348 179.1800000000179
8960 0.5282860269480331 179.2000000000179
8961 0.5283530643603486 179.2200000000179
8962 0.5280538662554718 179.2400000000179
8963 0.527388193037987 179.2600000000179
8964 0.5263560398658982 179.2800000000179
8965 0.5249576420952341 179.3000000000179
8966 0.5231934768890769 179.3200000000179
8967 0.5210642977655315 179.3400000000179
8968 0.5185711164884378 179.3600000000179
8969 0.5157152145502313 179.380000000018
8970 0.5124981658097449 179.400000000018
8971 0.5089218050051095 179.420000000018
8972 0.5049882313470324 179.440000000018
8973 0.5006998256810751 179.460000000018
8974 0.4960592651037009 179.480000000018
8975 0.4910694736076516 179.500000000018
8976 0.4857336264170337 179.520000000018
8977 0.4800551914870439 179.540000000018
8978 0.4740379356988101 179.5600000000181
8979 0.4676858969526246 179.5800000000181
8980 0.4610033503470976 179.6000000000181
8981 0.4539948483092547 179.6200000000181
8982 0.4466652268062991 179.6400000000181
8983 0.439019556114589 179.6600000000181
8984 0.4310631167063138 179.6800000000181
8985 0.4228014589503147 179.7000000000181
8986 0.4142403863510352 179.7200000000181
8987 0.4053859133254624 179.7400000000181
8988 0.396244294384426 179.7600000000182
8989 0.3868220452474666 179.7800000000182
8990 0.3771259016357367 179.8000000000182
8991 0.3671628123625774 179.8200000000182
8992 0.3569399437410173 179.8400000000182
8993 0.3464646765525766 179.8600000000182
8994 0.3357445936203379 179.8800000000182
8995 0.3247874596624698 179.9000000000182
8996 0.3136012201371124 179.9200000000182
8997 0.3021939823164589 179.9400000000182
8998 0.2905740449083832 179.9600000000183
8999 0.2787498797062179 179.9800000000183
9000 0.2667300791291332 180.0000000000183
9001 0.2545233654968924 180.0200000000183
9002 0.2421386203453041 180.0400000000183
9003 0.2295848502926549 180.0600000000183
9004 0.2168711703382255 180.0800000000183
9005 0.2040068173899034 180.1000000000183
9006 0.1910011417301916 180.1200000000183
9007 0.1778635907994438 180.1400000000183
9008 0.1646036941100318 180.1600000000184
9009 0.1512310581284767 180.1800000000184
9010 0.1377553557191642 180.2000000000184
9011 0.1241863190954718 180.2200000000184
9012 0.1105337276106925 180.2400000000184
9013 0.09680739451420094 180.2600000000184
9014 0.08301716565608405 180.2800000000184
9015 0.06917291564978537 180.3000000000184
9016 0.05528453002180097 180.3200000000184
9017 0.04136189769981508 180.3400000000184
9018 0.02741491199989853 180.3600000000185
9019 0.01345344314397166 180.3800000000185
9020 -0.0005126748511099479 180.4000000000185
9021 -0.01447362079800555 180.4200000000185
9022 -0.02841959647210853 180.4400000000185
9023 -0.04234086094729889 180.4600000000185
9024 -0.05622772876449252 180.4800000000185
9025 -0.07007056673058115 180.5000000000185
9026 -0.08385981050106185 180.5200000000185
9027 -0.09758597251765726 180.5400000000186
9028 -0.1112396456733112 180.5600000000186
9029 -0.124811499436386 180.5800000000186
9030 -0.1382922920607577 180.6000000000186
9031 -0.151672871772157 180.6200000000186
9032 -0.1649441836914252 180.6400000000186
9033 -0.1780972744256576 180.6600000000186
9034 -0.1911233261766785 180.6800000000186
9035 -0.2040136361801724 180.7000000000186
9036 -0.2167596028659536 180.7200000000186
9037 -0.2293527609702642 180.7400000000187
9038 -0.2417847794399509 180.7600000000187
9039 -0.2540474582128961 180.7800000000187
9040 -0.2661327298892077 180.8000000000187
9041 -0.2780326677761004 180.8200000000187
9042 -0.2897394827876771 180.8400000000187
9043 -0.301245529063857 180.8600000000187
9044 -0.3125432981544664 180.8800000000187
9045 -0.3236254219854099 180.9000000000187
9046 -0.3344846830929646 180.9200000000187
9047 -0.3451140101100813 180.9400000000188
9048 -0.3555064963334219 180.9600000000188
9049 -0.3656553832766872 180.9800000000188
9050 -0.375554080500603 181.0000000000188
9051 -0.3851961653716325 181.0200000000188
9052 -0.3945753639392645 181.0400000000188
9053 -0.403685544925597 181.0600000000188
9054 -0.4125207448899921 181.0800000000188
9055 -0.4210751697469016 181.1000000000188
9056 -0.4293431806335697 181.1200000000188
9057 -0.4373193173709432 181.1400000000189
9058 -0.444998299348007 181.1600000000189
9059 -0.4523750114270536 181.1800000000189
9060 -0.459444514207262 181.2000000000189
9061 -0.466202032231968 181.2200000000189
9062 -0.4726429688448133 181.2400000000189
9063 -0.4787629010081394 181.2600000000189
9064 -0.4845575827753357 181.2800000000189
9065 -0.4900229453544391 181.3000000000189
9066 -0.4951550847873126 181.320000000019
9067 -0.4999502968696427 181.340000000019
9068 -0.5044050900422804 181.360000000019
9069 -0.5085161643187892 181.380000000019
9070 -0.5122804121964017 181.400000000019
9071 -0.5156949254883779 181.420000000019
9072 -0.5187570111613961 181.440000000019
9073 -0.5214641940410323 181.460000000019
9074 -0.5238142266465129 181.480000000019
9075 -0.5258050648556103 181.500000000019
9076 -0.5274348694007801 181.5200000000191
9077 -0.5287020189008353 181.5400000000191
9078 -0.5296051753782607 181.5600000000191
9079 -0.5301432341822336 181.5800000000191
9080 -0.5303153207124972 181.6000000000191
9081 -0.5301207891764081 181.6200000000191
9082 -0.5295592799297438 181.6400000000191
9083 -0.5286306838589517 181.6600000000191
9084 -0.5273351328720012 181.6800000000191
9085 -0.5256730204014343 181.7000000000191
9086 -0.5236449890408147 181.7200000000192
9087 -0.5212519621492894 181.7400000000192
9088 -0.5184951593488493 181.7600000000192
9089 -0.5153760645902474 181.7800000000192
9090 -0.5118964196747907 181.8000000000192
9091 -0.5080582341528105 181.8200000000192
9092 -0.5038638167450558 181.8400000000192
9093 -0.4993157645242625 181.8600000000192
9094 -0.4944169299802711 181.8800000000192
9095 -0.4891704296716313 181.9000000000192
9096 -0.4835796575700401 181.9200000000193
9097 -0.4776482841920699 181.9400000000193
9098 -0.471380237133597 181.9600000000193
9099 -0.4647797267676211 181.9800000000193
9100 -0.4578512274538527 182.0000000000193
9101 -0.4505994677779446 182.0200000000193
9102 -0.4430294203594528 182.0400000000193
9103 -0.4351463268686008 182.0600000000193
9104 -0.4269556974403912 182.0800000000193
9105 -0.4184632905225695 182.1000000000193
9106 -0.4096750944662236 182.1200000000194
9107 -0.4005973503586607 182.1400000000194
9108 -0.3912365344177208 182.1600000000194
9109 -0.3815993469019082 182.1800000000194
9110 -0.3716927262914101 182.2000000000194
9111 -0.3615238141439374 182.2200000000194
9112 -0.3510999592394435 182.2400000000194
9113 -0.3404287218706021 182.2600000000194
9114 -0.3295178629405484 182.2800000000194
9115 -0.3183753121091891 182.3000000000195
9116 -0.3070091778076386 182.3200000000195
9117 -0.295427757181203 182.3400000000195
9118 -0.2836395090705172 182.3600000000195
9119 -0.2716530417915026 182.3800000000195
9120 -0.2594771119008509 182.4000000000195
9121 -0.2471206348892607 182.4200000000195
9122 -0.2345926487533601 182.4400000000195
9123 -0.2219023061493834 182.4600000000195
9124 -0.2090588687830862 182.4800000000195
9125 -0.1960717089620317 182.5000000000196
9126 -0.1829503010097308 182.5200000000196
9127 -0.1697042000951855 182.5400000000196
9128 -0.1563430303486568 182.5600000000196
9129 -0.1428764781137729 182.5800000000196
9130 -0.1293142997357909 182.6000000000196
9131 -0.1156662993518329 182.6200000000196
9132 -0.10194231379811 182.6400000000196
9133 -0.08815220497571805 182.6600000000196
9134 -0.07430586950576649 182.6800000000196
9135 -0.06041323312125542 182.7000000000197
9136 -0.04648421427184844 182.7200000000197
9137 -0.0325287191797783 182.7400000000197
9138 -0.0185566528777648 182.7600000000197
9139 -0.00457789764112209 182.7800000000197
9140 0.009397696422673584 182.8000000000197
9141 0.02336030975635472 182.8200000000197
9142 0.0373001612525858 182.8400000000197
9143 0.05120752266055331 182.8600000000197
9144 0.06507273172484304 182.8800000000197
9145 0.07888618834809262 182.9000000000198
9146 0.09263835614680943 182.9200000000198
9147 0.1063197801061883 182.9400000000198
9148 0.1199210854938854 182.9600000000198
9149 0.1334329839333967 182.9800000000198
9150 0.1468462878045347 183.0000000000198
9151 0.1601519132209803 183.0200000000198
9152 0.1733408853607978 183.0400000000198
9153 0.1864043415139524 183.0600000000198
9154 0.1993335159600615 183.0800000000199
9155 0.2121197539389397 183.1000000000199
9156 0.2247545445037387 183.1200000000199
9157 0.2372295146694274 183.1400000000199
9158 0.2495364191168765 183.1600000000199
9159 0.2616671539304764 183.1800000000199
9160 0.2736137534493538 183.2000000000199
9161 0.2853683823111227 183.2200000000199
9162 0.2969233524926094 183.2400000000199
9163 0.3082711253080565 183.2600000000199
9164 0.3194043102296237 183.28000000002
9165 0.3303156670790177 183.30000000002
9166 0.3409981069158866 183.32000000002
9167 0.3514446803068723 183.34000000002
9168 0.3616485921326341 183.36000000002
9169 0.3716032174776011 183.38000000002
9170 0.3813020872428301 183.40000000002
9171 0.3907388857334401 183.42000000002
9172 0.3999074850316703 183.44000000002
9173 0.4088019144113426 183.46000000002
9174 0.4174163603339286 183.4800000000201
9175 0.4257451834511939 183.5000000000201
9176 0.4337829033213794 183.5200000000201
9177 0.4415242011958078 183.5400000000201
9178 0.4489639251600161 183.5600000000201
9179 0.4560971035047093 183.5800000000201
9180 0.4629189308442946 183.6000000000201
9181 0.4694247661015239 183.6200000000201
9182 0.4756101514499945 183.6400000000201
9183 0.4814708511172177 183.6600000000201
9184 0.4870027806038734 183.6800000000202
9185 0.4922020280386946 183.7000000000202
9186 0.4970649202839201 183.7200000000202
9187 0.501587963630505 183.7400000000202
9188 0.5057678429006335 183.7600000000202
9189 0.5096014751540607 183.7800000000202
9190 0.5130859844007591 183.8000000000202
9191 0.5162186734771302 183.8200000000202
9192 0.5189970827662295 183.8400000000202
9193 0.5214189586293149 183.8600000000202
9194 0.523482242080882 183.8800000000203
9195 0.525185095039301 183.9000000000203
9196 0.526525949913483 183.9200000000203
9197 0.5275034700687107 183.9400000000203
9198 0.5281165318999486 183.9600000000203
9199 0.5283642317138945 183.9800000000203
9200 0.5282459165577906 184.0000000000203
9201 0.5277612154654626 184.0200000000203
9202 0.5269100073307887 184.0400000000203
9203 0.5256924036186724 184.0600000000204
9204 0.5241087623777597 184.0800000000204
9205 0.5221597025832798 184.1000000000204
9206 0.5198461104089406 184.1200000000204
9207 0.5171691296204273 184.1400000000204
9208 0.5141301948807506 184.1600000000204
9209 0.510731006463976 184.1800000000204
9210 0.5069735302443031 184.2000000000204
9211 0.5028600094823684 184.2200000000204
9212 0.4983929843616509 184.2400000000204
9213 0.4935752507436212 184.2600000000205
9214 0.4884098571377273 184.2800000000205
9215 0.4829001262872352 184.3000000000205
9216 0.4770496772801741 184.3200000000205
9217 0.4708624182347612 184.3400000000205
9218 0.4643425049357409 184.3600000000205
9219 0.4574943509573047 184.3800000000205
9220 0.4503226573990826 184.4000000000205
9221 0.442832387648501 184.4200000000205
9222 0.4350287122917859 184.4400000000205
9223 0.4269170444671311 184.4600000000206
9224 0.418503070069192 184.4800000000206
9225 0.4097927017319398 184.5000000000206
9226 0.400792067467656 184.5200000000206
9227 0.3915075538115978 184.5400000000206
9228 0.3819457920026161 184.5600000000206
9229 0.3721136300904437 184.5800000000206
9230 0.3620181235511761 184.6000000000206
9231 0.351666547661477 184.6200000000206
9232 0.3410663879959793 184.6400000000206
9233 0.3302253227041159 184.6600000000207
9234 0.3191512096828447 184.6800000000207
9235 0.3078520717946757 184.7000000000207
9236 0.2963361165031028 184.7200000000207
9237 0.2846117330698022 184.7400000000207
9238 0.2726874581200679 184.7600000000207
9239 0.2605719466968741 184.7800000000207
9240 0.2482740024341264 184.8000000000207
9241 0.235802571475464 184.8200000000207
9242 0.2231667153418037 184.8400000000208
9243 0.2103756113394467 184.8600000000208
9244 0.1974385589915309 184.8800000000208
9245 0.1843649577640051 184.9000000000208
9246 0.1711642960906982 184.9200000000208
9247 0.1578461441550551 184.9400000000208
9248 0.1444201441254165 184.9600000000208
9249 0.1308959977355028 184.9800000000208
9250 0.1172834629777065 185.0000000000208
9251 0.1035923383105691 185.0200000000208
9252 0.08983245146076073 185.0400000000209
9253 0.07601366394642731 185.0600000000209
9254 0.06214585972840899 185.0800000000209
9255 0.04823892708569757 185.1000000000209
9256 0.03430275760879999 185.1200000000209
9257 0.02034723658503122 185.1400000000209
9258 0.006382213618671057 185.1600000000209
9259 -0.007582486309119605 185.1800000000209
9260 -0.02153704954558522 185.2000000000209
9261 -0.03547170284103375 185.2200000000209
9262 -0.04937673463433864 185.240000000021
9263 -0.06324248641781681 185.260000000021
9264 -0.07705935725703712 185.280000000021
9265 -0.09081782039509891 185.300000000021
9266 -0.1045084295708184 185.320000000021
9267 -0.1181218187540283 185.340000000021
9268 -0.1316486996357126 185.360000000021
9269 -0.1450798748104403 185.380000000021
9270 -0.158406238155456 185.400000000021
9271 -0.1716187786717186 185.420000000021
9272 -0.1847086218004576 185.4400000000211
9273 -0.1976670135115951 185.4600000000211
9274 -0.2104852946435697 185.4800000000211
9275 -0.2231549295319029 185.5000000000211
9276 -0.2356675262260911 185.5200000000211
9277 -0.2480148195761502 185.5400000000211
9278 -0.2601886711595311 185.5600000000211
9279 -0.2721810867698189 185.5800000000211
9280 -0.2839842097667086 185.6000000000211
9281 -0.2955903254312055 185.6200000000212
9282 -0.3069918532153849 185.6400000000212
9283 -0.3181813535899989 185.6600000000212
9284 -0.3291515330536261 185.6800000000212
9285 -0.3398952546525068 185.7000000000212
9286 -0.3504055292183555 185.7200000000212
9287 -0.3606755166426424 185.7400000000212
9288 -0.3706985471382484 185.7600000000212
9289 -0.3804681247650718 185.7800000000212
9290 -0.3899778945868135 185.8000000000212
9291 -0.3992216547019555 185.8200000000213
9292 -0.408193360824303 185.8400000000213
9293 -0.4168871351632461 185.8600000000213
9294 -0.4252972611742746 185.8800000000213
9295 -0.433418191684468 185.9000000000213
9296 -0.4412445545927026 185.9200000000213
9297 -0.4487711566125168 185.9400000000213
9298 -0.4559929666350909 185.9600000000213
9299 -0.4629051315756119 185.9800000000213
9300 -0.4695029674137005 186.0000000000213
9301 -0.4757819637771349 186.0200000000214
9302 -0.4817377847901879 186.0400000000214
9303 -0.4873662760400803 186.0600000000214
9304 -0.4926634519295929 186.0800000000214
9305 -0.4976254975637091 186.1000000000214
9306 -0.5022488214366454 186.1200000000214
9307 -0.5065300322782896 186.1400000000214
9308 -0.5104659313272096 186.1600000000214
9309 -0.5140535113864002 186.1800000000214
9310 -0.517289963930641 186.2000000000214
9311 -0.5201727132343457 186.2200000000215
9312 -0.5226993979733923 186.2400000000215
9313 -0.5248678635091568 186.2600000000215
9314 -0.5266761772357719 186.2800000000215
9315 -0.5281226159176409 186.3000000000215
9316 -0.5292056960689697 186.3200000000215
9317 -0.5299241914989696 186.3400000000215
9318 -0.5302771148818421 186.3600000000215
9319 -0.5302637141838062 186.3800000000215
9320 -0.5298834743808867 186.4000000000215
9321 -0.529136172288303 186.4200000000216
9322 -0.5280218220799943 186.4400000000216
9323 -0.5265406820441173 186.4600000000216
9324 -0.5246932686105579 186.4800000000216
9325 -0.5224803695832195 186.5000000000216
9326 -0.5199030567969759 186.5200000000216
9327 -0.5169626895633446 186.5400000000216
9328 -0.5136608755696125 186.5600000000216
9329 -0.5099994928272614 186.5800000000216
9330 -0.5059806993093378 186.6000000000217
9331 -0.5016069550303048 186.6200000000217
9332 -0.4968809848857454 186.6400000000217
9333 -0.491805774511627 186.6600000000217
9334 -0.4863845789869311 186.6800000000217
9335 -0.4806209314447906 186.7000000000217
9336 -0.4745186339960142 186.7200000000217
9337 -0.4680817581817693 186.7400000000217
9338 -0.4613146487262009 186.7600000000217
9339 -0.4542219165083773 186.7800000000217
9340 -0.4468084067808444 186.8000000000218
9341 -0.439079221078403 186.8200000000218
9342 -0.4310397444825904 186.8400000000218
9343 -0.4226956162442035 186.8600000000218
9344 -0.4140527170584362 186.8800000000218
9345 -0.4051171505543102 186.9000000000218
9346 -0.395895276345386 186.9200000000218
9347 -0.3863936925037009 186.9400000000218
9348 -0.376619220603786 186.9600000000218
9349 -0.3665788993858738 186.9800000000218
9350 -0.3562799781775905 187.0000000000219
9351 -0.3457299078330331 187.0200000000219
9352 -0.3349363581268006 187.0400000000219
9353 -0.3239071740465215 187.0600000000219
9354 -0.3126503762207788 187.0800000000219
9355 -0.3011741678293609 187.1000000000219
9356 -0.2894869328426115 187.1200000000219
9357 -0.2775972037665219 187.1400000000219
9358 -0.2655136654377296 187.1600000000219
9359 -0.2532451553981787 187.1800000000219
9360 -0.2408006552371071 187.200000000022
9361 -0.2281892629905247 187.220000000022
9362 -0.2154201872009694 187.240000000022
9363 -0.2025027456219743 187.260000000022
9364 -0.1894463657491553 187.280000000022
9365 -0.1762605621429456 187.300000000022
9366 -0.1629549241507629 187.320000000022
9367 -0.1495391094321388 187.340000000022
9368 -0.1360228426442037 187.360000000022
9369 -0.122415902963642 187.3800000000221
9370 -0.1087281136418427 187.4000000000221
9371 -0.09496932454060518 187.4200000000221
9372 -0.08114941456283996 187.4400000000221
9373 -0.06727829870880139 187.4600000000221
9374 -0.05336590276806619 187.4800000000221
9375 -0.03942213747425134 187.5000000000221
9376 -0.02545690751489828 187.5200000000221
9377 -0.01148011002281368 187.5400000000221
9378 0.002498387398494221 187.5600000000221
9379 0.01646875047334297 187.5800000000222
9380 0.03042117787295323 187.6000000000222
9381 0.0443459133516463 187.6200000000222
9382 0.05823325990784556 187.6400000000222
9383 0.07207358647450413 187.6600000000222
9384 0.08585732609929508 187.6800000000222
9385 0.09957498119143018 187.7000000000222
9386 0.1132171353983141 187.7200000000222
9387 0.1267744588379942 187.7400000000222
9388 0.1402377138876804 187.7600000000222
9389 0.1535977634378634 187.7800000000223
9390 0.1668455763644814 187.8000000000223
9391 0.1799722356404759 187.8200000000223
9392 0.1929689201788502 187.8400000000223
9393 0.2058269178277752 187.8600000000223
9394 0.2185376529829935 187.8800000000223
9395 0.2310926868607232 187.9000000000223
9396 0.2434837056304406 187.9200000000223
9397 0.2557025377146289 187.9400000000223
9398 0.2677411507522801 187.9600000000223
9399 0.2795916435868785 187.9800000000224
9400 0.2912462527527609 188.0000000000224
9401 0.3026973667374518 188.0200000000224
9402 0.3139375221476501 188.0400000000224
9403 0.3249593957543078 188.0600000000224
9404 0.3357558156046657 188.0800000000224
9405 0.3463197766909297 188.1000000000224
9406 0.3566444123352988 188.1200000000224
9407 0.3667230078111196 188.1400000000224
9408 0.3765490116340685 188.1600000000224
9409 0.3861160330421036 188.1800000000225
9410 0.3954178596147679 188.2000000000225
9411 0.4044484445082482 188.2200000000225
9412 0.4132018897326832 188.2400000000225
9413 0.4216724708701592 188.2600000000225
9414 0.4298546334298054 188.2800000000225
9415 0.4377429765093888 188.3000000000225
9416 0.4453322615688536 188.3200000000225
9417 0.4526174305845373 188.3400000000225
9418 0.4595935958174015 188.3600000000226
9419 0.4662560404873382 188.3800000000226
9420 0.4726002235414175 188.4000000000226
9421 0.4786217955183496 188.4200000000226
9422 0.4843165879632558 188.4400000000226
9423 0.4896806005032649 188.4600000000226
9424 0.4947100418273381 188.4800000000226
9425 0.4994013314232914 188.5000000000226
9426 0.5037510638821832 188.5200000000226
9427 0.5077560457363866 188.5400000000226
9428 0.5114132945539492 188.5600000000227
9429 0.5147200159278588 188.5800000000227
9430 0.5176736402688359 188.6000000000227
9431 0.5202718148485318 188.6200000000227
9432 0.5225123754831122 188.6400000000227
9433 0.524393375627266 188.6600000000227
9434 0.5259131149586093 188.6800000000227
9435 0.5270701429213178 188.7000000000227
9436 0.5278632277507008 188.7200000000227
9437 0.5282913591455181 188.7400000000227
9438 0.5283537567715408 188.7600000000228
9439 0.528049915195823 188.7800000000228
9440 0.5273795854286757 188.8000000000228
9441 0.5263427778033674 188.8200000000228
9442 0.5249397171601289 188.8400000000228
9443 0.5231708963137165 188.8600000000228
9444 0.5210370676051203 188.8800000000228
9445 0.5185392423332277 188.9000000000228
9446 0.5156787116199846 188.9200000000228
9447 0.5124570512136343 188.9400000000228
9448 0.508876098753513 188.9600000000229
9449 0.5049379537913093 188.9800000000229
9450 0.5006450088321401 189.0000000000229
9451 0.4959999342732854 189.0200000000229
9452 0.4910056670013915 189.0400000000229
9453 0.4856653818629523 189.0600000000229
9454 0.4799825508476905 189.0800000000229
9455 0.4739609434761923 189.1000000000229
9456 0.4676046048506526 189.1200000000229
9457 0.4609178091822549 189.140000000023
9458 0.4539051143522597 189.160000000023
9459 0.4465713641438426 189.180000000023
9460 0.438921626142203 189.200000000023
9461 0.4309611879320575 189.220000000023
9462 0.4226956003366319 189.240000000023
9463 0.4141306725480943 189.260000000023
9464 0.4052724226369611 189.280000000023
9465 0.3961271057299809 189.300000000023
9466 0.386701237105946 189.320000000023
9467 0.3770015567636649 189.3400000000231
9468 0.3670350188831025 189.3600000000231
9469 0.3568087963704116 189.3800000000231
9470 0.3463302700343516 189.4000000000231
9471 0.3356070234315754 189.4200000000231
9472 0.3246468290584161 189.4400000000231
9473 0.3134576327018931 189.4600000000231
9474 0.3020475440726224 189.4800000000231
9475 0.2904248624985821 189.5000000000231
9476 0.2785980666899768 189.5200000000231
9477 0.2665757477000111 189.5400000000232
9478 0.2543666296953362 189.5600000000232
9479 0.2419795955200719 189.5800000000232
9480 0.2294236547265952 189.6000000000232
9481 0.2167079233591237 189.6200000000232
9482 0.2038416395442254 189.6400000000232
9483 0.1908341568878719 189.6600000000232
9484 0.1776949224584304 189.6800000000232
9485 0.164433468157993 189.7000000000232
9486 0.1510593998491129 189.7200000000232
9487 0.1375823923591874 189.7400000000233
9488 0.1240121787723871 189.7600000000233
9489 0.110358538191441 189.7800000000233
9490 0.09663128474310383 189.8000000000233
9491 0.08284026424732566 189.8200000000233
9492 0.06899535312126745 189.8400000000233
9493 0.05510643588787022 189.8600000000233
9494 0.04118340186615942 189.8800000000233
9495 0.02723614399185718 189.9000000000233
9496 0.01327453287387314 189.9200000000234
9497 -0.0006915987224201977 189.9400000000234
9498 -0.01465242909944511 189.9600000000234
9499 -0.02859815974985173 189.9800000000234
9500 -0.04251905100507453 190.0000000000234
9501 -0.05640541835644364 190.0200000000234
9502 -0.07024762890278781 190.0400000000234
9503 -0.08403611838853628 190.0600000000234
9504 -0.0977614017555101 190.0800000000234
9505 -0.1114140707918638 190.1000000000234
9506 -0.1249847980504036 190.1200000000235
9507 -0.1384643421982828 190.1400000000235
9508 -0.1518435536656317 190.1600000000235
9509 -0.1651133770472804 190.1800000000235
9510 -0.1782648615837724 190.2000000000235
9511 -0.1912891901286742 190.2200000000235
9512 -0.2041776627046032 190.2400000000235
9513 -0.2169216806250811 190.2600000000235
9514 -0.229512776937643 190.2800000000235
9515 -0.2419426271161417 190.3000000000235
9516 -0.2542030273224455 190.3200000000236
9517 -0.2662859135494334 190.3400000000236
9518 -0.2781833600719231 190.3600000000236
9519 -0.2898875829864201 190.3800000000236
9520 -0.301390936459409 190.4000000000236
9521 -0.3126859110770295 190.4200000000236
9522 -0.3237651347141854 190.4400000000236
9523 -0.3346213849970225 190.4600000000236
9524 -0.3452476083728609 190.4800000000236
9525 -0.3556369037708699 190.5000000000236
9526 -0.3657825078424294 190.5200000000237
9527 -0.3756778315859469 190.5400000000237
9528 -0.38531645936706 190.5600000000237
9529 -0.3946921209059192 190.5800000000237
9530 -0.4037986829762332 190.6000000000237
9531 -0.4126301851551408 190.6200000000237
9532 -0.4211808359056845 190.6400000000237
9533 -0.4294449969135549 190.6600000000237
9534 -0.4374172134465019 190.6800000000237
9535 -0.4450922040626921 190.7000000000237
9536 -0.4524648593495261 190.7200000000238
9537 -0.4595302396323876 190.7400000000238
9538 -0.4662835733535396 190.7600000000238
9539 -0.4727202653086017 190.7800000000238
9540 -0.4788358941082775 190.8000000000238
9541 -0.4846262187543459 190.8200000000238
9542 -0.4900871673412738 190.8400000000238
9543 -0.4952148422654185 190.8600000000238
9544 -0.5000055418028362 190.8800000000238
9545 -0.5044557766280775 190.9000000000239
9546 -0.5085622517084089 190.9200000000239
9547 -0.5123218520275503 190.9400000000239
9548 -0.5157316813835064 190.9600000000239
9549 -0.518789049103355 190.9800000000239
9550 -0.5214914827157595 191.0000000000239
9551 -0.5238367311927191 191.0200000000239
9552 -0.5258227615711848 191.0400000000239
9553 -0.5274477307190503 191.0600000000239
9554 -0.5287100283209969 191.0800000000239
9555 -0.5296083118473219 191.100000000024
9556 -0.5301414834361996 191.120000000024
9557 -0.5303086693997845 191.140000000024
9558 -0.53010923177095 191.160000000024
9559 -0.5295428092738044 191.180000000024
9560 -0.5286092996824154 191.200000000024
9561 -0.5273088401590541 191.220000000024
9562 -0.5256418213989378 191.240000000024
9563 -0.5236088921390332 191.260000000024
9564 -0.5212109862496339 191.280000000024
9565 -0.518449316850877 191.3000000000241
9566 -0.5153253799695934 191.3200000000241
9567 -0.5118409125535296 191.3400000000241
9568 -0.507997934709945 191.3600000000241
9569 -0.5037987562411742 191.3800000000241
9570 -0.499245978842108 191.4000000000241
9571 -0.4943424586333908 191.4200000000241
9572 -0.4890913141658174 191.4400000000241
9573 -0.4834959460314439 191.4600000000241
9574 -0.4775600230967313 191.4800000000241
9575 -0.471287483448307 191.5000000000242
9576 -0.4646825336679316 191.5200000000242
9577 -0.4577496586054031 191.5400000000242
9578 -0.4504935859213541 191.5600000000242
9579 -0.4429192939079547 191.5800000000242
9580 -0.4350320265711328 191.6000000000242
9581 -0.4268373009916493 191.6200000000242
9582 -0.4183408733571732 191.6400000000242
9583 -0.4095487387977201 191.6600000000242
9584 -0.4004671408161355 191.6800000000243
9585 -0.3911025566743477 191.7000000000243
9586 -0.3814616956255867 191.7200000000243
9587 -0.3715514926793205 191.7400000000243
9588 -0.3613790954529643 191.7600000000243
9589 -0.3509518551119368 191.7800000000243
9590 -0.3402773333154958 191.8000000000243
9591 -0.3293632958955983 191.8200000000243
9592 -0.3182176727188626 191.8400000000243
9593 -0.3068485761707084 191.8600000000243
9594 -0.2952643028837344 191.8800000000244
9595 -0.2834733183708419 191.9000000000244
9596 -0.2714842293091124 191.9200000000244
9597 -0.2593057974388133 191.9400000000244
9598 -0.2469469384168788 191.9600000000244
9599 -0.2344166904373792 191.9800000000244
9600 -0.2217242098612765 192.0000000000244
9601 -0.2088787598561423 192.0200000000244
9602 -0.1958897135727105 192.0400000000244
9603 -0.182766546916782 192.0600000000244
9604 -0.1695188162940446 192.0800000000245
9605 -0.1561561451507588 192.1000000000245
9606 -0.142688224372363 192.1200000000245
9607 -0.1291248072641246 192.1400000000245
9608 -0.1154757003743618 192.1600000000245
9609 -0.1017507410773085 192.1800000000245
9610 -0.0879597913826998 192.2000000000245
9611 -0.07411274931589504 192.2200000000245
9612 -0.06021953999807889 192.2400000000245
9613 -0.04629008195878938 192.2600000000245
9614 -0.03233428129640593 192.2800000000246
9615 -0.01836204385801193 192.3000000000246
9616 -0.004383251578141228 192.3200000000246
9617 0.009592246571943632 192.3400000000246
9618 0.02355463092664071 192.3600000000246
9619 0.03749412065337036 192.3800000000246
9620 0.05140098815463316 192.4000000000246
9621 0.06526557173397471 192.4200000000246
9622 0.07907827207036096 192.4400000000246
9623 0.09282955507800171 192.4600000000246
9624 0.1065099650547855 192.4800000000247
9625 0.1201101300688178 192.5000000000247
9626 0.1336207618746241 192.5200000000247
9627 0.1470326739085087 192.5400000000247
9628 0.16033678394333 192.5600000000247
9629 0.1735241186073229 192.5800000000247
9630 0.1865858160729138 192.6000000000247
9631 0.1995131132017345 192.6200000000247
9632 0.2122973560567438 192.6400000000247
9633 0.2249300352924911 192.6600000000248
9634 0.2374027796262377 192.6800000000248
9635 0.2497073462867334 192.7000000000248
9636 0.2618356330424058 192.7200000000248
9637 0.2737796740621958 192.7400000000248
9638 0.2855316384848921 192.7600000000248
9639 0.2970838375602944 192.7800000000248
9640 0.3084287371641679 192.8000000000248
9641 0.3195589469282791 192.8200000000248
9642 0.330467227786066 192.8400000000248
9643 0.3411464943010631 192.8600000000249
9644 0.3515897991321369 192.8800000000249
9645 0.3617903468689236 192.9000000000249
9646 0.3717415170369153 192.9200000000249
9647 0.3814368410264289 192.9400000000249
9648 0.390870006726485 192.9600000000249
9649 0.4000348874879436 192.9800000000249
9650 0.408925516095315 193.0000000000249
9651 0.4175360806881965 193.0200000000249
9652 0.4258609425004139 193.0400000000249
9653 0.4338946250201628 193.060000000025
9654 0.4416318092505168 193.080000000025
9655 0.4490673479815741 193.100000000025
9656 0.4561962670480557 193.120000000025
9657 0.4630137689493246 193.140000000025
9658 0.469515211658297 193.160000000025
9659 0.4756961400795294 193.180000000025
9660 0.4815523194360358 193.200000000025
9661 0.4870796699711465 193.220000000025
9662 0.492274280978225 193.240000000025
9663 0.4971324814586429 193.2600000000251
9664 0.5016507815117109 193.2800000000251
9665 0.5058258699688758 193.3000000000251
9666 0.5096546666819868 193.3200000000251
9667 0.513134292226808 193.3400000000251
9668 0.5162620602249438 193.3600000000251
9669 0.5190355079086175 193.3800000000251
9670 0.521452387342326 193.4000000000251
9671 0.5235106399915985 193.4200000000251
9672 0.5252084361572906 193.4400000000252
9673 0.5265442044887572 193.4600000000252
9674 0.5275166175453642 193.4800000000252
9675 0.5281245508589686 193.5000000000252
9676 0.5283671032734357 193.5200000000252
9677 0.5282436319693831 193.5400000000252
9678 0.5277537642310302 193.5600000000252
9679 0.5268973850464224 193.5800000000252
9680 0.5256746081825986 193.6000000000252
9681 0.5240857910018442 193.6200000000252
9682 0.5221315633364614 193.6400000000253
9683 0.5198128139539566 193.6600000000253
9684 0.5171306895559318 193.6800000000253
9685 0.514086627523605 193.7000000000253
9686 0.5106823326007979 193.7200000000253
9687 0.5069197732351146 193.7400000000253
9688 0.5028012027896509 193.7600000000253
9689 0.4983291559605767 193.7800000000253
9690 0.4935064380707523 193.8000000000253
9691 0.4883361045793916 193.8200000000253
9692 0.4828214772314117 193.8400000000254
9693 0.4769661810447303 193.8600000000254
9694 0.470774129605593 193.8800000000254
9695 0.4642494815517874 193.9000000000254
9696 0.4573966529414414 193.9200000000254
9697 0.4502203512746691 193.9400000000254
9698 0.4427255421686328 193.9600000000254
9699 0.4349174033085293 193.9800000000254
9700 0.4268013477183273 194.0000000000254
9701 0.4183830644924282 194.0200000000254
9702 0.4096684742141097 194.0400000000255
9703 0.4006637046227192 194.0600000000255
9704 0.391375145940452 194.0800000000255
9705 0.3818094351653445 194.1000000000255
9706 0.3719734210425041 194.1200000000255
9707 0.3618741642638648 194.1400000000255
9708 0.3515189437670702 194.1600000000255
9709 0.3409152453097792 194.1800000000255
9710 0.3300707522580462 194.2000000000255
9711 0.3189933252436813 194.2200000000255
9712 0.3076909897987294 194.2400000000256
9713 0.2961719542430454 194.2600000000256
9714 0.284444612947 194.2800000000256
9715 0.2725175047938328 194.3000000000256
9716 0.2603992842858742 194.3200000000256
9717 0.2480987593419489 194.3400000000256
9718 0.2356248774167221 194.3600000000256
9719 0.222986701634796 194.3800000000256
9720 0.2101934117840344 194.4000000000256
9721 0.1972543084729803 194.4200000000257
9722 0.1841787931134519 194.4400000000257
9723 0.1709763526518534 194.4600000000257
9724 0.1576565612752176 194.4800000000257
9725 0.1442290625803757 194.5000000000257
9726 0.1307035576514695 194.5200000000257
9727 0.1170898059154138 194.5400000000257
9728 0.1033976063427713 194.5600000000257
9729 0.08963678640816332 194.5800000000257
9730 0.0758172089354737 194.6000000000257
9731 0.06194875832266328 194.6200000000258
9732 0.04804132228945832 194.6400000000258
9733 0.03410479289294593 194.6600000000258
9734 0.02014905532632426 194.6800000000258
9735 0.006183959965060204 194.7000000000258
9736 -0.007780670005992346 194.7200000000258
9737 -0.02173502131438728 194.7400000000258
9738 -0.03566932031202915 194.7600000000258
9739 -0.04957385646500744 194.7800000000258
9740 -0.06343897244081532 194.8000000000258
9741 -0.07725506834598216 194.8200000000259
9742 -0.09101261789727973 194.8400000000259
9743 -0.1047021770889935 194.8600000000259
9744 -0.1183143796834317 194.8800000000259
9745 -0.1318399394957099 194.9000000000259
9746 -0.1452696599636923 194.9200000000259
9747 -0.1585944371221608 194.9400000000259
9748 -0.1718052609809075 194.9600000000259
9749 -0.184893258860948 194.9800000000259
9750 -0.1978496770370747 195.0000000000259
9751 -0.2106658609023018 195.020000000026
9752 -0.2233332751398694 195.040000000026
9753 -0.2358435302865697 195.060000000026
9754 -0.2481883616763097 195.080000000026
9755 -0.2603596328462376 195.100000000026
9756 -0.2723493523260097 195.120000000026
9757 -0.2841496658229567 195.140000000026
9758 -0.2957528592871762 195.160000000026
9759 -0.307151355133519 195.180000000026
9760 -0.3183377146630547 195.2000000000261
9761 -0.3293046466672037 195.2200000000261
9762 -0.3400450154677019 195.2400000000261
9763 -0.3505518376239529 195.2600000000261
9764 -0.3608182721481688 195.2800000000261
9765 -0.3708376518822497 195.3000000000261
9766 -0.3806034859360738 195.3200000000261
9767 -0.390109418509139 195.3400000000261
9768 -0.3993492522553646 195.3600000000261
9769 -0.4083169447567495 195.3800000000261
9770 -0.4170066201802326 195.4000000000262
9771 -0.4254125634890435 195.4200000000262
9772 -0.4335292332433069 195.4400000000262
9773 -0.4413512569984747 195.4600000000262
9774 -0.4488734461398745 195.4800000000262
9775 -0.4560907689746364 195.5000000000262
9776 -0.4629983777510381 195.5200000000262
9777 -0.4695915876518832 195.5400000000262
9778 -0.4758658930815655 195.5600000000262
9779 -0.4818169581440519 195.5800000000262
9780 -0.4874406375693826 195.6000000000263
9781 -0.4927329388329917 195.6200000000263
9782 -0.4976900567846551 195.6400000000263
9783 -0.502308398458481 195.6600000000263
9784 -0.5065845827470604 195.6800000000263
9785 -0.5105154025843749 195.7000000000263
9786 -0.5140978547712736 195.7200000000263
9787 -0.5173291332053507 195.7400000000263
9788 -0.5202066640554506 195.7600000000263
9789 -0.5227281079946299 195.7800000000263
9790 -0.5248913131669878 195.8000000000264
9791 -0.5266943322851617 195.8200000000264
9792 -0.5281354477140768 195.8400000000264
9793 -0.529213187646673 195.8600000000264
9794 -0.52992632543092 195.8800000000264
9795 -0.5302738763768673 195.9000000000264
9796 -0.5302550880226042 195.9200000000264
9797 -0.529869460369133 195.9400000000264
9798 -0.5291167612900326 195.9600000000264
9799 -0.527997015006633 195.9800000000265
9800 -0.52651048430113 196.0000000000265
9801 -0.5246576874036258 196.0200000000265
9802 -0.5224394178554745 196.0400000000265
9803 -0.519856749846045 196.0600000000265
9804 -0.5169110453273575 196.0800000000265
9805 -0.5136039230771932 196.1000000000265
9806 -0.5099372545601261 196.1200000000265
9807 -0.5059132148829384 196.1400000000265
9808 -0.5015342545591243 196.1600000000265
9809 -0.4968031112525326 196.1800000000266
9810 -0.491722772865014 196.2000000000266
9811 -0.4862964970290571 196.2200000000266
9812 -0.4805278227689133 196.2400000000266
9813 -0.4744205562966203 196.2600000000266
9814 -0.4679787719024197 196.2800000000266
9815 -0.4612068199257157 196.3000000000266
9816 -0.4541093127966345 196.3200000000266
9817 -0.4466911012420736 196.3400000000266
9818 -0.4389572902286324 196.3600000000266
9819 -0.4309132668340109 196.3800000000267
9820 -0.4225646807393213 196.4000000000267
9821 -0.4139174058187904 196.4200000000267
9822 -0.40497755684956 196.4400000000267
9823 -0.3957514945882053 196.4600000000267
9824 -0.3862458224827287 196.4800000000267
9825 -0.3764673617376059 196.5000000000267
9826 -0.3664231562668405 196.5200000000267
9827 -0.3561204595627827 196.5400000000267
9828 -0.3455667234127679 196.5600000000267
9829 -0.334769620664543 196.5800000000268
9830 -0.323737000566854 196.6000000000268
9831 -0.3124768834145266 196.6200000000268
9832 -0.3009974796374176 196.6400000000268
9833 -0.2893071722653279 196.6600000000268
9834 -0.2774144967945046 196.6800000000268
9835 -0.2653281398023004 196.7000000000268
9836 -0.2530569438543104 196.7200000000268
9837 -0.2406098911981756 196.7400000000268
9838 -0.2279960801198413 196.7600000000268
9839 -0.2152247230830622 196.7800000000269
9840 -0.2023051362608772 196.8000000000269
9841 -0.1892467519112988 196.8200000000269
9842 -0.1760590841068328 196.8400000000269
9843 -0.1627517250961769 196.8600000000269
9844 -0.1493343317553985 196.8800000000269
9845 -0.1358166300369322 196.9000000000269
9846 -0.1222084007663744 196.9200000000269
9847 -0.1085194667289623 196.9400000000269
9848 -0.09475967937563733 196.960000000027
9849 -0.08093891816870209 196.980000000027
9850 -0.06706709801669909 197.000000000027
9851 -0.0531541444780326 197.020000000027
9852 -0.03920996834832138 197.040000000027
9853 -0.02524447503300014 197.060000000027
9854 -0.01126756082753237 197.080000000027
9855 0.002710906987431043 197.100000000027
9856 0.01668109421194538 197.120000000027
9857 0.0306332002881143 197.140000000027
9858 0.0445574692523696 197.1600000000271
9859 0.05844420451735979 197.1800000000271
9860 0.07228377661456828 197.2000000000271
9861 0.08606661981769667 197.2200000000271
9862 0.09978323771174726 197.2400000000271
9863 0.1134242141460067 197.2600000000271
9864 0.1269802215084835 197.2800000000271
9865 0.1404420226746543 197.3000000000271
9866 0.1538004827378715 197.3200000000271
9867 0.167046571871377 197.3400000000271
9868 0.1801713737659924 197.3600000000272
9869 0.1931660706473278 197.3800000000272
9870 0.2060219500432165 197.4000000000272
9871 0.2187304398239525 197.4200000000272
9872 0.2312831028181355 197.4400000000272
9873 0.2436716272098673 197.4600000000272
9874 0.2558878421408471 197.4800000000272
9875 0.2679237180647769 197.5000000000272
9876 0.2797713554540241 197.5200000000272
9877 0.2914229933233184 197.5400000000272
9878 0.3028710210522923 197.5600000000273
9879 0.3141079770315666 197.5800000000273
9880 0.3251265423876016 197.6000000000273
9881 0.335919546277258 197.6200000000273
9882 0.3464799839207768 197.6400000000273
9883 0.3568009916796763 197.6600000000273
9884 0.3668758598062286 197.6800000000273
9885 0.3766980350093817 197.7000000000273
9886 0.3862611327351295 197.7200000000273
9887 0.3955589395785161 197.7400000000274
9888 0.4045854140318785 197.7600000000274
9889 0.4133346595482701 197.7800000000274
9890 0.4218009534749489 197.8000000000274
9891 0.429978745589272 197.8200000000274
9892 0.4378626350074449 197.8400000000274
9893 0.4454473851401182 197.8600000000274
9894 0.4527279418672182 197.8800000000274
9895 0.459699418524023 197.9000000000274
9896 0.4663571002044958 197.9200000000274
9897 0.4726964492342667 197.9400000000275
9898 0.478713118717594 197.9600000000275
9899 0.4844029422428109 197.9800000000275
9900 0.4897619219583136 198.0000000000275
9901 0.4947862713421587 198.0200000000275
9902 0.4994724100047831 198.0400000000275
9903 0.5038169376038091 198.0600000000275
9904 0.5078166634111866 198.0800000000275
9905 0.5114686061145548 198.1000000000275
9906 0.5147699763106596 198.1200000000275
9907 0.5177182054335062 198.1400000000276
9908 0.5203109432264015 198.1600000000276
9909 0.5225460406605931 198.1800000000276
9910 0.5244215505784489 198.2000000000276
9911 0.5259357704177858 198.2200000000276
9912 0.5270872518421801 198.2400000000276
9913 0.5278747653794409 198.2600000000276
9914 0.5282973118389461 198.2800000000276
9915 0.5283541078289575 198.3000000000276
9916 0.5280446494579156 198.3200000000276
9917 0.5273687033940839 198.3400000000277
9918 0.5263262685249142 198.3600000000277
9919 0.5249175828122351 198.3800000000277
9920 0.5231431411066835 198.4000000000277
9921 0.5210036962288437 198.4200000000277
9922 0.5185002690390585 198.4400000000277
9923 0.5156341574606348 198.4600000000277
9924 0.5124069319439848 198.4800000000277
9925 0.5088204401692338 198.5000000000277
9926 0.5048767851395286 198.5200000000277
9927 0.500578365649283 198.5400000000278
9928 0.4959278571066113 198.5600000000278
9929 0.4909281956417914 198.5800000000278
9930 0.4855825659673327 198.6000000000278
9931 0.4798944407129469 198.6200000000278
9932 0.4738675976611438 198.6400000000278
9933 0.4675060822583565 198.6600000000278
9934 0.4608141765129445 198.6800000000278
9935 0.4537964423916323 198.7000000000278
9936 0.446457722837873 198.7200000000279
9937 0.4388030949458785 198.7400000000279
9938 0.4308378484388825 198.7600000000279
9939 0.4225675388732631 198.7800000000279
9940 0.4139979776717472 198.8000000000279
9941 0.4051351876326542 198.8200000000279
9942 0.3959854286589977 198.8400000000279
9943 0.38655522100042 198.8600000000279
9944 0.3768513045292984 198.8800000000279
9945 0.366880640671563 198.9000000000279
9946 0.356650404808655 198.920000000028
9947 0.3461679820576789 198.940000000028
9948 0.3354409557663299 198.960000000028
9949 0.3244771049744531 198.980000000028
9950 0.3132843765533917 199.000000000028
9951 0.3018708849427091 199.020000000028
9952 0.2902449304528835 199.040000000028
9953 0.2784149945987937 199.060000000028
9954 0.2663896714516346 199.080000000028
9955 0.2541776873945444 199.100000000028
9956 0.2417879270839624 199.1200000000281
9957 0.2292294031010793 199.1400000000281
9958 0.2165112321849952 199.1600000000281
9959 0.2036426560091272 199.1800000000281
9960 0.1906330261582426 199.2000000000281
9961 0.1774917941689506 199.2200000000281
9962 0.1642284929124478 199.2400000000281
9963 0.1508527287773191 199.2600000000281
9964 0.1373741769875224 199.2800000000281
9965 0.1238025725712395 199.3000000000281
9966 0.1101476949038171 199.3200000000282
9967 0.09641935868271211 199.3400000000282
9968 0.08262741068933462 199.3600000000282
9969 0.06878172716750749 199.3800000000282
9970 0.05489219331539293 199.4000000000282
9971 0.04096869726959487 199.4200000000282
9972 0.02702113219040128 199.4400000000282
9973 0.01305936879189462 199.4600000000282
9974 -0.0009067598802087932 199.4800000000282
9975 -0.01486743281200292 199.5000000000283
9976 -0.02881285159472636 199.5200000000283
9977 -0.04273327757642743 199.5400000000283
9978 -0.05661902712728122 199.5600000000283
9979 -0.0704604675071743 199.5800000000283
9980 -0.08424803663334428 199.6000000000283
9981 -0.09797225037564025 199.6200000000283
9982 -0.1116237012062243 199.6400000000283
9983 -0.125193063913608 199.6600000000283
9984 -0.1386710976276018 199.6800000000283
9985 -0.1520486565209704 199.7000000000284
9986 -0.1653166842163095 199.7200000000284
9987 -0.1784662328940526 199.7400000000284
9988 -0.1914884884261639 199.7600000000284
9989 -0.2043747496662763 199.7800000000284
9990 -0.2171164221885395 199.8000000000284
9991 -0.2297050428779568 199.8200000000284
9992 -0.2421322866836033 199.8400000000284
9993 -0.254389952536889 199.8600000000284
9994 -0.2664699758016342 199.8800000000284
9995 -0.2783644363305243 199.9000000000285
9996 -0.290065550632823 199.9200000000285
9997 -0.3015656732323864 199.9400000000285
9998 -0.3128573001476799 199.9600000000285
9999 -0.323933060775156 199.9800000000285
10000 -0.3347857313701174 200.0000000000285
10001 -0.3454082650254952 200.0200000000285
10002 -0.3557937616729033 200.0400000000285
10003 -0.365935460181049 200.0600000000285
10004 -0.3758267732505945 200.0800000000285
10005 -0.3854612935454194 200.1000000000286
10006 -0.3948327468429847 200.1200000000286
10007 -0.4039350038860788 200.1400000000286
10008 -0.4127621061543446 200.1600000000286
10009 -0.4213082690798931 200.1800000000286
10010 -0.4295678545453234 200.2000000000286
10011 -0.4375354088465245 200.2200000000286
10012 -0.4452056545354536 200.2400000000286
10013 -0.4525734875794926 200.2600000000286
10014 -0.459633966165519 200.2800000000287
10015 -0.4663823247071823 200.3000000000287
10016 -0.4728139683104041 200.3200000000287
10017 -0.4789244798590231 200.3400000000287
10018 -0.4847096204096908 200.3600000000287
10019 -0.4901653222816281 200.3800000000287
10020 -0.4952876907694593 200.4000000000287
10021 -0.5000730248722817 200.4200000000287
10022 -0.5045178386064342 200.4400000000287
10023 -0.5086188383815105 200.4600000000287
10024 -0.5123729177017051 200.4800000000288
10025 -0.5157771793628612 200.5000000000288
10026 -0.5188289371672699 200.5200000000288
10027 -0.5215257218942414 200.5400000000288
10028 -0.5238652892551354 200.5600000000288
10029 -0.5258456034828103 200.5800000000288
10030 -0.5274648281077851 200.6000000000288
10031 -0.5287213557422186 200.6200000000288
10032 -0.5296138475100403 200.6400000000288
10033 -0.5301412107852956 200.6600000000288
10034 -0.5303025767396604 200.6800000000289
10035 -0.5300973080532095 200.7000000000289
10036 -0.5295250496782707 200.7200000000289
10037 -0.5285857019534982 200.7400000000289
10038 -0.5272794089473225 200.7600000000289
10039 -0.5256065632749343 200.7800000000289
10040 -0.5235678197836914 200.8000000000289
10041 -0.5211641113620706 200.8200000000289
10042 -0.5183966615472829 200.8400000000289
10043 -0.5152669685674495 200.8600000000289
10044 -0.5117767727966036 200.880000000029
10045 -0.5079281004086457 200.900000000029
10046 -0.5037232684993372 200.920000000029
10047 -0.499164876844398 200.940000000029
10048 -0.4942557902790142 200.960000000029
10049 -0.4889991279660744 200.980000000029
10050 -0.4833982985684641 201.000000000029
10051 -0.4774569752470946 201.020000000029
10052 -0.4711790964194071 201.040000000029
10053 -0.4645688788901183 201.060000000029
10054 -0.4576308077130495 201.0800000000291
10055 -0.4503696156465828 201.1000000000291
10056 -0.4427902858527613 201.1200000000291
10057 -0.4348980658241419 201.1400000000291
10058 -0.4266984742002321 201.1600000000291
10059 -0.4181972759393554 201.1800000000291
10060 -0.4094004666466066 201.2000000000291
10061 -0.4003142931380903 201.2200000000291
10062 -0.3909452399770422 201.2400000000291
10063 -0.3813000159595619 201.2600000000292
10064 -0.3713855617914315 201.2800000000292
10065 -0.361209029423555 201.3000000000292
10066 -0.3507777684452239 201.3200000000292
10067 -0.3400993498573429 201.3400000000292
10068 -0.3291815393679758 201.3600000000292
10069 -0.3180322695945261 201.3800000000292
10070 -0.3066596560280061 201.4000000000292
10071 -0.2950720014862113 201.4200000000292
10072 -0.2832777693641766 201.4400000000292
10073 -0.2712855712807811 201.4600000000293
10074 -0.2591041706059367 201.4800000000293
10075 -0.2467424841134465 201.5000000000293
10076 -0.2342095550436087 201.5200000000293
10077 -0.2215145392071728 201.5400000000293
10078 -0.2086667023028394 201.5600000000293
10079 -0.1956754202959934 201.5800000000293
10080 -0.182550168034316 201.6000000000293
10081 -0.1693005054403685 201.6200000000293
10082 -0.1559360561730788 201.6400000000293
10083 -0.1424665109637758 201.6600000000294
10084 -0.1289016268470217 201.6800000000294
10085 -0.1152512100935368 201.7000000000294
10086 -0.1015250978667984 201.7200000000294
10087 -0.0877331538770153 201.7400000000294
10088 -0.07388527512822488 201.7600000000294
10089 -0.05999138835584949 201.7800000000294
10090 -0.04606141139763214 201.8000000000294
10091 -0.0321052507903602 201.8200000000294
10092 -0.01813281192549024 201.8400000000294
10093 -0.004153976220594626 201.8600000000295
10094 0.009821407322600242 201.8800000000295
10095 0.02378351952339746 201.9000000000295
10096 0.03772258009362511 201.9200000000295
10097 0.05162886183115761 201.9400000000295
10098 0.06549270479241801 201.9600000000295
10099 0.07930451097822667 201.9800000000295
10100 0.0930547458692023 202.0000000000295
10101 0.1067339562806982 202.0200000000295
10102 0.1203327711168844 202.0400000000296
10103 0.1338419038799292 202.0600000000296
10104 0.1472521695946479 202.0800000000296
10105 0.1605544876315277 202.1000000000296
10106 0.1737398859198259 202.1200000000296
10107 0.1867994942240986 202.1400000000296
10108 0.199724545161748 202.1600000000296
10109 0.2125064026517334 202.1800000000296
10110 0.2251365663778149 202.2000000000296
10111 0.2376066564222588 202.2200000000296
10112 0.2499084321778528 202.2400000000297
10113 0.2620338004041401 202.2600000000297
10114 0.2739747962676499 202.2800000000297
10115 0.2857235868282998 202.3000000000297
10116 0.2972724887884054 202.3200000000297
10117 0.3086139695795244 202.3400000000297
10118 0.3197406404743922 202.3600000000297
10119 0.3306452654188869 202.3800000000297
10120 0.3413207595932202 202.4000000000297
10121 0.3517601794353291 202.4200000000297
10122 0.3619567315206054 202.4400000000298
10123 0.3719037974446577 202.4600000000298
10124 0.3815949123889026 202.4800000000298
10125 0.3910237657464751 202.5000000000298
10126 0.4001842345660758 202.5200000000298
10127 0.4090703534824298 202.5400000000298
10128 0.4176763125927209 202.5600000000298
10129 0.4259964785081308 202.5800000000298
10130 0.4340253765444974 202.6000000000298
10131 0.4417576880616055 202.6200000000298
10132 0.4491882688480053 202.6400000000299
10133 0.4563121470442779 202.6600000000299
10134 0.4631245269300833 202.6800000000299
10135 0.4696207696785682 202.7000000000299
10136 0.4757964236563061 202.7200000000299
10137 0.4816472564982867 202.7400000000299
10138 0.4871691898752319 202.7600000000299
10139 0.4923583194274325 202.7800000000299
10140 0.4972109751654012 202.8000000000299
10141 0.5017236701307368 202.8200000000299
10142 0.5058930926716659 202.84000000003
10143 0.509716170866255 202.86000000003
10144 0.513190027214119 202.88000000003
10145 0.516311981327827 202.90000000003
10146 0.5190795669707462 202.92000000003
10147 0.5214905465729023 202.94000000003
10148 0.5235428609488206 202.96000000003
10149 0.5252346872361484 202.98000000003
10150 0.5265644562924331 203.00000000003
10151 0.5275308420781828 203.0200000000301
10152 0.5281327296461066 203.0400000000301
10153 0.528369217362066 203.0600000000301
10154 0.5282396625254663 203.0800000000301
10155 0.5277437082276212 203.1000000000301
10156 0.5268812356474898 203.1200000000301
10157 0.5256523612746373 203.1400000000301
10158 0.5240574541132956 203.1600000000301
10159 0.5220971436142213 203.1800000000301
10160 0.5197723207383339 203.2000000000301
10161 0.5170841428716009 203.2200000000302
10162 0.514034044193532 203.2400000000302
10163 0.5106237421656129 203.2600000000302
10164 0.5068552074022508 203.2800000000302
10165 0.5027306948514839 203.3000000000302
10166 0.4982527473580866 203.3200000000302
10167 0.4934241751866512 203.3400000000302
10168 0.4882480352524035 203.3600000000302
10169 0.4827276570587536 203.3800000000302
10170 0.4768666693423219 203.4000000000302
10171 0.4706689914110872 203.4200000000303
10172 0.4641387843556036 203.4400000000303
10173 0.4572804713590253 203.4600000000303
10174 0.4500987633576599 203.4800000000303
10175 0.4425986315997348 203.5000000000303
10176 0.4347852546573598 203.5200000000303
10177 0.4266640544742329 203.5400000000303
10178 0.4182407217363983 203.5600000000303
10179 0.4095211806536106 203.5800000000303
10180 0.4005115645834765 203.6000000000303
10181 0.3912182682363604 203.6200000000304
10182 0.3816479304362232 203.6400000000304
10183 0.3718074055324335 203.6600000000304
10184 0.361703759304705 203.6800000000304
10185 0.3513442728382866 203.7000000000304
10186 0.3407364357482854 203.7200000000304
10187 0.329887933840037 203.7400000000304
10188 0.3188066315886245 203.7600000000304
10189 0.3075005582757956 203.7800000000304
10190 0.2959779257839332 203.8000000000305
10191 0.2842471299637654 203.8200000000305
10192 0.2723167115033953 203.8400000000305
10193 0.2601953312605514 203.8600000000305
10194 0.2478917955139956 203.8800000000305
10195 0.2354150562548947 203.9000000000305
10196 0.222774177772794 203.9200000000305
10197 0.2099783422824959 203.9400000000305
10198 0.1970368520126786 203.9600000000305
10199 0.1839591088175022 203.9800000000305
10200 0.1707546038019771 204.0000000000306
10201 0.1574329102476323 204.0200000000306
10202 0.1440036735736297 204.0400000000306
10203 0.1304765963129246 204.0600000000306
10204 0.116861438029337 204.0800000000306
10205 0.1031679986118836 204.1000000000306
10206 0.08940610640823489 204.1200000000306
10207 0.07558562423659729 204.1400000000306
10208 0.06171643684619135 204.1600000000306
10209 0.04780843246196231 204.1800000000306
10210 0.03387150325952626 204.2000000000307
10211 0.01991553481906218 204.2200000000307
10212 0.005950375260982361 204.2400000000307
10213 -0.008014152104162942 204.2600000000307
10214 -0.02196823360584028 204.2800000000307
10215 -0.03590209665113592 204.3000000000307
10216 -0.04980603153826061 204.3200000000307
10217 -0.0636703817628762 204.3400000000307
10218 -0.07748554856006075 204.3600000000307
10219 -0.09124200674040028 204.3800000000307
10220 -0.1049303134126614 204.4000000000308
10221 -0.1185411042287775 204.4200000000308
10222 -0.1320650937360203 204.4400000000308
10223 -0.1454930879952183 204.4600000000308
10224 -0.1588159835436206 204.4800000000308
10225 -0.1720247747514594 204.5000000000308
10226 -0.1851105869547126 204.5200000000308
10227 -0.1980646721216073 204.5400000000308
10228 -0.2108783763780905 204.5600000000308
10229 -0.2235431672919062 204.5800000000309
10230 -0.2360506578193455 204.6000000000309
10231 -0.2483925836866496 204.6200000000309
10232 -0.2605608106989734 204.6400000000309
10233 -0.2725473519118481 204.6600000000309
10234 -0.2843443536642629 204.6800000000309
10235 -0.2959441045348996 204.7000000000309
10236 -0.3073390298544905 204.7200000000309
10237 -0.3185216933873629 204.7400000000309
10238 -0.3294848047999568 204.7600000000309
10239 -0.3402212294189692 204.780000000031
10240 -0.3507239891722448 204.800000000031
10241 -0.3609862451344926 204.820000000031
10242 -0.37100133371962 204.840000000031
10243 -0.3807627652872527 204.860000000031
10244 -0.3902641899796119 204.880000000031
10245 -0.3994994094869573 204.900000000031
10246 -0.4084623831380129 204.920000000031
10247 -0.4171472406594047 204.940000000031
10248 -0.4255482718292416 204.960000000031
10249 -0.4336599334895991 204.9800000000311
10250 -0.4414768611347588 205.0000000000311
10251 -0.4489938644177151 205.0200000000311
10252 -0.4562059195194108 205.0400000000311
10253 -0.4631081755657127 205.0600000000311
10254 -0.4696959524451066 205.0800000000311
10255 -0.4759647507745874 205.1000000000311
10256 -0.4819102374999922 205.1200000000311
10257 -0.4875282646843843 205.1400000000311
10258 -0.4928148503081861 205.1600000000311
10259 -0.4977661873565272 205.1800000000312
10260 -0.5023786880902916 205.2000000000312
10261 -0.506648970438919 205.2200000000312
10262 -0.5105738345597922 205.2400000000312
10263 -0.5141502819339969 205.2600000000312
10264 -0.5173755090371785 205.2800000000312
10265 -0.5202469433627003 205.3000000000312
10266 -0.5227622491986729 205.3200000000312
10267 -0.5249192785975615 205.3400000000312
10268 -0.5267160905362264 205.3600000000312
10269 -0.528150972448025 205.3800000000313
10270 -0.5292224495494591 205.4000000000313
10271 -0.5299293047816473 205.4200000000313
10272 -0.5302705549380401 205.4400000000313
10273 -0.5302454583855187 205.4600000000313
10274 -0.5298535119712625 205.4800000000313
10275 -0.5290944914822892 205.5000000000313
10276 -0.5279684230657811 205.5200000000313
10277 -0.526475575634347 205.5400000000313
10278 -0.5246164738056056 205.5600000000314
10279 -0.5223919112887886 205.5800000000314
10280 -0.5198029720886415 205.6000000000314
10281 -0.5168510197646706 205.6200000000314
10282 -0.5135376803098721 205.6400000000314
10283 -0.5098648267706444 205.6600000000314
10284 -0.5058346378060066 205.6800000000314
10285 -0.501449575554377 205.7000000000314
10286 -0.4967123773991043 205.7200000000314
10287 -0.4916260358809141 205.7400000000314
10288 -0.4861938148428971 205.7600000000315
10289 -0.4804192570538636 205.7800000000315
10290 -0.4743061747246433 205.8000000000315
10291 -0.4678586461768925 205.8200000000315
10292 -0.4610810267495473 205.8400000000315
10293 -0.4539779357387387 205.8600000000315
10294 -0.4465542210540556 205.8800000000315
10295 -0.4388149990476949 205.9000000000315
10296 -0.4307656603382662 205.9200000000315
10297 -0.4224118557994837 205.9400000000315
10298 -0.4137594675943279 205.9600000000316
10299 -0.4048146116681293 205.9800000000316
10300 -0.3955836539979263 206.0000000000316
10301 -0.386073200866329 206.0200000000316
10302 -0.3762900800401079 206.0400000000316
10303 -0.3662413381847669 206.0600000000316
10304 -0.3559342269404058 206.0800000000316
10305 -0.3453762099745753 206.1000000000316
10306 -0.3345749579758894 206.1200000000316
10307 -0.323538325839706 206.1400000000316
10308 -0.3122743377712738 206.1600000000317
10309 -0.3007912045124301 206.1800000000317
10310 -0.2890973140246996 206.2000000000317
10311 -0.2772012029061065 206.2200000000317
10312 -0.2651115628614638 206.2400000000317
10313 -0.2528372366050569 206.2600000000317
10314 -0.2403872084227296 206.2800000000317
10315 -0.2277705809030304 206.3000000000317
10316 -0.2149965663537756 206.3200000000317
10317 -0.202074484090873 206.3400000000318
10318 -0.1890137665263554 206.3600000000318
10319 -0.1758239317981711 206.3800000000318
10320 -0.1625145716959808 206.4000000000318
10321 -0.1490953450076478 206.4200000000318
10322 -0.135575976896619 206.4400000000318
10323 -0.121966253070994 206.4600000000318
10324 -0.1082759938430318 206.4800000000318
10325 -0.09451505143686492 206.5000000000318
10326 -0.08069330791370771 206.5200000000318
10327 -0.06682067727780738 206.5400000000319
10328 -0.05290708479370063 206.5600000000319
10329 -0.03896244109446127 206.5800000000319
10330 -0.02499665233212808 206.6000000000319
10331 -0.01101961465331041 206.6200000000319
10332 0.002958805536415191 206.6400000000319
10333 0.01692877433725455 206.6600000000319
10334 0.03088049126465407 206.6800000000319
10335 0.04480420158301186 206.7000000000319
10336 0.05869021015444987 206.7200000000319
10337 0.07252888779543536 206.740000000032
10338 0.08631066964393889 206.760000000032
10339 0.1000260616272666 206.780000000032
10340 0.1136656488972436 206.800000000032
10341 0.1272201046954683 206.820000000032
10342 0.1406801940787903 206.840000000032
10343 0.1540367824921711 206.860000000032
10344 0.1672808434514136 206.880000000032
10345 0.1804034625733887 206.900000000032
10346 0.1933958234243473 206.920000000032
10347 0.2062492165162415 206.9400000000321
10348 0.2189550700406996 206.9600000000321
10349 0.2315049501259382 206.9800000000321
10350 0.2438905471356006 207.0000000000321
10351 0.2561036921749714 207.0200000000321
10352 0.2681363577136019 207.0400000000321
10353 0.2799806462953865 207.0600000000321
10354 0.2916288002434898 207.0800000000321
10355 0.3030732115408266 207.1000000000321
10356 0.3143064198792587 207.1200000000321
10357 0.3253211094914524 207.1400000000322
10358 0.336110112206864 207.1600000000322
10359 0.3466664253048553 207.1800000000322
10360 0.3569831877886283 207.2000000000322
10361 0.3670536905093408 207.2200000000322
10362 0.3768713876157432 207.2400000000322
10363 0.3864298920859458 207.2600000000322
10364 0.3957229978741774 207.2800000000322
10365 0.4047446635416821 207.3000000000322
10366 0.4134889967749867 207.3200000000323
10367 0.4219502783374023 207.3400000000323
10368 0.430122959950647 207.3600000000323
10369 0.4380016439375519 207.3800000000323
10370 0.4455810949585987 207.4000000000323
10371 0.4528562590299415 207.4200000000323
10372 0.4598222574661258 207.4400000000323
10373 0.4664743769926422 207.4600000000323
10374 0.4728080799831735 207.4800000000323
10375 0.4788190243498754 207.5000000000323
10376 0.4845030467268282 207.5200000000324
10377 0.489856152662159 207.5400000000324
10378 0.4948745581491406 207.5600000000324
10379 0.4995546867681975 207.5800000000324
10380 0.5038931378393677 207.6000000000324
10381 0.5078867308490009 207.6200000000324
10382 0.5115324825700137 207.6400000000324
10383 0.5148276122795127 207.6600000000324
10384 0.5177695525667825 207.6800000000324
10385 0.5203559546695952 207.7000000000324
10386 0.5225846745441998 207.7200000000325
10387 0.5244537705746581 207.7400000000325
10388 0.5259615443185038 207.7600000000325
10389 0.5271065468774931 207.7800000000325
10390 0.5278875608206045 207.8000000000325
10391 0.5283035822998794 207.8200000000325
10392 0.5283538405939938 207.8400000000325
10393 0.5280378309565915 207.8600000000325
10394 0.5273553234973152 207.8800000000325
10395 0.5263063260248774 207.9000000000325
10396 0.524891081195207 207.9200000000326
10397 0.5231100851581512 207.9400000000326
10398 0.5209640974065236 207.9600000000326
10399 0.5184541444623572 207.9800000000326
10400 0.5155815243233937 208.0000000000326
10401 0.5123478179696875 208.0200000000326
10402 0.508754877501406 208.0400000000326
10403 0.5048048118848092 208.0600000000326
10404 0.5005000174909768 208.0800000000326
10405 0.4958431833304413 208.1000000000327
10406 0.4908372464042837 208.1200000000327
10407 0.4854853984549816 208.1400000000327
10408 0.4797911152959929 208.1600000000327
10409 0.4737581823467518 208.1800000000327
10410 0.4673906468955066 208.2000000000327
10411 0.460692797460351 208.2200000000327
10412 0.4536692009174494 208.2400000000327
10413 0.4463247074917167 208.2600000000327
10414 0.4386643979144567 208.2800000000327
10415 0.4306935634163109 208.3000000000328
10416 0.4224177656421858 208.3200000000328
10417 0.4138428233911834 208.3400000000328
10418 0.404974760036645 208.3600000000328
10419 0.3958198411801488 208.3800000000328
10420 0.3863845914534014 208.4000000000328
10421 0.3766757575185667 208.4200000000328
10422 0.3667003028723358 208.4400000000328
10423 0.3564654067821656 208.4600000000328
10424 0.3459784586847083 208.4800000000328
10425 0.3352470465567668 208.5000000000329
10426 0.3242789511783562 208.5200000000329
10427 0.3130821241908331 208.5400000000329
10428 0.301664682270152 208.5600000000329
10429 0.2900349297782361 208.5800000000329
10430 0.2782013514953326 208.6000000000329
10431 0.2661725442623597 208.6200000000329
10432 0.2539572356097544 208.6400000000329
10433 0.241564313696443 208.6600000000329
10434 0.2290027934238582 208.6800000000329
10435 0.2162817944327951 208.700000000033
10436 0.2034105572076485 208.720000000033
10437 0.1903984383326596 208.740000000033
10438 0.1772548916195014 208.760000000033
10439 0.1639894490316089 208.780000000033
10440 0.1506117193927261 208.800000000033
10441 0.1371313786532984 208.820000000033
10442 0.1235581633583685 208.840000000033
10443 0.1099018531301825 208.860000000033
10444 0.09617226365914318 208.880000000033
10445 0.08237924214258024 208.9000000000331
10446 0.06853266550465309 208.9200000000331
10447 0.05464241941585603 208.9400000000331
10448 0.04071839145102488 208.9600000000331
10449 0.02677047482042943 208.9800000000331
10450 0.01280854036629295 209.0000000000331
10451 -0.001157580057479501 209.0200000000331
10452 -0.01511806559764153 209.0400000000331
10453 -0.02906311771106225 209.0600000000331
10454 -0.04298299889066039 209.0800000000332
10455 -0.05686802670459615 209.1000000000332
10456 -0.07070856949306029 209.1200000000332
10457 -0.08449506604327831 209.1400000000332
10458 -0.09821803381923208 209.1600000000332
10459 -0.1118680666731782 209.1800000000332
10460 -0.1254358407984274 209.2000000000332
10461 -0.1389121183418453 209.2200000000332
10462 -0.1522877535077122 209.2400000000332
10463 -0.1655536936351487 209.2600000000332
10464 -0.1787009924584068 209.2800000000333
10465 -0.1917208361341008 209.3000000000333
10466 -0.2046045277933649 209.3200000000333
10467 -0.2173434742140271 209.3400000000333
10468 -0.229929215358632 209.3600000000333
10469 -0.242353427586656 209.3800000000333
10470 -0.2546079119821347 209.4000000000333
10471 -0.2666846080776688 209.4200000000333
10472 -0.2785755961317961 209.4400000000333
10473 -0.2902730968546742 209.4600000000333
10474 -0.3017694684008741 209.4800000000334
10475 -0.3130572040691849 209.5000000000334
10476 -0.3241289383545614 209.5200000000334
10477 -0.3349774608709784 209.5400000000334
10478 -0.3455957299411954 209.5600000000334
10479 -0.3559768372660351 209.5800000000334
10480 -0.3661140184168579 209.6000000000334
10481 -0.3760006995226801 209.6200000000334
10482 -0.3856304714003336 209.6400000000334
10483 -0.3949970578117152 209.6600000000334
10484 -0.4040943359527958 209.6800000000335
10485 -0.4129163572746998 209.7000000000335
10486 -0.4214573293569814 209.7200000000335
10487 -0.4297116242810368 209.7400000000335
10488 -0.4376737873860295 209.7600000000335
10489 -0.4453385484242462 209.7800000000335
10490 -0.4527008029978331 209.8000000000335
10491 -0.4597556150775279 209.8200000000335
10492 -0.4664982191886834 209.8400000000335
10493 -0.472924025620243 209.8600000000336
10494 -0.4790286197458932 209.8800000000336
10495 -0.4848077659181237 209.9000000000336
10496 -0.4902573996535298 209.9200000000336
10497 -0.4953736264176877 209.9400000000336
10498 -0.5001527553359217 209.9600000000336
10499 -0.5045912990324447 209.9800000000336
10500 -0.5086859664105007 210.0000000000336
10501 -0.5124336587209135 210.0200000000336
10502 -0.5158314802275106 210.0400000000336
10503 -0.5188767490343463 210.0600000000337
10504 -0.5215669980725697 210.0800000000337
10505 -0.5238999883259284 210.1000000000337
10506 -0.5258736864962825 210.1200000000337
10507 -0.5274862629356148 210.1400000000337
10508 -0.5287361105462763 210.1600000000337
10509 -0.5296219007634961 210.1800000000337
10510 -0.530142540566462 210.2000000000337
10511 -0.5302971650116334 210.2200000000337
10512 -0.5300851467239595 210.2400000000337
10513 -0.5295061329855207 210.2600000000338
10514 -0.52856002667687 210.2800000000338
10515 -0.527246977969369 210.3000000000338
10516 -0.5255673826225855 210.3200000000338
10517 -0.5235219073810321 210.3400000000338
10518 -0.5211114806430462 210.3600000000338
10519 -0.5183373371910324 210.3800000000338
10520 -0.5152009808828097 210.4000000000338
10521 -0.5117041561125778 210.4200000000338
10522 -0.5078488892387646 210.4400000000338
10523 -0.5036375049761943 210.4600000000339
10524 -0.499072611836502 210.4800000000339
10525 -0.494157077668173 210.5000000000339
10526 -0.4888940284396646 210.5200000000339
10527 -0.483286872851225 210.5400000000339
10528 -0.477339293954016 210.5600000000339
10529 -0.4710552344026883 210.5800000000339
10530 -0.4644389151404189 210.6000000000339
10531 -0.4574948261067465 210.6200000000339
10532 -0.4502277090623571 210.640000000034
10533 -0.4426425448495923 210.660000000034
10534 -0.434744587898098 210.680000000034
10535 -0.4265393640674968 210.700000000034
10536 -0.4180326413883302 210.720000000034
10537 -0.4092304173118421 210.740000000034
10538 -0.4001389455249634 210.760000000034
10539 -0.3907647157471807 210.780000000034
10540 -0.3811144400205126 210.800000000034
10541 -0.3711950632509277 210.820000000034
10542 -0.3610137387388623 210.8400000000341
10543 -0.3505778267649451 210.8600000000341
10544 -0.3398948935789398 210.8800000000341
10545 -0.3289727123547503 210.9000000000341
10546 -0.3178192209900669 210.9200000000341
10547 -0.3064425367547614 210.9400000000341
10548 -0.2948509631737516 210.9600000000341
10549 -0.2830529712376714 210.9800000000341
10550 -0.2710571710180011 211.0000000000341
10551 -0.2588723322595633 211.0200000000341
10552 -0.2465073724483851 211.0400000000342
10553 -0.2339713372187208 211.0600000000342
10554 -0.2212733840936281 211.0800000000342
10555 -0.2084227822089441 211.1000000000342
10556 -0.1954289069608681 211.1200000000342
10557 -0.1823012392311781 211.1400000000342
10558 -0.1690493380750197 211.1600000000342
10559 -0.1556828283621227 211.1800000000342
10560 -0.1422114022285826 211.2000000000342
10561 -0.1286448179901233 211.2200000000342
10562 -0.1149928813745559 211.2400000000343
10563 -0.1012654308627473 211.2600000000343
10564 -0.08747233118952251 211.2800000000343
10565 -0.07362348044993472 211.3000000000343
10566 -0.05972880508789296 211.3200000000343
10567 -0.04579822226656323 211.3400000000343
10568 -0.03184163950206653 211.3600000000343
10569 -0.01786896211292811 211.3800000000343
10570 -0.003890070900852937 211.4000000000343
10571 0.01008518556496549 211.4200000000343
10572 0.02404698831051224 211.4400000000344
10573 0.03798555797715757 211.4600000000344
10574 0.05189116867826953 211.4800000000344
10575 0.06575416096963205 211.5000000000344
10576 0.07956493830037732 211.5200000000344
10577 0.09331396741921856 211.5400000000344
10578 0.1069917965130182 211.5600000000344
10579 0.120589055773266 211.5800000000344
10580 0.1340964604232504 211.6000000000344
10581 0.1475048275934653 211.6200000000345
10582 0.1608050776401467 211.6400000000345
10583 0.1739882419013927 211.6600000000345
10584 0.1870454513330092 211.6800000000345
10585 0.1999679410672355 211.7000000000345
10586 0.2127470769951543 211.7200000000345
10587 0.2253743608904278 211.7400000000345
10588 0.2378414154038648 211.7600000000345
10589 0.2501400026746535 211.7800000000345
10590 0.2622620313294673 211.8000000000345
10591 0.274199539142772 211.8200000000346
10592 0.28594469504507 211.8400000000346
10593 0.2974898198088142 211.8600000000346
10594 0.3088273807513005 211.8800000000346
10595 0.3199499944478791 211.9000000000346
10596 0.3308504269555261 211.9200000000346
10597 0.3415215965121759 211.9400000000346
10598 0.3519565588188149 211.9600000000346
10599 0.362148526608343 211.9800000000346
10600 0.3720908846872079 212.0000000000346
10601 0.3817771693659208 212.0200000000347
10602 0.3912010749795926 212.0400000000347
10603 0.4003564787103153 212.0600000000347
10604 0.4092374219223887 212.0800000000347
10605 0.4178380950351775 212.1000000000347
10606 0.4261528670395627 212.1200000000347
10607 0.4341762674277881 212.1400000000347
10608 0.4419029770151434 212.1600000000347
10609 0.449327856654232 212.1800000000347
10610 0.4564459410791598 212.2000000000347
10611 0.4632524352927586 212.2200000000348
10612 0.469742701023493 212.2400000000348
10613 0.4759122926074894 212.2600000000348
10614 0.4817569834352017 212.2800000000348
10615 0.4872726940455688 212.3000000000348
10616 0.4924555218825284 212.3200000000348
10617 0.4973018066499562 212.3400000000348
10618 0.5018080598098827 212.3600000000348
10619 0.5059709796206578 212.3800000000348
10620 0.5097874904782047 212.4000000000349
10621 0.5132547253206976 212.4200000000349
10622 0.5163699974369887 212.4400000000349
10623 0.5191308586010792 212.4600000000349
10624 0.5215350637084673 212.4800000000349
10625 0.5235805623675184 212.5000000000349
10626 0.5252655315995391 212.5200000000349
10627 0.5265884128708476 212.5400000000349
10628 0.5275478833928594 212.5600000000349
10629 0.5281428312116826 212.5800000000349
10630 0.5283723537124285 212.600000000035
10631 0.5282358253745448 212.620000000035
10632 0.5277328831822543 212.640000000035
10633 0.5268634175668176 212.660000000035
10634 0.5256275487689468 212.680000000035
10635 0.5240256534727304 212.700000000035
10636 0.5220583603385139 212.720000000035
10637 0.5197265687303682 212.740000000035
10638 0.5170314434507395 212.760000000035
10639 0.513974423293388 212.780000000035
10640 0.5105572280566311 212.8000000000351
10641 0.506781835599903 212.8200000000351
10642 0.5026505056589149 212.8400000000351
10643 0.4981657881562745 212.8600000000351
10644 0.4933304991567563 212.8800000000351
10645 0.4881476985397819 212.9000000000351
10646 0.4826207201201564 212.9200000000351
10647 0.4767532036874471 212.9400000000351
10648 0.4705490684880562 212.9600000000351
10649 0.4640124824313796 212.9800000000351
10650 0.4571478747823793 213.0000000000352
10651 0.4499599622217635 213.0200000000352
10652 0.442453720469383 213.0400000000352
10653 0.4346343324919406 213.0600000000352
10654 0.4265072263689998 213.0800000000352
10655 0.4180780970597863 213.1000000000352
10656 0.4093528737327198 213.1200000000352
10657 0.4003376924638918 213.1400000000352
10658 0.3910389558472451 213.1600000000352
10659 0.3814633066486549 213.1800000000352
10660 0.3716176034038488 213.2000000000353
10661 0.3615089158789487 213.2200000000353
10662 0.3511445291276205 213.2400000000353
10663 0.3405319368232856 213.2600000000353
10664 0.3296788304672107 213.2800000000353
10665 0.3185930751811904 213.3000000000353
10666 0.3072827059296139 213.3200000000353
10667 0.2957559377200283 213.3400000000353
10668 0.2840211693217108 213.3600000000353
10669 0.2720869459190076 213.3800000000354
10670 0.2599619282685057 213.4000000000354
10671 0.2476549285081124 213.4200000000354
10672 0.2351748990684955 213.4400000000354
10673 0.2225309082276887 213.4600000000354
10674 0.2097321398221089 213.4800000000354
10675 0.1967878974116962 213.5000000000354
10676 0.1837075871594392 213.5200000000354
10677 0.1705006994372763 213.5400000000354
10678 0.1571768102597691 213.5600000000354
10679 0.1437455661838425 213.5800000000355
10680 0.130216669634818 213.6000000000355
10681 0.1165998829806939 213.6200000000355
10682 0.1029050054171582 213.6400000000355
10683 0.08914186645329131 213.6600000000355
10684 0.07532032978651745 213.6800000000355
10685 0.06145028042634072 213.7000000000355
10686 0.04754160611148636 213.7200000000355
10687 0.03360420010773719 213.7400000000355
10688 0.01964794705888376 213.7600000000355
10689 0.005682695541215609 213.7800000000356
10690 -0.008281732073167078 213.8000000000356
10691 -0.02223552276656747 213.8200000000356
10692 -0.03616890427391978 213.8400000000356
10693 -0.05007216822314993 213.8600000000356
10694 -0.06393565923071717 213.8800000000356
10695 -0.0777497800296675 213.9000000000356
10696 -0.09150500652238894 213.9200000000356
10697 -0.1051918975783251 213.9400000000356
10698 -0.1188010891903264 213.9600000000356
10699 -0.1323232986882519 213.9800000000357
10700 -0.1457493342504662 214.0000000000357
10701 -0.15907009350523 214.0200000000357
10702 -0.1722765739159969 214.0400000000357
10703 -0.1853599040122799 214.0600000000357
10704 -0.1983113347141839 214.0800000000357
10705 -0.211122217924187 214.1000000000357
10706 -0.223784023785904 214.1200000000357
10707 -0.2362883639234128 214.1400000000357
10708 -0.2486269796682863 214.1600000000358
10709 -0.2607917396362714 214.1800000000358
10710 -0.2727746556302622 214.2000000000358
10711 -0.2845678816624721 214.2200000000358
10712 -0.2961637037831295 214.2400000000358
10713 -0.3075545529496266 214.2600000000358
10714 -0.3187329938898837 214.2800000000358
10715 -0.3296917404119945 214.3000000000358
10716 -0.3404236626232072 214.3200000000358
10717 -0.350921781636233 214.3400000000358
10718 -0.3611792664928219 214.3600000000359
10719 -0.3711894541958485 214.3800000000359
10720 -0.3809458567019007 214.4000000000359
10721 -0.3904421284459368 214.4200000000359
10722 -0.3996720742206699 214.4400000000359
10723 -0.4086296598598962 214.4600000000359
10724 -0.4173090149602082 214.4800000000359
10725 -0.4257044327425107 214.5000000000359
10726 -0.433810373730282 214.5200000000359
10727 -0.4416214784474821 214.5400000000359
10728 -0.4491325574770258 214.560000000036
10729 -0.4563385908056505 214.580000000036
10730 -0.4632347304694118 214.600000000036
10731 -0.4698163036462797 214.620000000036
10732 -0.4760788083856173 214.640000000036
10733 -0.4820179205972138 214.660000000036
10734 -0.487629490858071 214.680000000036
10735 -0.4929095430043892 214.700000000036
10736 -0.497854270068596 214.720000000036
10737 -0.5024600935006713 214.740000000036
10738 -0.5067236324528297 214.7600000000361
10739 -0.5106416914894737 214.7800000000361
10740 -0.5142112745737586 214.8000000000361
10741 -0.5174295957635697 214.8200000000361
10742 -0.520294076706975 214.8400000000361
10743 -0.5228023785735492 214.8600000000361
10744 -0.5249523650970866 214.8800000000361
10745 -0.5267420981433704 214.9000000000361
10746 -0.5281698631699101 214.9200000000361
10747 -0.5292341974656597 214.9400000000362
10748 -0.5299338864094423 214.9600000000362
10749 -0.5302679518456579 214.9800000000362
10750 -0.5302356535291313 215.0000000000362
10751 -0.5298364973628813 215.0200000000362
10752 -0.5290702658952452 215.0400000000362
10753 -0.5279369857678969 215.0600000000362
10754 -0.5264369317083146 215.0800000000362
10755 -0.5245706345574516 215.1000000000362
10756 -0.522338894081979 215.1200000000362
10757 -0.5197427978824328 215.1400000000363
10758 -0.5167837183765956 215.1600000000363
10759 -0.5134632810373422 215.1800000000363
10760 -0.5097833726381882 215.2000000000363
10761 -0.5057461709171404 215.2200000000363
10762 -0.5013541453422902 215.2400000000363
10763 -0.4966100386839631 215.2600000000363
10764 -0.4915168490724373 215.2800000000363
10765 -0.4860778467515579 215.3000000000363
10766 -0.4802965785631882 215.3200000000363
10767 -0.4741768617868284 215.3400000000364
10768 -0.4677227821732273 215.3600000000364
10769 -0.4609386996908127 215.3800000000364
10770 -0.4538292353138486 215.4000000000364
10771 -0.4463992476139669 215.4200000000364
10772 -0.4386538524259441 215.4400000000364
10773 -0.4305984503304935 215.4600000000364
10774 -0.4222386955112621 215.4800000000364
10775 -0.4135804734358081 215.5000000000364
10776 -0.4046299058249916 215.5200000000364
10777 -0.3953933659967396 215.5400000000365
10778 -0.3858774575993648 215.5600000000365
10779 -0.3760890198658312 215.5800000000365
10780 -0.3660351003011501 215.6000000000365
10781 -0.3557229569629669 215.6200000000365
10782 -0.3451600541772827 215.6400000000365
10783 -0.3343540680880773 215.6600000000365
10784 -0.3233128595404455 215.6800000000365
10785 -0.3120444534333608 215.7000000000365
10786 -0.3005570660140246 215.7200000000365
10787 -0.2888590859723403 215.7400000000366
10788 -0.2769590569962966 215.7600000000366
10789 -0.264865670442526 215.7800000000366
10790 -0.2525877748886372 215.8000000000366
10791 -0.2401343549020964 215.8200000000366
10792 -0.2275145159955741 215.8400000000366
10793 -0.2147374708244118 215.8600000000366
10794 -0.2018125444304064 215.8800000000366
10795 -0.1887491678662065 215.9000000000366
10796 -0.1755568626919227 215.9200000000367
10797 -0.1622452223024236 215.9400000000367
10798 -0.1488239069918565 215.9600000000367
10799 -0.1353026436137775 215.9800000000367
10800 -0.1216912160248974 216.0000000000367
10801 -0.1079994481110914 216.0200000000367
10802 -0.09423719231869594 216.0400000000367
10803 -0.08041433117280966 216.0600000000367
10804 -0.06654077901617439 216.0800000000367
10805 -0.05262646087258248 216.1000000000367
10806 -0.03868128804406378 216.1200000000368
10807 -0.0247151664817083 216.1400000000368
10808 -0.0107379916661109 216.1600000000368
10809 0.003240370377286209 216.1800000000368
10810 0.01721008594866143 216.2000000000368
10811 0.03116135545165577 216.2200000000368
10812 0.04508442554296788 216.2400000000368
10813 0.05896960188514632 216.2600000000368
10814 0.07280725628356087 216.2800000000368
10815 0.08658782557688097 216.3000000000368
10816 0.1003018159645208 216.3200000000369
10817 0.113939816821587 216.3400000000369
10818 0.1274925003736854 216.3600000000369
10819 0.1409506347224288 216.3800000000369
10820 0.1543050873386765 216.4000000000369
10821 0.167546833876895 216.4200000000369
10822 0.1806669617211089 216.4400000000369
10823 0.1936566569138761 216.4600000000369
10824 0.2065072119115464 216.4800000000369
10825 0.2192100575208018 216.5000000000369
10826 0.2317567624230653 216.520000000037
10827 0.2441390191895992 216.540000000037
10828 0.2563486621694736 216.560000000037
10829 0.268377665797259 216.580000000037
10830 0.2802181360216717 216.600000000037
10831 0.2918623172395934 216.620000000037
10832 0.3033026040092313 216.640000000037
10833 0.3145315402859385 216.660000000037
10834 0.3255418107312048 216.680000000037
10835 0.3363262511443735 216.7000000000371
10836 0.3468778627532874 216.7200000000371
10837 0.3571897860876059 216.7400000000371
10838 0.3672553163551356 216.7600000000371
10839 0.3770679082099964 216.7800000000371
10840 0.3866211791912456 216.8000000000371
10841 0.3959089297126535 216.8200000000371
10842 0.4049251165537272 216.8400000000371
10843 0.4136638544935013 216.8600000000371
10844 0.4221194241494239 216.8800000000371
10845 0.4302862816538975 216.9000000000372
10846 0.438159030714163 216.9200000000372
10847 0.4457324401682983 216.9400000000372
10848 0.4530014597355138 216.9600000000372
10849 0.4599612154062715 216.9800000000372
10850 0.4666069938816788 217.0000000000372
10851 0.4729342629206599 217.0200000000372
10852 0.478938686052606 217.0400000000372
10853 0.4846161011230685 217.0600000000372
10854 0.4899625162070502 217.0800000000372
10855 0.4949741533272921 217.1000000000373
10856 0.4996474449632491 217.1200000000373
10857 0.5039789967068281 217.1400000000373
10858 0.5079656205430589 217.1600000000373
10859 0.5116043442848975 217.1800000000373
10860 0.5148923839678246 217.2000000000373
10861 0.517827181887318 217.2200000000373
10862 0.5204063919665775 217.2400000000373
10863 0.5226278688050613 217.2600000000373
10864 0.5244896681376221 217.2800000000373
10865 0.5259901061763338 217.3000000000374
10866 0.5271277430141997 217.3200000000374
10867 0.5279013639060478 217.3400000000374
10868 0.5283099700787407 217.3600000000374
10869 0.5283527908403786 217.3800000000374
10870 0.5280293350739029 217.4000000000374
10871 0.5273393723805241 217.4200000000374
10872 0.5262829183585801 217.4400000000374
10873 0.5248602174823714 217.4600000000374
10874 0.5230717748430046 217.4800000000374
10875 0.5209183532911585 217.5000000000375
10876 0.5184009857385037 217.5200000000375
10877 0.5155209730822503 217.5400000000375
10878 0.5122799082029328 217.5600000000375
10879 0.5086796447331114 217.5800000000375
10880 0.5047222951013921 217.6000000000375
10881 0.5004102676168906 217.6200000000375
10882 0.4957462523958328 217.6400000000375
10883 0.4907331934227712 217.6600000000375
10884 0.4853742857481925 217.6800000000376
10885 0.4796730121780221 217.7000000000376
10886 0.4736331659541329 217.7200000000376
10887 0.46725879927559 217.7400000000376
10888 0.4605542071516905 217.7600000000376
10889 0.4535239608806363 217.7800000000376
10890 0.446172917865079 217.8000000000376
10891 0.4385061619342864 217.8200000000376
10892 0.4305289908561772 217.8400000000376
10893 0.4222469713415381 217.8600000000376
10894 0.4136659265656849 217.8800000000377
10895 0.404791885399004 217.9000000000377
10896 0.395631117642102 217.9200000000377
10897 0.386190155833662 217.9400000000377
10898 0.3764757495965196 217.9600000000377
10899 0.3664948669346692 217.9800000000377
10900 0.3562546931482206 218.0000000000377
10901 0.3457626192192713 218.0200000000377
10902 0.3350262400880695 218.0400000000377
10903 0.3240533374866704 218.0600000000377
10904 0.3128518701774694 218.0800000000378
10905 0.3014299570180936 218.1000000000378
10906 0.2897959059833255 218.1200000000378
10907 0.277958204075246 218.1400000000378
10908 0.2659254525686322 218.1600000000378
10909 0.2537063817557367 218.1800000000378
10910 0.2413098839132761 218.2000000000378
10911 0.2287449742538911 218.2200000000378
10912 0.216020775526308 218.2400000000378
10913 0.2031465313706017 218.2600000000378
10914 0.1901316005015719 218.2800000000379
10915 0.1769854364276963 218.3000000000379
10916 0.163717574454827 218.3200000000379
10917 0.1503376257622007 218.3400000000379
10918 0.1368552669194584 218.3600000000379
10919 0.1232802337820686 218.3800000000379
10920 0.1096223087616408 218.4000000000379
10921 0.09589130802581292 218.4200000000379
10922 0.08209707933499936 218.4400000000379
10923 0.06824949974140172 218.460000000038
10924 0.05435845562812963 218.480000000038
10925 0.04043383446911612 218.500000000038
10926 0.02648552933734959 218.520000000038
10927 0.01252341078538716 218.540000000038
10928 -0.001442690448927302 218.560000000038
10929 -0.01540295352124782 218.580000000038
10930 -0.02934757991547976 218.600000000038
10931 -0.04326683375159882 218.620000000038
10932 -0.0571510343143455 218.640000000038
10933 -0.07099055103699232 218.6600000000381
10934 -0.08477582311168273 218.6800000000381
10935 -0.09849737020961667 218.7000000000381
10936 -0.1121457880532338 218.7200000000381
10937 -0.1257117541692217 218.7400000000381
10938 -0.1391860330285027 218.7600000000381
10939 -0.152559479545563 218.7800000000381
10940 -0.1658230447342534 218.8000000000381
10941 -0.1789677844235611 218.8200000000381
10942 -0.1919848871086433 218.8400000000381
10943 -0.2048656579149217 218.8600000000382
10944 -0.2176015057731689 218.8800000000382
10945 -0.2301839741917789 218.9000000000382
10946 -0.2426047433046501 218.9200000000382
10947 -0.2548556153748529 218.9400000000382
10948 -0.266928531906246 218.9600000000382
10949 -0.2788155782802538 218.9800000000382
10950 -0.2905089771914191 219.0000000000382
10951 -0.3020010863194122 219.0200000000382
10952 -0.3132844066721889 219.0400000000382
10953 -0.3243515713181075 219.0600000000383
10954 -0.3351953777274315 219.0800000000383
10955 -0.3458087830682623 219.1000000000383
10956 -0.3561848850079425 219.1200000000383
10957 -0.3663169220321839 219.1400000000383
10958 -0.3761983220168158 219.1600000000383
10959 -0.3858226803798059 219.1800000000383
10960 -0.395183728394182 219.2000000000383
10961 -0.4042753369014385 219.2200000000383
10962 -0.4130915641308383 219.2400000000383
10963 -0.4216266285552551 219.2600000000384
10964 -0.4298748992908649 219.2800000000384
10965 -0.437830927788409 219.3000000000384
10966 -0.4454894453032462 219.3200000000384
10967 -0.4528453528214685 219.3400000000384
10968 -0.4598937177100825 219.3600000000384
10969 -0.4666297773426529 219.3800000000384
10970 -0.4730489431796416 219.4000000000384
10971 -0.4791468080833676 219.4200000000384
10972 -0.4849191386442127 219.4400000000385
10973 -0.4903618732234388 219.4600000000385
10974 -0.4954711219317354 219.4800000000385
10975 -0.5002431939114288 219.5000000000385
10976 -0.5046746079529552 219.5200000000385
10977 -0.5087620754050072 219.5400000000385
10978 -0.5125025039894147 219.5600000000385
10979 -0.5158930014895314 219.5800000000385
10980 -0.5189308908346061 219.6000000000385
10981 -0.5216137143747428 219.6200000000385
10982 -0.5239392281328639 219.6400000000386
10983 -0.5259054130736555 219.6600000000386
10984 -0.5275104327667255 219.6800000000386
10985 -0.5287526968182369 219.7000000000386
10986 -0.5296308736548325 219.7200000000386
10987 -0.5301438807260381 219.7400000000386
10988 -0.5302908522042339 219.7600000000386
10989 -0.5300711716748718 219.7800000000386
10990 -0.5294844870395431 219.8000000000386
10991 -0.5285307126099791 219.8200000000386
10992 -0.5272099963486173 219.8400000000387
10993 -0.5255227481539554 219.8600000000387
10994 -0.5234696294175155 219.8800000000387
10995 -0.5210515844097601 219.9000000000387
10996 -0.5182698495684576 219.9200000000387
10997 -0.515125932330146 219.9400000000387
10998 -0.51162158603429 219.9600000000387
10999 -0.507758842799499 219.9800000000387
11000 -0.5035400324132563 220.0000000000387
11001 -0.4989677685672586 220.0200000000387
11002 -0.4940449245670768 220.0400000000388
11003 -0.4887746345170851 220.0600000000388
11004 -0.4831603109973719 220.0800000000388
11005 -0.477205641149869 220.1000000000388
11006 -0.4709145752843767 220.1200000000388
11007 -0.4642913417165891 220.1400000000388
11008 -0.4573404318448291 220.1600000000388
11009 -0.4500665957328701 220.1800000000388
11010 -0.4424748192489181 220.2000000000388
11011 -0.4345703628664289 220.2200000000389
11012 -0.4263587568457724 220.2400000000389
11013 -0.4178457729826046 220.2600000000389
11014 -0.4090374162469285 220.2800000000389
11015 -0.3999399461833811 220.3000000000389
11016 -0.3905598498972616 220.3200000000389
11017 -0.3809038527563636 220.3400000000389
11018 -0.3709789014554364 220.3600000000389
11019 -0.3607921554249969 220.3800000000389
11020 -0.3503509730592373 220.4000000000389
11021 -0.339662934036722 220.420000000039
11022 -0.3287358109656067 220.440000000039
11023 -0.3175775438789867 220.460000000039
11024 -0.3061962548349901 220.480000000039
11025 -0.2946002531726786 220.500000000039
11026 -0.2827980090196251 220.520000000039
11027 -0.2707981402173841 220.540000000039
11028 -0.2586094163212932 220.560000000039
11029 -0.2462407601626456 220.580000000039
11030 -0.2337012197996596 220.600000000039
11031 -0.2209999534504496 220.6200000000391
11032 -0.2081462326444302 220.6400000000391
11033 -0.1951494369820298 220.6600000000391
11034 -0.1820190471172111 220.6800000000391
11035 -0.1687646239594955 220.7000000000391
11036 -0.1553957956685914 220.7200000000391
11037 -0.1419222532282679 220.7400000000391
11038 -0.1283537579580961 220.7600000000391
11039 -0.1147001162296767 220.7800000000391
11040 -0.1009711667689892 220.8000000000391
11041 -0.08717677556170206 220.8200000000392
11042 -0.07332684123641874 220.8400000000392
11043 -0.05943129044946754 220.8600000000392
11044 -0.04550004041345432 220.8800000000392
11045 -0.0315429994560547 220.9000000000392
11046 -0.01757007174818596 220.9200000000392
11047 -0.003591137505257332 220.9400000000392
11048 0.01038395459551723 220.9600000000392
11049 0.02434538636754531 220.9800000000392
11050 0.0382833795344329 221.0000000000393
11051 0.05218821014713195 221.0200000000393
11052 0.06605021853169428 221.0400000000393
11053 0.07985980989055196 221.0600000000393
11054 0.09360745342765131 221.0800000000393
11055 0.1072836977205858 221.1000000000393
11056 0.1208791754939963 221.1200000000393
11057 0.1343846039653438 221.1400000000393
11058 0.147790801173614 221.1600000000393
11059 0.1610886910724253 221.1800000000393
11060 0.1742693060094333 221.2000000000394
11061 0.1873237801637863 221.2200000000394
11062 0.2002433502348205 221.2400000000394
11063 0.2130193853078125 221.2600000000394
11064 0.2256433886135574 221.2800000000394
11065 0.2381069855340071 221.3000000000394
11066 0.2504019428551015 221.3200000000394
11067 0.2625201701831809 221.3400000000394
11068 0.274453707744382 221.3600000000394
11069 0.2861947294035238 221.3800000000394
11070 0.2977355570421441 221.4000000000395
11071 0.3090686622772361 221.4200000000395
11072 0.3201866630449505 221.4400000000395
11073 0.3310823299019575 221.4600000000395
11074 0.3417485816260415 221.4800000000395
11075 0.3521784795135915 221.5000000000395
11076 0.3623652385695579 221.5200000000395
11077 0.3723022464830454 221.5400000000395
11078 0.3819830440727103 221.5600000000395
11079 0.3914013283242861 221.5800000000395
11080 0.4005509797896729 221.6000000000396
11081 0.4094260447905158 221.6200000000396
11082 0.4180207166701261 221.6400000000396
11083 0.4263293666989735 221.6600000000396
11084 0.4343465248137617 221.6800000000396
11085 0.4420668775693528 221.7000000000396
11086 0.4494852875948282 221.7200000000396
11087 0.4565967948411112 221.7400000000396
11088 0.4633966097392969 221.7600000000396
11089 0.4698800962347875 221.7800000000396
11090 0.4760428089151617 221.8000000000397
11091 0.4818805305583668 221.8200000000397
11092 0.4873891813387357 221.8400000000397
11093 0.4925648633487434 221.8600000000397
11094 0.4974039215597273 221.8800000000397
11095 0.5019028731418856 221.9000000000397
11096 0.5060584162167919 221.9200000000397
11097 0.5098674823136629 221.9400000000397
11098 0.5133272086143782 221.9600000000397
11099 0.5164349108311918 221.9800000000398
11100 0.5191881457822938 222.0000000000398
11101 0.5215846744955757 222.0200000000398
11102 0.5236224520960243 222.0400000000398
11103 0.5252996604690388 222.0600000000398
11104 0.5266147387492749 222.0800000000398
11105 0.5275663768431083 222.1000000000398
11106 0.5281534648075281 222.1200000000398
11107 0.5283751093897074 222.1400000000398
11108 0.5282306814238141 222.1600000000398
11109 0.5277198304196331 222.1800000000399
11110 0.5268424522970461 222.2000000000399
11111 0.5255986722988421 222.2200000000399
11112 0.5239888685332356 222.2400000000399
11113 0.5220136806517562 222.2600000000399
11114 0.5196740113990691 222.2800000000399
11115 0.5169710304378669 222.3000000000399
11116 0.5139061832298714 222.3200000000399
11117 0.5104811982794975 222.3400000000399
11118 0.5066980545393639 222.3600000000399
11119 0.5025590221873421 222.38000000004
11120 0.4980666572234937 222.40000000004
11121 0.4932237782256423 222.42000000004
11122 0.4880334528670684 222.44000000004
11123 0.4824990220150977 222.46000000004
11124 0.4766241297512147 222.48000000004
11125 0.4704127033411269 222.50000000004
11126 0.4638689158387247 222.52000000004
11127 0.4569972039203677 222.54000000004
11128 0.4498022893246273 222.56000000004
11129 0.4422891531877354 222.5800000000401
11130 0.4344629845792234 222.6000000000401
11131 0.4263292147871444 222.6200000000401
11132 0.4178935493938136 222.6400000000401
11133 0.4091619161909054 222.6600000000401
11134 0.4001404612979319 222.6800000000401
11135 0.3908355903924822 222.7000000000401
11136 0.3812539539945558 222.7200000000401
11137 0.3714024148543997 222.7400000000401
11138 0.361288047078155 222.7600000000402
11139 0.3509181395142371 222.7800000000402
11140 0.340300191911841 222.8000000000402
11141 0.329441898830286 222.8200000000402
11142 0.3183511305304278 222.8400000000402
11143 0.3070359255842402 222.8600000000402
11144 0.295504502184474 222.8800000000402
11145 0.2837652649488155 222.9000000000402
11146 0.2718267606633995 222.9200000000402
11147 0.2596976539747671 222.9400000000402
11148 0.2473867595182202 222.9600000000403
11149 0.2349030334761859 222.9800000000403
11150 0.2222555463494334 223.0000000000403
11151 0.2094534841868428 223.0200000000403
11152 0.1965061532673795 223.0400000000403
11153 0.183422961926726 223.0600000000403
11154 0.1702134028460538 223.0800000000403
11155 0.1568870529090977 223.1000000000403
11156 0.1434535599864952 223.1200000000403
11157 0.1299226284286212 223.1400000000403
11158 0.1163040211352101 223.1600000000404
11159 0.1026075393843514 223.1800000000404
11160 0.08884301184540067 223.2000000000404
11161 0.07502030373467967 223.2200000000404
11162 0.06114930031307526 223.2400000000404
11163 0.04723988760449888 223.2600000000404
11164 0.03330195630899056 223.2800000000404
11165 0.01934539396882065 223.3000000000404
11166 0.005380050079122345 223.3200000000404
11167 -0.008584253990615132 223.3400000000404
11168 -0.02253770586794765 223.3600000000405
11169 -0.03647053363608883 223.3800000000405
11170 -0.05037302984394941 223.4000000000405
11171 -0.06423554135827486 223.4200000000405
11172 -0.07804847121083519 223.4400000000405
11173 -0.09180229705230805 223.4600000000405
11174 -0.1054875794828157 223.4800000000405
11175 -0.1190949579487221 223.5000000000405
11176 -0.1326151510927954 223.5200000000405
11177 -0.1460389679536176 223.5400000000405
11178 -0.159357307856591 223.5600000000406
11179 -0.1725611725654571 223.5800000000406
11180 -0.185641691862609 223.6000000000406
11181 -0.1985901197108284 223.6200000000406
11182 -0.2113978098344252 223.6400000000406
11183 -0.2240562342735032 223.6600000000406
11184 -0.2365570093761523 223.6800000000406
11185 -0.2488918811295563 223.7000000000406
11186 -0.2610527173878315 223.7200000000406
11187 -0.2730315330096354 223.7400000000407
11188 -0.2848204880311728 223.7600000000407
11189 -0.2964118697284368 223.7800000000407
11190 -0.3077981119122944 223.8000000000407
11191 -0.3189717824637081 223.8200000000407
11192 -0.3299255994886174 223.8400000000407
11193 -0.3406524323213624 223.8600000000407
11194 -0.3511453120956065 223.8800000000407
11195 -0.3613974050915577 223.9000000000407
11196 -0.3714020556807273 223.9200000000407
11197 -0.3811527789117765 223.9400000000408
11198 -0.3906432343695392 223.9600000000408
11199 -0.3998672250237029 223.9800000000408
11200 -0.4088187231298814 224.0000000000408
11201 -0.4174918644570992 224.0200000000408
11202 -0.4258809437134615 224.0400000000408
11203 -0.4339804241637257 224.0600000000408
11204 -0.4417849516422395 224.0800000000408
11205 -0.4492893406903172 224.1000000000408
11206 -0.4564885761181321 224.1200000000408
11207 -0.4633778115231703 224.1400000000409
11208 -0.4699523774751762 224.1600000000409
11209 -0.4762077784728251 224.1800000000409
11210 -0.4821396884938611 224.2000000000409
11211 -0.4877439703152388 224.2200000000409
11212 -0.493016640507605 224.2400000000409
11213 -0.4979539084646137 224.2600000000409
11214 -0.5025521936118426 224.2800000000409
11215 -0.5068081178287887 224.3000000000409
11216 -0.5107184915000423 224.3200000000409
11217 -0.514280325963913 224.340000000041
11218 -0.5174908317126624 224.360000000041
11219 -0.520347444025986 224.380000000041
11220 -0.5228478299041471 224.400000000041
11221 -0.5249898513665454 224.420000000041
11222 -0.5267715797011794 224.440000000041
11223 -0.528191297005995 224.460000000041
11224 -0.529247554228685 224.480000000041
11225 -0.529939138264278 224.500000000041
11226 -0.5302650800276257 224.5200000000411
11227 -0.5302246420598652 224.5400000000411
11228 -0.5298173356491849 224.5600000000411
11229 -0.5290429497131178 224.5800000000411
11230 -0.527901517889549 224.6000000000411
11231 -0.5263933200261905 224.6200000000411
11232 -0.5245188912054117 224.6400000000411
11233 -0.5222790383876172 224.6600000000411
11234 -0.5196748576586223 224.6800000000411
11235 -0.5167077226448775 224.7000000000411
11236 -0.5133792710977876 224.7200000000412
11237 -0.5096913880524484 224.7400000000412
11238 -0.5056462648351456 224.7600000000412
11239 -0.5012463734113023 224.7800000000412
11240 -0.4964944652677935 224.8000000000412
11241 -0.4913935427324588 224.8200000000412
11242 -0.4859468822908159 224.8400000000412
11243 -0.4801580367051412 224.8600000000412
11244 -0.4740308300471908 224.8800000000412
11245 -0.4675693533078971 224.9000000000412
11246 -0.4607779742423307 224.9200000000413
11247 -0.453661318762744 224.9400000000413
11248 -0.4462242492507645 224.9600000000413
11249 -0.4384718900359813 224.9800000000413
11250 -0.4304096458459813 225.0000000000413
11251 -0.4220431738286003 225.0200000000413
11252 -0.413378370368739 225.0400000000413
11253 -0.4044213603977788 225.0600000000413
11254 -0.3951785203306258 225.0800000000413
11255 -0.3856564654640585 225.1000000000413
11256 -0.3758620280777151 225.1200000000414
11257 -0.3658022735958633 225.1400000000414
11258 -0.3554844533429617 225.1600000000414
11259 -0.3449160453977866 225.1800000000414
11260 -0.3341047280093802 225.2000000000414
11261 -0.3230583624753882 225.2200000000414
11262 -0.3117849790231781 225.2400000000414
11263 -0.3002927997867046 225.2600000000414
11264 -0.2885902173174302 225.2800000000414
11265 -0.2766857780114934 225.3000000000415
11266 -0.2645881764445983 225.3200000000415
11267 -0.2523062636180799 225.3400000000415
11268 -0.2398490273868779 225.3600000000415
11269 -0.2272255749033387 225.3800000000415
11270 -0.2144451242646027 225.4000000000415
11271 -0.2015169997475958 225.4200000000415
11272 -0.1884506376177337 225.4400000000415
11273 -0.175255559135554 225.4600000000415
11274 -0.1619413606658232 225.4800000000415
11275 -0.1485177023242485 225.5000000000416
11276 -0.1349943141867109 225.5200000000416
11277 -0.1213809802115728 225.5400000000416
11278 -0.1076875261005963 225.5600000000416
11279 -0.09392380374518372 225.5800000000416
11280 -0.08009969714098562 225.6000000000416
11281 -0.06622512051743286 225.6200000000416
11282 -0.05230999788816396 225.6400000000416
11283 -0.03836424262054286 225.6600000000416
11284 -0.02439776123384113 225.6800000000416
11285 -0.01042044904015352 225.7000000000417
11286 0.003557829688333891 225.7200000000417
11287 0.01752724219978875 225.7400000000417
11288 0.03147798924053857 225.7600000000417
11289 0.04540031921220847 225.7800000000417
11290 0.05928453878476328 225.8000000000417
11291 0.0731210213521865 225.8200000000417
11292 0.08690020459755805 225.8400000000417
11293 0.100612597634933 225.8600000000417
11294 0.114248790465087 225.8800000000417
11295 0.1277994584582538 225.9000000000418
11296 0.1412553709286184 225.9200000000418
11297 0.1546073970795899 225.9400000000418
11298 0.1678465162814755 225.9600000000418
11299 0.1809638177231957 225.9800000000418
11300 0.1939504895936475 226.0000000000418
11301 0.2067978276193648 226.0200000000418
11302 0.2194972644288622 226.0400000000418
11303 0.2320403715118624 226.0600000000418
11304 0.2444188444045108 226.0800000000418
11305 0.2566245214842647 226.1000000000419
11306 0.2686493786767629 226.1200000000419
11307 0.2804855254559085 226.1400000000419
11308 0.2921252100599966 226.1600000000419
11309 0.3035608305211324 226.1800000000419
11310 0.3147849318851658 226.2000000000419
11311 0.3257902044401132 226.2200000000419
11312 0.3365694863668912 226.2400000000419
11313 0.3471157801292811 226.2600000000419
11314 0.3574222321458553 226.280000000042
11315 0.3674821381231871 226.300000000042
11316 0.3772889597503735 226.320000000042
11317 0.3868363176668914 226.340000000042
11318 0.3961180125752039 226.360000000042
11319 0.4051280089797352 226.380000000042
11320 0.4138604229408889 226.400000000042
11321 0.422309542399932 226.420000000042
11322 0.4304698236692969 226.440000000042
11323 0.4383358730466617 226.460000000042
11324 0.4459024604111831 226.4800000000421
11325 0.4531645462118529 226.5000000000421
11326 0.4601172544279181 226.5200000000421
11327 0.4667558780519743 226.5400000000421
11328 0.4730758898179085 226.5600000000421
11329 0.4790729554650108 226.5800000000421
11330 0.4847429170903386 226.6000000000421
11331 0.4900817851127142 226.6200000000421
11332 0.4950857897782275 226.6400000000421
11333 0.4997513664568189 226.6600000000421
11334 0.5040751221658476 226.6800000000422
11335 0.5080538792788624 226.7000000000422
11336 0.5116846626199237 226.7200000000422
11337 0.5149647008958811 226.7400000000422
11338 0.5178914347714865 226.7600000000422
11339 0.5204625249202777 226.7800000000422
11340 0.5226758297215066 226.8000000000422
11341 0.5245294134729394 226.8200000000422
11342 0.5260215954783672 226.8400000000422
11343 0.5271509415113244 226.8600000000422
11344 0.5279162417409716 226.8800000000423
11345 0.5283164977580085 226.9000000000423
11346 0.5283509535133065 226.9200000000423
11347 0.52801911576201 226.9400000000423
11348 0.5273207674391371 226.9600000000423
11349 0.5262559227958021 226.9800000000423
11350 0.5248248382822883 227.0000000000423
11351 0.5230280184241777 227.0200000000423
11352 0.520866240751428 227.0400000000423
11353 0.5183405345271338 227.0600000000424
11354 0.5154522136810417 227.0800000000424
11355 0.5122028761957115 227.1000000000424
11356 0.5085943787137828 227.1200000000424
11357 0.5046288433268306 227.1400000000424
11358 0.5003086863112608 227.1600000000424
11359 0.4956366010196142 227.1800000000424
11360 0.4906155395305444 227.2000000000424
11361 0.4852487009973123 227.2200000000424
11362 0.4795395793093705 227.2400000000424
11363 0.4734919683656625 227.2600000000425
11364 0.4671099325153669 227.2800000000425
11365 0.4603977686261599 227.3000000000425
11366 0.4533600574953187 227.3200000000425
11367 0.4460016610793317 227.3400000000425
11368 0.4383276692025024 227.3600000000425
11369 0.4303433857767263 227.3800000000425
11370 0.4220543832009138 227.4000000000425
11371 0.4134664916910488 227.4200000000425
11372 0.4045857425595655 227.4400000000425
11373 0.3954184139675271 227.4600000000426
11374 0.3859710434865539 227.4800000000426
11375 0.3762503861828289 227.5000000000426
11376 0.3662634155338243 227.5200000000426
11377 0.3560173205676163 227.5400000000426
11378 0.34551949783477 227.5600000000426
11379 0.3347775465892092 227.5800000000426
11380 0.3237992547840943 227.6000000000426
11381 0.3125925832459199 227.6200000000426
11382 0.3011656551773856 227.6400000000426
11383 0.2895267841009574 227.6600000000427
11384 0.2776844605749303 227.6800000000427
11385 0.26564728866542 227.7000000000427
11386 0.2534240010117333 227.7200000000427
11387 0.2410234943185825 227.7400000000427
11388 0.228454786416152 227.7600000000427
11389 0.2157270029782194 227.7800000000427
11390 0.2028493896833655 227.8000000000427
11391 0.189831307865989 227.8200000000427
11392 0.1766822131873462 227.8400000000427
11393 0.1634116437092597 227.8600000000428
11394 0.1500292109345267 227.8800000000428
11395 0.1365445933224972 227.9000000000428
11396 0.1229675280273345 227.9200000000428
11397 0.1093077986902563 227.9400000000428
11398 0.0955752214955948 227.9600000000428
11399 0.08177964513860642 227.9800000000428
11400 0.06793094817473116 228.0000000000428
11401 0.05403901643971649 228.0200000000428
11402 0.0401137374235191 228.0400000000429
11403 0.02616500484827182 228.0600000000429
11404 0.01220268936798395 228.0800000000429
11405 -0.001763380192450709 228.1000000000429
11406 -0.01572338398649291 228.1200000000429
11407 -0.02966752303391704 228.1400000000429
11408 -0.04358606316081905 228.1600000000429
11409 -0.0574693251445822 228.1800000000429
11410 -0.07130767943469037 228.2000000000429
11411 -0.08509156736612065 228.2200000000429
11412 -0.09881150906694643 228.240000000043
11413 -0.1124581045860406 228.260000000043
11414 -0.1260220324172659 228.280000000043
11415 -0.1394940586662023 228.300000000043
11416 -0.1528650427886019 228.320000000043
11417 -0.1661259352321297 228.340000000043
11418 -0.1792677953053594 228.360000000043
11419 -0.1922818157506048 228.380000000043
11420 -0.2051593031771816 228.400000000043
11421 -0.2178916701117503 228.420000000043
11422 -0.2304704616173458 228.4400000000431
11423 -0.2428873613156411 228.4600000000431
11424 -0.2551341752631741 228.4800000000431
11425 -0.2672028474455317 228.5000000000431
11426 -0.2790854663175893 228.5200000000431
11427 -0.2907742590008753 228.5400000000431
11428 -0.3022615863373059 228.5600000000431
11429 -0.3135399467572658 228.5800000000431
11430 -0.3246019845773309 228.6000000000431
11431 -0.3354404944888786 228.6200000000431
11432 -0.3460484321824199 228.6400000000432
11433 -0.3564188929427451 228.6600000000432
11434 -0.366545132489749 228.6800000000432
11435 -0.3764205887517553 228.7000000000432
11436 -0.3860388518337343 228.7200000000432
11437 -0.3953936526816881 228.7400000000432
11438 -0.4044788781585791 228.7600000000432
11439 -0.4132885889012369 228.7800000000432
11440 -0.4218169993917202 228.8000000000432
11441 -0.4300584868452051 228.8200000000433
11442 -0.4380076079359766 228.8400000000433
11443 -0.445659098368355 228.8600000000433
11444 -0.4530078636562314 228.8800000000433
11445 -0.4600489704750176 228.9000000000433
11446 -0.4667776639820924 228.9200000000433
11447 -0.4731893603952216 228.9400000000433
11448 -0.4792796522947477 228.9600000000433
11449 -0.4850443133648953 228.9800000000433
11450 -0.4904792869475401 229.0000000000433
11451 -0.4955806848793298 229.0200000000434
11452 -0.5003448231778959 229.0400000000434
11453 -0.5047682261081378 229.0600000000434
11454 -0.5088476099682259 229.0800000000434
11455 -0.5125798792509811 229.1000000000434
11456 -0.5159621526264621 229.1200000000434
11457 -0.5189917565411531 229.1400000000434
11458 -0.521666235176045 229.1600000000434
11459 -0.5239833553558267 229.1800000000434
11460 -0.5259410957969591 229.2000000000434
11461 -0.5275376355259348 229.2200000000435
11462 -0.5287713789019374 229.2400000000435
11463 -0.5296410086122085 229.2600000000435
11464 -0.5301454446309252 229.2800000000435
11465 -0.530283824969822 229.3000000000435
11466 -0.530055542177855 229.3200000000435
11467 -0.5294602504482439 229.3400000000435
11468 -0.5284978665557353 229.3600000000435
11469 -0.5271685450678596 229.3800000000435
11470 -0.5254727037917043 229.4000000000435
11471 -0.5234110076574611 229.4200000000436
11472 -0.5209844136483144 229.4400000000436
11473 -0.5181941607521444 229.4600000000436
11474 -0.5150417634848578 229.4800000000436
11475 -0.5115289776791611 229.5000000000436
11476 -0.5076578457614277 229.5200000000436
11477 -0.5034307028168244 229.5400000000436
11478 -0.4988501713577164 229.5600000000436
11479 -0.4939191305468903 229.5800000000436
11480 -0.4886407178153608 229.6000000000437
11481 -0.4830183529518175 229.6200000000437
11482 -0.4770557330770469 229.6400000000437
11483 -0.4707568132370193 229.6600000000437
11484 -0.4641258246773436 229.6800000000437
11485 -0.4571672700799602 229.7000000000437
11486 -0.4498859011827736 229.7200000000437
11487 -0.442286709449991 229.7400000000437
11488 -0.4343749662322313 229.7600000000437
11489 -0.4261562073861228 229.7800000000437
11490 -0.4176362066880721 229.8000000000438
11491 -0.4088209767037507 229.8200000000438
11492 -0.3997167807150181 229.8400000000438
11493 -0.3903301158973992 229.8600000000438
11494 -0.3806677078740924 229.8800000000438
11495 -0.3707365101657427 229.9000000000438
11496 -0.3605436882306679 229.9200000000438
11497 -0.35009660589387 229.9400000000438
11498 -0.339402846234281 229.9600000000438
11499 -0.328470183984663 229.9800000000438
11500 -0.3173065685575388 230.0000000000439
11501 -0.3059201213552216 230.0200000000439
11502 -0.2943191605488831 230.0400000000439
11503 -0.2825121564923373 230.0600000000439
11504 -0.2705077329089833 230.0800000000439
11505 -0.2583146620560289 230.1000000000439
11506 -0.2459418694755337 230.1200000000439
11507 -0.2333984041974085 230.1400000000439
11508 -0.2206934309798041 230.1600000000439
11509 -0.2078362221789862 230.1800000000439
11510 -0.1948361586960893 230.200000000044
11511 -0.1817027255445652 230.220000000044
11512 -0.1684454844095665 230.240000000044
11513 -0.155074064379838 230.260000000044
11514 -0.1415981601090065 230.280000000044
11515 -0.1280275316425279 230.300000000044
11516 -0.1143719881543412 230.320000000044
11517 -0.1006413682828322 230.340000000044
11518 -0.08684553899478963 230.360000000044
11519 -0.0729944001614678 230.380000000044
11520 -0.05909787701735238 230.4000000000441
11521 -0.04516588915029771 230.4200000000441
11522 -0.03120834425712857 230.4400000000441
11523 -0.01723514544615951 230.4600000000441
11524 -0.00325617282838476 230.4800000000441
11525 0.01071872486654335 230.5000000000441
11526 0.02467973081483722 230.5200000000441
11527 0.03861706814649941 230.5400000000441
11528 0.05252101296112262 230.5600000000441
11529 0.06638190796452687 230.5800000000442
11530 0.08019015965210401 230.6000000000442
11531 0.09393623839623887 230.6200000000442
11532 0.1076106957962975 230.6400000000442
11533 0.1212041651605852 230.6600000000442
11534 0.1347073669708745 230.6800000000442
11535 0.1481111211921503 230.7000000000442
11536 0.1614063549067934 230.7200000000442
11537 0.1745841022929518 230.7400000000442
11538 0.1876355000612052 230.7600000000442
11539 0.2005517873654922 230.7800000000443
11540 0.2133243361545003 230.8000000000443
11541 0.2259446526957917 230.8200000000443
11542 0.2384043656000844 230.8400000000443
11543 0.2506952434349892 230.8600000000443
11544 0.2628092001512115 230.8800000000443
11545 0.2747382797631119 230.9000000000443
11546 0.2864746573514266 230.9200000000443
11547 0.2980106589932192 230.9400000000443
11548 0.3093387598858274 230.9600000000443
11549 0.320451581512006 230.9800000000444
11550 0.3313418973705956 231.0000000000444
11551 0.3420026303443156 231.0200000000444
11552 0.3524268430072512 231.0400000000444
11553 0.3626077558637379 231.0600000000444
11554 0.3725387601329056 231.0800000000444
11555 0.3822134002271073 231.1000000000444
11556 0.3916253762967077 231.1200000000444
11557 0.400768576390115 231.1400000000444
11558 0.4096370460484358 231.1600000000444
11559 0.4182249846347064 231.1800000000445
11560 0.4265267659635456 231.2000000000445
11561 0.4345369262146934 231.2200000000445
11562 0.4422501526867882 231.2400000000445
11563 0.4496613125957765 231.2600000000445
11564 0.4567654493228417 231.2800000000445
11565 0.4635577756686817 231.3000000000445
11566 0.4700336619380542 231.3200000000445
11567 0.4761886684942289 231.3400000000445
11568 0.4820185777724752 231.3600000000446
11569 0.487519316829951 231.3800000000446
11570 0.4926869925545244 231.4000000000446
11571 0.497517955363704 231.4200000000446
11572 0.5020087246060403 231.4400000000446
11573 0.5061560045441421 231.4600000000446
11574 0.5099567318522306 231.4800000000446
11575 0.5134080457441375 231.5000000000446
11576 0.5165072722754587 231.5200000000446
11577 0.5192519685505339 231.5400000000446
11578 0.5216398990513299 231.5600000000447
11579 0.5236690306746533 231.5800000000447
11580 0.5253375425595718 231.6000000000447
11581 0.5266438864908026 231.6200000000447
11582 0.5275867533634782 231.6400000000447
11583 0.5281650415639628 231.6600000000447
11584 0.5283778637892756 231.6800000000447
11585 0.5282245934981296 231.7000000000447
11586 0.5277048890831152 231.7200000000447
11587 0.5268186561854123 231.7400000000447
11588 0.5255660205101604 231.7600000000448
11589 0.5239473647005842 231.7800000000448
11590 0.5219633402177724 231.8000000000448
11591 0.5196148558718958 231.8200000000448
11592 0.5169030828114121 231.8400000000448
11593 0.5138294793541593 231.8600000000448
11594 0.5103957759410116 231.8800000000448
11595 0.5066039623463335 231.9000000000448
11596 0.5024563131328372 231.9200000000448
11597 0.4979553914181497 231.9400000000448
11598 0.4931040226554627 231.9600000000449
11599 0.4879052831531128 231.9800000000449
11600 0.482362517632831 232.0000000000449
11601 0.4764793796184096 232.0200000000449
11602 0.4702598013238565 232.0400000000449
11603 0.4637079646374551 232.0600000000449
11604 0.4568283106978137 232.0800000000449
11605 0.449625569563425 232.1000000000449
11606 0.4421047281578378 232.1200000000449
11607 0.4342709804760502 232.1400000000449
11608 0.4261297653370977 232.160000000045
11609 0.4176867934321857 232.180000000045
11610 0.4089480000789563 232.200000000045
11611 0.3999195347149224 232.220000000045
11612 0.3906078122814427 232.240000000045
11613 0.3810194867599383 232.260000000045
11614 0.3711614265475038 232.280000000045
11615 0.3610407126816469 232.300000000045
11616 0.350664638528314 232.320000000045
11617 0.3400407082540002 232.3400000000451
11618 0.3291766223442762 232.3600000000451
11619 0.3180802554470952 232.3800000000451
11620 0.306759650155678 232.4000000000451
11621 0.2952230293553138 232.4200000000451
11622 0.2834788015378852 232.4400000000451
11623 0.2715355174718992 232.4600000000451
11624 0.2594018441343328 232.4800000000451
11625 0.2470866008476212 232.5000000000451
11626 0.2345987472591692 232.5200000000451
11627 0.2219473560876014 232.5400000000452
11628 0.2091416169302831 232.5600000000452
11629 0.1961908386525726 232.5800000000452
11630 0.183104431165321 232.6000000000452
11631 0.1698918897279959 232.6200000000452
11632 0.1565627933377379 232.6400000000452
11633 0.1431267914009138 232.6600000000452
11634 0.1295935896094522 232.6800000000452
11635 0.1159729517037612 232.7000000000452
11636 0.1022746805772052 232.7200000000452
11637 0.08850860528802919 232.7400000000453
11638 0.07468459185482798 232.7600000000453
11639 0.0608125264913093 232.7800000000453
11640 0.0469022942228258 232.8000000000453
11641 0.03296378646869721 232.8200000000453
11642 0.01900689074686233 232.8400000000453
11643 0.00504145552704929 232.8600000000453
11644 -0.008922698679672884 232.8800000000453
11645 -0.02287576016745523 232.9000000000453
11646 -0.03680795747894469 232.9200000000453
11647 -0.05070958462732961 232.9400000000454
11648 -0.06457098957128651 232.9600000000454
11649 -0.07838257766829052 232.9800000000454
11650 -0.0921348282942476 233.0000000000454
11651 -0.1058183030213505 233.0200000000454
11652 -0.1194236442337881 233.0400000000454
11653 -0.1329415722654282 233.0600000000454
11654 -0.1463628986666536 233.0800000000454
11655 -0.1596785262319862 233.1000000000454
11656 -0.1728794564382261 233.1200000000455
11657 -0.1859568257058718 233.1400000000455
11658 -0.1989018886957903 233.1600000000455
11659 -0.2117060025505488 233.1800000000455
11660 -0.2243606425937087 233.2000000000455
11661 -0.236857428718817 233.2200000000455
11662 -0.24918810926783 233.2400000000455
11663 -0.2613445552786103 233.2600000000455
11664 -0.2733187857725155 233.2800000000455
11665 -0.2851029616915301 233.3000000000455
11666 -0.2966893788824436 233.3200000000456
11667 -0.3080704664740276 233.3400000000456
11668 -0.3192387995252243 233.3600000000456
11669 -0.3301870997142191 233.3800000000456
11670 -0.3409082433681401 233.4000000000456
11671 -0.3513952602607071 233.4200000000456
11672 -0.3616413245351517 233.4400000000456
11673 -0.3716397841043504 233.4600000000456
11674 -0.3813841555054148 233.4800000000456
11675 -0.3908681031824966 233.5000000000456
11676 -0.4000854363198663 233.5200000000457
11677 -0.4090301296300955 233.5400000000457
11678 -0.4176963205382437 233.5600000000457
11679 -0.4260783124277816 233.5800000000457
11680 -0.4341705695173128 233.6000000000457
11681 -0.4419677437532772 233.6200000000457
11682 -0.4494646558861574 233.6400000000457
11683 -0.4566562899592379 233.6600000000457
11684 -0.4635378076399754 233.6800000000457
11685 -0.4701045410893626 233.7000000000457
11686 -0.4763519979866879 233.7200000000458
11687 -0.4822758603003172 233.7400000000458
11688 -0.4878719924299801 233.7600000000458
11689 -0.493136417242712 233.7800000000458
11690 -0.4980653487644904 233.8000000000458
11691 -0.5026552073562186 233.8200000000458
11692 -0.5069026247971309 233.8400000000458
11693 -0.5108044122419673 233.8600000000458
11694 -0.5143575851148913 233.8800000000458
11695 -0.5175593650591856 233.9000000000458
11696 -0.5204071842276267 233.9200000000459
11697 -0.5228987169075963 233.9400000000459
11698 -0.5250318334084648 233.9600000000459
11699 -0.5268046072162139 233.9800000000459
11700 -0.5282153176951746 234.0000000000459
11701 -0.529262532293358 234.0200000000459
11702 -0.5299450524161986 234.0400000000459
11703 -0.5302619020135505 234.0600000000459
11704 -0.5302123539580443 234.0800000000459
11705 -0.5297959303872919 234.100000000046
11706 -0.5290124223755521 234.120000000046
11707 -0.5278618708234981 234.140000000046
11708 -0.5263445597301458 234.160000000046
11709 -0.5244610372647185 234.180000000046
11710 -0.5222121108264454 234.200000000046
11711 -0.5195988857562287 234.220000000046
11712 -0.516622742660222 234.240000000046
11713 -0.5132853251008015 234.260000000046
11714 -0.5095885279735226 234.280000000046
11715 -0.5055345438911084 234.3000000000461
11716 -0.501125859237715 234.3200000000461
11717 -0.4963652254405038 234.3400000000461
11718 -0.4912556559063088 234.3600000000461
11719 -0.4858004327661222 234.3800000000461
11720 -0.4800031146196371 234.4000000000461
11721 -0.4738675319022043 234.4200000000461
11722 -0.4673977840382731 234.4400000000461
11723 -0.4605982453521303 234.4600000000461
11724 -0.4534735479473584 234.4800000000461
11725 -0.4460285618907754 234.5000000000462
11726 -0.4382684169415942 234.5200000000462
11727 -0.4301985224054259 234.5400000000462
11728 -0.4218245463672466 234.5600000000462
11729 -0.4131523882436363 234.5800000000462
11730 -0.4041881770237181 234.6000000000462
11731 -0.3949382991613196 234.6200000000462
11732 -0.3854093718185939 234.6400000000462
11733 -0.3756082385874735 234.6600000000462
11734 -0.3655419618213012 234.6800000000462
11735 -0.3552178098232904 234.7000000000463
11736 -0.3446432528104585 234.7200000000463
11737 -0.3338259814102644 234.7400000000463
11738 -0.3227738594565621 234.7600000000463
11739 -0.3114949216914684 234.7800000000463
11740 -0.2999973944104994 234.8000000000463
11741 -0.2882896757699898 234.8200000000463
11742 -0.2763803137456328 234.8400000000463
11743 -0.2642780083085145 234.8600000000463
11744 -0.2519916136423908 234.8800000000464
11745 -0.239530119813156 234.9000000000464
11746 -0.2269026389873516 234.9200000000464
11747 -0.2141183902265477 234.9400000000464
11748 -0.2011867036412824 234.9600000000464
11749 -0.1881170135561436 234.9800000000464
11750 -0.1749188461727413 235.0000000000464
11751 -0.1616017984321905 235.0200000000464
11752 -0.148175533397149 235.0400000000464
11753 -0.1346497804600942 235.0600000000464
11754 -0.1210343279183768 235.0800000000465
11755 -0.1073390000830269 235.1000000000465
11756 -0.09357365009473131 235.1200000000465
11757 -0.07974816360478604 235.1400000000465
11758 -0.06587245408248898 235.1600000000465
11759 -0.05195644784165811 235.1800000000465
11760 -0.03801005629513458 235.2000000000465
11761 -0.02404318637734704 235.2200000000465
11762 -0.010065732869164 235.2400000000465
11763 0.003912440411409306 235.2600000000465
11764 0.01788150211034409 235.2800000000466
11765 0.03183165375332216 235.3000000000466
11766 0.04575314471008508 235.3200000000466
11767 0.05963628330538558 235.3400000000466
11768 0.07347144421210569 235.3600000000466
11769 0.08724906672649671 235.3800000000466
11770 0.1009596614406997 235.4000000000466
11771 0.1145938213947662 235.4200000000466
11772 0.1281422236887549 235.4400000000466
11773 0.1415956403583279 235.4600000000466
11774 0.1549449432120167 235.4800000000467
11775 0.1681811137425317 235.5000000000467
11776 0.1812952437618688 235.5200000000467
11777 0.1942785248168689 235.5400000000467
11778 0.2071222551461682 235.5600000000467
11779 0.2198178709221257 235.5800000000467
11780 0.2323569461771052 235.6000000000467
11781 0.2447311807420639 235.6200000000467
11782 0.256932414801003 235.6400000000467
11783 0.2689526293170138 235.6600000000468
11784 0.2807839355183649 235.6800000000468
11785 0.2924185859825967 235.7000000000468
11786 0.3038489822882254 235.7200000000468
11787 0.315067671978782 235.7400000000468
11788 0.3260673497408268 235.7600000000468
11789 0.3368408591699202 235.7800000000468
11790 0.3473812059167579 235.8000000000468
11791 0.3576815373738179 235.8200000000468
11792 0.3677351547812709 235.8400000000468
11793 0.3775355237669086 235.8600000000469
11794 0.3870762681135888 235.8800000000469
11795 0.3963511949160647 235.9000000000469
11796 0.4053542713236138 235.9200000000469
11797 0.4140796168730344 235.9400000000469
11798 0.422521525009027 235.9600000000469
11799 0.4306744527813882 235.9800000000469
11800 0.4385330125412534 236.0000000000469
11801 0.4460919799133965 236.0200000000469
11802 0.4533463167445538 236.0400000000469
11803 0.4602911518911795 236.060000000047
11804 0.4669217840452605 236.080000000047
11805 0.4732336862383267 236.100000000047
11806 0.4792225330847201 236.120000000047
11807 0.484884168116109 236.140000000047
11808 0.4902146077000032 236.160000000047
11809 0.4952100884026322 236.180000000047
11810 0.4998670457564774 236.200000000047
11811 0.5041820980459912 236.220000000047
11812 0.508152066631125 236.240000000047
11813 0.5117739874633955 236.2600000000471
11814 0.5150450910424548 236.2800000000471
11815 0.5179628228691274 236.3000000000471
11816 0.5205248505314685 236.3200000000471
11817 0.5227290350584729 236.3400000000471
11818 0.5245734496085279 236.3600000000471
11819 0.5260564180814911 236.3800000000471
11820 0.5271765127102804 236.4000000000471
11821 0.527932525226619 236.4200000000471
11822 0.528323469698284 236.4400000000471
11823 0.5283485946802635 236.4600000000472
11824 0.5280074122870825 236.4800000000472
11825 0.5272997075044833 236.5000000000472
11826 0.5262255098455463 236.5200000000472
11827 0.5247850786022971 236.5400000000472
11828 0.5229789211635419 236.5600000000472
11829 0.5208078229657479 236.5800000000472
11830 0.5182728235552864 236.6000000000472
11831 0.515375244522646 236.6200000000472
11832 0.5121166862200354 236.6400000000473
11833 0.5084990179369754 236.6600000000473
11834 0.5045243663763199 236.6800000000473
11835 0.5001951513753307 236.7000000000473
11836 0.4955140787885258 236.7200000000473
11837 0.4904841054802759 236.7400000000473
11838 0.4851084381141438 236.7600000000473
11839 0.4793905765418001 236.7800000000473
11840 0.4733343242294401 236.8000000000473
11841 0.4669437487981169 236.8200000000473
11842 0.4602231583814878 236.8400000000474
11843 0.4531771370333478 236.8600000000474
11844 0.4458105586730137 236.8800000000474
11845 0.4381285155885495 236.9000000000474
11846 0.4301363179352685 236.9200000000474
11847 0.421839545977946 236.9400000000474
11848 0.4132440343908432 236.9600000000474
11849 0.4043558228477109 236.9800000000474
11850 0.3951812017502803 237.0000000000474
11851 0.3857267146574426 237.0200000000474
11852 0.3759991167786072 237.0400000000475
11853 0.3660053838488705 237.0600000000475
11854 0.3557527154553152 237.0800000000475
11855 0.345248514007487 237.1000000000475
11856 0.3345003787683642 237.1200000000475
11857 0.3235161067821624 237.1400000000475
11858 0.3123036626160876 237.1600000000475
11859 0.3008711734883696 237.1800000000475
11860 0.2892269569165796 237.2000000000475
11861 0.2773795091981364 237.2200000000475
11862 0.2653374362649472 237.2400000000476
11863 0.253109474496868 237.2600000000476
11864 0.2407045254136138 237.2800000000476
11865 0.2281316089540202 237.3000000000476
11866 0.2153998527924693 237.3200000000476
11867 0.2025185076022767 237.3400000000476
11868 0.1894969377195108 237.3600000000476
11869 0.1763445995413808 237.3800000000476
11870 0.1630710334655774 237.4000000000476
11871 0.1496858538683716 237.4200000000477
11872 0.1361987397469016 237.4400000000477
11873 0.1226194298524076 237.4600000000477
11874 0.1089577088071754 237.4800000000477
11875 0.09522339403483064 237.5000000000477
11876 0.081426334630447 237.5200000000477
11877 0.06757641015961179 237.5400000000477
11878 0.05368350695879007 237.5600000000477
11879 0.03975751156895 237.5800000000477
11880 0.02580831730379418 237.6000000000477
11881 0.01184579432819078 237.6200000000478
11882 -0.002120229222129752 237.6400000000478
11883 -0.01607993336736556 237.6600000000478
11884 -0.03002352012966187 237.6800000000478
11885 -0.04394125600198947 237.7000000000478
11886 -0.05782346425630274 237.7200000000478
11887 -0.07166051630594275 237.7400000000478
11888 -0.08544285519353927 237.7600000000478
11889 -0.09916100400154779 237.7800000000478
11890 -0.1128055637282979 237.8000000000478
11891 -0.1263672163849335 237.8200000000479
11892 -0.1398367291761627 237.8400000000479
11893 -0.1532049650721541 237.8600000000479
11894 -0.1664628769643226 237.8800000000479
11895 -0.179601526814611 237.9000000000479
11896 -0.1926121091314553 237.9200000000479
11897 -0.2054859361596313 237.9400000000479
11898 -0.2182144214961347 237.9600000000479
11899 -0.2307891157859593 237.9800000000479
11900 -0.2432017037866937 238.0000000000479
11901 -0.2554439981793192 238.020000000048
11902 -0.2675079412809567 238.040000000048
11903 -0.2793856295955524 238.060000000048
11904 -0.2910692911254761 238.080000000048
11905 -0.3025512902213935 238.100000000048
11906 -0.3138241319862967 238.120000000048
11907 -0.3248804592410164 238.140000000048
11908 -0.3357130760447645 238.160000000048
11909 -0.346314937113416 238.180000000048
11910 -0.3566791456054686 238.200000000048
11911 -0.3667989604612982 238.2200000000481
11912 -0.3766678252719632 238.2400000000481
11913 -0.3862793324675616 238.2600000000481
11914 -0.3956272148160211 238.2800000000481
11915 -0.4047053694203048 238.3000000000481
11916 -0.4135078557757449 238.3200000000481
11917 -0.4220288956372145 238.3400000000481
11918 -0.430262871046216 238.3600000000481
11919 -0.4382043413396231 238.3800000000481
11920 -0.4458480449111938 238.4000000000482
11921 -0.4531888937160142 238.4200000000482
11922 -0.4602219591064285 238.4400000000482
11923 -0.4669424905633847 238.4600000000482
11924 -0.4733459073547453 238.4800000000482
11925 -0.4794278080462427 238.5000000000482
11926 -0.4851839680031211 238.5200000000482
11927 -0.4906103383098553 238.5400000000482
11928 -0.495703029591804 238.5600000000482
11929 -0.5004583564023531 238.5800000000482
11930 -0.5048728571820028 238.6000000000483
11931 -0.5089432588509517 238.6200000000483
11932 -0.5126664650405784 238.6400000000483
11933 -0.5160395998630194 238.6600000000483
11934 -0.5190599958771913 238.6800000000483
11935 -0.5217252062381884 238.7000000000483
11936 -0.5240330029540714 238.7200000000483
11937 -0.5259813654630093 238.7400000000483
11938 -0.5275684807418357 238.7600000000483
11939 -0.5287927642275887 238.7800000000483
11940 -0.529652900929905 238.8000000000484
11941 -0.5301478124107359 238.8200000000484
11942 -0.5302766519123113 238.8400000000484
11943 -0.5300388136040196 238.8600000000484
11944 -0.52943396172546 238.8800000000484
11945 -0.528462014455383 238.9000000000484
11946 -0.5271231395104462 238.9200000000484
11947 -0.5254177545834134 238.9400000000484
11948 -0.5233465382510548 238.9600000000484
11949 -0.5209104480249296 238.9800000000484
11950 -0.518110733273322 239.0000000000485
11951 -0.5149489171306155 239.0200000000485
11952 -0.511426763213933 239.0400000000485
11953 -0.5075463178237603 239.0600000000485
11954 -0.5033099251996057 239.0800000000485
11955 -0.4987202151096521 239.1000000000485
11956 -0.4937800727874582 239.1200000000485
11957 -0.4884926432052364 239.1400000000485
11958 -0.482861354637489 239.1600000000485
11959 -0.4768899089208155 239.1800000000486
11960 -0.4705822698194584 239.2000000000486
11961 -0.4639426764215315 239.2200000000486
11962 -0.4569756367933743 239.2400000000486
11963 -0.4496859089123086 239.2600000000486
11964 -0.4420784927580104 239.2800000000486
11965 -0.4341586646357865 239.3000000000486
11966 -0.425931968863841 239.3200000000486
11967 -0.4174041826046889 239.3400000000486
11968 -0.4085813263937892 239.3600000000486
11969 -0.3994696714349725 239.3800000000487
11970 -0.3900757197671966 239.4000000000487
11971 -0.3804062019645509 239.4200000000487
11972 -0.3704680785217629 239.4400000000487
11973 -0.360268520336728 239.4600000000487
11974 -0.3498148940437244 239.4800000000487
11975 -0.339114790261681 239.5000000000487
11976 -0.3281759897960332 239.5200000000487
11977 -0.3170064451905603 239.5400000000487
11978 -0.3056142847932598 239.5600000000487
11979 -0.2940078276952118 239.5800000000488
11980 -0.2821955522627262 239.6000000000488
11981 -0.2701860824033729 239.6200000000488
11982 -0.2579881961816602 239.6400000000488
11983 -0.2456108226772472 239.6600000000488
11984 -0.2330630135212873 239.6800000000488
11985 -0.2203539377302574 239.7000000000488
11986 -0.2074928685454438 239.7200000000488
11987 -0.1944891911506529 239.7400000000488
11988 -0.1813523915460755 239.7600000000488
11989 -0.1680920348961643 239.7800000000489
11990 -0.1547177522696301 239.8000000000489
11991 -0.1412392381572319 239.8200000000489
11992 -0.1276662553399701 239.8400000000489
11993 -0.1140086148000266 239.8600000000489
11994 -0.1002761548019119 239.8800000000489
11995 -0.08647874368056156 239.9000000000489
11996 -0.07262628162467344 239.9200000000489
11997 -0.05872869377681661 239.9400000000489
11998 -0.0447958992681567 239.960000000049
11999 -0.03083780746873046 239.980000000049
12000 -0.01686432103308665 240.000000000049
12001 -0.002885318429382156 240.020000000049
12002 0.01108935191929249 240.040000000049
12003 0.02504987328713012 240.060000000049
12004 0.03898647047622455 240.080000000049
12005 0.05288942110329863 240.100000000049
12006 0.06674906920632813 240.120000000049
12007 0.08055582299162149 240.140000000049
12008 0.09430015498405636 240.1600000000491
12009 0.1079726186147412 240.1800000000491
12010 0.1215638495718297 240.2000000000491
12011 0.1350645702569178 240.2200000000491
12012 0.1484656036770244 240.2400000000491
12013 0.161757879700205 240.2600000000491
12014 0.1749324347344142 240.2800000000491
12015 0.1879804093475226 240.3000000000491
12016 0.2008930453122216 240.3200000000491
12017 0.2136617164467032 240.3400000000491
12018 0.2262779338853349 240.3600000000492
12019 0.2387333293094893 240.3800000000492
12020 0.2510196740902727 240.4000000000492
12021 0.2631288865000156 240.4200000000492
12022 0.2750530127728513 240.4400000000492
12023 0.2867842338125506 240.4600000000492
12024 0.2983148763683712 240.4800000000492
12025 0.3096374221256071 240.5000000000492
12026 0.3207444946651409 240.5200000000492
12027 0.3316288724695048 240.5400000000492
12028 0.3422834808955307 240.5600000000493
12029 0.3527013858075084 240.5800000000493
12030 0.3628758141344982 240.6000000000493
12031 0.3728001591485727 240.6200000000493
12032 0.3824679696622031 240.6400000000493
12033 0.3918729527622782 240.6600000000493
12034 0.4010089987743655 240.6800000000493
12035 0.4098701566591967 240.7000000000493
12036 0.418450631731682 240.7200000000493
12037 0.426744799884569 240.7400000000493
12038 0.4347472032177807 240.7600000000494
12039 0.4424525321951625 240.7800000000494
12040 0.4498556582825944 240.8000000000494
12041 0.4569516286292915 240.8200000000494
12042 0.4637356623208753 240.8400000000494
12043 0.4702031318538724 240.8600000000494
12044 0.4763496040890538 240.8800000000494
12045 0.4821708633886984 240.9000000000494
12046 0.4876628444748917 240.9200000000494
12047 0.4928216587489654 240.9400000000495
12048 0.4976436600737523 240.9600000000495
12049 0.5021253753979467 240.9800000000495
12050 0.5062635128429839 241.0000000000495
12051 0.5100550145348631 241.0200000000495
12052 0.5134970237966074 241.0400000000495
12053 0.5165868775018311 241.0600000000495
12054 0.5193221274273457 241.0800000000495
12055 0.5217005534604003 241.1000000000495
12056 0.5237201227755229 241.1200000000495
12057 0.5253790218806198 241.1400000000496
12058 0.5266757100960732 241.1600000000496
12059 0.5276088800772948 241.1800000000496
12060 0.5281774291972222 241.2000000000496
12061 0.5283804827495006 241.2200000000496
12062 0.5282174302881064 241.2400000000496
12063 0.5276879341326292 241.2600000000496
12064 0.526791899727641 241.2800000000496
12065 0.5255294661906695 241.3000000000496
12066 0.5239010257200644 241.3200000000496
12067 0.5219072289665354 241.3400000000497
12068 0.5195489923524872 241.3600000000497
12069 0.5168275023876272 241.3800000000497
12070 0.5137442171688524 241.4000000000497
12071 0.5103008777882573 241.4200000000497
12072 0.5064994807546165 241.4400000000497
12073 0.5023423093443526 241.4600000000497
12074 0.4978319329631368 241.4800000000497
12075 0.4929711832949384 241.5000000000497
12076 0.4877631449231184 241.5200000000497
12077 0.4822111700572334 241.5400000000498
12078 0.4763189212800638 241.5600000000498
12079 0.4700903381248619 241.5800000000498
12080 0.4635296087633753 241.6000000000498
12081 0.4566411814845177 241.6200000000498
12082 0.4494297966457159 241.6400000000498
12083 0.4419004441589246 241.6600000000498
12084 0.4340583264694229 241.6800000000498
12085 0.4259088882629433 241.7000000000498
12086 0.4174578469899402 241.7200000000499
12087 0.4087111430117679 241.7400000000499
12088 0.3996749415222759 241.7600000000499
12089 0.3903556631470408 241.7800000000499
12090 0.3807599645608685 241.8000000000499
12091 0.3708947151121899 241.8200000000499
12092 0.3607670058088747 241.8400000000499
12093 0.3503841361561781 241.8600000000499
12094 0.3397536143535255 241.8800000000499
12095 0.3288831442007412 241.9000000000499
12096 0.3177806089408657 241.92000000005
12097 0.3064540534076061 241.94000000005
12098 0.2949117061090643 241.96000000005
12099 0.283161981003222 241.98000000005
12100 0.2712134310972362 242.00000000005
12101 0.2590747300486244 242.02000000005
12102 0.246754698148463 242.04000000005
12103 0.2342622995133248 242.06000000005
12104 0.2216066102890493 242.08000000005
12105 0.208796822757666 242.10000000005
12106 0.1958422481790089 242.1200000000501
12107 0.1827523017237195 242.1400000000501
12108 0.1695364784348585 242.1600000000501
12109 0.1562043599706794 242.1800000000501
12110 0.1427655975504674 242.2000000000501
12111 0.129229899459736 242.2200000000501
12112 0.11560702918633 242.2400000000501
12113 0.1019067907158292 242.2600000000501
12114 0.08813901524247117 242.2800000000501
12115 0.07431356899741201 242.3000000000501
12116 0.06044033854457799 242.3200000000502
12117 0.04652920898991687 242.3400000000502
12118 0.03259007217448405 242.3600000000502
12119 0.01863281496922553 242.3800000000502
12120 0.004667285782248991 242.4000000000502
12121 -0.009296696330809201 242.4200000000502
12122 -0.02324931989714352 242.4400000000502
12123 -0.03718081474033562 242.4600000000502
12124 -0.05108147640101865 242.4800000000502
12125 -0.06494165507298703 242.5000000000502
12126 -0.07875175668543434 242.5200000000503
12127 -0.09250226271771482 242.5400000000503
12128 -0.1061837374458865 242.5600000000503
12129 -0.1197868247808089 242.5800000000503
12130 -0.1333022489297372 242.6000000000503
12131 -0.1467208224077491 242.6200000000503
12132 -0.1600334511679416 242.6400000000503
12133 -0.1732311410394247 242.6600000000503
12134 -0.1863050304423468 242.6800000000503
12135 -0.1992463773887198 242.7000000000504
12136 -0.2120465429155466 242.7200000000504
12137 -0.2246970046586217 242.7400000000504
12138 -0.2371893865889064 242.7600000000504
12139 -0.2495154396889246 242.7800000000504
12140 -0.2616670400841625 242.8000000000504
12141 -0.273636209869548 242.8200000000504
12142 -0.2854151105627815 242.8400000000504
12143 -0.2969960450784854 242.8600000000504
12144 -0.3083714441998059 242.8800000000504
12145 -0.3195338897686218 242.9000000000505
12146 -0.3304761034164422 242.9200000000505
12147 -0.3411909697022876 242.9400000000505
12148 -0.3516715189489647 242.9600000000505
12149 -0.3619109342408576 242.9800000000505
12150 -0.3719025639801471 243.0000000000505
12151 -0.3816399292014354 243.0200000000505
12152 -0.3911166994287917 243.0400000000505
12153 -0.4003266882263107 243.0600000000505
12154 -0.4092638753752979 243.0800000000505
12155 -0.4179224045230775 243.1000000000506
12156 -0.4262965800753085 243.1200000000506
12157 -0.4343808733027277 243.1400000000506
12158 -0.4421699392151884 243.1600000000506
12159 -0.4496586021062506 243.1800000000506
12160 -0.4568418557619608 243.2000000000506
12161 -0.4637148604826051 243.2200000000506
12162 -0.4702729567315905 243.2400000000506
12163 -0.4765116572862582 243.2600000000506
12164 -0.482426647746602 243.2800000000506
12165 -0.4880137947745632 243.3000000000507
12166 -0.4932691275553512 243.3200000000507
12167 -0.4981888653346167 243.3400000000507
12168 -0.5027694377885629 243.3600000000507
12169 -0.5070074756579621 243.3800000000507
12170 -0.5108997964786868 243.4000000000507
12171 -0.5144434247650652 243.4200000000507
12172 -0.5176355819707744 243.4400000000507
12173 -0.5204737121808249 243.4600000000507
12174 -0.5229554918221828 243.4800000000508
12175 -0.5250788010632821 243.5000000000508
12176 -0.5268417122945737 243.5200000000508
12177 -0.528242520498456 243.5400000000508
12178 -0.5292797896815364 243.5600000000508
12179 -0.52995233438473 243.5800000000508
12180 -0.5302591846109752 243.6000000000508
12181 -0.530199613412587 243.6200000000508
12182 -0.5297731648649643 243.6400000000508
12183 -0.528979624314283 243.6600000000508
12184 -0.527819040983275 243.6800000000509
12185 -0.5262917076216278 243.7000000000509
12186 -0.5243981788481222 243.7200000000509
12187 -0.5221392731981869 243.7400000000509
12188 -0.519516098506047 243.7600000000509
12189 -0.5165300481862282 243.7800000000509
12190 -0.5131827685296846 243.8000000000509
12191 -0.5094761642643842 243.8200000000509
12192 -0.5054124368437425 243.8400000000509
12193 -0.5009940812094749 243.8600000000509
12194 -0.4962238516034113 243.880000000051
12195 -0.4911047716612338 243.900000000051
12196 -0.4856401292202627 243.920000000051
12197 -0.4798334948103536 243.940000000051
12198 -0.473688703087524 243.960000000051
12199 -0.467209863696542 243.980000000051
12200 -0.460401354671824 244.000000000051
12201 -0.4532678182280481 244.020000000051
12202 -0.4458141284307202 244.040000000051
12203 -0.4380454221128814 244.060000000051
12204 -0.4299671212598484 244.0800000000511
12205 -0.4215848962084639 244.1000000000511
12206 -0.4129046490337522 244.1200000000511
12207 -0.4039325252449219 244.1400000000511
12208 -0.394674909942947 244.1600000000511
12209 -0.3851384308961258 244.1800000000511
12210 -0.3753299357016837 244.2000000000511
12211 -0.3652564951440293 244.2200000000511
12212 -0.3549253772548556 244.2400000000511
12213 -0.3443440651742544 244.2600000000511
12214 -0.333520249201823 244.2800000000512
12215 -0.3224618006894202 244.3000000000512
12216 -0.3111767602474536 244.3200000000512
12217 -0.2996733580308559 244.3400000000512
12218 -0.2879599958439277 244.3600000000512
12219 -0.2760452266735602 244.3800000000512
12220 -0.2639377554560964 244.4000000000512
12221 -0.2516464375962078 244.4200000000512
12222 -0.2391802699601646 244.4400000000512
12223 -0.2265483664188896 244.4600000000513
12224 -0.2137599494685028 244.4800000000513
12225 -0.2008243488708723 244.5000000000513
12226 -0.187751007432841 244.5200000000513
12227 -0.1745494508036907 244.5400000000513
12228 -0.1612292770056036 244.5600000000513
12229 -0.1478001527175997 244.5800000000513
12230 -0.1342718090636075 244.6000000000513
12231 -0.1206540342557693 244.6200000000513
12232 -0.1069566549210985 244.6400000000513
12233 -0.09318952458028297 244.6600000000514
12234 -0.07936252862278803 244.6800000000514
12235 -0.06548558354482245 244.7000000000514
12236 -0.05156861298561053 244.7200000000514
12237 -0.03762152925768165 244.7400000000514
12238 -0.02365423955329135 244.7600000000514
12239 -0.009676638718999864 244.7800000000514
12240 0.004301411294722396 244.8000000000514
12241 0.01827007951718491 244.8200000000514
12242 0.03221956840846468 244.8400000000514
12243 0.04614012868022991 244.8600000000515
12244 0.06002207051662753 244.8800000000515
12245 0.07385577024158266 244.9000000000515
12246 0.08763166857112292 244.9200000000515
12247 0.1013402784474969 244.9400000000515
12248 0.1149721960008645 244.9600000000515
12249 0.1285180997555867 244.9800000000515
12250 0.1419687635383469 245.0000000000515
12251 0.1553150634358523 245.0200000000515
12252 0.1685479829835143 245.0400000000515
12253 0.1816586179940156 245.0600000000516
12254 0.1946381622678844 245.0800000000516
12255 0.207477917799368 245.1000000000516
12256 0.2201693231003388 245.1200000000516
12257 0.232703956956848 245.1400000000516
12258 0.2450735220695885 245.1600000000516
12259 0.2572698633388918 245.1800000000516
12260 0.2692849654599972 245.2000000000516
12261 0.2811109406467371 245.2200000000516
12262 0.2927400483372757 245.2400000000517
12263 0.3041646912009441 245.2600000000517
12264 0.3153774243035001 245.2800000000517
12265 0.3263709447178133 245.3000000000517
12266 0.3371381003696461 245.3200000000517
12267 0.3476718991734835 245.3400000000517
12268 0.3579654932911938 245.3600000000517
12269 0.3680121898962339 245.3800000000517
12270 0.3778054575997815 245.4000000000517
12271 0.3873389262796331 245.4200000000517
12272 0.3966064049543013 245.4400000000518
12273 0.4056018687566318 245.4600000000518
12274 0.4143194391847987 245.4800000000518
12275 0.4227534139209072 245.5000000000518
12276 0.4308982563865623 245.5200000000518
12277 0.4387485800076208 245.5400000000518
12278 0.4462991684017885 245.5600000000518
12279 0.4535449848341256 245.5800000000518
12280 0.4604811627688629 245.6000000000518
12281 0.4671030053979691 245.6200000000518
12282 0.4734059953727439 245.6400000000519
12283 0.4793858067511741 245.6600000000519
12284 0.48503829047662 245.6800000000519
12285 0.4903594675674335 245.7000000000519
12286 0.4953455822104156 245.7200000000519
12287 0.4999930730637152 245.7400000000519
12288 0.5042985635478416 245.7600000000519
12289 0.5082588821558659 245.7800000000519
12290 0.5118710698436812 245.8000000000519
12291 0.5151323601103701 245.8200000000519
12292 0.5180402070402795 245.840000000052
12293 0.5205922820926316 245.860000000052
12294 0.5227864563887852 245.880000000052
12295 0.5246208041461959 245.900000000052
12296 0.5260936563602375 245.920000000052
12297 0.5272035969038978 245.940000000052
12298 0.5279494180618076 245.960000000052
12299 0.5283301464707955 245.980000000052
12300 0.5283450437100623 246.000000000052
12301 0.5279936216039123 246.0200000000521
12302 0.5272756707191576 246.0400000000521
12303 0.5261912259154025 246.0600000000521
12304 0.524740553905726 246.0800000000521
12305 0.5229241687821208 246.1000000000521
12306 0.520742865677518 246.1200000000521
12307 0.5181976933168639 246.1400000000521
12308 0.5152899732583558 246.1600000000521
12309 0.5120213197657362 246.1800000000521
12310 0.5083936083025111 246.2000000000521
12311 0.5044089743535749 246.2200000000522
12312 0.5000698460778664 246.2400000000522
12313 0.4953789353427773 246.2600000000522
12314 0.4903392052182287 246.2800000000522
12315 0.4849538746307223 246.3000000000522
12316 0.4792264487888365 246.3200000000522
12317 0.4731607386525344 246.3400000000522
12318 0.4667608211306402 246.3600000000522
12319 0.4600310107107282 246.3800000000522
12320 0.4529759003893696 246.4000000000522
12321 0.4456003713327451 246.4200000000523
12322 0.4379095222202219 246.4400000000523
12323 0.4299086702778909 246.4600000000523
12324 0.4216034014778209 246.4800000000523
12325 0.4129995596094873 246.5000000000523
12326 0.4041031913395043 246.5200000000523
12327 0.394920586740751 246.5400000000523
12328 0.3854582989637301 246.5600000000523
12329 0.3757231017799895 246.5800000000523
12330 0.3657219718801237 246.6000000000523
12331 0.3554621076772974 246.6200000000524
12332 0.3449509201195497 246.6400000000524
12333 0.3341960211526875 246.6600000000524
12334 0.3232052045754198 246.6800000000524
12335 0.3119864424901443 246.7000000000524
12336 0.3005478690860136 246.7200000000524
12337 0.2888978059111066 246.7400000000524
12338 0.2770447525315675 246.7600000000524
12339 0.2649973183371333 246.7800000000524
12340 0.2527642460405109 246.8000000000524
12341 0.2403544393635218 246.8200000000525
12342 0.2277769225393445 246.8400000000525
12343 0.215040825256079 246.8600000000525
12344 0.202155402879564 246.8800000000525
12345 0.1891300211422852 246.9000000000525
12346 0.1759741401593303 246.9200000000525
12347 0.162697302153663 246.9400000000525
12348 0.1493091237987264 246.9600000000525
12349 0.1358192849145293 246.9800000000525
12350 0.1222375256513085 247.0000000000526
12351 0.1085736322194544 247.0200000000526
12352 0.09483742341357153 247.0400000000526
12353 0.08103874854306978 247.0600000000526
12354 0.06718748820402755 247.0800000000526
12355 0.05329352884676249 247.1000000000526
12356 0.03936675717658446 247.1200000000526
12357 0.02541706680188243 247.1400000000526
12358 0.01145432579579642 247.1600000000526
12359 -0.002511638349018923 247.1800000000526
12360 -0.01647100560471137 247.2000000000527
12361 -0.03041397894977409 247.2200000000527
12362 -0.04433082662234782 247.2400000000527
12363 -0.05821187285540454 247.2600000000527
12364 -0.0720474910202067 247.2800000000527
12365 -0.08582812627984474 247.3000000000527
12366 -0.09954430399670003 247.3200000000527
12367 -0.1131866271223892 247.3400000000527
12368 -0.1267457795217645 247.3600000000527
12369 -0.1402125324378198 247.3800000000527
12370 -0.1535777498290836 247.4000000000528
12371 -0.1668323891561901 247.4200000000528
12372 -0.1799675159419575 247.4400000000528
12373 -0.1929743266513868 247.4600000000528
12374 -0.2058441370830565 247.4800000000528
12375 -0.2185683661815994 247.5000000000528
12376 -0.2311385668992665 247.5200000000528
12377 -0.2435464291659523 247.5400000000528
12378 -0.2557837664457961 247.5600000000528
12379 -0.2678425292326695 247.5800000000528
12380 -0.2797148136323017 247.6000000000529
12381 -0.2913928532229608 247.6200000000529
12382 -0.3028690156290166 247.6400000000529
12383 -0.3141358073097626 247.6600000000529
12384 -0.3251858805942223 247.6800000000529
12385 -0.3360120380830451 247.7000000000529
12386 -0.3466072464602056 247.7200000000529
12387 -0.356964606712926 247.7400000000529
12388 -0.3670773875846793 247.7600000000529
12389 -0.3769390317114008 247.780000000053
12390 -0.386543137013223 247.800000000053
12391 -0.3958834447406292 247.820000000053
12392 -0.4049538537794546 247.840000000053
12393 -0.4137484286902454 247.860000000053
12394 -0.4222613954017373 247.880000000053
12395 -0.4304871416280233 247.900000000053
12396 -0.4384202311992501 247.920000000053
12397 -0.4460554082114971 247.940000000053
12398 -0.4533875867230109 247.960000000053
12399 -0.4604118459382603 247.9800000000531
12400 -0.4671234384494543 248.0000000000531
12401 -0.4735177862131988 248.0200000000531
12402 -0.479590494193558 248.0400000000531
12403 -0.48533734785862 248.0600000000531
12404 -0.4907542983807779 248.0800000000531
12405 -0.495837465944146 248.1000000000531
12406 -0.5005831833849506 248.1200000000531
12407 -0.504987988243906 248.1400000000531
12408 -0.5090485962603999 248.1600000000531
12409 -0.5127619242236257 248.1800000000532
12410 -0.5161251034145357 248.2000000000532
12411 -0.5191354694355061 248.2200000000532
12412 -0.5217905794700823 248.2400000000532
12413 -0.5240882129165436 248.2600000000532
12414 -0.5260263583504124 248.2800000000532
12415 -0.527603206707624 248.3000000000532
12416 -0.5288171774050215 248.3200000000532
12417 -0.5296669684355981 248.3400000000532
12418 -0.5301515038451342 248.3600000000532
12419 -0.5302699456399167 248.3800000000533
12420 -0.5300216949548209 248.4000000000533
12421 -0.5294064224169021 248.4200000000533
12422 -0.5284240527437695 248.4400000000533
12423 -0.527074763502367 248.4600000000533
12424 -0.5253589779451583 248.4800000000533
12425 -0.5232773801007584 248.5000000000533
12426 -0.5208309412941853 248.5200000000533
12427 -0.5180209164450327 248.5400000000533
12428 -0.5148488314617363 248.5600000000533
12429 -0.5113164641189843 248.5800000000534
12430 -0.5074258649110882 248.6000000000534
12431 -0.5031793889088511 248.6200000000534
12432 -0.498579672762865 248.6400000000534
12433 -0.4936296062677648 248.6600000000534
12434 -0.4883323448947626 248.6800000000534
12435 -0.4826913249711557 248.7000000000534
12436 -0.4767102559337353 248.7200000000534
12437 -0.4703931059106327 248.7400000000534
12438 -0.4637441262814424 248.7600000000535
12439 -0.4567678325835927 248.7800000000535
12440 -0.4494689869894239 248.8000000000535
12441 -0.4418525982182627 248.8200000000535
12442 -0.4339239520321646 248.8400000000535
12443 -0.4256885957869075 248.8600000000535
12444 -0.4171523194456361 248.8800000000535
12445 -0.4083211477626827 248.9000000000535
12446 -0.399201356407562 248.9200000000535
12447 -0.3897994565821039 248.9400000000535
12448 -0.3801221849424544 248.9600000000536
12449 -0.3701765067804243 248.9800000000536
12450 -0.3599695992094277 249.0000000000536
12451 -0.3495088380636893 249.0200000000536
12452 -0.3388018138144366 249.0400000000536
12453 -0.3278563166006626 249.0600000000536
12454 -0.3166803019296429 249.0800000000536
12455 -0.3052819037744595 249.1000000000536
12456 -0.2936694511480941 249.1200000000536
12457 -0.2818514202200869 249.1400000000536
12458 -0.2698364415692597 249.1600000000537
12459 -0.2576332969724336 249.1800000000537
12460 -0.2452509213529726 249.2000000000537
12461 -0.2326983699544242 249.2200000000537
12462 -0.2199848119493075 249.2400000000537
12463 -0.2071195260573384 249.2600000000537
12464 -0.1941119009695067 249.2800000000537
12465 -0.1809714249992512 249.3000000000537
12466 -0.1677076649364234 249.3200000000537
12467 -0.1543302509713737 249.3400000000537
12468 -0.1408488845447845 249.3600000000538
12469 -0.1272733279259681 249.3800000000538
12470 -0.1136133921209852 249.4000000000538
12471 -0.0998789189000442 249.4200000000538
12472 -0.08607977589899438 249.4400000000538
12473 -0.07222586525002811 249.4600000000538
12474 -0.05832711185971382 249.4800000000538
12475 -0.04439343391477799 249.5000000000538
12476 -0.03043474187713985 249.5200000000538
12477 -0.01646093798505754 249.5400000000539
12478 -0.002481899512917918 249.5600000000539
12479 0.01149252546998826 249.5800000000539
12480 0.02545252143205491 249.6000000000539
12481 0.03938831420114116 249.6200000000539
12482 0.05329018392587802 249.6400000000539
12483 0.06714847544924427 249.6600000000539
12484 0.08095359880316783 249.6800000000539
12485 0.09469602878174128 249.7000000000539
12486 0.1083663213506976 249.7200000000539
12487 0.1219551144512491 249.740000000054
12488 0.1354531329786454 249.760000000054
12489 0.1488512023479985 249.780000000054
12490 0.1621402560963841 249.800000000054
12491 0.1753113335730968 249.820000000054
12492 0.1883555777162497 249.840000000054
12493 0.2012642345946202 249.860000000054
12494 0.2140286820946432 249.880000000054
12495 0.2266404328731239 249.900000000054
12496 0.2390911230069556 249.920000000054
12497 0.2513725289804627 249.9400000000541
12498 0.2634765713986118 249.9600000000541
12499 0.2753953014946201 249.9800000000541
12500 0.2871209017789031 250.0000000000541
12501 0.2986457074854783 250.0200000000541
12502 0.3099621992395871 250.0400000000541
12503 0.321063008914556 250.0600000000541
12504 0.3319409167012621 250.0800000000541
12505 0.3425888508734929 250.1000000000541
12506 0.3529998849859961 250.1200000000541
12507 0.3631672473196114 250.1400000000542
12508 0.3730843377766788 250.1600000000542
12509 0.3827447094493945 250.1800000000542
12510 0.3921420740197086 250.2000000000542
12511 0.4012703260661163 250.2200000000542
12512 0.4101235209267944 250.2400000000542
12513 0.4186958651502901 250.2600000000542
12514 0.4269817429584657 250.2800000000542
12515 0.4349756965771854 250.3000000000542
12516 0.4426724250085017 250.3200000000543
12517 0.4500668008283292 250.3400000000543
12518 0.4571538759751996 250.3600000000543
12519 0.4639288740083823 250.3800000000543
12520 0.4703871757892724 250.4000000000543
12521 0.4765243510756498 250.4200000000543
12522 0.4823361903920335 250.4400000000543
12523 0.4878186292732077 250.4600000000543
12524 0.4929677914146525 250.4800000000543
12525 0.4977800347087059 250.5000000000543
12526 0.5022518901231896 250.5200000000544
12527 0.5063800708384769 250.5400000000544
12528 0.5101615264784306 250.5600000000544
12529 0.5135934068887296 250.5800000000544
12530 0.5166730473262786 250.6000000000544
12531 0.5193980164571662 250.6200000000544
12532 0.52176609537304 250.6400000000544
12533 0.5237752558669206 250.6600000000544
12534 0.5254236923865455 250.6800000000544
12535 0.5267098715042858 250.7000000000544
12536 0.5276324947281723 250.7200000000545
12537 0.5281904613977225 250.7400000000545
12538 0.5283829052332167 250.7600000000545
12539 0.5282092257271154 250.7800000000545
12540 0.5276690889885139 250.8000000000545
12541 0.5267624109700949 250.8200000000545
12542 0.5254893374806501 250.8400000000545
12543 0.5238502651213889 250.8600000000545
12544 0.5218458576576803 250.8800000000545
12545 0.5194770362426492 250.9000000000545
12546 0.5167449907989938 250.9200000000546
12547 0.5136511951363163 250.9400000000546
12548 0.5101973962690411 250.9600000000546
12549 0.5063855945622221 250.9800000000546
12550 0.5022180847385697 251.0000000000546
12551 0.4976974463958381 251.0200000000546
12552 0.492826518125291 251.0400000000546
12553 0.4876083887692605 251.0600000000546
12554 0.4820464223487622 251.0800000000546
12555 0.4761442890264046 251.1000000000546
12556 0.4699059379895269 251.1200000000547
12557 0.4633355617901656 251.1400000000547
12558 0.4564376204178093 251.1600000000547
12559 0.4492168590750493 251.1800000000547
12560 0.4416782782051309 251.2000000000547
12561 0.4338270837912531 251.2200000000547
12562 0.425668729593361 251.2400000000547
12563 0.4172089409990027 251.2600000000547
12564 0.4084536667126753 251.2800000000547
12565 0.3994090732031628 251.3000000000548
12566 0.3900815945190799 251.3200000000548
12567 0.3804778918313027 251.3400000000548
12568 0.3706048413088052 251.3600000000548
12569 0.3604695392243263 251.3800000000548
12570 0.3500792941505596 251.4000000000548
12571 0.3394416157813934 251.4200000000548
12572 0.3285642179920516 251.4400000000548
12573 0.3174549872593589 251.4600000000548
12574 0.3061219742385355 251.4800000000548
12575 0.2945734121630045 251.5000000000549
12576 0.2828177207589774 251.5200000000549
12577 0.2708634554781553 251.5400000000549
12578 0.2587192954268075 251.5600000000549
12579 0.2463940649809573 251.5800000000549
12580 0.2338967324517681 251.6000000000549
12581 0.221236377359826 251.6200000000549
12582 0.2084221948825802 251.6400000000549
12583 0.1954635013622815 251.6600000000549
12584 0.1823697113606762 251.6800000000549
12585 0.1691503249940225 251.700000000055
12586 0.155814925696601 251.720000000055
12587 0.1423731666737178 251.740000000055
12588 0.1288347565198032 251.760000000055
12589 0.1152094625250965 251.780000000055
12590 0.1015070885081989 251.800000000055
12591 0.08773746596198503 251.820000000055
12592 0.07391046241792366 251.840000000055
12593 0.06003596554364511 251.860000000055
12594 0.04612385967346062 251.880000000055
12595 0.03218403607763158 251.9000000000551
12596 0.01822638286586783 251.9200000000551
12597 0.004260747287934883 251.9400000000551
12598 -0.009703052889985582 251.9600000000551
12599 -0.02365520675032209 251.9800000000551
12600 -0.03758594435543771 252.0000000000551
12601 -0.05148556365127497 252.0200000000551
12602 -0.06534441676288118 252.0400000000551
12603 -0.07915291156196767 252.0600000000551
12604 -0.09290153178289047 252.0800000000552
12605 -0.1065808433984467 252.1000000000552
12606 -0.1201814931309653 252.1200000000552
12607 -0.1336942076597025 252.1400000000552
12608 -0.1471098024138542 252.1600000000552
12609 -0.1604191855747601 252.1800000000552
12610 -0.1736133680115493 252.2000000000552
12611 -0.1866834901079645 252.2200000000552
12612 -0.19962081227045 252.2400000000552
12613 -0.2124166998190717 252.2600000000552
12614 -0.2250626347067562 252.2800000000553
12615 -0.2375502457358389 252.3000000000553
12616 -0.2498712862033699 252.3200000000553
12617 -0.2620176368365388 252.3400000000553
12618 -0.2739813218102408 252.3600000000553
12619 -0.2857545099164069 252.3800000000553
12620 -0.2973295039629313 252.4000000000553
12621 -0.3086987432020344 252.4200000000553
12622 -0.3198548080922264 252.4400000000553
12623 -0.3307904294968175 252.4600000000553
12624 -0.3414984949856104 252.4800000000554
12625 -0.3519720398025076 252.5000000000554
12626 -0.3622042498765689 252.5200000000554
12627 -0.3721884794534256 252.5400000000554
12628 -0.381918256820108 252.5600000000554
12629 -0.3913872496015971 252.5800000000554
12630 -0.4005892825637165 252.6000000000554
12631 -0.4095183373870491 252.6200000000554
12632 -0.4181685618246295 252.6400000000554
12633 -0.4265342636010183 252.6600000000554
12634 -0.4346099253623766 252.6800000000555
12635 -0.4423902015727919 252.7000000000555
12636 -0.4498699268158274 252.7200000000555
12637 -0.4570440940830197 252.7400000000555
12638 -0.4639078728567804 252.7600000000555
12639 -0.4704566079014602 252.7800000000555
12640 -0.4766858144400961 252.8000000000555
12641 -0.4825911842600875 252.8200000000555
12642 -0.4881685902382776 252.8400000000555
12643 -0.4934140655753828 252.8600000000555
12644 -0.4983238357051341 252.8800000000556
12645 -0.502894333972587 252.9000000000556
12646 -0.5071221976996952 252.9200000000556
12647 -0.5110042535059032 252.9400000000556
12648 -0.5145375258870721 252.9600000000556
12649 -0.5177192453348757 252.9800000000556
12650 -0.520546866798562 253.0000000000556
12651 -0.5230180688762874 253.0200000000556
12652 -0.525130737591044 253.0400000000556
12653 -0.5268829548228423 253.0600000000557
12654 -0.5282730175356215 253.0800000000557
12655 -0.5292995037481776 253.1000000000557
12656 -0.5299612264150775 253.1200000000557
12657 -0.5302572304966924 253.1400000000557
12658 -0.5301867946107385 253.1600000000557
12659 -0.5297494647121002 253.1800000000557
12660 -0.5289450417003172 253.2000000000557
12661 -0.5277735777011465 253.2200000000557
12662 -0.5262353743046616 253.2400000000557
12663 -0.5243309942434994 253.2600000000558
12664 -0.5220612641516927 253.2800000000558
12665 -0.5194272991728485 253.3000000000558
12666 -0.5164305041734657 253.3200000000558
12667 -0.513072529265904 253.3400000000558
12668 -0.5093552891829393 253.3600000000558
12669 -0.5052809947357546 253.3800000000558
12670 -0.5008521454115044 253.4000000000558
12671 -0.4960715113456038 253.4200000000558
12672 -0.4909421165961292 253.4400000000558
12673 -0.4854672612866141 253.4600000000559
12674 -0.4796505205448399 253.4800000000559
12675 -0.4734957408731276 253.5000000000559
12676 -0.4670070384346049 253.5200000000559
12677 -0.4601888013830578 253.5400000000559
12678 -0.4530456755915139 253.5600000000559
12679 -0.44558254385201 253.5800000000559
12680 -0.4378045515212594 253.6000000000559
12681 -0.4297171292865165 253.6200000000559
12682 -0.4213259531187095 253.6400000000559
12683 -0.4126369349191972 253.660000000056
12684 -0.4036562241254962 253.680000000056
12685 -0.3943902172621427 253.700000000056
12686 -0.3848455425145931 253.720000000056
12687 -0.3750290574327642 253.740000000056
12688 -0.3649478406700405 253.760000000056
12689 -0.3546091627828152 253.780000000056
12690 -0.3440205156514917 253.800000000056
12691 -0.3331895987936692 253.820000000056
12692 -0.3221242841524076 253.8400000000561
12693 -0.3108326178689783 253.8600000000561
12694 -0.2993228390992401 253.8800000000561
12695 -0.2876033503718594 253.9000000000561
12696 -0.2756827114491653 253.9200000000561
12697 -0.2635696303941946 253.9400000000561
12698 -0.2512729685155988 253.9600000000561
12699 -0.2388017254912078 253.9800000000561
12700 -0.2261650177028117 254.0000000000561
12701 -0.21337207325193 254.0200000000561
12702 -0.2004322264448588 254.0400000000562
12703 -0.1873549186566354 254.0600000000562
12704 -0.1741496814273076 254.0800000000562
12705 -0.1608261126162053 254.1000000000562
12706 -0.1473938811686703 254.1200000000562
12707 -0.1338627229521396 254.1400000000562
12708 -0.1202424257593139 254.1600000000562
12709 -0.1065428166125725 254.1800000000562
12710 -0.09277375095478757 254.2000000000562
12711 -0.07894511429447293 254.2200000000562
12712 -0.06506682178172879 254.2400000000563
12713 -0.05114879673404945 254.2600000000563
12714 -0.03720095445012496 254.2800000000563
12715 -0.02323320280634071 254.3000000000563
12716 -0.009255434194740146 254.3200000000563
12717 0.004722490019687911 254.3400000000563
12718 0.01869073872245134 254.3600000000563
12719 0.032639515840141 254.3800000000563
12720 0.04655907393127905 254.4000000000563
12721 0.06043972522809755 254.4200000000563
12722 0.07427184689844538 254.4400000000564
12723 0.08804588196624406 254.4600000000564
12724 0.1017523470202213 254.4800000000564
12725 0.1153818384935098 254.5000000000564
12726 0.1289250382307162 254.5200000000564
12727 0.1423727236169794 254.5400000000564
12728 0.155715772408059 254.5600000000564
12729 0.1689451727140304 254.5800000000564
12730 0.1820520232634235 254.6000000000564
12731 0.1950275216213366 254.6200000000565
12732 0.2078629717825434 254.6400000000565
12733 0.2205498184974994 254.6600000000565
12734 0.2330796429067898 254.6800000000565
12735 0.2454441517452502 254.7000000000565
12736 0.2576351933918883 254.7200000000565
12737 0.2696447565187831 254.7400000000565
12738 0.2814649594711177 254.7600000000565
12739 0.2930880637140689 254.7800000000565
12740 0.3045064784513551 254.8000000000565
12741 0.3157127589003206 254.8200000000566
12742 0.326699609923391 254.8400000000566
12743 0.3374598821908107 254.8600000000566
12744 0.3479865883765226 254.8800000000566
12745 0.3582728854593372 254.9000000000566
12746 0.3683120842423518 254.9200000000566
12747 0.3780976588857093 254.9400000000566
12748 0.38762324538206 254.9600000000566
12749 0.3968826557504548 254.9800000000566
12750 0.4058698718710115 255.0000000000566
12751 0.414579019017316 255.0200000000567
12752 0.4230044006166641 255.0400000000567
12753 0.4311404835638203 255.0600000000567
12754 0.4389818859514656 255.0800000000567
12755 0.4465233958782497 255.1000000000567
12756 0.4537599828899245 255.1200000000567
12757 0.460686783958849 255.1400000000567
12758 0.4672991079919055 255.1600000000567
12759 0.473592441653312 255.1800000000567
12760 0.4795624695399185 255.2000000000567
12761 0.4852050417499363 255.2200000000568
12762 0.4905161867012528 255.2400000000568
12763 0.4954921549750668 255.2600000000568
12764 0.5001293838801937 255.2800000000568
12765 0.5044244978712695 255.3000000000568
12766 0.5083743469826355 255.3200000000568
12767 0.5119759730001434 255.3400000000568
12768 0.5152266025981822 255.3600000000568
12769 0.5181237077786029 255.3800000000568
12770 0.5206649749457559 255.4000000000568
12771 0.5228482748188142 255.4200000000569
12772 0.5246716833644299 255.4400000000569
12773 0.5261335494786554 255.4600000000569
12774 0.5272324580721766 255.4800000000569
12775 0.5279672106704566 255.5000000000569
12776 0.5283368360724193 255.5200000000569
12777 0.528340598738943 255.5400000000569
12778 0.5279780219672837 255.5600000000569
12779 0.5272489127755418 255.5800000000569
12780 0.5261533088256717 255.600000000057
12781 0.5246914851003172 255.620000000057
12782 0.5228639646396227 255.640000000057
12783 0.5206715490575332 255.660000000057
12784 0.5181152977959476 255.680000000057
12785 0.5151965407827316 255.700000000057
12786 0.5119168991669905 255.720000000057
12787 0.5082782518398408 255.740000000057
12788 0.5042827513464432 255.760000000057
12789 0.4999328313854338 255.780000000057
12790 0.4952312127077406 255.8000000000571
12791 0.4901808683345379 255.8200000000571
12792 0.484785021003321 255.8400000000571
12793 0.4790471888862955 255.8600000000571
12794 0.4729711908510656 255.8800000000571
12795 0.4665611084656324 255.9000000000571
12796 0.4598212674288159 255.9200000000571
12797 0.4527562701635428 255.9400000000571
12798 0.4453710045771514 255.9600000000571
12799 0.4376705770280659 255.9800000000571
12800 0.4296603117718628 256.0000000000571
12801 0.4213458043375713 256.0200000000571
12802 0.4127329032597972 256.0400000000571
12803 0.4038276635984246 256.0600000000571
12804 0.3946363841757736 256.0800000000571
12805 0.385165624959665 256.100000000057
12806 0.37542216391322 256.120000000057
12807 0.3654129883494358 256.140000000057
12808 0.3551453013017433 256.160000000057
12809 0.3446265199240713 256.180000000057
12810 0.3338642615732823 256.2000000000569
12811 0.3228663274543452 256.2200000000569
12812 0.3116406960853266 256.2400000000569
12813 0.3001955051335427 256.2600000000569
12814 0.2885390823377406 256.2800000000569
12815 0.2766799304596152 256.3000000000569
12816 0.2646266643693361 256.3200000000568
12817 0.2523880316150808 256.3400000000568
12818 0.2399729375279123 256.3600000000568
12819 0.2273904126509979 256.3800000000568
12820 0.2146495913703444 256.4000000000568
12821 0.2017597306032594 256.4200000000567
12822 0.1887301995728657 256.4400000000567
12823 0.1755704613601459 256.4600000000567
12824 0.1622900608624495 256.4800000000567
12825 0.1488986159464139 256.5000000000567
12826 0.1354058092760012 256.5200000000567
12827 0.1218213823708609 256.5400000000566
12828 0.1081551226667181 256.5600000000566
12829 0.09441684859177635 256.5800000000566
12830 0.08061641218558928 256.6000000000566
12831 0.06676369456961884 256.6200000000566
12832 0.05286858156364213 256.6400000000565
12833 0.03894096045141403 256.6600000000565
12834 0.02499072366867707 256.6800000000565
12835 0.01102773940168342 256.7000000000565
12836 -0.002938165131782317 256.7200000000565
12837 -0.01689717101231236 256.7400000000565
12838 -0.03083948302094445 256.7600000000564
12839 -0.04475536994017833 256.7800000000564
12840 -0.05863515766316293 256.8000000000564
12841 -0.07246922215143557 256.8200000000564
12842 -0.08624801028602656 256.8400000000564
12843 -0.09996205011614102 256.8600000000563
12844 -0.1136019466091005 256.8800000000563
12845 -0.127158386910384 256.9000000000563
12846 -0.1406221441986118 256.9200000000563
12847 -0.1539840862790429 256.9400000000563
12848 -0.1672351741925617 256.9600000000563
12849 -0.1803664756869509 256.9800000000562
12850 -0.1933691939392479 257.0000000000562
12851 -0.2062346443419259 257.0200000000562
12852 -0.2189542516616629 257.0400000000562
12853 -0.2315195728175582 257.0600000000562
12854 -0.2439223017483329 257.0800000000561
12855 -0.2561542562504334 257.1000000000561
12856 -0.2682073887103515 257.1200000000561
12857 -0.2800738010553477 257.1400000000561
12858 -0.2917457319916801 257.1600000000561
12859 -0.3032155535127389 257.1800000000561
12860 -0.3144757728173318 257.200000000056
12861 -0.325519049950735 257.220000000056
12862 -0.3363381946444329 257.240000000056
12863 -0.3469261726189341 257.260000000056
12864 -0.3572760935227176 257.280000000056
12865 -0.3673812277261476 257.3000000000559
12866 -0.3772350265585928 257.3200000000559
12867 -0.3868310900804234 257.3400000000559
12868 -0.3961631621243702 257.3600000000559
12869 -0.4052251511709077 257.3800000000559
12870 -0.4140111231165398 257.4000000000559
12871 -0.4225153128165973 257.4200000000558
12872 -0.4307321108131792 257.4400000000558
12873 -0.438656087710759 257.4600000000558
12874 -0.4462819941190052 257.4800000000558
12875 -0.4536047472226585 257.5000000000558
12876 -0.460619429229696 257.5200000000557
12877 -0.4673212993556867 257.5400000000557
12878 -0.4737057874105761 257.5600000000557
12879 -0.4797685051768027 257.5800000000557
12880 -0.4855052362137175 257.6000000000557
12881 -0.4909119388189785 257.6200000000557
12882 -0.4959847431394813 257.6400000000556
12883 -0.5007199834932839 257.6600000000556
12884 -0.5051142054166815 257.6800000000556
12885 -0.5091641312701 257.7000000000556
12886 -0.512866681861575 257.7200000000556
12887 -0.5162189940590988 257.7400000000555
12888 -0.5192184124680659 257.7600000000555
12889 -0.5218625043946662 257.7800000000555
12890 -0.5241490509059421 257.8000000000555
12891 -0.5260760469463772 257.8200000000555
12892 -0.5276416944124818 257.8400000000555
12893 -0.5288444151200629 257.8600000000554
12894 -0.5296829147115995 257.8800000000554
12895 -0.5301561261115857 257.9000000000554
12896 -0.5302632214737573 257.9200000000554
12897 -0.5300036061882109 257.9400000000554
12898 -0.5293769590736244 257.9600000000553
12899 -0.5283832188612115 257.9800000000553
12900 -0.5270225615666082 258.0000000000553
12901 -0.5252954250338256 258.0200000000553
12902 -0.5232025005699201 258.0400000000553
12903 -0.5207447654583213 258.0600000000553
12904 -0.5179234853893978 258.0800000000552
12905 -0.5147401952286347 258.1000000000552
12906 -0.5111966818102799 258.1200000000552
12907 -0.5072950043703472 258.1400000000552
12908 -0.50303752184884 258.1600000000552
12909 -0.4984268820731033 258.1800000000551
12910 -0.4934659869325943 258.2000000000551
12911 -0.4881579976624776 258.2200000000551
12912 -0.482506357396623 258.2400000000551
12913 -0.4765147867381657 258.2600000000551
12914 -0.4701872633903006 258.2800000000551
12915 -0.4635280464068929 258.300000000055
12916 -0.4565416598574585 258.320000000055
12917 -0.4492328734555557 258.340000000055
12918 -0.4416067008165673 258.360000000055
12919 -0.433668436177971 258.380000000055
12920 -0.4254236398090934 258.4000000000549
12921 -0.4168781047888294 258.4200000000549
12922 -0.4080378620333351 258.4400000000549
12923 -0.3989091988246247 258.4600000000549
12924 -0.3894986303050771 258.4800000000549
12925 -0.3798129015840935 258.5000000000549
12926 -0.36985898554004 258.5200000000548
12927 -0.3596440645832913 258.5400000000548
12928 -0.3491755219994012 258.5600000000548
12929 -0.3384609548399679 258.5800000000548
12930 -0.3275081583587057 258.6000000000548
12931 -0.316325091402192 258.6200000000547
12932 -0.3049199008159071 258.6400000000547
12933 -0.2933009124938308 258.6600000000547
12934 -0.2814766124520073 258.6800000000547
12935 -0.2694556329630447 258.7000000000547
12936 -0.2572467644253021 258.7200000000547
12937 -0.2448589423628268 258.7400000000546
12938 -0.2323012286619731 258.7600000000546
12939 -0.21958279377973 258.7800000000546
12940 -0.2067129215694259 258.8000000000546
12941 -0.193701003461277 258.8200000000546
12942 -0.1805565300479249 258.8400000000545
12943 -0.1672890702434006 258.8600000000545
12944 -0.153908257315819 258.8800000000545
12945 -0.1404237933902474 258.9000000000545
12946 -0.1268454446715095 258.9200000000545
12947 -0.1131830223401254 258.9400000000545
12948 -0.09944636920115364 258.9600000000544
12949 -0.08564535460246367 258.9800000000544
12950 -0.07178988006972752 259.0000000000544
12951 -0.0578898718151729 259.0200000000544
12952 -0.04395524692485683 259.0400000000544
12953 -0.02999591459702683 259.0600000000543
12954 -0.01602177937740488 259.0800000000543
12955 -0.002042717652957549 259.1000000000543
12956 0.01193142462534723 259.1200000000543
12957 0.02589083233370768 259.1400000000543
12958 0.03982573252024671 259.1600000000543
12959 0.05372640637033491 259.1800000000542
12960 0.06758320246829384 259.2000000000542
12961 0.0813865315371065 259.2200000000542
12962 0.09512687101397461 259.2400000000542
12963 0.1087947795497483 259.2600000000542
12964 0.1223808973178687 259.2800000000541
12965 0.1358759522889124 259.3000000000541
12966 0.1492707736215736 259.3200000000541
12967 0.162556296517936 259.3400000000541
12968 0.1757235648956924 259.3600000000541
12969 0.1887637235842521 259.3800000000541
12970 0.2016680235388121 259.400000000054
12971 0.2144278461738158 259.420000000054
12972 0.2270347082708093 259.440000000054
12973 0.2394802505582248 259.460000000054
12974 0.2517562531293734 259.480000000054
12975 0.2638546399428912 259.5000000000539
12976 0.2757674667610339 259.5200000000539
12977 0.2874869230570777 259.5400000000539
12978 0.2990053447608534 259.5600000000539
12979 0.3103152198708575 259.5800000000539
12980 0.321409181808468 259.6000000000539
12981 0.3322800184337777 259.6200000000538
12982 0.3429206617156931 259.6400000000538
12983 0.3533241865208696 259.6600000000538
12984 0.3634838294005932 259.6800000000538
12985 0.3733929948414181 259.7000000000538
12986 0.3830452396084292 259.7200000000537
12987 0.3924342830120313 259.7400000000537
12988 0.4015540252131051 259.7600000000537
12989 0.4103985233679385 259.7800000000537
12990 0.4189619903282192 259.8000000000537
12991 0.4272388162328772 259.8200000000537
12992 0.4352235493909173 259.8400000000536
12993 0.4429108896336256 259.8600000000536
12994 0.4502957168213172 259.8800000000536
12995 0.4573730888931856 259.9000000000536
12996 0.4641382339992455 259.9200000000536
12997 0.4705865354048401 259.9400000000535
12998 0.4767135730744845 259.9600000000535
12999 0.4825151390855186 259.9800000000535
13000 0.4879871791146715 260.0000000000535
13001 0.4931258196743855 260.0200000000535
13002 0.4979274248994012 260.0400000000535
13003 0.5023885325357399 260.0600000000534
13004 0.5065058652061331 260.0800000000534
13005 0.5102763742707316 260.1000000000534
13006 0.5136972164248678 260.1200000000534
13007 0.5167657375054702 260.1400000000534
13008 0.5194795065208302 260.1600000000533
13009 0.5218363135720726 260.1800000000533
13010 0.5238341380252943 260.2000000000533
13011 0.5254711845571931 260.2200000000533
13012 0.5267459210352764 260.2400000000533
13013 0.5276570602541686 260.2600000000533
13014 0.5282035074508834 260.2800000000532
13015 0.5283844023304353 260.3000000000532
13016 0.5281991558699207 260.3200000000532
13017 0.5276474400455384 260.3400000000532
13018 0.5267291798989667 260.3600000000532
13019 0.5254445307856225 260.3800000000531
13020 0.523793891201156 260.4000000000531
13021 0.5217779365342559 260.4200000000531
13022 0.5193975991154299 260.4400000000531
13023 0.5166540748425998 260.4600000000531
13024 0.5135488495162733 260.4800000000531
13025 0.5100836745431166 260.500000000053
13026 0.506260560988391 260.520000000053
13027 0.5020818113564868 260.540000000053
13028 0.4975500166286282 260.560000000053
13029 0.4926680230805562 260.580000000053
13030 0.4874389261709295 260.6000000000529
13031 0.4818661010079876 260.6200000000529
13032 0.475953225625609 260.6400000000529
13033 0.4697042587626618 260.6600000000529
13034 0.4631234024245205 260.6800000000529
13035 0.4562151230142789 260.7000000000529
13036 0.4489841761547856 260.7200000000528
13037 0.441435569119453 260.7400000000528
13038 0.4335745156828475 260.7600000000528
13039 0.4254064783706683 260.7800000000528
13040 0.4169371888010153 260.8000000000528
13041 0.408172603545976 260.8200000000527
13042 0.3991189012995366 260.8400000000527
13043 0.3897825183780041 260.8600000000527
13044 0.3801701246607005 260.8800000000527
13045 0.37028860582444 260.9000000000527
13046 0.3601450632043363 260.9200000000527
13047 0.3497468113313779 260.9400000000526
13048 0.3391013677701848 260.9600000000526
13049 0.3282164517297848 260.9800000000526
13050 0.3170999572596443 261.0000000000526
13051 0.305759938279016 261.0200000000526
13052 0.2942046345899076 261.0400000000525
13053 0.2824424716448677 261.0600000000525
13054 0.2704820099190491 261.0800000000525
13055 0.2583319309926677 261.1000000000525
13056 0.2460010661024423 261.1200000000525
13057 0.2334983860972227 261.1400000000525
13058 0.2208329754160496 261.1600000000524
13059 0.2080140319770048 261.1800000000524
13060 0.1950508755777575 261.2000000000524
13061 0.1819529251039264 261.2200000000524
13062 0.1687296822358265 261.2400000000524
13063 0.1553907320747765 261.2600000000523
13064 0.1419457295320874 261.2800000000523
13065 0.1284043875041858 261.3000000000523
13066 0.1147764731485515 261.3200000000523
13067 0.1010717911982715 261.3400000000523
13068 0.08730017565766232 261.3600000000523
13069 0.07347149383701947 261.3800000000522
13070 0.05959563370933826 261.4000000000522
13071 0.04568248119928321 261.4200000000522
13072 0.03174192735935443 261.4400000000522
13073 0.0177838576381875 261.4600000000522
13074 0.003818118668217595 261.4800000000521
13075 -0.01014547102160278 261.5000000000521
13076 -0.02409710190073778 261.5200000000521
13077 -0.03802700602399469 261.5400000000521
13078 -0.05192548209722801 261.5600000000521
13079 -0.06578288383971286 261.5800000000521
13080 -0.0795896214593768 261.600000000052
13081 -0.09333618125723478 261.620000000052
13082 -0.1070131316190355 261.640000000052
13083 -0.1206111221963538 261.660000000052
13084 -0.1341208816882162 261.680000000052
13085 -0.1475332297363389 261.7000000000519
13086 -0.160839076821189 261.7200000000519
13087 -0.1740294379998181 261.7400000000519
13088 -0.1870954574961936 261.7600000000519
13089 -0.2000283993506405 261.7800000000519
13090 -0.212819630475285 261.8000000000519
13091 -0.2254606404061496 261.8200000000518
13092 -0.2379430591333811 261.8400000000518
13093 -0.2502586459488946 261.8600000000518
13094 -0.2623992849590608 261.8800000000518
13095 -0.2743570039978659 261.9000000000518
13096 -0.2861239782137801 261.9200000000517
13097 -0.2976925137291345 261.9400000000517
13098 -0.3090550533404172 261.9600000000517
13099 -0.3202041849319947 261.9800000000517
13100 -0.3311326422472868 262.0000000000517
13101 -0.3418333154126488 262.0200000000517
13102 -0.3522992491826092 262.0400000000516
13103 -0.3625236298925174 262.0600000000516
13104 -0.3724998195820425 262.0800000000516
13105 -0.3822213478666073 262.1000000000516
13106 -0.3916818913441215 262.1200000000516
13107 -0.4008752752710492 262.1400000000515
13108 -0.4097954898193205 262.1600000000515
13109 -0.4184366930269638 262.1800000000515
13110 -0.4267931895134269 262.2000000000515
13111 -0.4348594699006005 262.2200000000515
13112 -0.4426301970845433 262.2400000000515
13113 -0.4501002063225529 262.2600000000514
13114 -0.4572644998933016 262.2800000000514
13115 -0.4641182522356634 262.3000000000514
13116 -0.4706568109105761 262.3200000000514
13117 -0.4768757002444629 262.3400000000514
13118 -0.4827706163947614 262.3600000000513
13119 -0.4883374346777827 262.3800000000513
13120 -0.4935721977245968 262.4000000000513
13121 -0.4984711360956718 262.4200000000513
13122 -0.5030306863569817 262.4400000000513
13123 -0.5072474949260156 262.4600000000513
13124 -0.5111183921339326 262.4800000000512
13125 -0.5146404141204599 262.5000000000512
13126 -0.5178107934053874 262.5200000000512
13127 -0.5206269905020148 262.5400000000512
13128 -0.5230866981270834 262.5600000000512
13129 -0.5251878068853473 262.5800000000511
13130 -0.5269283965131226 262.6000000000511
13131 -0.5283067850455178 262.6200000000511
13132 -0.5293215471925843 262.6400000000511
13133 -0.5299715124721553 262.6600000000511
13134 -0.5302557272179872 262.6800000000511
13135 -0.5301734795530436 262.700000000051
13136 -0.5297243244415848 262.720000000051
13137 -0.5289080726257861 262.740000000051
13138 -0.5277247821266561 262.760000000051
13139 -0.5261747613875015 262.780000000051
13140 -0.5242585850053832 262.8000000000509
13141 -0.5219770883475894 262.8200000000509
13142 -0.5193313957679321 262.8400000000509
13143 -0.516322918365653 262.8600000000509
13144 -0.5129533162927086 262.8800000000509
13145 -0.5092245135295326 262.9000000000509
13146 -0.5051387315248654 262.9200000000508
13147 -0.5006984798698949 262.9400000000508
13148 -0.495906531364508 262.9600000000508
13149 -0.4907659261202251 262.9800000000508
13150 -0.485279966054308 263.0000000000508
13151 -0.4794522408763027 263.0200000000507
13152 -0.4732866032291431 263.0400000000507
13153 -0.4667871773084387 263.0600000000507
13154 -0.4599583622292641 263.0800000000507
13155 -0.4528048119476894 263.1000000000507
13156 -0.4453314145791935 263.1200000000507
13157 -0.4375433286501529 263.1400000000506
13158 -0.4294459909171019 263.1600000000506
13159 -0.421045084583836 263.1800000000506
13160 -0.4123465315065995 263.2000000000506
13161 -0.4033564872603114 263.2200000000506
13162 -0.3940813522875373 263.2400000000505
13163 -0.3845277704862001 263.2600000000505
13164 -0.3747026045073396 263.2800000000505
13165 -0.3646129353234521 263.3000000000505
13166 -0.3542660449501888 263.3200000000505
13167 -0.3436694305338205 263.3400000000505
13168 -0.3328307950801885 263.3600000000504
13169 -0.3217580208775504 263.3800000000504
13170 -0.3104591563221109 263.4000000000504
13171 -0.2989424460182863 263.4200000000504
13172 -0.2872163025401154 263.4400000000504
13173 -0.2752892878712781 263.4600000000503
13174 -0.2631701124225853 263.4800000000503
13175 -0.2508676442410886 263.5000000000503
13176 -0.2383908879331645 263.5200000000503
13177 -0.2257489649329461 263.5400000000503
13178 -0.2129511046242889 263.5600000000503
13179 -0.2000066462600137 263.5800000000502
13180 -0.1869250345984703 263.6000000000502
13181 -0.173715801482847 263.6200000000502
13182 -0.1603885493334312 263.6400000000502
13183 -0.1469529475028007 263.6600000000502
13184 -0.1334187346347205 263.6800000000501
13185 -0.1197957012398965 263.7000000000501
13186 -0.1060936748825787 263.7200000000501
13187 -0.09232251127854003 263.7400000000501
13188 -0.0784920971741567 263.7600000000501
13189 -0.06461234893942898 263.7800000000501
13190 -0.05069318987867435 263.80000000005
13191 -0.03674453375636624 263.82000000005
13192 -0.02277629011442488 263.84000000005
13193 -0.008798350441911205 263.86000000005
13194 0.005179425063921946 263.88000000005
13195 0.01914720612768024 263.9000000000499
13196 0.03309519732323581 263.9200000000499
13197 0.0470136533861142 263.9400000000499
13198 0.06089288864502641 263.9600000000499
13199 0.07472328213134415 263.9800000000499
13200 0.08849527903383619 264.0000000000499
13201 0.1021993983748753 264.0200000000498
13202 0.1158262398732617 264.0400000000498
13203 0.1293664876754234 264.0600000000498
13204 0.1428109219199044 264.0800000000498
13205 0.1561504255140463 264.1000000000498
13206 0.1693759881475622 264.1200000000497
13207 0.1824787036744811 264.1400000000497
13208 0.1954497656295366 264.1600000000497
13209 0.2082804977913064 264.1800000000497
13210 0.2209623548725841 264.2000000000497
13211 0.2334869128008307 264.2200000000497
13212 0.2458458840417137 264.2400000000496
13213 0.2580311276710612 264.2600000000496
13214 0.2700346330070585 264.2800000000496
13215 0.281848521625611 264.3000000000496
13216 0.2934650603740077 264.3200000000496
13217 0.3048766649787271 264.3400000000495
13218 0.3160758943907486 264.3600000000495
13219 0.3270554566506572 264.3800000000495
13220 0.3378082106663675 264.4000000000495
13221 0.3483271711510846 264.4200000000495
13222 0.3586054978472283 264.4400000000495
13223 0.3686365100131171 264.4600000000494
13224 0.3784136875313815 264.4800000000494
13225 0.3879306698455789 264.5000000000494
13226 0.3971812764289372 264.5200000000494
13227 0.4061594923338302 264.5400000000494
13228 0.4148594499784429 264.5600000000493
13229 0.423275456463974 264.5800000000493
13230 0.4314019841722613 264.6000000000493
13231 0.4392336553180993 264.6200000000493
13232 0.4467652646057289 264.6400000000493
13233 0.4539917863683168 264.6600000000493
13234 0.460908364146601 264.6800000000492
13235 0.4675103100696287 264.7000000000492
13236 0.473793115496994 264.7200000000492
13237 0.4797524731561296 264.7400000000492
13238 0.4853842401871003 264.7600000000492
13239 0.4906844504323243 264.7800000000491
13240 0.495649360960431 264.8000000000491
13241 0.5002754162650134 264.8200000000491
13242 0.5045592473629853 264.8400000000491
13243 0.5084977070785062 264.8600000000491
13244 0.5120878468829619 264.8800000000491
13245 0.5153269017021923 264.900000000049
13246 0.5182123471352944 264.920000000049
13247 0.5207418781310019 264.940000000049
13248 0.5229133751759794 264.960000000049
13249 0.5247249145372085 264.980000000049
13250 0.5261748582423839 265.0000000000489
13251 0.5272617999142529 265.0200000000489
13252 0.5279845469114194 265.0400000000489
13253 0.5283421332705903 265.0600000000489
13254 0.5283338321719441 265.0800000000489
13255 0.5279591781900616 265.1000000000489
13256 0.5272179849696403 265.1200000000488
13257 0.5261103009736586 265.1400000000488
13258 0.5246364027856096 265.1600000000488
13259 0.5227968298975441 265.1800000000488
13260 0.5205923860535669 265.2000000000488
13261 0.5180241424612952 265.2200000000487
13262 0.5150934412626513 265.2400000000487
13263 0.5118019077951449 265.2600000000487
13264 0.5081514363509412 265.2800000000487
13265 0.5041441800488657 265.3000000000487
13266 0.49978258857073 265.3200000000487
13267 0.4950693879658564 265.3400000000486
13268 0.4900075597486365 265.3600000000486
13269 0.4846003378053899 265.3800000000486
13270 0.478851249271351 265.4000000000486
13271 0.4727641217829005 265.4200000000486
13272 0.4663430476196667 265.4400000000485
13273 0.4595923619652609 265.4600000000485
13274 0.4525166741887604 265.4800000000485
13275 0.4451208822499508 265.5000000000485
13276 0.437410099618798 265.5200000000485
13277 0.429389658307533 265.5400000000485
13278 0.4210651665920754 265.5600000000484
13279 0.4124424754694063 265.5800000000484
13280 0.4035276494509951 265.6000000000484
13281 0.394326996009141 265.6200000000484
13282 0.3848470841213359 265.6400000000484
13283 0.3750946999119708 265.6600000000483
13284 0.365076833681409 265.6800000000483
13285 0.354800700043265 265.7000000000483
13286 0.3442737208918395 265.7200000000483
13287 0.3335035205100105 265.7400000000483
13288 0.3224979062655099 265.7600000000483
13289 0.3112648606003039 265.7800000000482
13290 0.2998125313153968 265.8000000000482
13291 0.2881492485761442 265.8200000000482
13292 0.2762835209081597 265.8400000000482
13293 0.264223970739844 265.8600000000482
13294 0.2519793472421384 265.8800000000481
13295 0.2395585603171292 265.9000000000481
13296 0.2269706454463165 265.9200000000481
13297 0.2142247400103518 265.9400000000481
13298 0.2013301054579617 265.9600000000481
13299 0.1882961142309123 265.9800000000481
13300 0.1751322318874338 266.000000000048
13301 0.16184800513303 266.020000000048
13302 0.1484530543687929 266.040000000048
13303 0.134957064519084 266.060000000048
13304 0.1213697791509014 266.080000000048
13305 0.1077009868199143 266.1000000000479
13306 0.09396050767346156 266.1200000000479
13307 0.08015819471754848 266.1400000000479
13308 0.06630392896688948 266.1600000000479
13309 0.05240759728690257 266.1800000000479
13310 0.03847908628189776 266.2000000000479
13311 0.02452828789251157 266.2200000000478
13312 0.01056506962602728 266.2400000000478
13313 -0.003400741808281475 266.2600000000478
13314 -0.01735932833793932 266.2800000000478
13315 -0.0313008956611847 266.3000000000478
13316 -0.0452157146151316 266.3200000000477
13317 -0.05909411254869451 266.3400000000477
13318 -0.0729264683277812 266.3600000000477
13319 -0.08670323055940225 266.3800000000477
13320 -0.1004149296500747 266.4000000000477
13321 -0.1140521736749798 266.4200000000477
13322 -0.1276056525949846 266.4400000000476
13323 -0.1410661432374657 266.4600000000476
13324 -0.1544245154172052 266.4800000000476
13325 -0.1676717356521925 266.5000000000476
13326 -0.1807988745418069 266.5200000000476
13327 -0.1937971373631979 266.5400000000475
13328 -0.2066578457372515 266.5600000000475
13329 -0.2193724284708577 266.5800000000475
13330 -0.2319324463135673 266.6000000000475
13331 -0.2443295976767312 266.6200000000475
13332 -0.2565557054976547 266.6400000000475
13333 -0.2686027248973607 266.6600000000474
13334 -0.280462760717283 266.6800000000474
13335 -0.292128060379836 266.7000000000474
13336 -0.303590998912232 266.7200000000474
13337 -0.3148440878288382 266.7400000000474
13338 -0.3258799929560506 266.7600000000473
13339 -0.3366915288428998 266.7800000000473
13340 -0.3472716677575242 266.8000000000473
13341 -0.3576135184622068 266.8200000000473
13342 -0.367710363396784 266.8400000000473
13343 -0.3775556549300307 266.8600000000473
13344 -0.3871429958744582 266.8800000000472
13345 -0.3964661423337988 266.9000000000472
13346 -0.4055190041652614 266.9200000000472
13347 -0.4142956527041012 266.9400000000472
13348 -0.4227903281613345 266.9600000000472
13349 -0.4309974288521078 266.9800000000471
13350 -0.4389115314823239 267.0000000000471
13351 -0.4465273903965132 267.0200000000471
13352 -0.4538399282353258 267.0400000000471
13353 -0.4608442345318067 267.0600000000471
13354 -0.4675355719129515 267.0800000000471
13355 -0.4739093809900359 267.100000000047
13356 -0.4799612727113693 267.120000000047
13357 -0.4856870376780795 267.140000000047
13358 -0.4910826414108075 267.160000000047
13359 -0.4961442199067683 267.180000000047
13360 -0.5008681117558902 267.2000000000469
13361 -0.505250869830344 267.2200000000469
13362 -0.5092892292760227 267.2400000000469
13363 -0.5129801188984383 267.2600000000469
13364 -0.5163206675474629 267.2800000000469
13365 -0.5193082296451179 267.3000000000469
13366 -0.5219403875383759 267.3200000000468
13367 -0.5242149299950587 267.3400000000468
13368 -0.5261298524804493 267.3600000000468
13369 -0.5276833607642453 267.3800000000468
13370 -0.5288738993073044 267.4000000000468
13371 -0.529700172772988 267.4200000000467
13372 -0.5301611238691539 267.4400000000467
13373 -0.5302559304993211 267.4600000000467
13374 -0.5299840119078333 267.4800000000467
13375 -0.5293450524263837 267.5000000000467
13376 -0.5283389947177584 267.5200000000467
13377 -0.5269660339282509 267.5400000000466
13378 -0.52522660543648 267.5600000000466
13379 -0.5231214179463235 267.5800000000466
13380 -0.5206514531559157 267.6000000000466
13381 -0.5178179897504436 267.6200000000466
13382 -0.5146225701855365 267.6400000000465
13383 -0.5110669886712094 267.6600000000465
13384 -0.5071533160220776 267.6800000000465
13385 -0.5028839199114262 267.7000000000465
13386 -0.4982614587746613 267.7200000000465
13387 -0.4932888405514172 267.7400000000465
13388 -0.4879692371796748 267.7600000000464
13389 -0.4823061039142354 267.7800000000464
13390 -0.476303167136681 267.8000000000464
13391 -0.4699644135035209 267.8200000000464
13392 -0.4632941129444441 267.8400000000464
13393 -0.4562967990539729 267.8600000000463
13394 -0.4489772474971444 267.8800000000463
13395 -0.4413404826151257 267.9000000000463
13396 -0.4333918067137988 267.9200000000463
13397 -0.4251367912648805 267.9400000000463
13398 -0.4165812314176298 267.9600000000463
13399 -0.4077311730154588 267.9800000000462
13400 -0.3985929057102008 268.0000000000462
13401 -0.3891729580075976 268.0200000000462
13402 -0.3794780769941164 268.0400000000462
13403 -0.3695152465543931 268.0600000000462
13404 -0.3592916539628165 268.0800000000461
13405 -0.3488146904326865 268.1000000000461
13406 -0.3380919630835644 268.1200000000461
13407 -0.3271312673281991 268.1400000000461
13408 -0.3159405753657636 268.1600000000461
13409 -0.3045280347526554 268.180000000046
13410 -0.2929019793843766 268.200000000046
13411 -0.2810708991047752 268.220000000046
13412 -0.2690434341507998 268.240000000046
13413 -0.2568283763749166 268.260000000046
13414 -0.2444346682015229 268.280000000046
13415 -0.2318713749948648 268.3000000000459
13416 -0.2191476723554424 268.3200000000459
13417 -0.2062728466575808 268.3400000000459
13418 -0.1932562940734865 268.3600000000459
13419 -0.1801075072621073 268.3800000000459
13420 -0.1668360584599721 268.4000000000458
13421 -0.153451582012787 268.4200000000458
13422 -0.1399637834529076 268.4400000000458
13423 -0.1263824287077535 268.4600000000458
13424 -0.1127173328016757 268.4800000000458
13425 -0.09897833835039832 268.5000000000458
13426 -0.08517531654966015 268.5200000000457
13427 -0.07131817017592576 268.5400000000457
13428 -0.05741682479852195 268.5600000000457
13429 -0.04348119701767511 268.5800000000457
13430 -0.02952119675132586 268.6000000000457
13431 -0.01554672793481892 268.6200000000456
13432 -0.001567665820039733 268.6400000000456
13433 0.01240614458831216 268.6600000000456
13434 0.02636488922089555 268.6800000000456
13435 0.04029879628287002 268.7000000000456
13436 0.05419814999648978 268.7200000000456
13437 0.06805329981961034 268.7400000000455
13438 0.0818546585071441 268.7600000000455
13439 0.09559270736843709 268.7800000000455
13440 0.1092580069165823 268.8000000000455
13441 0.1228412007061413 268.8200000000455
13442 0.1363330190565624 268.8400000000454
13443 0.1497242956840681 268.8600000000454
13444 0.1630059684177048 268.8800000000454
13445 0.1761690847133702 268.9000000000454
13446 0.189204793776763 268.9200000000454
13447 0.2021043504502061 268.9400000000454
13448 0.2148591399246276 268.9600000000453
13449 0.2274606835559178 268.9800000000453
13450 0.2399006247938139 269.0000000000453
13451 0.2521707500804576 269.0200000000453
13452 0.2642629890109485 269.0400000000453
13453 0.2761693992233792 269.0600000000452
13454 0.2878821767153484 269.0800000000452
13455 0.2993936609777551 269.1000000000452
13456 0.3106963446883013 269.1200000000452
13457 0.3217828680156961 269.1400000000452
13458 0.3326460222570706 269.1600000000452
13459 0.343278744932692 269.1800000000451
13460 0.353674116566737 269.2000000000451
13461 0.3638253775554819 269.2200000000451
13462 0.3737259386731888 269.2400000000451
13463 0.3833693627554891 269.2600000000451
13464 0.392749373888323 269.280000000045
13465 0.4018598786690015 269.300000000045
13466 0.4106949395296745 269.320000000045
13467 0.4192487756828157 269.340000000045
13468 0.4275157815114045 269.360000000045
13469 0.4354905083126198 269.380000000045
13470 0.4431676658542226 269.4000000000449
13471 0.4505421380891118 269.4200000000449
13472 0.4576089900497379 269.4400000000449
13473 0.4643634499725887 269.4600000000449
13474 0.4708009124741828 269.4800000000449
13475 0.4769169595605258 269.5000000000448
13476 0.4827073919105567 269.5200000000448
13477 0.4881681590424572 269.5400000000448
13478 0.4932953979361079 269.5600000000448
13479 0.498085478528159 269.5800000000448
13480 0.50253495048248 269.6000000000448
13481 0.5066405444227677 269.6200000000447
13482 0.5103992110533911 269.6400000000447
13483 0.5138081090854844 269.6600000000447
13484 0.5168645941069413 269.6800000000447
13485 0.5195662531983855 269.7000000000447
13486 0.5219108699126374 269.7200000000446
13487 0.5238964337062285 269.7400000000446
13488 0.5255211602705504 269.7600000000446
13489 0.5267835263245257 269.7800000000446
13490 0.5276822523347222 269.8000000000446
13491 0.5282162650422517 269.8200000000446
13492 0.5283846964176506 269.8400000000445
13493 0.5281869601358651 269.8600000000445
13494 0.5276227457892854 269.8800000000445
13495 0.5266919866123867 269.9000000000445
13496 0.5253948415147115 269.9200000000445
13497 0.5237317236270024 269.9400000000444
13498 0.521703311841073 269.9600000000444
13499 0.5193105517128672 269.9800000000444
13500 0.5165546464137728 270.0000000000444
13501 0.5134370904607007 270.0200000000444
13502 0.5099596478517066 270.0400000000444
13503 0.5061243388438097 270.0600000000443
13504 0.5019334720421663 270.0800000000443
13505 0.4973896508661582 270.1000000000443
13506 0.4924957279851957 270.1200000000443
13507 0.4872548119691839 270.1400000000443
13508 0.4816702852737277 270.1600000000442
13509 0.4757458352893004 270.1800000000442
13510 0.4694854309612977 270.2000000000442
13511 0.4628932816772161 270.2200000000442
13512 0.4559738658942642 270.2400000000442
13513 0.4487319497533544 270.2600000000442
13514 0.4411725451838622 270.2800000000441
13515 0.4333008774700695 270.3000000000441
13516 0.4251224155768713 270.3200000000441
13517 0.416642901708157 270.3400000000441
13518 0.4078682972397565 270.3600000000441
13519 0.3988047895777683 270.380000000044
13520 0.3894588275504057 270.400000000044
13521 0.3798370864814285 270.420000000044
13522 0.3699464592263562 270.440000000044
13523 0.3597940547514761 270.460000000044
13524 0.3493871940976999 270.480000000044
13525 0.3387334036235567 270.5000000000439
13526 0.327840406607955 270.5200000000439
13527 0.3167161047340593 270.5400000000439
13528 0.3053685578137227 270.5600000000439
13529 0.2938060122641066 270.5800000000439
13530 0.2820368981620667 270.6000000000438
13531 0.2700697809312908 270.6200000000438
13532 0.2579133475319382 270.6400000000438
13533 0.2455764328587269 270.6600000000438
13534 0.2330680145560871 270.6800000000438
13535 0.2203971784484334 270.7000000000438
13536 0.207573128198492 270.7200000000437
13537 0.1946051869633378 270.7400000000437
13538 0.1815027768111093 270.7600000000437
13539 0.1682754018686653 270.7800000000437
13540 0.1549326502647257 270.8000000000437
13541 0.1414841796491669 270.8200000000436
13542 0.1279397035501525 270.8400000000436
13543 0.11430899111463 270.8600000000436
13544 0.1006018485622944 270.8800000000436
13545 0.08682810986973777 270.9000000000436
13546 0.07299764501114357 270.9200000000436
13547 0.05912034164025626 270.9400000000435
13548 0.045206085458122 270.9600000000435
13549 0.03126476820474044 270.9800000000435
13550 0.01730627483615382 271.0000000000435
13551 0.003340450585619542 271.0200000000435
13552 -0.01062288692614947 271.0400000000434
13553 -0.0245739288686494 271.0600000000434
13554 -0.03850290894569283 271.0800000000434
13555 -0.05240012791205633 271.1000000000434
13556 -0.06625594128881448 271.1200000000434
13557 -0.08006076182476674 271.1400000000434
13558 -0.09380507810773431 271.1600000000433
13559 -0.1074794613024865 271.1800000000433
13560 -0.1210745638203374 271.2000000000433
13561 -0.1345811184723126 271.2200000000433
13562 -0.1479899480405733 271.2400000000433
13563 -0.1612919679370696 271.2600000000432
13564 -0.174478193475826 271.2800000000432
13565 -0.1875397738017636 271.3000000000432
13566 -0.2004679775362092 271.3200000000432
13567 -0.2132541748237706 271.3400000000432
13568 -0.2258898605172571 271.3600000000432
13569 -0.2383666712578137 271.3800000000431
13570 -0.2506763675172808 271.4000000000431
13571 -0.2628108383872623 271.4200000000431
13572 -0.2747621158587282 271.4400000000431
13573 -0.286522380587717 271.4600000000431
13574 -0.298083944393213 271.480000000043
13575 -0.3094392531189497 271.500000000043
13576 -0.3205809011115817 271.520000000043
13577 -0.331501628189403 271.540000000043
13578 -0.3421943301292433 271.560000000043
13579 -0.3526520502480178 271.580000000043
13580 -0.3628679853080412 271.6000000000429
13581 -0.3728355010600958 271.6200000000429
13582 -0.382548132495821 271.6400000000429
13583 -0.3919995629184989 271.6600000000429
13584 -0.4011836223013783 271.6800000000429
13585 -0.4100943094712177 271.7000000000428
13586 -0.4187257810994824 271.7200000000428
13587 -0.4270723543166819 271.7400000000428
13588 -0.435128520728966 271.7600000000428
13589 -0.4428889524786894 271.7800000000428
13590 -0.4503484916706855 271.8000000000428
13591 -0.4575021427176068 271.8200000000427
13592 -0.4643450876211833 271.8400000000427
13593 -0.4708726768802134 271.8600000000427
13594 -0.4770804416573574 271.8800000000427
13595 -0.4829640884884603 271.9000000000427
13596 -0.4885194954851099 271.9200000000426
13597 -0.4937427112445265 271.9400000000426
13598 -0.4986299731776143 271.9600000000426
13599 -0.5031777275838512 271.9800000000426
13600 -0.5073826259419393 272.0000000000426
13601 -0.5112415016114763 272.0200000000426
13602 -0.514751397572788 272.0400000000425
13603 -0.5179095585326587 272.0600000000425
13604 -0.5207134503471414 272.0800000000425
13605 -0.523160771147831 272.1000000000425
13606 -0.5252494208546802 272.1200000000425
13607 -0.5269774874469139 272.1400000000424
13608 -0.528343290016967 272.1600000000424
13609 -0.5293454259665851 272.1800000000424
13610 -0.5299827216917674 272.2000000000424
13611 -0.5302542314910755 272.2200000000424
13612 -0.5301592604002874 272.2400000000424
13613 -0.5296973681104349 272.2600000000423
13614 -0.5288683720510017 272.2800000000423
13615 -0.5276723388888784 272.3000000000423
13616 -0.5261095908881466 272.3200000000423
13617 -0.5241807078591209 272.3400000000423
13618 -0.521886530799143 272.3600000000422
13619 -0.5192282006359162 272.3800000000422
13620 -0.5162071401980245 272.4000000000422
13621 -0.512825010479714 272.4200000000422
13622 -0.5090837554458124 272.4400000000422
13623 -0.5049855975687521 272.4600000000422
13624 -0.5005330584444382 272.4800000000421
13625 -0.4957289236265173 272.5000000000421
13626 -0.490576236370628 272.5200000000421
13627 -0.4850783182230308 272.5400000000421
13628 -0.4792387600528822 272.5600000000421
13629 -0.473061426838794 272.580000000042
13630 -0.4665504513343522 272.600000000042
13631 -0.4597102424931697 272.620000000042
13632 -0.4525454638571129 272.640000000042
13633 -0.4450610141655125 272.660000000042
13634 -0.4372620555519822 272.680000000042
13635 -0.4291540389655417 272.7000000000419
13636 -0.4207426553560802 272.7200000000419
13637 -0.4120338331402195 272.7400000000419
13638 -0.4030337377241826 272.7600000000419
13639 -0.3937487807879214 272.7800000000419
13640 -0.3841856112851777 272.8000000000418
13641 -0.3743511003894293 272.8200000000418
13642 -0.3642523349123765 272.8400000000418
13643 -0.3538966072725389 272.8600000000418
13644 -0.3432914150948244 272.8800000000418
13645 -0.3324444779782573 272.9000000000418
13646 -0.321363676744967 272.9200000000417
13647 -0.3100570694326432 272.9400000000417
13648 -0.2985329076946689 272.9600000000417
13649 -0.2867996071512808 272.9800000000417
13650 -0.2748657371988242 273.0000000000417
13651 -0.2627400119951364 273.0200000000416
13652 -0.2504313064504426 273.0400000000416
13653 -0.2379486275820853 273.0600000000416
13654 -0.2253011018774757 273.0800000000416
13655 -0.2124979632104101 273.1000000000416
13656 -0.1995485548331051 273.1200000000416
13657 -0.1864623249921809 273.1400000000415
13658 -0.173248808660647 273.1600000000415
13659 -0.1599176080141762 273.1800000000415
13660 -0.1464783974747363 273.2000000000415
13661 -0.1329409168151472 273.2200000000415
13662 -0.1193149594740503 273.2400000000414
13663 -0.1056103523155641 273.2600000000414
13664 -0.09183695322886054 273.2800000000414
13665 -0.07800465107093142 273.3000000000414
13666 -0.06412336124410369 273.3200000000414
13667 -0.05020300712886343 273.3400000000414
13668 -0.03625350343166259 273.3600000000413
13669 -0.0222847583333591 273.3800000000413
13670 -0.00830666301716358 273.4000000000413
13671 0.0056709231702188 273.4200000000413
13672 0.01963817102083197 273.4400000000413
13673 0.03358528634252857 273.4600000000412
13674 0.04750252579931599 273.4800000000412
13675 0.06138020630268687 273.5000000000412
13676 0.07520870832371107 273.5200000000412
13677 0.08897848029172653 273.5400000000412
13678 0.1026800436832476 273.5600000000412
13679 0.1163040026618812 273.5800000000411
13680 0.1298410426202602 273.6000000000411
13681 0.1432819473562571 273.6200000000411
13682 0.1566176028308923 273.6400000000411
13683 0.1698390031684734 273.6600000000411
13684 0.1829372456510083 273.680000000041
13685 0.1959035293915695 273.700000000041
13686 0.2087291800938436 273.720000000041
13687 0.2214056583147994 273.740000000041
13688 0.2339245439804665 273.760000000041
13689 0.2462775538456431 273.780000000041
13690 0.2584565528542687 273.8000000000409
13691 0.2704535350905634 273.8200000000409
13692 0.2822606255248442 273.8400000000409
13693 0.2938700966003178 273.8600000000409
13694 0.3052743695431665 273.8800000000409
13695 0.3164660075233596 273.9000000000408
13696 0.3274377255309737 273.9200000000408
13697 0.3381823837867155 273.9400000000408
13698 0.3486930061912732 273.9600000000408
13699 0.3589627556210949 273.9800000000408
13700 0.3689849562251809 274.0000000000408
13701 0.3787530969348116 274.0200000000407
13702 0.388260821074225 274.0400000000407
13703 0.3975019549698524 274.0600000000407
13704 0.4064704876873273 274.0800000000407
13705 0.4151605592046597 274.1000000000407
13706 0.4235664791573079 274.1200000000406
13707 0.4316827281595834 274.1400000000406
13708 0.4395039328285277 274.1600000000406
13709 0.4470248933621844 274.1800000000406
13710 0.454240590028573 274.2000000000406
13711 0.4611461729116017 274.2200000000406
13712 0.4677369532316086 274.2400000000405
13713 0.4740084243861497 274.2600000000405
13714 0.4799562969985688 274.2800000000405
13715 0.4855764351148574 274.3000000000405
13716 0.4908648758520901 274.3200000000405
13717 0.4958178830260935 274.3400000000404
13718 0.5004319144411513 274.3600000000404
13719 0.5047036029859012 274.3800000000404
13720 0.508629809793516 274.4000000000404
13721 0.5122075965351046 274.4200000000404
13722 0.5154341988456113 274.4400000000404
13723 0.5183071040965784 274.4600000000403
13724 0.5208240130180407 274.4800000000403
13725 0.522982812953634 274.5000000000403
13726 0.5247815896848363 274.5200000000403
13727 0.5262187104216155 274.5400000000403
13728 0.5272927793216435 274.5600000000402
13729 0.5280026112261443 274.5800000000402
13730 0.5283472501136721 274.6000000000402
13731 0.52832597515357 274.6200000000402
13732 0.5279383374136579 274.6400000000402
13733 0.5271841527919858 274.6600000000402
13734 0.5260634767255494 274.6800000000401
13735 0.5245765974480293 274.7000000000401
13736 0.5227240666043849 274.7200000000401
13737 0.5205066963554218 274.7400000000401
13738 0.5179255630191995 274.7600000000401
13739 0.5149820240522374 274.78000000004
13740 0.5116777116253232 274.80000000004
13741 0.5080145289494883 274.82000000004
13742 0.5039946392178047 274.84000000004
13743 0.4996205065705497 274.86000000004
13744 0.494894863324448 274.88000000004
13745 0.4898206989904597 274.9000000000399
13746 0.4844012588623305 274.9200000000399
13747 0.4786400801694461 274.9400000000399
13748 0.4725410023208819 274.9600000000399
13749 0.4661081239803095 274.9800000000399
13750 0.4593457915468529 275.0000000000398
13751 0.4522586252345049 275.0200000000398
13752 0.4448515305684522 275.0400000000398
13753 0.4371296308556203 275.0600000000398
13754 0.4290982650631029 275.0800000000398
13755 0.4207630519738448 275.1000000000398
13756 0.4121298511070399 275.1200000000397
13757 0.4032047354239547 275.1400000000397
13758 0.393994023439613 275.1600000000397
13759 0.3845042900172684 275.1800000000397
13760 0.3747423285516162 275.2000000000397
13761 0.3647151379196273 275.2200000000396
13762 0.3544299391243462 275.2400000000396
13763 0.3438941641772432 275.2600000000396
13764 0.3331154421856814 275.2800000000396
13765 0.3221015884456787 275.3000000000396
13766 0.3108605913841248 275.3200000000396
13767 0.2994006041818059 275.3400000000395
13768 0.2877299649787865 275.3600000000395
13769 0.2758571878358452 275.3800000000395
13770 0.2637908963578021 275.4000000000395
13771 0.2515398473690434 275.4200000000395
13772 0.239112957615681 275.4400000000394
13773 0.2265192637742451 275.4600000000394
13774 0.2137679083804594 275.4800000000394
13775 0.2008681564226948 275.5000000000394
13776 0.1878293847288166 275.5200000000394
13777 0.1746610612282301 275.5400000000394
13778 0.1613727352212687 275.5600000000393
13779 0.1479740308791555 275.5800000000393
13780 0.1344746345828996 275.6000000000393
13781 0.1208842912178601 275.6200000000393
13782 0.107212790966276 275.6400000000393
13783 0.09346995558682544 275.6600000000392
13784 0.07966563758907712 275.6800000000392
13785 0.06580971981170725 275.7000000000392
13786 0.05191208923973731 275.7200000000392
13787 0.03798263252211156 275.7400000000392
13788 0.02403124215497435 275.7600000000392
13789 0.01006778373131571 275.7800000000391
13790 -0.003897917512413295 275.8000000000391
13791 -0.01785604334221789 275.8200000000391
13792 -0.03179680083044925 275.8400000000391
13793 -0.04571046305070339 275.8600000000391
13794 -0.05958735953174842 275.880000000039
13795 -0.07341787047127277 275.900000000039
13796 -0.08719244813082785 275.920000000039
13797 -0.1009016251614463 275.940000000039
13798 -0.1145360130339035 275.960000000039
13799 -0.1280863041445794 275.980000000039
13800 -0.141543279135953 276.0000000000389
13801 -0.1548978115127438 276.0200000000389
13802 -0.1681408706029891 276.0400000000389
13803 -0.181263531849208 276.0600000000389
13804 -0.194257006086612 276.0800000000389
13805 -0.2071126178470333 276.1000000000388
13806 -0.219821799483699 276.1200000000388
13807 -0.2323761170569478 276.1400000000388
13808 -0.2447672749596848 276.1600000000388
13809 -0.2569870992546349 276.1800000000388
13810 -0.2690275486206946 276.2000000000388
13811 -0.2808807360060192 276.2200000000387
13812 -0.2925389090093611 276.2400000000387
13813 -0.3039944521662404 276.2600000000387
13814 -0.3152398823217358 276.2800000000387
13815 -0.3262678680943943 276.3000000000387
13816 -0.3370712334894441 276.3200000000386
13817 -0.3476429488623214 276.3400000000386
13818 -0.3579761331451191 276.3600000000386
13819 -0.3680640714165526 276.3800000000386
13820 -0.377900225429763 276.4000000000386
13821 -0.3874782019061175 276.4200000000386
13822 -0.3967917638526254 276.4400000000385
13823 -0.4058348246523077 276.4600000000385
13824 -0.4146014651918588 276.4800000000385
13825 -0.423085926552701 276.5000000000385
13826 -0.4312826158709054 276.5200000000385
13827 -0.4391861147538435 276.5400000000384
13828 -0.4467911865615866 276.5600000000384
13829 -0.4540927566330787 276.5800000000384
13830 -0.4610859225313306 276.6000000000384
13831 -0.4677659522031948 276.6200000000384
13832 -0.474128290560449 276.6400000000384
13833 -0.4801685562435015 276.6600000000383
13834 -0.4858825479723283 276.6800000000383
13835 -0.491266234690333 276.7000000000383
13836 -0.4963157575988636 276.7200000000383
13837 -0.5010274689272514 276.7400000000383
13838 -0.5053979237202399 276.7600000000382
13839 -0.5094238644245468 276.7800000000382
13840 -0.5131022263957089 276.8000000000382
13841 -0.5164301439409843 276.8200000000382
13842 -0.5194049814074488 276.8400000000382
13843 -0.5220243311040148 276.8600000000382
13844 -0.5242859852825555 276.8800000000381
13845 -0.5261879492417655 276.9000000000381
13846 -0.5277284353592894 276.9200000000381
13847 -0.5289058973212558 276.9400000000381
13848 -0.5297190512854163 276.9600000000381
13849 -0.5301668435884062 276.980000000038
13850 -0.5302484671984001 277.000000000038
13851 -0.5299633410462801 277.020000000038
13852 -0.5293111721362516 277.040000000038
13853 -0.5282919028260272 277.060000000038
13854 -0.5269057358434206 277.080000000038
13855 -0.5251531215143408 277.1000000000379
13856 -0.523034776133309 277.1200000000379
13857 -0.5205516919318169 277.1400000000379
13858 -0.5177051601243471 277.1600000000379
13859 -0.5144967286723922 277.1800000000379
13860 -0.5109282012418784 277.2000000000378
13861 -0.5070016611088939 277.2200000000378
13862 -0.5027194889896043 277.2400000000378
13863 -0.4980843482778606 277.2600000000378
13864 -0.4930991592626004 277.2800000000378
13865 -0.4877671012996564 277.3000000000378
13866 -0.4820916420371556 277.3200000000377
13867 -0.4760765156651886 277.3400000000377
13868 -0.4697257227503726 277.3600000000377
13869 -0.4630435365355072 277.3800000000377
13870 -0.4560345039207841 277.4000000000377
13871 -0.4487034103888988 277.4200000000376
13872 -0.4410552890196647 277.4400000000376
13873 -0.4330954502352456 277.4600000000376
13874 -0.4248294744451561 277.4800000000376
13875 -0.4162631698647369 277.5000000000376
13876 -0.4074025864731217 277.5200000000376
13877 -0.3982540245209102 277.5400000000375
13878 -0.3888240193180941 277.5600000000375
13879 -0.3791193321924815 277.5800000000375
13880 -0.3691469482560216 277.6000000000375
13881 -0.3589140653110271 277.6200000000375
13882 -0.3484280806361292 277.6400000000374
13883 -0.3376966079170892 277.6600000000374
13884 -0.3267274533603671 277.6800000000374
13885 -0.3155285905870607 277.7000000000374
13886 -0.3041081781379203 277.7200000000374
13887 -0.2924745538278375 277.7400000000374
13888 -0.280636212492505 277.7600000000373
13889 -0.2686018007827859 277.7800000000373
13890 -0.2563801175957262 277.8000000000373
13891 -0.2439801080144336 277.8200000000373
13892 -0.2314108423215343 277.8400000000373
13893 -0.2186815004596804 277.8600000000372
13894 -0.205801372186678 277.8800000000372
13895 -0.192779858026691 277.9000000000372
13896 -0.1796264557878325 277.9200000000372
13897 -0.1663507368528945 277.9400000000372
13898 -0.152962341337717 277.9600000000372
13899 -0.1394709768176835 277.9800000000371
13900 -0.1258864101630041 278.0000000000371
13901 -0.1122184568559656 278.0200000000371
13902 -0.09847696228917076 278.0400000000371
13903 -0.08467179823024953 278.0600000000371
13904 -0.0708128680945195 278.080000000037
13905 -0.05691009721169244 278.100000000037
13906 -0.04297340349900805 278.120000000037
13907 -0.02901269601306525 278.140000000037
13908 -0.01503787797249753 278.160000000037
13909 -0.001058823979150334 278.180000000037
13910 0.01291462191144886 278.2000000000369
13911 0.0268726468192407 278.2200000000369
13912 0.04080548107689608 278.2400000000369
13913 0.0547034103648983 278.2600000000369
13914 0.06855678599320818 278.2800000000369
13915 0.08235602469420759 278.3000000000368
13916 0.09609160912057184 278.3200000000368
13917 0.1097541032345135 278.3400000000368
13918 0.1233341534774356 278.3600000000368
13919 0.1368224938293538 278.3800000000368
13920 0.1502099603501915 278.4000000000368
13921 0.1634874962548203 278.4200000000367
13922 0.1766461524224156 278.4400000000367
13923 0.1896770829393792 278.4600000000367
13924 0.2025715444759162 278.4800000000367
13925 0.2153209289843234 278.5000000000367
13926 0.2279167613304295 278.5200000000366
13927 0.240350690959181 278.5400000000366
13928 0.2526145080609279 278.5600000000366
13929 0.2647001478812801 278.5800000000366
13930 0.2765996722961855 278.6000000000366
13931 0.2883052824518448 278.6200000000366
13932 0.2998093247052679 278.6400000000365
13933 0.3111042946853432 278.6600000000365
13934 0.3221828384654334 278.6800000000365
13935 0.3330377543048211 278.7000000000365
13936 0.3436619824804297 278.7200000000365
13937 0.3540486102469056 278.7400000000364
13938 0.364190882475104 278.7600000000364
13939 0.3740822088533828 278.7800000000364
13940 0.3837161501721968 278.8000000000364
13941 0.3930864537861528 278.8200000000364
13942 0.4021870375575231 278.8400000000364
13943 0.4110119596983098 278.8600000000363
13944 0.4195554435895388 278.8800000000363
13945 0.4278118996670747 278.9000000000363
13946 0.4357758805189397 278.9200000000363
13947 0.4434420990615481 278.9400000000363
13948 0.4508054475502815 278.9600000000362
13949 0.4578609986957357 278.9800000000362
13950 0.4646039848309055 279.0000000000362
13951 0.4710298057590205 279.0200000000362
13952 0.477134052829663 279.0400000000362
13953 0.4829125335798195 279.0600000000362
13954 0.4883611996676197 279.0800000000361
13955 0.493476199075552 279.1000000000361
13956 0.4982539102195482 279.1200000000361
13957 0.5026908840684384 279.1400000000361
13958 0.5067838652264141 279.1600000000361
13959 0.5105298094482965 279.180000000036
13960 0.5139258826661798 279.200000000036
13961 0.516969448196796 279.220000000036
13962 0.5196580965349715 279.240000000036
13963 0.5219896241680695 279.260000000036
13964 0.5239620263875706 279.280000000036
13965 0.5255735305226968 279.3000000000359
13966 0.5268226160167653 279.3200000000359
13967 0.5277080134939185 279.3400000000359
13968 0.528228657747133 279.3600000000359
13969 0.5283836949904919 279.3800000000359
13970 0.5281725427985943 279.4000000000358
13971 0.5275949026531502 279.4200000000358
13972 0.52665071614676 279.4400000000358
13973 0.5253401491659719 279.4600000000358
13974 0.5236636292319302 279.4800000000358
13975 0.5216218429684546 279.5000000000358
13976 0.519215741474009 279.5200000000357
13977 0.5164465402778224 279.5400000000357
13978 0.51331574797601 279.5600000000357
13979 0.5098251355234864 279.5800000000357
13980 0.5059767316594213 279.6000000000357
13981 0.50177285903502 279.6200000000356
13982 0.4972161294487016 279.6400000000356
13983 0.4923094067908285 279.6600000000356
13984 0.4870558064823758 279.6800000000356
13985 0.4814587225954756 279.7000000000356
13986 0.4755218568999589 279.7200000000356
13987 0.4692491842142877 279.7400000000355
13988 0.462644923791231 279.7600000000355
13989 0.4557135663481709 279.7800000000355
13990 0.448459886407559 279.8000000000355
13991 0.4408889073892485 279.8200000000355
13992 0.4330058584506836 279.8400000000354
13993 0.4248162214884847 279.8600000000354
13994 0.4163257467587514 279.8800000000354
13995 0.407540404277083 279.9000000000354
13996 0.3984663892516182 279.9200000000354
13997 0.3891101606768355 279.9400000000354
13998 0.379478401863573 279.9600000000353
13999 0.3695780145906883 279.9800000000353
14000 0.3594161160122938 280.0000000000353
14001 0.3490000338561975 280.0200000000353
14002 0.3383373027064587 280.0400000000353
14003 0.3274356517900712 280.0600000000352
14004 0.3163029906221248 280.0800000000352
14005 0.304947384918432 280.1000000000352
14006 0.293377088453216 280.1200000000352
14007 0.2816005373277802 280.1400000000352
14008 0.269626299871858 280.1600000000352
14009 0.2574630696390915 280.1800000000351
14010 0.245119687318495 280.2000000000351
14011 0.2326051349318934 280.2200000000351
14012 0.2199285017253997 280.2400000000351
14013 0.2070989962836672 280.2600000000351
14014 0.1941259457783107 280.280000000035
14015 0.1810187741795382 280.300000000035
14016 0.1677869901607862 280.320000000035
14017 0.1544401841856247 280.340000000035
14018 0.1409880164191112 280.360000000035
14019 0.1274402015713691 280.380000000035
14020 0.1138065119301713 280.4000000000349
14021 0.1000967544683032 280.4200000000349
14022 0.08632076400592313 280.4400000000349
14023 0.07248841151893631 280.4600000000349
14024 0.05860958562751245 280.4800000000349
14025 0.04469417097643874 280.5000000000348
14026 0.03075205939053444 280.5200000000348
14027 0.0167931356533488 280.5400000000348
14028 0.002827244234392488 280.5600000000348
14029 -0.01113579878792879 280.5800000000348
14030 -0.02508618488203372 280.6000000000348
14031 -0.03901414952845956 280.6200000000347
14032 -0.05290999566329831 280.6400000000347
14033 -0.06676408078479289 280.6600000000347
14034 -0.08056681990455106 280.6800000000347
14035 -0.09430870491262866 280.7000000000347
14036 -0.1079803097916088 280.7200000000346
14037 -0.1215722903834466 280.7400000000346
14038 -0.1350753822849369 280.7600000000346
14039 -0.1484804106342326 280.7800000000346
14040 -0.1617782936420417 280.8000000000346
14041 -0.1749600556974417 280.8200000000346
14042 -0.188016846280591 280.8400000000345
14043 -0.2009399388209486 280.8600000000345
14044 -0.2137207081455531 280.8800000000345
14045 -0.2263506566372935 280.9000000000345
14046 -0.2388214204592396 280.9200000000345
14047 -0.2511247681845887 280.9400000000344
14048 -0.2632525947495177 280.9600000000344
14049 -0.2751969348436619 280.9800000000344
14050 -0.2869499742573484 281.0000000000344
14051 -0.2985040312077496 281.0200000000344
14052 -0.3098515575122837 281.0400000000344
14053 -0.3209851517995141 281.0600000000343
14054 -0.3318975613060309 281.0800000000343
14055 -0.3425816831584053 281.1000000000343
14056 -0.3530305676102893 281.1200000000343
14057 -0.3632374184116833 281.1400000000343
14058 -0.3731956056228073 281.1600000000342
14059 -0.3828986714870953 281.1800000000342
14060 -0.3923403051992611 281.2000000000342
14061 -0.4015143452984051 281.2200000000342
14062 -0.4104147879157975 281.2400000000342
14063 -0.4190358035395518 281.2600000000342
14064 -0.427371713056819 281.2800000000341
14065 -0.4354170153249121 281.3000000000341
14066 -0.4431663873746985 281.3200000000341
14067 -0.4506146792873792 281.3400000000341
14068 -0.4577569009234734 281.3600000000341
14069 -0.4645882398279731 281.380000000034
14070 -0.4711040534408595 281.400000000034
14071 -0.4772998790940962 281.420000000034
14072 -0.4831714268136318 281.440000000034
14073 -0.4887145866022948 281.460000000034
14074 -0.4939254075774332 281.480000000034
14075 -0.4988001387794976 281.5000000000339
14076 -0.5033352348477287 281.5200000000339
14077 -0.5075273476373857 281.5400000000339
14078 -0.5113733235724723 281.5600000000339
14079 -0.5148702110635389 281.5800000000339
14080 -0.5180152614185497 281.6000000000338
14081 -0.5208059511753254 281.6200000000338
14082 -0.5232399862202013 281.6400000000338
14083 -0.525315271794828 281.6600000000338
14084 -0.5270299059321499 281.6800000000338
14085 -0.5283822146092737 281.7000000000338
14086 -0.5293708022529822 281.7200000000337
14087 -0.529994511660723 281.7400000000337
14088 -0.5302524034542179 281.7600000000337
14089 -0.5301437864990106 281.7800000000337
14090 -0.5296682353990615 281.8000000000337
14091 -0.5288255787838981 281.8200000000336
14092 -0.5276158878385744 281.8400000000336
14093 -0.5260394989920343 281.8600000000336
14094 -0.5240969950302294 281.8800000000336
14095 -0.5217892368438058 281.9000000000336
14096 -0.519117368269717 281.9200000000336
14097 -0.5160828234288315 281.9400000000335
14098 -0.5126872777130791 281.9600000000335
14099 -0.5089326754483179 281.9800000000335
14100 -0.5048212635316288 282.0000000000335
14101 -0.500355567018578 282.0200000000335
14102 -0.4955383797980847 282.0400000000334
14103 -0.490372756972267 282.0600000000334
14104 -0.4848620287645652 282.0800000000334
14105 -0.4790098014940031 282.1000000000334
14106 -0.472819944230888 282.1200000000334
14107 -0.4662966057451697 282.1400000000334
14108 -0.4594441989021225 282.1600000000333
14109 -0.4522674023151996 282.1800000000333
14110 -0.4447711183874474 282.2000000000333
14111 -0.4369605249478587 282.2200000000333
14112 -0.4288410784406647 282.2400000000333
14113 -0.4204184834099273 282.2600000000332
14114 -0.4116986717336523 282.2800000000332
14115 -0.402687822900305 282.3000000000332
14116 -0.3933923542404983 282.3200000000332
14117 -0.383818925009749 282.3400000000332
14118 -0.3739744131949033 282.3600000000332
14119 -0.3638659172317953 282.3800000000331
14120 -0.3535007319293588 282.4000000000331
14121 -0.3428863685081025 282.4200000000331
14122 -0.3320305470314467 282.4400000000331
14123 -0.3209411617983002 282.4600000000331
14124 -0.3096262761190287 282.480000000033
14125 -0.2980941440811083 282.500000000033
14126 -0.2863531905551429 282.520000000033
14127 -0.2744119894986491 282.540000000033
14128 -0.2622792641784126 282.560000000033
14129 -0.2499638909197077 282.580000000033
14130 -0.2374748836184578 282.6000000000329
14131 -0.2248213716429408 282.6200000000329
14132 -0.2120125942975059 282.6400000000329
14133 -0.1990578976193546 282.6600000000329
14134 -0.1859667332352216 282.6800000000329
14135 -0.1727486388794958 282.7000000000328
14136 -0.1594132212876191 282.7200000000328
14137 -0.14597015667708 282.7400000000328
14138 -0.1324291866684829 282.7600000000328
14139 -0.1188001071378591 282.7800000000328
14140 -0.1050927470822108 282.8000000000328
14141 -0.0913169640064227 282.8200000000327
14142 -0.07748264888479167 282.8400000000327
14143 -0.06359971787293438 282.8600000000327
14144 -0.04967809411422573 282.8800000000327
14145 -0.03572769191987351 282.9000000000327
14146 -0.02175841967524039 282.9200000000326
14147 -0.00778016772007248 282.9400000000326
14148 0.006197206146708111 282.9600000000326
14149 0.0201638736865109 282.9800000000326
14150 0.03411004230670994 283.0000000000326
14151 0.04802597071518312 283.0200000000326
14152 0.06190197791551587 283.0400000000325
14153 0.07572844656978762 283.0600000000325
14154 0.08949582777128007 283.0800000000325
14155 0.1031946464913722 283.1000000000325
14156 0.1168155087770585 283.1200000000325
14157 0.1303491044102406 283.1400000000324
14158 0.1437862199428645 283.1600000000324
14159 0.1571177460432605 283.1800000000324
14160 0.170334680459037 283.2000000000324
14161 0.1834281257623613 283.2200000000324
14162 0.196389293560195 283.2400000000324
14163 0.2092095230145181 283.2600000000323
14164 0.2218802608616205 283.2800000000323
14165 0.2343930861674645 283.3000000000323
14166 0.2467397311408597 283.3200000000323
14167 0.2589120647133931 283.3400000000323
14168 0.2709020788226202 283.3600000000322
14169 0.2827019062328733 283.3800000000322
14170 0.294303828982571 283.4000000000322
14171 0.3057002697099939 283.4200000000322
14172 0.3168837966337201 283.4400000000322
14173 0.3278471319495898 283.4600000000322
14174 0.3385831434722747 283.4800000000321
14175 0.349084855343584 283.5000000000321
14176 0.3593454387381009 283.5200000000321
14177 0.3693582247945543 283.5400000000321
14178 0.3791167075494606 283.5600000000321
14179 0.3886145369999864 283.580000000032
14180 0.3978455471974061 283.600000000032
14181 0.4068037314584204 283.620000000032
14182 0.415483236076804 283.640000000032
14183 0.4238783763622285 283.660000000032
14184 0.4319836401419088 283.680000000032
14185 0.4397936566960033 283.7000000000319
14186 0.4473032357571983 283.7200000000319
14187 0.4545073626330838 283.7400000000319
14188 0.4614011930829678 283.7600000000319
14189 0.4679800440678729 283.7800000000319
14190 0.4742394173876299 283.8000000000318
14191 0.4801750298127501 283.8200000000318
14192 0.4857827527184853 283.8400000000318
14193 0.4910586278469415 283.8600000000318
14194 0.4959989306568726 283.8800000000318
14195 0.5006001242215555 283.9000000000318
14196 0.5048588465727216 283.9200000000317
14197 0.5087719706432561 283.9400000000317
14198 0.5123365602059603 283.9600000000317
14199 0.515549867998228 283.9800000000317
14200 0.51840937743549 284.0000000000317
14201 0.5209128066918495 284.0200000000316
14202 0.5230580420566562 284.0400000000316
14203 0.5248431883766506 284.0600000000316
14204 0.5262666162501198 284.0800000000316
14205 0.5273269375776849 284.1000000000316
14206 0.5280229819547838 284.1200000000316
14207 0.5283537912999783 284.1400000000315
14208 0.528318666404444 284.1600000000315
14209 0.5279171564788494 284.1800000000315
14210 0.5271490958950046 284.2000000000315
14211 0.5260145455895555 284.2200000000315
14212 0.5245138065569216 284.2400000000314
14213 0.522647434550667 284.2600000000314
14214 0.520416258664453 284.2800000000314
14215 0.5178213626052335 284.3000000000314
14216 0.5148641110674076 284.3200000000314
14217 0.5115461506198352 284.3400000000314
14218 0.5078693920251054 284.3600000000313
14219 0.5038360149983601 284.3800000000313
14220 0.4994484868115815 284.4000000000313
14221 0.4947095551653684 284.4200000000313
14222 0.4896222177679318 284.4400000000313
14223 0.4841897302551215 284.4600000000312
14224 0.4784156410544177 284.4800000000312
14225 0.4723037999322242 284.5000000000312
14226 0.465858317123098 284.5200000000312
14227 0.4590835453039245 284.5400000000312
14228 0.4519841198331619 284.5600000000312
14229 0.4445649549405972 284.5800000000311
14230 0.4368311807811822 284.6000000000311
14231 0.4287881498054466 284.6200000000311
14232 0.4204414866004879 284.6400000000311
14233 0.4117970615803777 284.6600000000311
14234 0.4028609559585651 284.680000000031
14235 0.3936394978111119 284.700000000031
14236 0.3841392720931558 284.720000000031
14237 0.3743670805064164 284.740000000031
14238 0.3643299302910682 284.760000000031
14239 0.3540350498104362 284.780000000031
14240 0.343489878313756 284.8000000000309
14241 0.3327020531945024 284.8200000000309
14242 0.3216793962282915 284.8400000000309
14243 0.3104299039969199 284.8600000000309
14244 0.2989617358710489 284.8800000000309
14245 0.287283235369805 284.9000000000308
14246 0.275402922814285 284.9200000000308
14247 0.2633294283454938 284.9400000000308
14248 0.2510715141914168 284.9600000000308
14249 0.2386380994461732 284.9800000000308
14250 0.2260382281829486 285.0000000000308
14251 0.2132810456560758 285.0200000000307
14252 0.2003758223353044 285.0400000000307
14253 0.1873319382849916 285.0600000000307
14254 0.1741588642759812 285.0800000000307
14255 0.1608661538674533 285.1000000000307
14256 0.1474634334165101 285.1200000000306
14257 0.1339603895164657 285.1400000000306
14258 0.1203667702894247 285.1600000000306
14259 0.1066923689468176 285.1800000000306
14260 0.09294700572772592 285.2000000000306
14261 0.07914053613342176 285.2200000000306
14262 0.06528284321417958 285.2400000000305
14263 0.0513838145189964 285.2600000000305
14264 0.03745333600119483 285.2800000000305
14265 0.02350130109186863 285.3000000000305
14266 0.009537573561567965 285.3200000000305
14267 -0.004428023843381993 285.3400000000304
14268 -0.01838567247134074 285.3600000000304
14269 -0.03232557941025381 285.3800000000304
14270 -0.04623802113355147 285.4000000000304
14271 -0.0601133296881343 285.4200000000304
14272 -0.07394188633035895 285.4400000000304
14273 -0.08771414689485527 285.4600000000303
14274 -0.1014206471952364 285.4800000000303
14275 -0.1150520012961223 285.5000000000303
14276 -0.1285989049898894 285.5200000000303
14277 -0.1420521426701601 285.5400000000303
14278 -0.155402594523756 285.5600000000302
14279 -0.1686412293215859 285.5800000000302
14280 -0.1817591299167761 285.6000000000302
14281 -0.1947475097850151 285.6200000000302
14282 -0.2075977005915927 285.6400000000302
14283 -0.2203011369798432 285.6600000000302
14284 -0.2328493883145981 285.6800000000301
14285 -0.2452341681538472 285.7000000000301
14286 -0.2574473030002035 285.7200000000301
14287 -0.2694807601585189 285.7400000000301
14288 -0.2813266532314971 285.7600000000301
14289 -0.292977241591844 285.78000000003
14290 -0.3044249104654742 285.80000000003
14291 -0.3156621845144681 285.82000000003
14292 -0.3266817378305592 285.84000000003
14293 -0.3374763964509329 285.86000000003
14294 -0.3480391414335313 285.88000000003
14295 -0.3583630926462209 285.9000000000299
14296 -0.3684415456749027 285.9200000000299
14297 -0.3782679650322729 285.9400000000299
14298 -0.3878359659955349 285.9600000000299
14299 -0.3971393129279651 285.9800000000299
14300 -0.4061719333172236 286.0000000000298
14301 -0.4149279088120278 286.0200000000298
14302 -0.423401485774986 286.0400000000298
14303 -0.4315870794594219 286.0600000000298
14304 -0.439479282668279 286.0800000000298
14305 -0.4470728585801917 286.1000000000298
14306 -0.4543627419977807 286.1200000000297
14307 -0.4613440337255799 286.1400000000297
14308 -0.4680120133915835 286.1600000000297
14309 -0.4743621300642984 286.1800000000297
14310 -0.4803900077559752 286.2000000000297
14311 -0.4860914510793652 286.2200000000296
14312 -0.4914624363432451 286.2400000000296
14313 -0.4964991077225639 286.2600000000296
14314 -0.501197812853815 286.2800000000296
14315 -0.505555119236608 286.3000000000296
14316 -0.5095677927039575 286.3200000000296
14317 -0.51323276641844 286.3400000000295
14318 -0.516547190565267 286.3600000000295
14319 -0.5195084340420385 286.3800000000295
14320 -0.5221141042883188 286.4000000000295
14321 -0.5243620040925581 286.4200000000295
14322 -0.5262501388362268 286.4400000000294
14323 -0.5277767273607198 286.4600000000294
14324 -0.5289402362470308 286.4800000000294
14325 -0.5297393879206264 286.5000000000294
14326 -0.5301731436984771 286.5200000000294
14327 -0.5302406951339944 286.5400000000294
14328 -0.5299414838088015 286.5600000000293
14329 -0.5292752140972051 286.5800000000293
14330 -0.5282418433680178 286.6000000000293
14331 -0.5268415889197594 286.6200000000293
14332 -0.5250749072021881 286.6400000000293
14333 -0.5229425211260456 286.6600000000292
14334 -0.5204454400902642 286.6800000000292
14335 -0.517584964979192 286.7000000000292
14336 -0.5143626506611564 286.7200000000292
14337 -0.5107803108661542 286.7400000000292
14338 -0.5068400472863959 286.7600000000292
14339 -0.5025442419215791 286.7800000000291
14340 -0.4978955747238321 286.8000000000291
14341 -0.4928969727465865 286.8200000000291
14342 -0.4875516287719977 286.8400000000291
14343 -0.4818630191402955 286.8600000000291
14344 -0.4758348914089582 286.880000000029
14345 -0.4694712514434387 286.900000000029
14346 -0.4627763885477994 286.920000000029
14347 -0.455754857043699 286.940000000029
14348 -0.448411451482379 286.960000000029
14349 -0.4407512127050888 286.980000000029
14350 -0.4327794688075446 287.0000000000289
14351 -0.4245018034830474 287.0200000000289
14352 -0.4159240377850217 287.0400000000289
14353 -0.4070522304890596 287.0600000000289
14354 -0.3978926886746373 287.0800000000289
14355 -0.3884519586678632 287.1000000000288
14356 -0.3787368114515507 287.1200000000288
14357 -0.3687542386263903 287.1400000000288
14358 -0.3585114469168903 287.1600000000288
14359 -0.3480158412280225 287.1800000000288
14360 -0.3372750451937315 287.2000000000288
14361 -0.3262968678022267 287.2200000000287
14362 -0.3150892930996314 287.2400000000287
14363 -0.3036604845058693 287.2600000000287
14364 -0.2920187885563634 287.2800000000287
14365 -0.2801727058922187 287.3000000000287
14366 -0.2681308880186933 287.3200000000286
14367 -0.2559021372859202 287.3400000000286
14368 -0.2434954092365164 287.3600000000286
14369 -0.2309197748679555 287.3800000000286
14370 -0.2181844204465613 287.4000000000286
14371 -0.205298639126598 287.4200000000286
14372 -0.192271836479505 287.4400000000285
14373 -0.1791135108913746 287.4600000000285
14374 -0.1658332385283473 287.4800000000285
14375 -0.1524406619116558 287.5000000000285
14376 -0.1389454914289476 287.5200000000285
14377 -0.1253574976407798 287.5400000000284
14378 -0.1116864948991809 287.5600000000284
14379 -0.09794233186503154 287.5800000000284
14380 -0.08413488044248491 287.6000000000284
14381 -0.07027404598626819 287.6200000000284
14382 -0.05636975448088084 287.6400000000284
14383 -0.04243192188646782 287.6600000000283
14384 -0.02847045760076608 287.6800000000283
14385 -0.01449526463299921 287.7000000000283
14386 -0.0005162167596385571 287.7200000000283
14387 0.01345684335436445 287.7400000000283
14388 0.02741410426215764 287.7600000000282
14389 0.04134579778020816 287.7800000000282
14390 0.05524221154162958 287.8000000000282
14391 0.06909370028576699 287.8200000000282
14392 0.08289068200428416 287.8400000000282
14393 0.09662364270014721 287.8600000000282
14394 0.1102831497042674 287.8800000000281
14395 0.1238598527105067 287.9000000000281
14396 0.1373444886633078 287.9200000000281
14397 0.1507278982163447 287.9400000000281
14398 0.1640010284861722 287.9600000000281
14399 0.1771549346175689 287.980000000028
14400 0.1901807739436313 288.000000000028
14401 0.203069808975157 288.020000000028
14402 0.215813436228925 288.040000000028
14403 0.2284031849621709 288.060000000028
14404 0.2408307104736164 288.080000000028
14405 0.2530878085474682 288.1000000000279
14406 0.2651664175521586 288.1200000000279
14407 0.2770586053653534 288.1400000000279
14408 0.2887565799675416 288.1600000000279
14409 0.3002526913511966 288.1800000000279
14410 0.3115394416417558 288.2000000000278
14411 0.3226094835936052 288.2200000000278
14412 0.3334556197723457 288.2400000000278
14413 0.3440707949026704 288.2600000000278
14414 0.3544481020555634 288.2800000000278
14415 0.3645807962334519 288.3000000000278
14416 0.3744622888395605 288.3200000000277
14417 0.3840861495929145 288.3400000000277
14418 0.3934461319189493 288.3600000000277
14419 0.4025361589571103 288.3800000000277
14420 0.411350296276009 288.4000000000277
14421 0.4198827745889105 288.4200000000276
14422 0.4281280072570778 288.4400000000276
14423 0.4360805564840458 288.4600000000276
14424 0.4437351371772756 288.4800000000276
14425 0.4510866529052353 288.5000000000276
14426 0.4581301795303089 288.5200000000276
14427 0.4648609566731342 288.5400000000275
14428 0.4712743904609437 288.5600000000275
14429 0.4773660821914519 288.5800000000275
14430 0.48313184079355 288.6000000000275
14431 0.4885676292507782 288.6200000000275
14432 0.4936696014806239 288.6400000000274
14433 0.4984341445472814 288.6600000000274
14434 0.5028578188843796 288.6800000000274
14435 0.5069373717550644 288.7000000000274
14436 0.5106697728145057 288.7200000000274
14437 0.5140521920250201 288.7400000000274
14438 0.5170820012837831 288.7600000000273
14439 0.5197567975825581 288.7800000000273
14440 0.5220743888202423 288.8000000000273
14441 0.5240327764314815 288.8200000000273
14442 0.5256301974798681 288.8400000000273
14443 0.5268651445182212 288.8600000000272
14444 0.5277363518232357 288.8800000000272
14445 0.5282427621334568 288.9000000000272
14446 0.5283835388491314 288.9200000000272
14447 0.5281581031175026 288.9400000000272
14448 0.5275661669631432 288.9600000000272
14449 0.5266076836689868 288.9800000000271
14450 0.5252828294770314 289.0000000000271
14451 0.5235920381937591 289.0200000000271
14452 0.5215360096751163 289.0400000000271
14453 0.5191157033272443 289.0600000000271
14454 0.5163323475479301 289.080000000027
14455 0.5131874598573123 289.100000000027
14456 0.5096828231291527 289.120000000027
14457 0.5058204786905137 289.140000000027
14458 0.5016027543539451 289.160000000027
14459 0.4970322780734307 289.180000000027
14460 0.4921119222246757 289.2000000000269
14461 0.4868448145093356 289.2200000000269
14462 0.4812343556453778 289.2400000000269
14463 0.4752842616856384 289.2600000000269
14464 0.4689985200244209 289.2800000000269
14465 0.462381358736769 289.3000000000268
14466 0.455437277919881 289.3200000000268
14467 0.4481710651292786 289.3400000000268
14468 0.4405877524157966 289.3600000000268
14469 0.4326925765845676 289.3800000000268
14470 0.4244910301473527 289.4000000000268
14471 0.4159888764932938 289.4200000000267
14472 0.4071920892818893 289.4400000000267
14473 0.3981068772950026 289.4600000000267
14474 0.38873970722871 289.4800000000267
14475 0.3790972734394168 289.5000000000267
14476 0.3691864834874627 289.5200000000266
14477 0.3590144652474893 289.5400000000266
14478 0.3485885534751528 289.5600000000266
14479 0.3379162894940552 289.5800000000266
14480 0.3270054137960731 289.6000000000266
14481 0.3158638385263317 289.6200000000266
14482 0.3044996412559476 289.6400000000265
14483 0.292921078710391 289.6600000000265
14484 0.2811365933877939 289.6800000000265
14485 0.2691547628513893 289.7000000000265
14486 0.2569842822097498 289.7200000000265
14487 0.2446339999701804 289.7400000000264
14488 0.2321129018401555 289.7600000000264
14489 0.2194300835541105 289.7800000000264
14490 0.2065947554836989 289.8000000000264
14491 0.1936162503708124 289.8200000000264
14492 0.1805039959726163 289.8400000000264
14493 0.167267503720303 289.8600000000263
14494 0.1539163674943308 289.8800000000263
14495 0.1404602493434304 289.9000000000263
14496 0.1269088665700856 289.9200000000263
14497 0.1132719926582451 289.9400000000263
14498 0.09955943716985381 289.9600000000262
14499 0.08578103563690077 289.9800000000262
14500 0.07194665994399056 290.0000000000262
14501 0.05806619891694504 290.0200000000262
14502 0.04414953841825992 290.0400000000262
14503 0.03020657028952664 290.0600000000262
14504 0.01624717806674371 290.0800000000261
14505 0.00228120347922535 290.1000000000261
14506 -0.0116815367528128 290.1200000000261
14507 -0.02563123473130676 290.1400000000261
14508 -0.03955812866657683 290.1600000000261
14509 -0.05345252462020956 290.180000000026
14510 -0.06730478061321911 290.200000000026
14511 -0.08110531471129852 290.220000000026
14512 -0.09484462302053627 290.240000000026
14513 -0.1085132815631425 290.260000000026
14514 -0.1221019485214831 290.280000000026
14515 -0.1356013632153767 290.3000000000259
14516 -0.1490023569710134 290.3200000000259
14517 -0.1622958502603802 290.3400000000259
14518 -0.1754728705835143 290.3600000000259
14519 -0.1885245739865954 290.3800000000259
14520 -0.2014422375704244 290.4000000000258
14521 -0.2142172405164012 290.4200000000258
14522 -0.2268410891377489 290.4400000000258
14523 -0.2393054286043546 290.4600000000258
14524 -0.2516020290752992 290.4800000000258
14525 -0.2637227909341009 290.5000000000258
14526 -0.2756597561437358 290.5200000000257
14527 -0.2874051145151191 290.5400000000257
14528 -0.2989511907221482 290.5600000000257
14529 -0.3102904436857121 290.5800000000257
14530 -0.3214154750906044 290.6000000000257
14531 -0.3323190389214817 290.6200000000256
14532 -0.3429940376384229 290.6400000000256
14533 -0.3534335277771303 290.6600000000256
14534 -0.3636307183458082 290.6800000000256
14535 -0.3735789872543405 290.7000000000256
14536 -0.3832718832441803 290.7200000000255
14537 -0.3927031022852811 290.7400000000255
14538 -0.401866484728663 290.7600000000255
14539 -0.4107560392749657 290.7800000000255
14540 -0.4193659372781566 290.8000000000255
14541 -0.427690506779746 290.8200000000255
14542 -0.4357242558648368 290.8400000000254
14543 -0.4434618686915456 290.8600000000254
14544 -0.4508981983102144 290.8800000000254
14545 -0.4580282668276636 290.9000000000254
14546 -0.4648472630710297 290.9200000000254
14547 -0.471350554914988 290.9400000000253
14548 -0.4775336844458928 290.9600000000253
14549 -0.483392369145863 290.9800000000253
14550 -0.4889225044949644 291.0000000000253
14551 -0.494120149893794 291.0200000000253
14552 -0.4989815594939047 291.0400000000253
14553 -0.5035031953686387 291.0600000000252
14554 -0.5076817152409783 291.0800000000252
14555 -0.5115139758659332 291.1000000000252
14556 -0.5149970322552995 291.1200000000252
14557 -0.5181281440002934 291.1400000000252
14558 -0.5209047980671428 291.1600000000251
14559 -0.5233247066214456 291.1800000000251
14560 -0.5253857868726647 291.2000000000251
14561 -0.5270861367629901 291.2200000000251
14562 -0.5284241003417013 291.2400000000251
14563 -0.5293982876063495 291.2600000000251
14564 -0.5300075537442061 291.280000000025
14565 -0.530250965092716 291.300000000025
14566 -0.5301278439983097 291.320000000025
14567 -0.5296377739582784 291.340000000025
14568 -0.5287805901221365 291.360000000025
14569 -0.527556380647389 291.3800000000249
14570 -0.5259654886746097 291.4000000000249
14571 -0.5240085084977205 291.4200000000249
14572 -0.5216863074198149 291.4400000000249
14573 -0.5190000483023496 291.4600000000249
14574 -0.5159511697551139 291.4800000000249
14575 -0.5125413602829118 291.5000000000248
14576 -0.5087725760119164 291.5200000000248
14577 -0.504647073482128 291.5400000000248
14578 -0.5001673872599165 291.5600000000248
14579 -0.4953363245055263 291.5800000000248
14580 -0.4901569524722855 291.6000000000247
14581 -0.4846326102854382 291.6200000000247
14582 -0.4787669156791037 291.6400000000247
14583 -0.4725637492943397 291.6600000000247
14584 -0.4660272672687151 291.6800000000247
14585 -0.4591618960768238 291.7000000000247
14586 -0.4519723226903231 291.7200000000246
14587 -0.4444634640624234 291.7400000000246
14588 -0.4366405035148198 291.7600000000246
14589 -0.4285089114989761 291.7800000000246
14590 -0.4200743981542885 291.8000000000246
14591 -0.411342908173041 291.8200000000245
14592 -0.4023206282915021 291.8400000000245
14593 -0.3930139893487001 291.8600000000245
14594 -0.3834296554701774 291.8800000000245
14595 -0.3735745157412925 291.9000000000245
14596 -0.3634556760069143 291.9200000000245
14597 -0.3530804427266205 291.9400000000244
14598 -0.3424563314453154 291.9600000000244
14599 -0.331591070101692 291.9800000000244
14600 -0.3204925617223229 292.0000000000244
14601 -0.3091688767986877 292.0200000000244
14602 -0.297628277608972 292.0400000000243
14603 -0.2858791926483747 292.0600000000243
14604 -0.2739302032074694 292.0800000000243
14605 -0.2617900376061624 292.1000000000243
14606 -0.2494675801444486 292.1200000000243
14607 -0.2369718481409424 292.1400000000243
14608 -0.2243119739833934 292.1600000000242
14609 -0.2114972040197475 292.1800000000242
14610 -0.1985368886089432 292.2000000000242
14611 -0.1854404814191512 292.2200000000242
14612 -0.1722175246192646 292.2400000000242
14613 -0.1588776263599299 292.2600000000241
14614 -0.1454304672262854 292.2800000000241
14615 -0.1318857925467537 292.3000000000241
14616 -0.1182533975661171 292.3200000000241
14617 -0.10454311283512 292.3400000000241
14618 -0.09076479940631245 292.3600000000241
14619 -0.07692834734873329 292.380000000024
14620 -0.06304367593255389 292.400000000024
14621 -0.04912070644724508 292.420000000024
14622 -0.0351693525653125 292.440000000024
14623 -0.02119952324095281 292.460000000024
14624 -0.007221107750500748 292.4800000000239
14625 0.006756037755937192 292.5000000000239
14626 0.02072208616709758 292.5200000000239
14627 0.0346672460366941 292.5400000000239
14628 0.04858177813413213 292.5600000000239
14629 0.06245600455873031 292.5800000000239
14630 0.07628031031037429 292.6000000000238
14631 0.09004514865211304 292.6200000000238
14632 0.1037410483166888 292.6400000000238
14633 0.1173586192071655 292.6600000000238
14634 0.1308885535594754 292.6800000000238
14635 0.1443216415911724 292.7000000000237
14636 0.1576487781741674 292.7200000000237
14637 0.1708609671872079 292.7400000000237
14638 0.183949313525046 292.7600000000237
14639 0.196905033844029 292.7800000000237
14640 0.2097194727973224 292.8000000000237
14641 0.2223840814445508 292.8200000000236
14642 0.2348904433252036 292.8400000000236
14643 0.2472302982485509 292.8600000000236
14644 0.2593955180398679 292.8800000000236
14645 0.2713781017519123 292.9000000000236
14646 0.2831701856068872 292.9200000000235
14647 0.2947640602389386 292.9400000000235
14648 0.306152152176104 292.9600000000235
14649 0.3173270364260407 292.9800000000235
14650 0.3282814393833742 293.0000000000235
14651 0.3390082353246268 293.0200000000235
14652 0.3495004540892842 293.0400000000234
14653 0.3597512734102489 293.0600000000234
14654 0.3697540319204858 293.0800000000234
14655 0.3795022288166682 293.1000000000234
14656 0.3889895225799443 293.1200000000234
14657 0.3982097517743211 293.1400000000233
14658 0.40715691701497 293.1600000000233
14659 0.4158251703186179 293.1800000000233
14660 0.4242088359631409 293.2000000000233
14661 0.4323024034024533 293.2200000000233
14662 0.440100512887224 293.2400000000233
14663 0.4475979785378697 293.2600000000232
14664 0.4547897937229914 293.2800000000232
14665 0.4616711169729497 293.3000000000232
14666 0.4682372769738052 293.3200000000232
14667 0.4744837815674999 293.3400000000232
14668 0.4804063543652841 293.3600000000231
14669 0.4860008725742771 293.3800000000231
14670 0.4912633835212652 293.4000000000231
14671 0.4961901744612787 293.4200000000231
14672 0.5007777168179742 293.4400000000231
14673 0.5050226532053292 293.4600000000231
14674 0.5089218660641333 293.480000000023
14675 0.512472428574645 293.500000000023
14676 0.5156715980466603 293.520000000023
14677 0.5185168718966199 293.540000000023
14678 0.5210059685544102 293.560000000023
14679 0.5231367891853389 293.5800000000229
14680 0.5249074477671474 293.6000000000229
14681 0.5263163219874725 293.6200000000229
14682 0.5273620301866616 293.6400000000229
14683 0.5280434146522295 293.6600000000229
14684 0.5283595301719123 293.6800000000229
14685 0.5283096809274299 293.7000000000228
14686 0.5278934333894575 293.7200000000228
14687 0.5271106292064631 293.7400000000228
14688 0.5259613369608356 293.7600000000228
14689 0.524445870632246 293.7800000000228
14690 0.5225647982590529 293.8000000000227
14691 0.5203189552367227 293.8200000000227
14692 0.5177094349428103 293.8400000000227
14693 0.5147376207992106 293.8600000000227
14694 0.5114051649464835 293.8800000000227
14695 0.5077139909035474 293.9000000000227
14696 0.5036662870055739 293.9200000000226
14697 0.4992645348065473 293.9400000000226
14698 0.4945114918795486 293.9600000000226
14699 0.4894101668646206 293.9800000000226
14700 0.4839638253685748 294.0000000000226
14701 0.4781760272533543 294.0200000000225
14702 0.4720506370957946 294.0400000000225
14703 0.4655917726735992 294.0600000000225
14704 0.4588037991188724 294.0800000000225
14705 0.4516913605164772 294.1000000000225
14706 0.4442593858172035 294.1200000000225
14707 0.4365130115391941 294.1400000000224
14708 0.4284575995538336 294.1600000000224
14709 0.4200987879148824 294.1800000000224
14710 0.4114424548232379 294.2000000000224
14711 0.4024946897758535 294.2200000000224
14712 0.3932618331168967 294.2400000000223
14713 0.3837504806582262 294.2600000000223
14714 0.3739674393250231 294.2800000000223
14715 0.3639197264077432 294.3000000000223
14716 0.3536145786770415 294.3200000000223
14717 0.3430594446084479 294.3400000000223
14718 0.3322619694382911 294.3600000000222
14719 0.3212299815846775 294.3800000000222
14720 0.3099714849687742 294.4000000000222
14721 0.298494644959606 294.4200000000222
14722 0.2868078151781481 294.4400000000222
14723 0.2749195200994857 294.4600000000221
14724 0.2628383951289786 294.4800000000221
14725 0.250573207060639 294.5000000000221
14726 0.2381328844397889 294.5200000000221
14727 0.2255264719787818 294.5400000000221
14728 0.2127631214935227 294.5600000000221
14729 0.1998521071827136 294.580000000022
14730 0.1868028138587318 294.600000000022
14731 0.1736247162313599 294.620000000022
14732 0.1603273703390387 294.640000000022
14733 0.1469204040621298 294.660000000022
14734 0.133413507264872 294.6800000000219
14735 0.1198164323600816 294.7000000000219
14736 0.1061389715667171 294.7200000000219
14737 0.09239094627572299 294.7400000000219
14738 0.07858221353566916 294.7600000000219
14739 0.06472265868826871 294.7800000000219
14740 0.05082216793286675 294.8000000000218
14741 0.03689062790145937 294.8200000000218
14742 0.02293793115770577 294.8400000000218
14743 0.008973939924777675 294.8600000000218
14744 -0.004991523039249127 294.8800000000218
14745 -0.01894863985685721 294.9000000000217
14746 -0.03288762024288193 294.9200000000217
14747 -0.04679874232773298 294.9400000000217
14748 -0.06067233985421316 294.9600000000217
14749 -0.07449879766380969 294.9800000000217
14750 -0.0882685739016786 295.0000000000217
14751 -0.1019722079830263 295.0200000000216
14752 -0.1156003165832183 295.0400000000216
14753 -0.1291435996196894 295.0600000000216
14754 -0.1425928449886008 295.0800000000216
14755 -0.1559389352392477 295.1000000000216
14756 -0.1691728452333811 295.1200000000215
14757 -0.1822856627224335 295.1400000000215
14758 -0.1952686068603165 295.1600000000215
14759 -0.2081130124375628 295.1800000000215
14760 -0.2208103193950012 295.2000000000215
14761 -0.2333521037934053 295.2200000000215
14762 -0.2457300793227815 295.2400000000214
14763 -0.2579360843794833 295.2600000000214
14764 -0.2699620886388394 295.2800000000214
14765 -0.2818002109515438 295.3000000000214
14766 -0.2934427179357532 295.3200000000214
14767 -0.3048819993453664 295.3400000000213
14768 -0.316110585710452 295.3600000000213
14769 -0.3271211566005961 295.3800000000213
14770 -0.3379065475901837 295.4000000000213
14771 -0.3484597397477245 295.4200000000213
14772 -0.3587738629534606 295.4400000000213
14773 -0.3688422192983369 295.4600000000212
14774 -0.3786582780168379 295.4800000000212
14775 -0.3882156613872712 295.5000000000212
14776 -0.3975081415817995 295.5200000000212
14777 -0.4065296532428826 295.5400000000212
14778 -0.4152742792217199 295.5600000000211
14779 -0.4237362797382173 295.5800000000211
14780 -0.4319100734176154 295.6000000000211
14781 -0.4397902580242902 295.6200000000211
14782 -0.4473716075565409 295.6400000000211
14783 -0.4546490608134197 295.6600000000211
14784 -0.461617729937813 295.680000000021
14785 -0.4682728952340017 295.700000000021
14786 -0.4746100153122146 295.720000000021
14787 -0.4806247210263533 295.740000000021
14788 -0.4863128249089593 295.760000000021
14789 -0.4916703088205802 295.7800000000209
14790 -0.4966933244309499 295.8000000000209
14791 -0.5013782301194702 295.8200000000209
14792 -0.5057216046744121 295.8400000000209
14793 -0.509720219744407 295.8600000000209
14794 -0.5133710202830034 295.8800000000209
14795 -0.5166711491021084 295.9000000000208
14796 -0.5196179995832341 295.9200000000208
14797 -0.5222091746276956 295.9400000000208
14798 -0.5244424822817049 295.9600000000208
14799 -0.5263159393673414 295.9800000000208
14800 -0.5278277860724018 296.0000000000207
14801 -0.5289764920574371 296.0200000000207
14802 -0.5297607873977145 296.0400000000207
14803 -0.5301796469972604 296.0600000000207
14804 -0.5302322738611087 296.0800000000207
14805 -0.529918118356816 296.1000000000207
14806 -0.5292368910852524 296.1200000000206
14807 -0.5281885683701995 296.1400000000206
14808 -0.5267733685325853 296.1600000000206
14809 -0.5249917621955338 296.1800000000206
14810 -0.5228444865926796 296.2000000000206
14811 -0.5203325572035811 296.2200000000205
14812 -0.5174572904357467 296.2400000000205
14813 -0.5142202491304323 296.2600000000205
14814 -0.5106232648435487 296.2800000000205
14815 -0.5066684399891294 296.3000000000205
14816 -0.5023581779403183 296.3200000000205
14817 -0.4976951646287526 296.3400000000204
14818 -0.4926823405966684 296.3600000000204
14819 -0.4873229084246297 296.3800000000204
14820 -0.4816203556320902 296.4000000000204
14821 -0.475578439359417 296.4200000000204
14822 -0.4692011809988917 296.4400000000203
14823 -0.4624928785657758 296.4600000000203
14824 -0.4554580959618108 296.4800000000203
14825 -0.4481016369854467 296.5000000000203
14826 -0.4404285582790972 296.5200000000203
14827 -0.4324441934369146 296.5400000000203
14828 -0.4241541448882318 296.5600000000202
14829 -0.4155642445952801 296.5800000000202
14830 -0.406680553495182 296.6000000000202
14831 -0.397509389849294 296.6200000000202
14832 -0.3880573077616304 296.6400000000202
14833 -0.3783310898702896 296.6600000000201
14834 -0.3683377371697886 296.6800000000201
14835 -0.3580844576138864 296.7000000000201
14836 -0.3475786721080124 296.7200000000201
14837 -0.33682801067765 296.7400000000201
14838 -0.3258402899880281 296.7600000000201
14839 -0.3146234986908669 296.78000000002
14840 -0.3031858136175692 296.80000000002
14841 -0.2915355820623157 296.82000000002
14842 -0.2796813144364857 296.84000000002
14843 -0.267631665352853 296.86000000002
14844 -0.2553954482205957 296.8800000000199
14845 -0.2429816189960947 296.9000000000199
14846 -0.2303992562062948 296.9200000000199
14847 -0.217657550004834 296.9400000000199
14848 -0.2047657978810617 296.9600000000199
14849 -0.1917334107913835 296.9800000000199
14850 -0.1785698906745289 297.0000000000198
14851 -0.1652848153642571 297.0200000000198
14852 -0.1518878305022272 297.0400000000198
14853 -0.138388648824833 297.0600000000198
14854 -0.1247970431761764 297.0800000000198
14855 -0.1111228323162938 297.1000000000197
14856 -0.09737586203081297 297.1200000000197
14857 -0.08356600739180255 297.1400000000197
14858 -0.06970317582296007 297.1600000000197
14859 -0.05579729254606475 297.1800000000197
14860 -0.04185827315788182 297.2000000000197
14861 -0.02789602642334262 297.2200000000196
14862 -0.01392045497346228 297.2400000000196
14863 5.856704387068139e-05 297.2600000000196
14864 0.01403119880866457 297.2800000000196
14865 0.02798763072997958 297.3000000000196
14866 0.04191809634659188 297.3200000000195
14867 0.05581288545100326 297.3400000000195
14868 0.06966235499165313 297.3600000000195
14869 0.08345692656088272 297.3800000000195
14870 0.097187088682579 297.4000000000195
14871 0.1108434126132462 297.4200000000195
14872 0.1244165501382124 297.4400000000194
14873 0.1378972439451679 297.4600000000194
14874 0.1512763375686871 297.4800000000194
14875 0.1645447832704914 297.5000000000194
14876 0.1776936394744187 297.5200000000194
14877 0.1907140682774066 297.5400000000193
14878 0.203597338031423 297.5600000000193
14879 0.2163348494170848 297.5800000000193
14880 0.2289181371412931 297.6000000000193
14881 0.2413388609211113 297.6200000000193
14882 0.2535888243958696 297.6400000000193
14883 0.2656599692256818 297.6600000000192
14884 0.2775443697669386 297.6800000000192
14885 0.2892342395955451 297.7000000000192
14886 0.3007219362969494 297.7200000000192
14887 0.3119999642406993 297.7400000000192
14888 0.3230609867386878 297.7600000000191
14889 0.3338978092421331 297.7800000000191
14890 0.3445033844314065 297.8000000000191
14891 0.3548708074438628 297.8200000000191
14892 0.3649933422748571 297.8400000000191
14893 0.3748644088814999 297.8600000000191
14894 0.3844775810847703 297.880000000019
14895 0.3938266203592483 297.900000000019
14896 0.4029054583149196 297.920000000019
14897 0.4117081626361442 297.940000000019
14898 0.4202289742861312 297.960000000019
14899 0.4284623119253308 297.9800000000189
14900 0.4364027422690205 298.0000000000189
14901 0.4440449890720526 298.0200000000189
14902 0.4513839641465546 298.0400000000189
14903 0.4584147477930452 298.0600000000189
14904 0.4651325881893963 298.0800000000189
14905 0.4715328969514115 298.1000000000188
14906 0.4776112917373393 298.1200000000188
14907 0.4833635918729962 298.1400000000188
14908 0.4887857547986303 298.1600000000188
14909 0.4938739429780246 298.1800000000188
14910 0.4986245547105884 298.2000000000187
14911 0.503034158897779 298.2200000000187
14912 0.507099511697204 298.2400000000187
14913 0.5108175869992001 298.2600000000187
14914 0.5141855630664394 298.2800000000187
14915 0.5172008219039406 298.3000000000187
14916 0.5198609720912483 298.3200000000186
14917 0.5221638148240249 298.3400000000186
14918 0.5241073665875697 298.3600000000186
14919 0.5256898783814405 298.3800000000186
14920 0.5269098569298122 298.4000000000186
14921 0.5277660431565504 298.4200000000185
14922 0.5282573932908953 298.4400000000185
14923 0.5283830694475127 298.4600000000185
14924 0.5281425120941717 298.4800000000185
14925 0.5275354459985619 298.5000000000185
14926 0.526561831667302 298.5200000000185
14927 0.5252218534329447 298.5400000000184
14928 0.5235159559027053 298.5600000000184
14929 0.5214448500852418 298.5800000000184
14930 0.5190095106006346 298.6000000000184
14931 0.5162111717331254 298.6200000000184
14932 0.5130513657369146 298.6400000000183
14933 0.5095318862266072 298.6600000000183
14934 0.5056547868888773 298.6800000000183
14935 0.5014224055354485 298.7000000000183
14936 0.4968373802118464 298.7200000000183
14937 0.4919025998585683 298.7400000000183
14938 0.486621196589299 298.7600000000182
14939 0.480996587728422 298.7800000000182
14940 0.4750324991436835 298.8000000000182
14941 0.4687329303813816 298.8200000000182
14942 0.4621021201644469 298.8400000000182
14943 0.4551445822689067 298.8600000000181
14944 0.4478651127298828 298.8800000000181
14945 0.4402687531701618 298.9000000000181
14946 0.4323607504296894 298.9200000000181
14947 0.4241466104000789 298.9400000000181
14948 0.4156321041636603 298.9600000000181
14949 0.4068232139603042 298.980000000018
14950 0.397726162277044 299.000000000018
14951 0.3883474245386358 299.020000000018
14952 0.3786937011469198 299.040000000018
14953 0.3687719120226653 299.060000000018
14954 0.358589193936217 299.0800000000179
14955 0.3481528916295084 299.1000000000179
14956 0.3374705520226635 299.1200000000179
14957 0.3265499258158014 299.1400000000179
14958 0.3153989325743345 299.1600000000179
14959 0.3040256536770692 299.1800000000179
14960 0.2924383573269641 299.2000000000178
14961 0.2806454922679008 299.2200000000178
14962 0.2686556390308693 299.2400000000178
14963 0.2564775001072422 299.2600000000178
14964 0.2441199309094025 299.2800000000178
14965 0.2315919226925376 299.3000000000177
14966 0.2189025737316468 299.3200000000177
14967 0.206061100512439 299.3400000000177
14968 0.1930768400744051 299.3600000000177
14969 0.1799592238534246 299.3800000000177
14970 0.1667177666839752 299.4000000000177
14971 0.1533620651709786 299.4200000000176
14972 0.1399017845489593 299.4400000000176
14973 0.1263466440825917 299.4600000000176
14974 0.1127064193391704 299.4800000000176
14975 0.0989909206150852 299.5000000000176
14976 0.08520998525846636 299.5200000000175
14977 0.07137348583837058 299.5400000000175
14978 0.05749131178596791 299.5600000000175
14979 0.04357334933081065 299.5800000000175
14980 0.02962949041339993 299.6000000000175
14981 0.0156696173562361 299.6200000000175
14982 0.001703570954162366 299.6400000000174
14983 -0.01225883376365309 299.6600000000174
14984 -0.0262077893751702 299.6800000000174
14985 -0.04013353578654413 299.7000000000174
14986 -0.05402638204062928 299.7200000000174
14987 -0.06787668849459039 299.7400000000173
14988 -0.08167487588546127 299.7600000000173
14989 -0.09541144302923817 299.7800000000173
14990 -0.1090769705435524 299.8000000000173
14991 -0.1226621181610706 299.8200000000173
14992 -0.1361576296667843 299.8400000000173
14993 -0.1495543397161565 299.8600000000172
14994 -0.1628431762152103 299.8800000000172
14995 -0.1760151669321841 299.9000000000172
14996 -0.1890614766192847 299.9200000000172
14997 -0.2019733847154999 299.9400000000172
14998 -0.2147422749051648 299.9600000000171
14999 -0.227359660684296 299.9800000000171
15000 -0.2398171903233164 300.0000000000171
15001 -0.252106642089561 300.0200000000171
15002 -0.2642199214607041 300.0400000000171
15003 -0.2761490752766204 300.0600000000171
15004 -0.28788629870007 300.080000000017
15005 -0.2994239255741692 300.100000000017
15006 -0.3107544148269716 300.120000000017
15007 -0.321870380021465 300.140000000017
15008 -0.3327645781836528 300.160000000017
15009 -0.3434299190766285 300.1800000000169
15010 -0.3538594634764232 300.2000000000169
15011 -0.3640464288956157 300.2200000000169
15012 -0.3739841996809384 300.2400000000169
15013 -0.3836663311067903 300.2600000000169
15014 -0.393086522246428 300.2800000000169
15015 -0.4022386283546355 300.3000000000168
15016 -0.4111166584215331 300.3200000000168
15017 -0.4197147912511428 300.3400000000168
15018 -0.4280273640537668 300.3600000000168
15019 -0.43604888999563 300.3800000000168
15020 -0.4437740611865067 300.4000000000167
15021 -0.4511977396265225 300.4200000000167
15022 -0.4583149515676809 300.4400000000167
15023 -0.4651208928367794 300.4600000000167
15024 -0.4716109415529968 300.4800000000167
15025 -0.4777806429217664 300.5000000000167
15026 -0.4836257247783298 300.5200000000166
15027 -0.4891420872684827 300.5400000000166
15028 -0.4943257990259906 300.5600000000166
15029 -0.499173120262681 300.5800000000166
15030 -0.5036805233765018 300.6000000000166
15031 -0.5078446795658806 300.6200000000165
15032 -0.5116624526427688 300.6400000000165
15033 -0.5151309057937796 300.6600000000165
15034 -0.5182472976380513 300.6800000000165
15035 -0.5210091305581627 300.7000000000165
15036 -0.5234141258163749 300.7200000000165
15037 -0.5254602043654401 300.7400000000164
15038 -0.5271454721153012 300.7600000000164
15039 -0.5284682950160026 300.7800000000164
15040 -0.529427282327902 300.8000000000164
15041 -0.530021297554121 300.8200000000164
15042 -0.5302494262961367 300.8400000000163
15043 -0.5301109964899812 300.8600000000163
15044 -0.529605599554915 300.8800000000163
15045 -0.5287330897863062 300.9000000000163
15046 -0.5274935571289155 300.9200000000163
15047 -0.525887357351982 300.9400000000163
15048 -0.5239151001560323 300.9600000000162
15049 -0.521577662112738 300.9800000000162
15050 -0.5188762166277719 301.0000000000162
15051 -0.5158122161041169 301.0200000000162
15052 -0.5123873556140698 301.0400000000162
15053 -0.5086036097062323 301.0600000000161
15054 -0.5044632376511619 301.0800000000161
15055 -0.4999687919947891 301.1000000000161
15056 -0.495123094757461 301.1200000000161
15057 -0.489929215937747 301.1400000000161
15058 -0.4843905128641636 301.1600000000161
15059 -0.4785106127466533 301.180000000016
15060 -0.4722934054110925 301.200000000016
15061 -0.4657430616908664 301.220000000016
15062 -0.4588640187626237 301.240000000016
15063 -0.4516609718946551 301.260000000016
15064 -0.4441388488398001 301.2800000000159
15065 -0.4363028474716254 301.3000000000159
15066 -0.428158446368905 301.3200000000159
15067 -0.4197113640686455 301.3400000000159
15068 -0.4109675588956738 301.3600000000159
15069 -0.4019332282579379 301.3800000000159
15070 -0.3926148097279056 301.4000000000158
15071 -0.3830189804264878 301.4200000000158
15072 -0.3731526366506959 301.4400000000158
15073 -0.3630228929971321 301.4600000000158
15074 -0.3526370644874655 301.4800000000158
15075 -0.3420026786807508 301.5000000000157
15076 -0.3311274698911619 301.5200000000157
15077 -0.3200193464018573 301.5400000000157
15078 -0.3086863868185533 301.5600000000157
15079 -0.2971368620862716 301.5800000000157
15080 -0.2853792100164578 301.6000000000157
15081 -0.2734220126567451 301.6200000000156
15082 -0.2612740078583511 301.6400000000156
15083 -0.248944086045643 301.6600000000156
15084 -0.2364412677716902 301.6800000000156
15085 -0.2237746932935857 301.7000000000156
15086 -0.2109536117060573 301.7200000000155
15087 -0.1979873779605794 301.7400000000155
15088 -0.1848854513732281 301.7600000000155
15089 -0.1716573742376203 301.7800000000155
15090 -0.158312760320824 301.8000000000155
15091 -0.1448612933003345 301.8200000000155
15092 -0.1313127196652021 301.8400000000154
15093 -0.1176768374193526 301.8600000000154
15094 -0.1039634785151637 301.8800000000154
15095 -0.09018250418588286 301.9000000000154
15096 -0.07634380823407344 301.9200000000154
15097 -0.06245730871859445 301.9400000000153
15098 -0.04853292717211007 301.9600000000153
15099 -0.03458057756176491 301.9800000000153
15100 -0.02061016782702862 302.0000000000153
15101 -0.006631585625482986 302.0200000000153
15102 0.007345313731702999 302.0400000000153
15103 0.02131070339074518 302.0600000000152
15104 0.03525479395677804 302.0800000000152
15105 0.04916784880168699 302.1000000000152
15106 0.06304019238422266 302.1200000000152
15107 0.07686221223578296 302.1400000000152
15108 0.09062436396299094 302.1600000000151
15109 0.1043171807949712 302.1800000000151
15110 0.1179312753988455 302.2000000000151
15111 0.1314573435819618 302.2200000000151
15112 0.1448861804929309 302.2400000000151
15113 0.1582086862137714 302.2600000000151
15114 0.1714158676742619 302.280000000015
15115 0.1844988342794741 302.300000000015
15116 0.1974488085913039 302.320000000015
15117 0.2102571386277217 302.340000000015
15118 0.222915282241475 302.360000000015
15119 0.235414827915207 302.3800000000149
15120 0.247747520490206 302.4000000000149
15121 0.2599052389110331 302.4200000000149
15122 0.2718799860228118 302.4400000000149
15123 0.2836639067321575 302.4600000000149
15124 0.2952492949666296 302.4800000000149
15125 0.3066285834948946 302.5000000000148
15126 0.3177943536662851 302.5200000000148
15127 0.3287393388546773 302.5400000000148
15128 0.3394564187007293 302.5600000000148
15129 0.3499386296468553 302.5800000000148
15130 0.360179155555847 302.6000000000147
15131 0.3701713414329407 302.6200000000147
15132 0.3799086946111945 302.6400000000147
15133 0.3893848794049756 302.6600000000147
15134 0.3985937424125131 302.6800000000147
15135 0.4075292922538916 302.7000000000147
15136 0.4161856840949277 302.7200000000146
15137 0.4245572515642272 302.7400000000146
15138 0.4326384899786078 302.7600000000146
15139 0.4404240456100657 302.7800000000146
15140 0.4479087408676878 302.8000000000146
15141 0.455087575305928 302.8200000000145
15142 0.4619557157210019 302.8400000000145
15143 0.4685084920809318 302.8600000000145
15144 0.4747414180490088 302.8800000000145
15145 0.4806502226832718 302.9000000000145
15146 0.4862307946256104 302.9200000000145
15147 0.4914791960966756 302.9400000000144
15148 0.4963917095831819 302.9600000000144
15149 0.5009648236289426 302.9800000000144
15150 0.5051951978715139 303.0000000000144
15151 0.5090797135556152 303.0200000000144
15152 0.5126154573106876 303.0400000000143
15153 0.5157997068079835 303.0600000000143
15154 0.5186299592133881 303.0800000000143
15155 0.5211039331940689 303.1000000000143
15156 0.5232195432554839 303.1200000000143
15157 0.5249749140669603 303.1400000000143
15158 0.5263684299331091 303.1600000000142
15159 0.5273987224123492 303.1800000000142
15160 0.5280646444716863 303.2000000000142
15161 0.5283652583589723 303.2200000000142
15162 0.5282998751843121 303.2400000000142
15163 0.5278680835337969 303.2600000000141
15164 0.5270697272905932 303.2800000000141
15165 0.525904886424859 303.3000000000141
15166 0.5243738829466792 303.3200000000141
15167 0.5224773020456419 303.3400000000141
15168 0.5202159874521919 303.3600000000141
15169 0.5175910472828444 303.380000000014
15170 0.5146038701233956 303.400000000014
15171 0.5112561263439728 303.420000000014
15172 0.5075497458301255 303.440000000014
15173 0.503486931316261 303.460000000014
15174 0.4990701798877166 303.4800000000139
15175 0.4943022561138419 303.5000000000139
15176 0.4891861802226464 303.5200000000139
15177 0.4837252287106683 303.5400000000139
15178 0.4779229772049367 303.5600000000139
15179 0.4717833008971306 303.5800000000139
15180 0.4653103271959373 303.6000000000138
15181 0.4585084314173978 303.6200000000138
15182 0.4513822754154879 303.6400000000138
15183 0.443936795195378 303.6600000000138
15184 0.4361771382015799 303.6800000000138
15185 0.4281086756645686 303.7000000000137
15186 0.4197370570882502 303.7200000000137
15187 0.4110681713283181 303.7400000000137
15188 0.4021081167981565 303.7600000000137
15189 0.3928632466383208 303.7800000000137
15190 0.3833401658969399 303.8000000000137
15191 0.3735456899944289 303.8200000000136
15192 0.3634868446647008 303.8400000000136
15193 0.3531708776022085 303.8600000000136
15194 0.3426052470601146 303.8800000000136
15195 0.3317976025054697 303.9000000000136
15196 0.3207557823551839 303.9200000000135
15197 0.3094877987546042 303.9400000000135
15198 0.2980018259104165 303.9600000000135
15199 0.2863062212571648 303.9800000000135
15200 0.274409516991991 304.0000000000135
15201 0.2623203546757877 304.0200000000135
15202 0.2500475080585872 304.0400000000134
15203 0.2375999110859966 304.0600000000134
15204 0.2249866121023366 304.0800000000134
15205 0.2122167693377087 304.1000000000134
15206 0.1992996610618679 304.1200000000134
15207 0.1862446762723865 304.1400000000133
15208 0.1730612929995562 304.1600000000133
15209 0.1597590724444726 304.1800000000133
15210 0.1463476429839342 304.2000000000133
15211 0.1328366981396736 304.2200000000133
15212 0.1192359915855384 304.2400000000133
15213 0.1055553175997083 304.2600000000132
15214 0.0918044994680408 304.2800000000132
15215 0.077993395000307 304.3000000000132
15216 0.06413189009648591 304.3200000000132
15217 0.05022987187850662 304.3400000000132
15218 0.03629722692120296 304.3600000000131
15219 0.02234384735787143 304.3800000000131
15220 0.008379594559113275 304.4000000000131
15221 -0.005585710607522103 304.4200000000131
15222 -0.01954225178209881 304.4400000000131
15223 -0.03348023952452727 304.4600000000131
15224 -0.04738995387839245 304.480000000013
15225 -0.06126173212258933 304.500000000013
15226 -0.07508596115611646 304.520000000013
15227 -0.08885310237689674 304.540000000013
15228 -0.1025536985468946 304.560000000013
15229 -0.1161783708126896 304.5800000000129
15230 -0.1297178212202863 304.6000000000129
15231 -0.1431628420430666 304.6200000000129
15232 -0.1565043206086284 304.6400000000129
15233 -0.169733236732579 304.6600000000129
15234 -0.1828406813213773 304.6800000000129
15235 -0.1958178804898887 304.7000000000128
15236 -0.2086561725557244 304.7200000000128
15237 -0.2213470027767236 304.7400000000128
15238 -0.2338819530876478 304.7600000000128
15239 -0.2462527430248833 304.7800000000128
15240 -0.2584512182883369 304.8000000000127
15241 -0.2704693508254541 304.8200000000127
15242 -0.2822992681818992 304.8400000000127
15243 -0.2939332390606791 304.8600000000127
15244 -0.3053636664444196 304.8800000000127
15245 -0.3165830800783105 304.9000000000127
15246 -0.327584168381331 304.9200000000126
15247 -0.3383597724735907 304.9400000000126
15248 -0.3489028796717452 304.9600000000126
15249 -0.3592066279446728 304.9800000000126
15250 -0.369264323756723 305.0000000000126
15251 -0.3790694460022384 305.0200000000125
15252 -0.3886156238969461 305.0400000000125
15253 -0.3978966360721953 305.0600000000125
15254 -0.4069064195543682 305.0800000000125
15255 -0.4156390686453835 305.1000000000125
15256 -0.4240888484081113 305.1200000000125
15257 -0.4322501894301754 305.1400000000124
15258 -0.4401176922215448 305.1600000000124
15259 -0.4476861394751496 305.1800000000124
15260 -0.4549504777017371 305.2000000000124
15261 -0.4619058246033832 305.2200000000124
15262 -0.4685474679576256 305.2400000000123
15263 -0.4748708722990784 305.2600000000123
15264 -0.4808716803456721 305.2800000000123
15265 -0.4865457095958693 305.3000000000123
15266 -0.4918889469088914 305.3200000000123
15267 -0.4968975520455188 305.3400000000123
15268 -0.5015678967477685 305.3600000000122
15269 -0.5058965661609215 305.3800000000122
15270 -0.5098803378424498 305.4000000000122
15271 -0.5135161641934004 305.4200000000122
15272 -0.516801202918594 305.4400000000122
15273 -0.519732849629377 305.4600000000121
15274 -0.5223087269114326 305.4800000000121
15275 -0.5245266551785799 305.5000000000121
15276 -0.5263846495025825 305.5200000000121
15277 -0.5278809441608912 305.5400000000121
15278 -0.5290140402843436 305.5600000000121
15279 -0.5297826800869967 305.580000000012
15280 -0.5301858390106998 305.600000000012
15281 -0.5302227310650269 305.620000000012
15282 -0.5298928207723034 305.640000000012
15283 -0.5291958362102693 305.660000000012
15284 -0.5281317505267584 305.6800000000119
15285 -0.5267008018905397 305.7000000000119
15286 -0.5249034725633613 305.7200000000119
15287 -0.5227405048498653 305.7400000000119
15288 -0.5202129339260004 305.7600000000119
15289 -0.5173220824615927 305.7800000000119
15290 -0.5140695309439072 305.8000000000118
15291 -0.5104571152685818 305.8200000000118
15292 -0.5064869536394531 305.8400000000118
15293 -0.502161463173401 305.8600000000118
15294 -0.4974833398007359 305.8800000000118
15295 -0.4924555362061896 305.9000000000117
15296 -0.48708126460919 305.9200000000117
15297 -0.4813640255124377 305.9400000000117
15298 -0.4753075913927314 305.9600000000117
15299 -0.4689159912889963 305.9800000000117
15300 -0.462193535293363 306.0000000000117
15301 -0.4551448003021625 306.0200000000116
15302 -0.4477746001715451 306.0400000000116
15303 -0.4400880027628546 306.0600000000116
15304 -0.4320903536081804 306.0800000000116
15305 -0.423787264369453 306.1000000000116
15306 -0.4151845810121781 306.1200000000115
15307 -0.4062883723838681 306.1400000000115
15308 -0.3971049619377097 306.1600000000115
15309 -0.3876409233951192 306.1800000000115
15310 -0.3779030445211446 306.2000000000115
15311 -0.3678983348946841 306.2200000000115
15312 -0.3576340132797216 306.2400000000114
15313 -0.3471175078332237 306.2600000000114
15314 -0.3363564574467708 306.2800000000114
15315 -0.3253586862287894 306.3000000000114
15316 -0.3141321926750762 306.3200000000114
15317 -0.3026851580580835 306.3400000000113
15318 -0.2910259415471282 306.3600000000113
15319 -0.2791630562063961 306.3800000000113
15320 -0.2671051650818655 306.4000000000113
15321 -0.2548610873988195 306.4200000000113
15322 -0.2424397862714027 306.4400000000113
15323 -0.2298503438762368 306.4600000000112
15324 -0.2171019542257897 306.4800000000112
15325 -0.2042039219209426 306.5000000000112
15326 -0.1911656609598321 306.5200000000112
15327 -0.1779966778202847 306.5400000000112
15328 -0.164706553236049 306.5600000000111
15329 -0.151304935696508 306.5800000000111
15330 -0.1378015402975646 306.6000000000111
15331 -0.1242061429722659 306.6200000000111
15332 -0.1105285636328416 306.6400000000111
15333 -0.09677864939804957 306.6600000000111
15334 -0.08296627769593869 306.680000000011
15335 -0.06910135553279959 306.700000000011
15336 -0.05519380984816023 306.720000000011
15337 -0.04125355546961816 306.740000000011
15338 -0.02729050092865262 306.760000000011
15339 -0.01331454825822127 306.7800000000109
15340 0.0006644299348768788 306.8000000000109
15341 0.01463659385242468 306.8200000000109
15342 0.02859213577196121 306.8400000000109
15343 0.04252129085712514 306.8600000000109
15344 0.05641435141145763 306.8800000000109
15345 0.07026167775469697 306.9000000000108
15346 0.08405369357414062 306.9200000000108
15347 0.09778089128607484 306.9400000000108
15348 0.1114338446428289 306.9600000000108
15349 0.125003211025339 306.9800000000108
15350 0.1384797351632023 307.0000000000107
15351 0.1518542661867546 307.0200000000107
15352 0.1651177600322878 307.0400000000107
15353 0.1782612808992431 307.0600000000107
15354 0.1912759940928451 307.0800000000107
15355 0.2041531747982049 307.1000000000107
15356 0.2168842276215696 307.1200000000106
15357 0.2294606923767094 307.1400000000106
15358 0.2418742361881036 307.1600000000106
15359 0.2541166682422252 307.1800000000106
15360 0.2661799356388058 307.2000000000106
15361 0.27805611808492 307.2200000000105
15362 0.2897374362510698 307.2400000000105
15363 0.3012162514965455 307.2600000000105
15364 0.3124850769338031 307.2800000000105
15365 0.3235365728428418 307.3000000000105
15366 0.3343635476724835 307.3200000000105
15367 0.3449589682090258 307.3400000000104
15368 0.355315946714387 307.3600000000104
15369 0.3654277451038516 307.3800000000104
15370 0.3752877889150261 307.4000000000104
15371 0.3848896667430163 307.4200000000104
15372 0.3942271453795273 307.4400000000103
15373 0.4032941586863232 307.4600000000103
15374 0.4120847865849313 307.4800000000103
15375 0.4205932761643241 307.5000000000103
15376 0.4288140492268759 307.5200000000103
15377 0.4367416826499904 307.5400000000103
15378 0.4443709062697734 307.5600000000102
15379 0.451696637436411 307.5800000000102
15380 0.4587139672471524 307.6000000000102
15381 0.465418149243888 307.6200000000102
15382 0.4718046029277498 307.6400000000102
15383 0.4778689548582317 307.6600000000101
15384 0.4836070282422554 307.6800000000101
15385 0.4890147905263623 307.7000000000101
15386 0.4940884126562281 307.7200000000101
15387 0.4988243046399461 307.7400000000101
15388 0.5032190450591779 307.7600000000101
15389 0.507269391745493 307.78000000001
15390 0.5109723303673633 307.80000000001
15391 0.5143250440506671 307.82000000001
15392 0.5173249171624374 307.84000000001
15393 0.5199695753807587 307.86000000001
15394 0.5222568442173808 307.8800000000099
15395 0.5241847424117321 307.9000000000099
15396 0.5257515231455079 307.9200000000099
15397 0.5269557058676145 307.9400000000099
15398 0.5277960478078814 307.9600000000099
15399 0.528271502558103 307.9800000000099
15400 0.5283812565744577 308.0000000000098
15401 0.528124749166592 308.0200000000098
15402 0.5275017259583631 308.0400000000098
15403 0.5265121486563964 308.0600000000098
15404 0.5251562229409662 308.0800000000098
15405 0.5234343981204098 308.1000000000097
15406 0.5213473992832343 308.1200000000097
15407 0.5188962093466634 308.1400000000097
15408 0.5160820779044668 308.1600000000097
15409 0.5129065468486802 308.1800000000097
15410 0.5093714252261158 308.2000000000097
15411 0.505478772162795 308.2200000000096
15412 0.5012309467559152 308.2400000000096
15413 0.4966305917054832 308.2600000000096
15414 0.4916806105143451 308.2800000000096
15415 0.4863841462243004 308.3000000000096
15416 0.4807446289831069 308.3200000000095
15417 0.4747657986281347 308.3400000000095
15418 0.4684516641315051 308.3600000000095
15419 0.4618064802661502 308.3800000000095
15420 0.4548347680444452 308.4000000000095
15421 0.4475413384711421 308.4200000000095
15422 0.4399312419995009 308.4400000000094
15423 0.4320097359134257 308.4600000000094
15424 0.4237823352004585 308.4800000000094
15425 0.4152548243676576 308.5000000000094
15426 0.4064331952711138 308.5200000000094
15427 0.3973236792016883 308.5400000000093
15428 0.3879327652034348 308.5600000000093
15429 0.3782671636016311 308.5800000000093
15430 0.3683338015690285 308.6000000000093
15431 0.3581398273930687 308.6200000000093
15432 0.3476925931694888 308.6400000000093
15433 0.3369996570691149 308.6600000000092
15434 0.3260687753159627 308.6800000000092
15435 0.3149078770213428 308.7000000000092
15436 0.3035250510038173 308.7200000000092
15437 0.2919285731533818 308.7400000000092
15438 0.280126900389473 308.7600000000091
15439 0.2681286177932157 308.7800000000091
15440 0.2559424336221984 308.8000000000091
15441 0.2435772094301443 308.8200000000091
15442 0.23104194297116 308.8400000000091
15443 0.2183457363369303 308.8600000000091
15444 0.205497811389134 308.880000000009
15445 0.1925075102412971 308.900000000009
15446 0.1793842688981471 308.920000000009
15447 0.1661376043667777 308.940000000009
15448 0.1527771173447974 308.960000000009
15449 0.1393124752912362 308.9800000000089
15450 0.1257533997510119 309.0000000000089
15451 0.1121096688890609 309.0200000000089
15452 0.09839109483721899 309.0400000000089
15453 0.08460751440185123 309.0600000000089
15454 0.07076880308445535 309.0800000000089
15455 0.05688485069408628 309.1000000000088
15456 0.04296554234141091 309.1200000000088
15457 0.02902077049257391 309.1400000000088
15458 0.01506041682428102 309.1600000000088
15459 0.001094320045354249 309.1800000000088
15460 -0.01286770454597702 309.2000000000087
15461 -0.02681585123570746 309.2200000000087
15462 -0.04074036280865372 309.2400000000087
15463 -0.05463155020836929 309.2600000000087
15464 -0.06847977624144498 309.2800000000087
15465 -0.08227546518381129 309.3000000000087
15466 -0.09600911921974986 309.3200000000086
15467 -0.1096713219690779 309.3400000000086
15468 -0.1232527385465703 309.3600000000086
15469 -0.1367441144085286 309.3800000000086
15470 -0.1501362889879519 309.4000000000086
15471 -0.1634201940908314 309.4200000000085
15472 -0.1765868645311584 309.4400000000085
15473 -0.189627468884778 309.4600000000085
15474 -0.2025332929922519 309.4800000000085
15475 -0.2152957245608751 309.5000000000085
15476 -0.2279062810066859 309.5200000000085
15477 -0.2403566194024229 309.5400000000084
15478 -0.2526385230685925 309.5600000000084
15479 -0.2647439025992753 309.5800000000084
15480 -0.2766648099241759 309.6000000000084
15481 -0.2883934487507706 309.6200000000084
15482 -0.2999221563905798 309.6400000000083
15483 -0.311243399019356 309.6600000000083
15484 -0.3223497945945669 309.6800000000083
15485 -0.3332341112574758 309.7000000000083
15486 -0.3438892601704868 309.7200000000083
15487 -0.3543083117599958 309.7400000000083
15488 -0.3644844884718897 309.7600000000082
15489 -0.3744111842779627 309.7800000000082
15490 -0.3840819591309584 309.8000000000082
15491 -0.3934905243927263 309.8200000000082
15492 -0.402630738569013 309.8400000000082
15493 -0.4114966117374126 309.8600000000081
15494 -0.4200823386745315 309.8800000000081
15495 -0.4283822597957534 309.9000000000081
15496 -0.4363908962332073 309.9200000000081
15497 -0.444102948560137 309.9400000000081
15498 -0.4515132860190963 309.9600000000081
15499 -0.4586169416754612 309.980000000008
15500 -0.4654091198818554 310.000000000008
15501 -0.4718852015775682 310.020000000008
15502 -0.4780407448895642 310.040000000008
15503 -0.4838714820796136 310.060000000008
15504 -0.4893733228087619 310.0800000000079
15505 -0.4945423414786584 310.1000000000079
15506 -0.4993748106279421 310.1200000000079
15507 -0.5038672152328431 310.1400000000079
15508 -0.5080162384132465 310.1600000000079
15509 -0.511818745366595 310.1800000000079
15510 -0.5152717977104215 310.2000000000078
15511 -0.5183726737688273 310.2200000000078
15512 -0.521118880738175 310.2400000000078
15513 -0.5235081429180364 310.2600000000078
15514 -0.5255383924009476 310.2800000000078
15515 -0.527207759427482 310.3000000000077
15516 -0.5285146025789069 310.3200000000077
15517 -0.5294575547753472 310.3400000000077
15518 -0.5300354860725782 310.3600000000077
15519 -0.5302474949257319 310.3800000000077
15520 -0.5300929172050536 310.4000000000077
15521 -0.5295713603117292 310.4200000000076
15522 -0.5286826795826508 310.4400000000076
15523 -0.5274269897201175 310.4600000000076
15524 -0.5258046495822647 310.4800000000076
15525 -0.5238162834765163 310.5000000000076
15526 -0.5214627743855125 310.5200000000075
15527 -0.5187453180854641 310.5400000000075
15528 -0.5156653722815354 310.5600000000075
15529 -0.5122246456317386 310.5800000000075
15530 -0.5084251237384677 310.6000000000075
15531 -0.5042690770842092 310.6200000000075
15532 -0.4997590775817437 310.6400000000074
15533 -0.4948979523577345 310.6600000000074
15534 -0.4896887835018489 310.6800000000074
15535 -0.4841349424335452 310.7000000000074
15536 -0.4782400694004185 310.7200000000074
15537 -0.4720080663478757 310.7400000000073
15538 -0.4654431128966769 310.7600000000073
15539 -0.4585496594354487 310.7800000000073
15540 -0.4513324111173038 310.8000000000073
15541 -0.4437963087034032 310.8200000000073
15542 -0.4359465626546444 310.8400000000073
15543 -0.4277886632905916 310.8600000000072
15544 -0.4193283380113976 310.8800000000072
15545 -0.410571555374394 310.9000000000072
15546 -0.4015245271850924 310.9200000000072
15547 -0.3921936990932735 310.9400000000072
15548 -0.3825857572713658 310.9600000000071
15549 -0.3727076076144316 310.9800000000071
15550 -0.3625663770224964 311.0000000000071
15551 -0.3521693892764764 311.0200000000071
15552 -0.3415241779099455 311.0400000000071
15553 -0.3306384889769955 311.0600000000071
15554 -0.3195202396133787 311.080000000007
15555 -0.3081775143134347 311.100000000007
15556 -0.2966185922126235 311.120000000007
15557 -0.284851916335386 311.140000000007
15558 -0.2728860785117543 311.160000000007
15559 -0.2607298221531906 311.1800000000069
15560 -0.248392043006408 311.2000000000069
15561 -0.2358817698699518 311.2200000000069
15562 -0.2232081454108971 311.2400000000069
15563 -0.2103804241237416 311.2600000000069
15564 -0.1974079650631514 311.2800000000069
15565 -0.1843002330439293 311.3000000000068
15566 -0.1710667736781505 311.3200000000068
15567 -0.1577172048496185 311.3400000000068
15568 -0.1442612109858346 311.3600000000068
15569 -0.1307085436390805 311.3800000000068
15570 -0.1170690011880246 311.4000000000067
15571 -0.1033524178393144 311.4200000000067
15572 -0.08956865577219852 311.4400000000067
15573 -0.07572760948846795 311.4600000000067
15574 -0.0618391996496019 311.4800000000067
15575 -0.04791334646774401 311.5000000000067
15576 -0.03395996351416647 311.5200000000066
15577 -0.01998895877535455 311.5400000000066
15578 -0.00601021859417334 311.5600000000066
15579 0.007966402892331952 311.5800000000066
15580 0.02193108024730396 311.6000000000066
15581 0.03587402554629415 311.6200000000065
15582 0.04978550512421764 311.6400000000065
15583 0.06365584625371391 311.6600000000065
15584 0.07747543909803332 311.6800000000065
15585 0.09123474220187529 311.7000000000065
15586 0.104924292452584 311.7200000000065
15587 0.1185347069670261 311.7400000000064
15588 0.132056684552182 311.7600000000064
15589 0.145481024564583 311.7800000000064
15590 0.1587986319361989 311.8000000000064
15591 0.1720005188526975 311.8200000000064
15592 0.1850777989454242 311.8400000000063
15593 0.1980217002625582 311.8600000000063
15594 0.2108235759120189 311.8800000000063
15595 0.2234748898083417 311.9000000000063
15596 0.2359672358040215 311.9200000000063
15597 0.2482923653412149 311.9400000000063
15598 0.2604421624063549 311.9600000000062
15599 0.2724086368351565 311.9800000000062
15600 0.2841839383420557 312.0000000000062
15601 0.2957603682457044 312.0200000000062
15602 0.3071303644801193 312.0400000000062
15603 0.3182865162790454 312.0600000000061
15604 0.3292215632168199 312.0800000000061
15605 0.339928390394987 312.1000000000061
15606 0.3504000398665941 312.1200000000061
15607 0.3606297062429366 312.1400000000061
15608 0.3706107389837489 312.1600000000061
15609 0.3803366532322726 312.180000000006
15610 0.3898011233559112 312.200000000006
15611 0.3989980002887001 312.220000000006
15612 0.4079212981618293 312.240000000006
15613 0.4165651826880825 312.260000000006
15614 0.4249239951637366 312.2800000000059
15615 0.4329922334436871 312.3000000000059
15616 0.4407645528220405 312.3200000000059
15617 0.4482357840669856 312.3400000000059
15618 0.4554009324454741 312.3600000000059
15619 0.4622551733917343 312.3800000000059
15620 0.4687938444470571 312.4000000000058
15621 0.4750124663772441 312.4200000000058
15622 0.4809067776841539 312.4400000000058
15623 0.4864726744614975 312.4600000000058
15624 0.4917062244917955 312.4800000000058
15625 0.4966037259570464 312.5000000000057
15626 0.5011616736045179 312.5200000000057
15627 0.5053767350900583 312.5400000000057
15628 0.5092457962468444 312.5600000000057
15629 0.5127659589028031 312.5800000000057
15630 0.5159345077677004 312.6000000000057
15631 0.5187489486462689 312.6200000000056
15632 0.5212070118512746 312.6400000000056
15633 0.5233066145853381 312.6600000000056
15634 0.5250458983791624 312.6800000000056
15635 0.5264232558005223 312.7000000000056
15636 0.5274373273017722 312.7200000000055
15637 0.5280869788012598 312.7400000000055
15638 0.5283712830668833 312.7600000000055
15639 0.528289563690278 312.7800000000055
15640 0.5278414148977987 312.8000000000055
15641 0.5270266974244033 312.8200000000055
15642 0.5258455022025034 312.8400000000054
15643 0.5242981597515696 312.8600000000054
15644 0.5223852675235569 312.8800000000054
15645 0.5201076799180602 312.9000000000054
15646 0.5174665230933104 312.9200000000054
15647 0.5144631934619748 312.9400000000053
15648 0.511099376558965 312.9600000000053
15649 0.5073770087376599 312.9800000000053
15650 0.5032983101077908 313.0000000000053
15651 0.4988657869560146 313.0200000000053
15652 0.4940822204597973 313.0400000000053
15653 0.4889506376470099 313.0600000000052
15654 0.4834743282857672 313.0800000000052
15655 0.4776568841591689 313.1000000000052
15656 0.4715021901087209 313.1200000000052
15657 0.4650143864269724 313.1400000000052
15658 0.4581978610404933 313.1600000000051
15659 0.4510572877804629 313.1800000000051
15660 0.4435976136959881 313.2000000000051
15661 0.4358239967843852 313.2200000000051
15662 0.4277418206604673 313.2400000000051
15663 0.4193567440556051 313.260000000005
15664 0.4106746697216028 313.280000000005
15665 0.4017017025314596 313.300000000005
15666 0.3924442094628551 313.320000000005
15667 0.3829088048786823 313.340000000005
15668 0.3731023142702686 313.360000000005
15669 0.3630317750623167 313.3800000000049
15670 0.3527044422256431 313.4000000000049
15671 0.342127782192112 313.4200000000049
15672 0.33130945631051 313.4400000000049
15673 0.3202573097877997 313.4600000000049
15674 0.3089793621975691 313.4800000000048
15675 0.2974837950519714 313.5000000000048
15676 0.2857789767455312 313.5200000000048
15677 0.2738734423496347 313.5400000000048
15678 0.2617758405262188 313.5600000000048
15679 0.2494949527448149 313.5800000000048
15680 0.2370397178794766 313.6000000000047
15681 0.2244191905488254 313.6200000000047
15682 0.2116425323336503 313.6400000000047
15683 0.1987190282562255 313.6600000000047
15684 0.1856580706027636 313.6800000000047
15685 0.172469141450168 313.7000000000046
15686 0.1591618047565188 313.7200000000046
15687 0.1457456947337642 313.7400000000046
15688 0.1322305052446211 313.7600000000046
15689 0.1186259924615973 313.7800000000046
15690 0.1049419522724195 313.8000000000046
15691 0.09118820976475302 313.8200000000045
15692 0.07737462392019448 313.8400000000045
15693 0.06351108121265606 313.8600000000045
15694 0.04960746879913232 313.8800000000045
15695 0.03567367419640612 313.9000000000045
15696 0.02171958769973605 313.9200000000044
15697 0.007755070121041477 313.9400000000044
15698 -0.00621005797645448 313.9600000000044
15699 -0.02016598195457213 313.9800000000044
15700 -0.0341029147769453 314.0000000000044
15701 -0.04801113903020001 314.0200000000044
15702 -0.06188099374842146 314.0400000000043
15703 -0.07570286875703434 314.0600000000043
15704 -0.08946722924687449 314.0800000000043
15705 -0.1031646215885757 314.1000000000043
15706 -0.1167856695624815 314.1200000000043
15707 -0.1303210806397808 314.1400000000042
15708 -0.1437616500721031 314.1600000000042
15709 -0.1570982595094152 314.1800000000042
15710 -0.1703218897128571 314.2000000000042
15711 -0.1834236505201274 314.2200000000042
15712 -0.1963947801048563 314.2400000000042
15713 -0.2092266122737688 314.2600000000041
15714 -0.2219105982642661 314.2800000000041
15715 -0.234438331275475 314.3000000000041
15716 -0.2468015367849945 314.3200000000041
15717 -0.2589920601204212 314.3400000000041
15718 -0.2710018848997695 314.360000000004
15719 -0.2828231440242898 314.380000000004
15720 -0.2944481135970447 314.400000000004
15721 -0.3058691954905643 314.420000000004
15722 -0.3170789341853361 314.440000000004
15723 -0.3280700211313644 314.460000000004
15724 -0.3388353042057032 314.4800000000039
15725 -0.3493677773951541 314.5000000000039
15726 -0.3596605844569567 314.5200000000039
15727 -0.3697070436918861 314.5400000000039
15728 -0.3795006374220784 314.5600000000039
15729 -0.3890350024105727 314.5800000000038
15730 -0.3983039264799006 314.6000000000038
15731 -0.4073013531024671 314.6200000000038
15732 -0.4160213834416611 314.6400000000038
15733 -0.4244582889330481 314.6600000000038
15734 -0.4326065111416054 314.6800000000038
15735 -0.4404606564616887 314.7000000000037
15736 -0.4480155147797776 314.7200000000037
15737 -0.4552660397648757 314.7400000000037
15738 -0.4622073570259171 314.7600000000037
15739 -0.4688347633174 314.7800000000037
15740 -0.4751437294790767 314.8000000000036
15741 -0.4811299052663032 314.8200000000036
15742 -0.4867891185278564 314.8400000000036
15743 -0.4921173583501814 314.8600000000036
15744 -0.4971108004251014 314.8800000000036
15745 -0.501765821541201 314.9000000000036
15746 -0.5060790162915557 314.9200000000035
15747 -0.5100471647642542 314.9400000000035
15748 -0.5136672443705411 314.9600000000035
15749 -0.5169364193135149 314.9800000000035
15750 -0.5198520892891489 315.0000000000035
15751 -0.5224118814360488 315.0200000000034
15752 -0.5246136298538612 315.0400000000034
15753 -0.5264553609017252 315.0600000000034
15754 -0.5279353148377918 315.0800000000034
15755 -0.5290520033210584 315.1000000000034
15756 -0.5298041881670175 315.1200000000034
15757 -0.5301908439722415 315.1400000000033
15758 -0.530211200201411 315.1600000000033
15759 -0.5298647395752862 315.1800000000033
15760 -0.5291511894199166 315.2000000000033
15761 -0.5280705437251877 315.2200000000033
15762 -0.5266230498490763 315.2400000000032
15763 -0.5248091996330254 315.2600000000032
15764 -0.522629748294224 315.2800000000032
15765 -0.5200857473466824 315.3000000000032
15766 -0.5171785265123229 315.3200000000032
15767 -0.5139096826527807 315.3400000000032
15768 -0.5102810570918404 315.3600000000031
15769 -0.5062947926312066 315.3800000000031
15770 -0.5019533114908608 315.4000000000031
15771 -0.4972593227835993 315.4200000000031
15772 -0.4922157900724424 315.4400000000031
15773 -0.486825941822807 315.460000000003
15774 -0.4810932885347708 315.480000000003
15775 -0.4750216121824221 315.500000000003
15776 -0.4686149573545605 315.520000000003
15777 -0.4618776487605083 315.540000000003
15778 -0.4548142714188553 315.560000000003
15779 -0.4474296515474024 315.5800000000029
15780 -0.4397288671640118 315.6000000000029
15781 -0.4317172782393603 315.6200000000029
15782 -0.4234005099234561 315.6400000000029
15783 -0.4147844129009966 315.6600000000029
15784 -0.4058750701440669 315.6800000000028
15785 -0.3966788187253241 315.7000000000028
15786 -0.3872022410713474 315.7200000000028
15787 -0.377452131748626 315.7400000000028
15788 -0.3674355124029859 315.7600000000028
15789 -0.357159615663672 315.7800000000028
15790 -0.3466318754376289 315.8000000000027
15791 -0.335859936466646 315.8200000000027
15792 -0.3248516349538407 315.8400000000027
15793 -0.3136149759142601 315.8600000000027
15794 -0.3021581496227302 315.8800000000027
15795 -0.2904895225087867 315.9000000000026
15796 -0.2786176163033995 315.9200000000026
15797 -0.2665510983200795 315.9400000000026
15798 -0.2542987966658463 315.9600000000026
15799 -0.241869677719262 315.9800000000026
15800 -0.2292728309422644 316.0000000000026
15801 -0.2165174561305793 316.0200000000025
15802 -0.2036128608657038 316.0400000000025
15803 -0.1905684648087807 316.0600000000025
15804 -0.177393779422265 316.0800000000025
15805 -0.1640983866316722 316.1000000000025
15806 -0.1506919389479259 316.1200000000024
15807 -0.1371841573281376 316.1400000000024
15808 -0.1235848179277566 316.1600000000024
15809 -0.1099037390493005 316.1800000000024
15810 -0.09615077327065473 316.2000000000024
15811 -0.08233579830319045 316.2200000000024
15812 -0.06846872252971246 316.2400000000023
15813 -0.05455947155319484 316.2600000000023
15814 -0.04061796128139855 316.2800000000023
15815 -0.02665409944344404 316.3000000000023
15816 -0.0126777861457954 316.3200000000023
15817 0.001301106094544366 316.3400000000022
15818 0.01527273810996403 316.3600000000022
15819 0.0292273042531997 316.3800000000022
15820 0.04315504240946842 316.4000000000022
15821 0.05704624709194336 316.4200000000022
15822 0.07089128092739784 316.4400000000022
15823 0.08468057119597004 316.4600000000021
15824 0.0984046144049321 316.4800000000021
15825 0.112053987209004 316.5000000000021
15826 0.125619350222646 316.5200000000021
15827 0.1390914538282908 316.5400000000021
15828 0.1524611506011634 316.560000000002
15829 0.1657194020695974 316.580000000002
15830 0.1788572765100591 316.600000000002
15831 0.191865946087335 316.620000000002
15832 0.2047366890024688 316.640000000002
15833 0.2174609169858727 316.660000000002
15834 0.2300301753607252 316.6800000000019
15835 0.2424361375967204 316.7000000000019
15836 0.2546706178562801 316.7200000000019
15837 0.2667255712444274 316.7400000000019
15838 0.2785930818838192 316.7600000000019
15839 0.2902653784591272 316.7800000000018
15840 0.3017348276384711 316.8000000000018
15841 0.3129939495376978 316.8200000000018
15842 0.324035411161413 316.8400000000018
15843 0.3348520274193162 316.8600000000018
15844 0.345436771604745 316.8800000000018
15845 0.3557827629902648 316.9000000000017
15846 0.3658832699526045 316.9200000000017
15847 0.3757317269828223 316.9400000000017
15848 0.385321729729497 316.9600000000017
15849 0.3946470523548806 316.9800000000017
15850 0.4037016366065684 317.0000000000016
15851 0.4124795690539108 317.0200000000016
15852 0.4209751040653354 317.0400000000016
15853 0.4291826722489562 317.0600000000016
15854 0.4370968523605424 317.0800000000016
15855 0.4447123881972962 317.1000000000016
15856 0.4520242018664218 317.1200000000015
15857 0.4590273898193459 317.1400000000015
15858 0.4657172165753511 317.1600000000015
15859 0.472089110722548 317.1800000000015
15860 0.4781387038826429 317.2000000000015
15861 0.4838618284887993 317.2200000000014
15862 0.4892544598819804 317.2400000000014
15863 0.494312780410399 317.2600000000014
15864 0.4990332064540868 317.2800000000014
15865 0.5034123231782961 317.3000000000014
15866 0.5074469051993523 317.3200000000014
15867 0.5111339408617266 317.3400000000013
15868 0.5144706215459999 317.3600000000013
15869 0.5174543496060449 317.3800000000013
15870 0.5200827508069266 317.4000000000013
15871 0.5223536641129445 317.4200000000013
15872 0.5242651168796124 317.4400000000012
15873 0.5258153772566194 317.4600000000012
15874 0.5270029742829592 317.4800000000012
15875 0.5278266696749124 317.5000000000012
15876 0.5282854375869986 317.5200000000012
15877 0.5283784657450582 317.5400000000012
15878 0.5281052129372181 317.5600000000011
15879 0.5274654314725142 317.5800000000011
15880 0.526459097320731 317.6000000000011
15881 0.5250864263978389 317.6200000000011
15882 0.5233478800044529 317.6400000000011
15883 0.5212441942172199 317.660000000001
15884 0.5187763618423586 317.680000000001
15885 0.5159456513805778 317.700000000001
15886 0.5127536127909202 317.720000000001
15887 0.5092020688289938 317.740000000001
15888 0.5052930945590265 317.760000000001
15889 0.5010290556325308 317.7800000000009
15890 0.4964126133060657 317.8000000000009
15891 0.4914466773056259 317.8200000000009
15892 0.4861344090083414 317.8400000000009
15893 0.4804792531618446 317.8600000000009
15894 0.4744849578031362 317.8800000000008
15895 0.4681555444718137 317.9000000000008
15896 0.461495281391862 317.9200000000008
15897 0.4545087027538351 317.9400000000008
15898 0.4472006337704379 317.9600000000008
15899 0.4395761297518663 317.9800000000008
15900 0.4316404622257298 318.0000000000007
15901 0.4233991583202186 318.0200000000007
15902 0.4148580129523806 318.0400000000007
15903 0.4060230289783748 318.0600000000007
15904 0.3969004509913024 318.0800000000007
15905 0.3874967754331393 318.1000000000006
15906 0.3778187254723044 318.1200000000006
15907 0.3678732376931582 318.1400000000006
15908 0.3576674697522502 318.1600000000006
15909 0.34720878492677 318.1800000000006
15910 0.3365047484627395 318.2000000000006
15911 0.3255631269382213 318.2200000000005
15912 0.3143918572670351 318.2400000000005
15913 0.3029990369867316 318.2600000000005
15914 0.2913929483494577 318.2800000000005
15915 0.2795820561282367 318.3000000000005
15916 0.2675749515210017 318.3200000000004
15917 0.2553803490822965 318.3400000000004
15918 0.2430071178724155 318.3600000000004
15919 0.2304642593297576 318.3800000000004
15920 0.2177608831901309 318.4000000000004
15921 0.2049062152754282 318.4200000000004
15922 0.1919096023722544 318.4400000000003
15923 0.1787804852202912 318.4600000000003
15924 0.1655283849745015 318.4800000000003
15925 0.1521629050288692 318.5000000000003
15926 0.1386937146750346 318.5200000000003
15927 0.1251305394458017 318.5400000000002
15928 0.1114831593853454 318.5600000000002
15929 0.0977613877494258 318.5800000000002
15930 0.08397506285234538 318.6000000000002
15931 0.07013406203037063 318.6200000000002
15932 0.05624827494830523 318.6400000000002
15933 0.04232758641629263 318.6600000000001
15934 0.02838188930981967 318.6800000000001
15935 0.01442106400806208 318.7000000000001
15936 0.0004549467314573297 318.7200000000001
15937 -0.01350664812236772 318.7400000000001
15938 -0.02745391471137077 318.76
15939 -0.0413770985654997 318.78
15940 -0.05526651400766066 318.8
15941 -0.06911252614771313 318.82
15942 -0.0829055614306224 318.84
15943 -0.09663612748410934 318.86
15944 -0.1102948107013436 318.8799999999999
15945 -0.1238722788046995 318.8999999999999
15946 -0.1373592834269463 318.9199999999999
15947 -0.1507466670643108 318.9399999999999
15948 -0.164025366789591 318.9599999999999
15949 -0.1771864238360728 318.9799999999998
15950 -0.1902210099675968 318.9999999999998
15951 -0.2031204182399574 319.0199999999998
15952 -0.2158760395840269 319.0399999999998
15953 -0.228479398900909 319.0599999999998
15954 -0.2409221600341059 319.0799999999998
15955 -0.2531961112568357 319.0999999999997
15956 -0.2652931688265813 319.1199999999997
15957 -0.2772053918841293 319.1399999999997
15958 -0.2889249885768835 319.1599999999997
15959 -0.3004443055620241 319.1799999999997
15960 -0.3117558138446643 319.1999999999996
15961 -0.3228521382406119 319.2199999999996
15962 -0.3337260547975406 319.2399999999996
15963 -0.3443704799115094 319.2599999999996
15964 -0.3547784888254794 319.2799999999996
15965 -0.3649433199395729 319.2999999999996
15966 -0.3748583671522516 319.3199999999995
15967 -0.3845171997808127 319.3399999999995
15968 -0.3939135370913395 319.3599999999995
15969 -0.4030412433102222 319.3799999999995
15970 -0.4118943404994787 319.3999999999995
15971 -0.4204670251629898 319.4199999999994
15972 -0.428753650277708 319.4399999999994
15973 -0.4367487415220817 319.4599999999994
15974 -0.4444470094924043 319.4799999999994
15975 -0.4518433299718976 319.4999999999994
15976 -0.4589327451421404 319.5199999999994
15977 -0.4657104647738231 319.5399999999993
15978 -0.4721718786245647 319.5599999999993
15979 -0.4783125494428612 319.5799999999993
15980 -0.4841282232873545 319.5999999999993
15981 -0.4896148114030311 319.6199999999993
15982 -0.4947684021807664 319.6399999999992
15983 -0.4995852765939471 319.6599999999992
15984 -0.5040619250312603 319.6799999999992
15985 -0.5081950404745305 319.6999999999992
15986 -0.5119814990134983 319.7199999999992
15987 -0.515418371295982 319.7399999999992
15988 -0.518502943575231 319.7599999999991
15989 -0.5212327350164315 319.7799999999991
15990 -0.5236054804505604 319.7999999999991
15991 -0.5256191140739738 319.8199999999991
15992 -0.5272717818354472 319.8399999999991
15993 -0.5285618625996628 319.859999999999
15994 -0.5294879945943202 319.879999999999
15995 -0.5300490507646665 319.899999999999
15996 -0.5302441442652644 319.919999999999
15997 -0.530072632772099 319.939999999999
15998 -0.5295341222649238 319.959999999999
15999 -0.528628485919338 319.9799999999989
16000 -0.5273558484254494 319.9999999999989
16001 -0.525716584309587 320.0199999999989
16002 -0.5237113218319568 320.0399999999989
16003 -0.5213409686970577 320.0599999999989
16004 -0.5186067242878298 320.0799999999988
16005 -0.5155100596549275 320.0999999999988
16006 -0.5120527023765965 320.1199999999988
16007 -0.5082366419962846 320.1399999999988
16008 -0.5040641694320522 320.1599999999988
16009 -0.4995378680513887 320.1799999999988
16010 -0.4946605734478804 320.1999999999987
16011 -0.4894353874601085 320.2199999999987
16012 -0.4838656896551728 320.2399999999987
16013 -0.4779551306176218 320.2599999999987
16014 -0.4717076304051803 320.2799999999987
16015 -0.4651273756736945 320.2999999999986
16016 -0.4582188319443806 320.3199999999986
16017 -0.4509867170786506 320.3399999999986
16018 -0.4434359811665986 320.3599999999986
16019 -0.435571848121897 320.3799999999986
16020 -0.427399822161546 320.3999999999986
16021 -0.4189256387689081 320.4199999999985
16022 -0.4101552793902648 320.4399999999985
16023 -0.4010949652558197 320.4599999999985
16024 -0.3917511551925352 320.4799999999985
16025 -0.3821305423623812 320.4999999999985
16026 -0.3722400490882746 320.5199999999984
16027 -0.3620868079522298 320.5399999999984
16028 -0.3516781494615683 320.5599999999984
16029 -0.3410216220705981 320.5799999999984
16030 -0.3301249810512069 320.5999999999984
16031 -0.3189961460598427 320.6199999999984
16032 -0.3076432150898732 320.6399999999983
16033 -0.2960744744188286 320.6599999999983
16034 -0.2842983761077779 320.6799999999983
16035 -0.2723235148791125 320.6999999999983
16036 -0.2601586442826535 320.7199999999983
16037 -0.2478126653764505 320.7399999999982
16038 -0.2352946117964377 320.7599999999982
16039 -0.2226136330020292 320.7799999999982
16040 -0.2097789874744627 320.7999999999982
16041 -0.196800041856018 320.8199999999982
16042 -0.1836862616171806 320.8399999999982
16043 -0.1704471965370556 320.8599999999981
16044 -0.1570924691318968 320.8799999999981
16045 -0.1436317685107727 320.8999999999981
16046 -0.1300748464104242 320.9199999999981
16047 -0.1164315030324682 320.9399999999981
16048 -0.1027115758929189 320.959999999998
16049 -0.08892492841416372 320.979999999998
16050 -0.07508145573575194 320.999999999998
16051 -0.06119107851753924 321.019999999998
16052 -0.04726371796898259 321.039999999998
16053 -0.0333092867048139 321.059999999998
16054 -0.0193376926719308 321.0799999999979
16055 -0.005358820853205913 321.0999999999979
16056 0.008617475759699567 321.1199999999979
16057 0.02258137348864996 321.1399999999979
16058 0.03652308639788624 321.1599999999979
16059 0.05043288302179404 321.1799999999978
16060 0.06430109357630542 321.1999999999978
16061 0.0781181118979233 321.2199999999978
16062 0.09187439886259949 321.2399999999978
16063 0.1055604952225738 321.2599999999978
16064 0.1191670229891358 321.2799999999978
16065 0.1326846840402265 321.2999999999977
16066 0.1461042822888943 321.3199999999977
16067 0.1594167281671173 321.3399999999977
16068 0.1726130385051578 321.3599999999977
16069 0.1856843326470985 321.3799999999977
16070 0.1986218429777487 321.3999999999976
16071 0.2114169294632763 321.4199999999976
16072 0.2240610605756798 321.4399999999976
16073 0.2365458365149933 321.4599999999976
16074 0.2488630148505292 321.4799999999976
16075 0.261004486882809 321.4999999999976
16076 0.2729622679965966 321.5199999999975
16077 0.2847285142953191 321.5399999999975
16078 0.2962955324717988 321.5599999999975
16079 0.3076557694825591 321.5799999999975
16080 0.3188018219817752 321.5999999999975
16081 0.3297264326669341 321.6199999999974
16082 0.3404224964674951 321.6399999999974
16083 0.3508830605782397 321.6599999999974
16084 0.3611013268178929 321.6799999999974
16085 0.3710706544552419 321.6999999999974
16086 0.3807845646951545 321.7199999999974
16087 0.3902367387815125 321.7399999999973
16088 0.3994210378804436 321.7599999999973
16089 0.4083314815150336 321.7799999999973
16090 0.4169622441803852 321.7999999999973
16091 0.4253076707527594 321.8199999999973
16092 0.4333622711698799 321.8399999999972
16093 0.4411207060781553 321.8599999999972
16094 0.4485778145228518 321.8799999999972
16095 0.4557286081443909 321.8999999999972
16096 0.462568272789555 321.9199999999972
16097 0.469092151101804 321.9399999999972
16098 0.4752957739670876 321.9599999999971
16099 0.4811748874402988 321.9799999999971
16100 0.4867254021073315 321.9999999999971
16101 0.4919433855896959 322.0199999999971
16102 0.4968251465220651 322.0399999999971
16103 0.5013671922243214 322.059999999997
16104 0.5055662045250998 322.079999999997
16105 0.5094190730803498 322.099999999997
16106 0.5129229045301283 322.119999999997
16107 0.5160749984457141 322.139999999997
16108 0.5188728722625828 322.159999999997
16109 0.5213142587601209 322.1799999999969
16110 0.5233970924033269 322.1999999999969
16111 0.5251195214885409 322.2199999999969
16112 0.526479956462937 322.2399999999969
16113 0.527477055328006 322.2599999999969
16114 0.5281096821355651 322.2799999999968
16115 0.5283769165947472 322.2999999999968
16116 0.5282780976224556 322.3199999999968
16117 0.5278128358535953 322.3399999999968
16118 0.526981001020714 322.3599999999968
16119 0.5257826938408877 322.3799999999968
16120 0.5242182557334035 322.3999999999967
16121 0.5222883004853004 322.4199999999967
16122 0.5199936926766122 322.4399999999967
16123 0.5173355684891721 322.4599999999967
16124 0.5143153441318503 322.4799999999967
16125 0.5109347076751454 322.4999999999966
16126 0.5071956172128509 322.5199999999966
16127 0.5031003014577292 322.5399999999966
16128 0.4986512828788897 322.5599999999966
16129 0.4938513549219856 322.5799999999966
16130 0.4887035538219701 322.5999999999966
16131 0.4832111863130421 322.6199999999965
16132 0.4773778560089887 322.6399999999965
16133 0.4712074604054132 322.6599999999965
16134 0.4647041512732147 322.6799999999965
16135 0.4578723299401842 322.6999999999965
16136 0.4507166828026817 322.7199999999964
16137 0.4432421707305067 322.7399999999964
16138 0.4354539593690839 322.7599999999964
16139 0.427357446494629 322.7799999999964
16140 0.4189583041415407 322.7999999999964
16141 0.4102624421207735 322.8199999999964
16142 0.4012759791408096 322.8399999999963
16143 0.3920052930590921 322.8599999999963
16144 0.3824570098580386 322.8799999999963
16145 0.3726379667032798 322.8999999999963
16146 0.3625552074565783 322.9199999999963
16147 0.3522159995167874 322.9399999999962
16148 0.3416278192146998 322.9599999999962
16149 0.3307983361375882 322.9799999999962
16150 0.3197354051171306 322.9999999999962
16151 0.3084470497776795 323.0199999999962
16152 0.2969414651627645 323.0399999999962
16153 0.2852270248445734 323.0599999999961
16154 0.2733122718869987 323.0799999999961
16155 0.2612058599336947 323.0999999999961
16156 0.2489165808419299 323.1199999999961
16157 0.2364533744448991 323.1399999999961
16158 0.2238253041949194 323.159999999996
16159 0.2110415375949961 323.179999999996
16160 0.198111362962441 323.199999999996
16161 0.1850441783360175 323.219999999996
16162 0.1718494692472538 323.239999999996
16163 0.1585368041428285 323.259999999996
16164 0.1451158190340322 323.2799999999959
16165 0.1315962106422824 323.2999999999959
16166 0.1179877375326825 323.3199999999959
16167 0.1043001989789728 323.3399999999959
16168 0.09054341907220828 323.3599999999959
16169 0.07672725908151684 323.3799999999958
16170 0.06286160653542273 323.3999999999958
16171 0.04895634550683695 323.4199999999958
16172 0.03502136135469193 323.4399999999958
16173 0.02106655052783781 323.4599999999958
16174 0.007101772820901079 323.4799999999958
16175 -0.006863156218557901 323.4999999999957
16176 -0.02081842136947171 323.5199999999957
16177 -0.03475423568678993 323.5399999999957
16178 -0.04866088549318035 323.5599999999957
16179 -0.06252871330692512 323.5799999999957
16180 -0.07634811124366424 323.5999999999956
16181 -0.09010954719041023 323.6199999999956
16182 -0.1038035728863481 323.6399999999956
16183 -0.1174208155529249 323.6599999999956
16184 -0.1309519859429819 323.6799999999956
16185 -0.1443878839244921 323.6999999999956
16186 -0.157719395618607 323.7199999999955
16187 -0.1709375068041942 323.7399999999955
16188 -0.1840333347298178 323.7599999999955
16189 -0.1969981208681216 323.7799999999955
16190 -0.2098232048818142 323.7999999999955
16191 -0.2225000432595111 323.8199999999954
16192 -0.2350202358266949 323.8399999999954
16193 -0.2473755140642018 323.8599999999954
16194 -0.2595577310441443 323.8799999999954
16195 -0.2715588758086085 323.8999999999954
16196 -0.283371087457001 323.9199999999954
16197 -0.2949866484880748 323.9399999999953
16198 -0.3063979676954596 323.9599999999953
16199 -0.317597593374475 323.9799999999953
16200 -0.3285782296189074 323.9999999999953
16201 -0.339332727053012 324.0199999999953
16202 -0.3498540884754606 324.0399999999952
16203 -0.3601354628195158 324.0599999999952
16204 -0.3701701771199086 324.0799999999952
16205 -0.3799517247046171 324.0999999999952
16206 -0.3894737457798488 324.1199999999952
16207 -0.3987300361516988 324.1399999999952
16208 -0.4077145467942606 324.1599999999951
16209 -0.4164213894292583 324.1799999999951
16210 -0.4248448399743159 324.1999999999951
16211 -0.4329793459543703 324.2199999999951
16212 -0.4408195287541935 324.2399999999951
16213 -0.4483601825893117 324.259999999995
16214 -0.4555962692734754 324.279999999995
16215 -0.4625229210595867 324.299999999995
16216 -0.469135440872345 324.319999999995
16217 -0.4754293099538345 324.339999999995
16218 -0.4814001883474775 324.359999999995
16219 -0.4870439081159419 324.3799999999949
16220 -0.492356468690237 324.3999999999949
16221 -0.4973340531042805 324.4199999999949
16222 -0.501973049368959 324.4399999999949
16223 -0.5062700592648256 324.4599999999949
16224 -0.5102218767394388 324.4799999999948
16225 -0.5138254786785406 324.4999999999948
16226 -0.5170780464767237 324.5199999999948
16227 -0.5199769879592449 324.5399999999948
16228 -0.5225199394495296 324.5599999999948
16229 -0.5247047387852423 324.5799999999948
16230 -0.5265294268666995 324.5999999999947
16231 -0.5279922632210229 324.6199999999947
16232 -0.5290917662528748 324.6399999999947
16233 -0.5298267039901577 324.6599999999947
16234 -0.5301960734955558 324.6799999999947
16235 -0.5301991104744813 324.6999999999946
16236 -0.5298353053661765 324.7199999999946
16237 -0.5291044076518542 324.7399999999946
16238 -0.528006412010419 324.7599999999946
16239 -0.5265415846687579 324.7799999999946
16240 -0.5247104279813911 324.7999999999946
16241 -0.5225137117140376 324.8199999999945
16242 -0.5199524964319346 324.8399999999945
16243 -0.5170281325644472 324.8599999999945
16244 -0.5137422199449987 324.8799999999945
16245 -0.5100966225617741 324.8999999999945
16246 -0.5060934857700154 324.9199999999944
16247 -0.5017352564339104 324.9399999999944
16248 -0.4970246514309509 324.9599999999944
16249 -0.4919646460296945 324.9799999999944
16250 -0.486558483015501 324.9999999999944
16251 -0.4808096857507485 325.0199999999944
16252 -0.4747220503201128 325.0399999999943
16253 -0.4682996349173081 325.0599999999943
16254 -0.4615467749882192 325.0799999999943
16255 -0.4544680671879133 325.0999999999943
16256 -0.4470683494302694 325.1199999999943
16257 -0.4393527141754324 325.1399999999942
16258 -0.4313265347240105 325.1599999999942
16259 -0.4229954455777018 325.1799999999942
16260 -0.4143653095095871 325.1999999999942
16261 -0.4054422224854511 325.2199999999942
16262 -0.3962325322815695 325.2399999999942
16263 -0.3867428279282653 325.2599999999941
16264 -0.376979924106608 325.2799999999941
16265 -0.3669508469950757 325.2999999999941
16266 -0.3566628364053972 325.3199999999941
16267 -0.346123340642045 325.3399999999941
16268 -0.3353400149702859 325.359999999994
16269 -0.3243206987230548 325.379999999994
16270 -0.3130734082349932 325.399999999994
16271 -0.3016063446468688 325.419999999994
16272 -0.2899278784357481 325.439999999994
16273 -0.2780465384459215 325.459999999994
16274 -0.2659710013935625 325.4799999999939
16275 -0.2537101022681064 325.4999999999939
16276 -0.2412728124872001 325.5199999999939
16277 -0.2286682278288641 325.5399999999939
16278 -0.2159055549730979 325.5599999999939
16279 -0.202994104619498 325.5799999999938
16280 -0.1899433016299257 325.5999999999938
16281 -0.1767626612620065 325.6199999999938
16282 -0.1634617700703544 325.6399999999938
16283 -0.1500502824844885 325.6599999999938
16284 -0.1365379243323069 325.6799999999938
16285 -0.1229344743845153 325.6999999999937
16286 -0.1092497519589632 325.7199999999937
16287 -0.09549360947778486 325.7399999999937
16288 -0.08167592775804577 325.7599999999937
16289 -0.06780661562829279 325.7799999999937
16290 -0.05389559871143133 325.7999999999936
16291 -0.03995279306503009 325.8199999999936
16292 -0.02598810618020774 325.8399999999936
16293 -0.01201143719814793 325.8599999999936
16294 0.001967343202973918 325.8799999999936
16295 0.01593839679652594 325.8999999999936
16296 0.02989191943115796 325.9199999999935
16297 0.04381815175193435 325.9399999999935
16298 0.0577073913983077 325.9599999999935
16299 0.07155000296421604 325.9799999999935
16300 0.08533641781202292 325.9999999999935
16301 0.09905713597643021 326.0199999999934
16302 0.1127027374412473 326.0399999999934
16303 0.126263886984104 326.0599999999934
16304 0.1397313401766456 326.0799999999934
16305 0.153095954728128 326.0999999999934
16306 0.166348696461784 326.1199999999934
16307 0.179480638276388 326.1399999999933
16308 0.1924829584031968 326.1599999999933
16309 0.2053469406838696 326.1799999999933
16310 0.2180640029499377 326.1999999999933
16311 0.2306256954968231 326.2199999999933
16312 0.2430236989020705 326.2399999999932
16313 0.2552498348357151 326.2599999999932
16314 0.2672960628209449 326.2799999999932
16315 0.2791544759917405 326.2999999999932
16316 0.2908173058232854 326.3199999999932
16317 0.3022769295059742 326.3399999999932
16318 0.3135258729052622 326.3599999999931
16319 0.3245568094736154 326.3799999999931
16320 0.3353625608568595 326.3999999999931
16321 0.3459361093510933 326.4199999999931
16322 0.3562705774832763 326.4399999999931
16323 0.3663592440578727 326.459999999993
16324 0.3761955519110116 326.479999999993
16325 0.3857731049066051 326.499999999993
16326 0.3950856857968147 326.519999999993
16327 0.4041272401797675 326.539999999993
16328 0.4128918637081696 326.559999999993
16329 0.4213738223303909 326.5799999999929
16330 0.4295675468658827 326.5999999999929
16331 0.4374676310240697 326.6199999999929
16332 0.4450688199743808 326.6399999999929
16333 0.4523660481915134 326.6599999999929
16334 0.4593544187539564 326.6799999999928
16335 0.4660292045106859 326.6999999999928
16336 0.4723858407837234 326.7199999999928
16337 0.4784199684385479 326.7399999999928
16338 0.4841274268219359 326.7599999999928
16339 0.4895042015840583 326.7799999999928
16340 0.4945464893873153 326.7999999999927
16341 0.4992507096814519 326.8199999999927
16342 0.5036134605212053 326.8399999999927
16343 0.5076315242893791 326.8599999999927
16344 0.5113019022324042 326.8799999999927
16345 0.5146217960040492 326.8999999999926
16346 0.5175886237720166 326.9199999999926
16347 0.5202000164469807 326.9399999999926
16348 0.5224538161069157 326.9599999999926
16349 0.5243480640467078 326.9799999999926
16350 0.5258810413059873 326.9999999999926
16351 0.5270512830522663 327.0199999999925
16352 0.527857569223908 327.0399999999925
16353 0.528298878373424 327.0599999999925
16354 0.5283744120313985 327.0799999999925
16355 0.5280836435999158 327.0999999999925
16356 0.5274263330585648 327.1199999999924
16357 0.5264024762439039 327.1399999999924
16358 0.5250122950204198 327.1599999999924
16359 0.523256260458027 327.1799999999924
16360 0.5211351263212781 327.1999999999924
16361 0.5186498975878073 327.2199999999924
16362 0.5158018492300791 327.2399999999923
16363 0.5125925544761408 327.2599999999923
16364 0.5090238420200371 327.2799999999923
16365 0.5050978017941641 327.2999999999923
16366 0.5008168178659638 327.3199999999923
16367 0.4961835578479573 327.3399999999922
16368 0.4912009491073183 327.3599999999922
16369 0.4858721620083126 327.3799999999922
16370 0.4802006574090063 327.3999999999922
16371 0.4741901975051122 327.4199999999922
16372 0.4678448174962255 327.4399999999922
16373 0.461168796256684 327.4599999999921
16374 0.4541666824628711 327.4799999999921
16375 0.4468433120778075 327.4999999999921
16376 0.4392037549320502 327.5199999999921
16377 0.4312532924862401 327.5399999999921
16378 0.4229974625501344 327.559999999992
16379 0.4144420740446028 327.579999999992
16380 0.4055931406463243 327.599999999992
16381 0.3964569172587982 327.619999999992
16382 0.3870399159163379 327.639999999992
16383 0.3773488658273321 327.659999999992
16384 0.3673907161511167 327.6799999999919
16385 0.3571726359846839 327.6999999999919
16386 0.3467019962560209 327.7199999999919
16387 0.3359863744326769 327.7399999999919
16388 0.3250335432883622 327.7599999999919
16389 0.3138514496965424 327.7799999999918
16390 0.3024482002738629 327.7999999999918
16391 0.2908320846576736 327.8199999999918
16392 0.2790115774301898 327.8399999999918
16393 0.2669952754228337 327.8599999999918
16394 0.2547918970737679 327.8799999999918
16395 0.2424103199308464 327.8999999999917
16396 0.2298595533014029 327.9199999999917
16397 0.2171487095491058 327.9399999999917
16398 0.2042870206642408 327.9599999999917
16399 0.1912838388505473 327.9799999999917
16400 0.1781486088763421 327.9999999999916
16401 0.164890857045063 328.0199999999916
16402 0.151520188618526 328.0399999999916
16403 0.138046275672064 328.0599999999916
16404 0.1244788474442436 328.0799999999916
16405 0.1108276857680754 328.0999999999916
16406 0.09710260427921731 328.1199999999915
16407 0.08331344389674698 328.1399999999915
16408 0.06947008195641487 328.1599999999915
16409 0.05558240958676636 328.1799999999915
16410 0.04166031160037695 328.1999999999915
16411 0.02771368125452602 328.2199999999914
16412 0.01375239649951184 328.2399999999914
16413 -0.0002137085092406216 328.2599999999914
16414 -0.01417481884818436 328.2799999999914
16415 -0.02812112988656262 328.2999999999914
16416 -0.04204289091435496 328.3199999999914
16417 -0.05593041902496023 328.3399999999913
16418 -0.06977408119553792 328.3599999999913
16419 -0.08356430721993552 328.3799999999913
16420 -0.09729160923631144 328.3999999999913
16421 -0.1109465780143607 328.4199999999913
16422 -0.1245198831893916 328.4399999999912
16423 -0.1380022822171715 328.4599999999912
16424 -0.1513846213304621 328.4799999999912
16425 -0.1646578444816959 328.4999999999912
16426 -0.1778129970088359 328.5199999999912
16427 -0.1908412583679825 328.5399999999912
16428 -0.2037339255308308 328.5599999999911
16429 -0.2164823967610924 328.5799999999911
16430 -0.2290782012152684 328.5999999999911
16431 -0.2415130107437274 328.6199999999911
16432 -0.2537786182568625 328.6399999999911
16433 -0.2658669476176438 328.659999999991
16434 -0.2777700645297309 328.679999999991
16435 -0.2894801850188629 328.699999999991
16436 -0.3009896568355929 328.719999999991
16437 -0.3122909629337396 328.739999999991
16438 -0.3233767340511082 328.759999999991
16439 -0.3342397526125813 328.7799999999909
16440 -0.3448729431662522 328.7999999999909
16441 -0.3552693881887967 328.8199999999909
16442 -0.3654223312558071 328.8399999999909
16443 -0.3753251800519704 328.8599999999909
16444 -0.3849715082962514 328.8799999999908
16445 -0.3943550455476002 328.8999999999908
16446 -0.4034696578362128 328.9199999999908
16447 -0.412309378664669 328.9399999999908
16448 -0.4208684132341738 328.9599999999908
16449 -0.4291411207430036 328.9799999999908
16450 -0.4371220381212365 328.9999999999907
16451 -0.4448058772251153 329.0199999999907
16452 -0.4521875295750716 329.0399999999907
16453 -0.4592620391697357 329.0599999999907
16454 -0.4660246304944535 329.0799999999907
16455 -0.4724706947940799 329.0999999999906
16456 -0.4785958068210274 329.1199999999906
16457 -0.4843957202454502 329.1399999999906
16458 -0.4898663545860786 329.1599999999906
16459 -0.4950038088452444 329.1799999999906
16460 -0.4998043693288903 329.1999999999906
16461 -0.5042645377858057 329.2199999999905
16462 -0.5083810170835203 329.2399999999905
16463 -0.5121506938616033 329.2599999999905
16464 -0.5155706432646594 329.2799999999905
16465 -0.5186381685793077 329.2999999999905
16466 -0.5213507972153929 329.3199999999904
16467 -0.5237062745117179 329.3399999999904
16468 -0.5257025449274283 329.3599999999904
16469 -0.5273377560620123 329.3799999999904
16470 -0.5286103144975793 329.3999999999904
16471 -0.5295188620478104 329.4199999999904
16472 -0.5300622830700935 329.4399999999903
16473 -0.5302397036073878 329.4599999999903
16474 -0.5300504914465729 329.4799999999903
16475 -0.5294942701854307 329.4999999999903
16476 -0.5285709192179978 329.5199999999903
16477 -0.527280579485518 329.5399999999902
16478 -0.5256236372432843 329.5599999999902
16479 -0.5236007297297678 329.5799999999902
16480 -0.5212127809492302 329.5999999999902
16481 -0.5184610057374701 329.6199999999902
16482 -0.5153468885488578 329.6399999999902
16483 -0.5118721627068452 329.6599999999901
16484 -0.5080388387832282 329.6799999999901
16485 -0.5038492223652807 329.6999999999901
16486 -0.4993059019217675 329.7199999999901
16487 -0.4944117337287884 329.7399999999901
16488 -0.4891698310857788 329.75999999999
16489 -0.4835835815774725 329.77999999999
16490 -0.4776566575038808 329.79999999999
16491 -0.4713929849758457 329.81999999999
16492 -0.4647967699477932 329.83999999999
16493 -0.4578724850565128 329.85999999999
16494 -0.4506248593681565 329.8799999999899
16495 -0.443058859057747 329.8999999999899
16496 -0.4351797225355985 329.9199999999899
16497 -0.4269929632233956 329.9399999999899
16498 -0.4185043290009333 329.9599999999899
16499 -0.4097198136231497 329.9799999999898
16500 -0.4006456489288679 329.9999999999898
16501 -0.3912883056295315 330.0199999999898
16502 -0.3816544923317102 330.0399999999898
16503 -0.3717511345398391 330.0599999999898
16504 -0.3615853787772845 330.0799999999898
16505 -0.3511645674932272 330.0999999999897
16506 -0.3404962534731703 330.1199999999897
16507 -0.3295882013739654 330.1399999999897
16508 -0.3184483457615542 330.1599999999897
16509 -0.3070847888341519 330.1799999999897
16510 -0.2955058256549356 330.1999999999896
16511 -0.2837199163357219 330.2199999999896
16512 -0.2717356647694402 330.2399999999896
16513 -0.2595618295929831 330.2599999999896
16514 -0.2472073197293407 330.2799999999896
16515 -0.234681174484605 330.2999999999896
16516 -0.2219925478219489 330.3199999999895
16517 -0.2091507041498884 330.3399999999895
16518 -0.1961650162271213 330.3599999999895
16519 -0.1830449531956916 330.3799999999895
16520 -0.1698000685180509 330.3999999999895
16521 -0.1564399869674012 330.4199999999894
16522 -0.1429744027935425 330.4399999999894
16523 -0.1294130693008405 330.4599999999894
16524 -0.1157657898843314 330.4799999999894
16525 -0.1020424020252835 330.4999999999894
16526 -0.08825277270455745 330.5199999999894
16527 -0.07440679712583448 330.5399999999893
16528 -0.06051439743069217 330.5599999999893
16529 -0.04658549414406772 330.5799999999893
16530 -0.03263000055993865 330.5999999999893
16531 -0.01865782282062875 330.6199999999893
16532 -0.004678844592679186 330.6399999999892
16533 0.009297081927818735 330.6599999999892
16534 0.02326013433588256 330.6799999999892
16535 0.03720052961008401 330.6999999999892
16536 0.05110853832682018 330.7199999999892
16537 0.06497449411663084 330.7399999999892
16538 0.07878879389784837 330.7599999999891
16539 0.09254190186312702 330.7799999999891
16540 0.1062243628750747 330.7999999999891
16541 0.1198268025776636 330.8199999999891
16542 0.1333399275572903 330.8399999999891
16543 0.1467545461655603 330.859999999989
16544 0.1600615749964684 330.879999999989
16545 0.1732520354658595 330.899999999989
16546 0.1863170515597584 330.919999999989
16547 0.1992478623215664 330.939999999989
16548 0.2120358326947493 330.959999999989
16549 0.2246724387222178 330.9799999999889
16550 0.2371492850351753 330.9999999999889
16551 0.249458137376684 331.0199999999889
16552 0.2615908935538432 331.0399999999889
16553 0.2735395740733375 331.0599999999889
16554 0.2852963425896278 331.0799999999888
16555 0.2968535139883588 331.0999999999888
16556 0.3082035389812391 331.1199999999888
16557 0.3193390251489359 331.1399999999888
16558 0.3302527230637216 331.1599999999888
16559 0.340937529567989 331.1799999999888
16560 0.3513865023088204 331.1999999999887
16561 0.3615928501900277 331.2199999999887
16562 0.3715499423814813 331.2399999999887
16563 0.381251305856268 331.2599999999887
16564 0.3906906287391432 331.2799999999887
16565 0.3998617834316067 331.2999999999886
16566 0.4087587952038303 331.3199999999886
16567 0.4173758442066498 331.3399999999886
16568 0.4257072888932813 331.3599999999886
16569 0.4337476416629963 331.3799999999886
16570 0.4414915724388074 331.3999999999886
16571 0.4489339285124119 331.4199999999885
16572 0.4560697325949833 331.4399999999885
16573 0.4628941735345754 331.4599999999885
16574 0.4694026044134932 331.4799999999885
16575 0.4755905649220704 331.4999999999885
16576 0.4814538134440666 331.5199999999884
16577 0.4869882589902511 331.5399999999884
16578 0.4921899915483894 331.5599999999884
16579 0.4970553358943723 331.5799999999884
16580 0.5015808013278478 331.5999999999884
16581 0.5057630651920776 331.6199999999884
16582 0.5095990329641406 331.6399999999883
16583 0.5130858198548311 331.6599999999883
16584 0.5162207332132381 331.6799999999883
16585 0.5190013113771269 331.6999999999883
16586 0.5214252954335863 331.7199999999883
16587 0.5234906236114305 331.7399999999882
16588 0.5251954598324071 331.7599999999882
16589 0.5265382306278804 331.7799999999882
16590 0.5275175973353236 331.7999999999882
16591 0.5281324360686815 331.8199999999882
16592 0.5283818457475263 331.8399999999882
16593 0.5282651663948892 331.8599999999881
16594 0.5277820292981852 331.8799999999881
16595 0.5269323163938052 331.8999999999881
16596 0.5257161354011537 331.9199999999881
16597 0.5241338481306341 331.9399999999881
16598 0.5221860723828002 331.959999999988
16599 0.5198736882007436 331.979999999988
16600 0.517197846424314 331.999999999988
16601 0.5141599763746738 332.019999999988
16602 0.5107617836298343 332.039999999988
16603 0.5070052321935938 332.059999999988
16604 0.5028925695330421 332.0799999999879
16605 0.4984263325800217 332.0999999999879
16606 0.4936093231947689 332.1199999999879
16607 0.4884445947054163 332.1399999999879
16608 0.4829354657954012 332.1599999999879
16609 0.4770855556016826 332.1799999999878
16610 0.4708987754923097 332.1999999999878
16611 0.4643792869329932 332.2199999999878
16612 0.4575315057560533 332.2399999999878
16613 0.4503601339516763 332.2599999999878
16614 0.4428701418553988 332.2799999999878
16615 0.4350667081889709 332.2999999999877
16616 0.4269552424065095 332.3199999999877
16617 0.4185414303459166 332.3399999999877
16618 0.4098311918709604 332.3599999999877
16619 0.4008306560545085 332.3799999999877
16620 0.3915462157163181 332.3999999999876
16621 0.3819845083433695 332.4199999999876
16622 0.3721523788528686 332.4399999999876
16623 0.3620568838526185 332.4599999999876
16624 0.3517053018418308 332.4799999999876
16625 0.341105117590214 332.4999999999876
16626 0.3302640102106102 332.5199999999875
16627 0.319189842404575 332.5399999999875
16628 0.307890649434899 332.5599999999875
16629 0.2963746320101586 332.5799999999875
16630 0.2846501749351162 332.5999999999875
16631 0.2727258252725078 332.6199999999874
16632 0.2606102458492677 332.6399999999874
16633 0.2483122324798767 332.6599999999874
16634 0.2358407354069075 332.6799999999874
16635 0.2232048209563725 332.6999999999874
16636 0.2104136626842783 332.7199999999874
16637 0.1974765574194627 332.7399999999873
16638 0.18440290723588 332.7599999999873
16639 0.171202199908066 332.7799999999873
16640 0.1578840065473538 332.7999999999873
16641 0.1444579685065226 332.8199999999873
16642 0.1309337855819509 332.8399999999872
16643 0.1173212166010309 332.8599999999872
16644 0.1036300625619574 332.8799999999872
16645 0.08987015030366192 332.8999999999872
16646 0.07605134179449952 332.9199999999872
16647 0.06218352561904293 332.9399999999872
16648 0.04827659025390537 332.9599999999871
16649 0.03434042424174269 332.9799999999871
16650 0.02038491505930431 332.9999999999871
16651 0.00641991859245992 333.0199999999871
16652 -0.007544744886087485 333.0399999999871
16653 -0.02149926271945003 333.059999999987
16654 -0.03543385330122482 333.079999999987
16655 -0.04933880388888855 333.099999999987
16656 -0.06320445803156187 333.119999999987
16657 -0.07702121295224149 333.139999999987
16658 -0.09077954108301255 333.159999999987
16659 -0.1044699961165729 333.1799999999869
16660 -0.1180832093658483 333.1999999999869
16661 -0.1316098971319511 333.2199999999869
16662 -0.1450408628276799 333.2399999999869
16663 -0.1583669981076277 333.2599999999869
16664 -0.1715792945444986 333.2799999999868
16665 -0.1846688738904199 333.2999999999868
16666 -0.1976269838904776 333.3199999999868
16667 -0.2104449700204907 333.3399999999868
16668 -0.2231142952467001 333.3599999999868
16669 -0.23562656616202 333.3799999999868
16670 -0.2479735194745069 333.3999999999867
16671 -0.2601470152754635 333.4199999999867
16672 -0.2721390498080524 333.4399999999867
16673 -0.2839417683576798 333.4599999999867
16674 -0.2955474598338117 333.4799999999867
16675 -0.3069485387640029 333.4999999999866
16676 -0.3181375636631559 333.5199999999866
16677 -0.3291072417699981 333.5399999999866
16678 -0.3398504342525834 333.5599999999866
16679 -0.3503601499605997 333.5799999999866
16680 -0.3606295464600177 333.5999999999866
16681 -0.3706519568217513 333.6199999999865
16682 -0.3804208845686439 333.6399999999865
16683 -0.3899299797663851 333.6599999999865
16684 -0.3991730430096995 333.6799999999865
16685 -0.4081440317253717 333.6999999999865
16686 -0.4168370645772098 333.7199999999864
16687 -0.4252464319906388 333.7399999999864
16688 -0.4333665874523999 333.7599999999864
16689 -0.4411921549939337 333.7799999999864
16690 -0.4487179443034565 333.7999999999864
16691 -0.4559389234704015 333.8199999999864
16692 -0.4628502300004516 333.8399999999863
16693 -0.4694471790228998 333.8599999999863
16694 -0.4757252580997527 333.8799999999863
16695 -0.4816801351679398 333.8999999999863
16696 -0.4873076531545152 333.9199999999863
16697 -0.4926038182039255 333.9399999999862
16698 -0.4975648229438458 333.9599999999862
16699 -0.5021870696982559 333.9799999999862
16700 -0.5064671615120552 333.9999999999862
16701 -0.5104019037471457 334.0199999999862
16702 -0.5139882862945621 334.0399999999862
16703 -0.5172235015252299 334.0599999999861
16704 -0.5201049653573152 334.0799999999861
16705 -0.5226303319255756 334.0999999999861
16706 -0.5247974552293228 334.1199999999861
16707 -0.5266043756029617 334.1399999999861
16708 -0.5280493601076615 334.159999999986
16709 -0.5291309434464784 334.179999999986
16710 -0.5298479081926303 334.199999999986
16711 -0.5301992555274317 334.219999999986
16712 -0.5301842391799922 334.239999999986
16713 -0.529802364798325 334.259999999986
16714 -0.5290533865074861 334.2799999999859
16715 -0.5279373170830343 334.2999999999859
16716 -0.5264544274134421 334.3199999999859
16717 -0.5246052411196931 334.3399999999859
16718 -0.5223905452261499 334.3599999999859
16719 -0.5198114028895885 334.3799999999858
16720 -0.5168691831689604 334.3999999999858
16721 -0.5135655011858606 334.4199999999858
16722 -0.5099022300340311 334.4399999999858
16723 -0.5058815324404873 334.4599999999858
16724 -0.5015058683056346 334.4799999999858
16725 -0.4967779686396869 334.4999999999857
16726 -0.4917008228190418 334.5199999999857
16727 -0.4862776835417259 334.5399999999857
16728 -0.4805120913055521 334.5599999999857
16729 -0.4744078523336967 334.5799999999857
16730 -0.4679690420164471 334.5999999999856
16731 -0.4612000077547619 334.6199999999856
16732 -0.4541053593533904 334.6399999999856
16733 -0.4466899452900322 334.6599999999856
16734 -0.4389588733487128 334.6799999999856
16735 -0.430917526325753 334.6999999999856
16736 -0.4225715534632665 334.7199999999855
16737 -0.413926831487255 334.7399999999855
16738 -0.4049894612321387 334.7599999999855
16739 -0.3957658085092368 334.7799999999855
16740 -0.3862624769967316 334.7999999999855
16741 -0.3764862864719866 334.8199999999854
16742 -0.3664442765587925 334.8399999999854
16743 -0.3561436942555051 334.8599999999854
16744 -0.3455919982514975 334.8799999999854
16745 -0.3347968552756417 334.8999999999854
16746 -0.3237661150815789 334.9199999999854
16747 -0.3125078006937023 334.9399999999853
16748 -0.3010301197811094 334.9599999999853
16749 -0.2893414571642511 334.9799999999853
16750 -0.27745034359462 334.9999999999853
16751 -0.2653654678954533 335.0199999999853
16752 -0.2530956677830083 335.0399999999852
16753 -0.2406499232364525 335.0599999999852
16754 -0.2280373358712191 335.0799999999852
16755 -0.2152671162212895 335.0999999999852
16756 -0.2023485833493383 335.1199999999852
16757 -0.1892911655452059 335.1399999999852
16758 -0.176104381422701 335.1599999999851
16759 -0.1627978213714228 335.1799999999851
16760 -0.1493811442046625 335.1999999999851
16761 -0.1358640763334891 335.2199999999851
16762 -0.1222564008477522 335.2399999999851
16763 -0.1085679399825849 335.259999999985
16764 -0.09480854649047868 335.279999999985
16765 -0.080988102551433 335.299999999985
16766 -0.06711651840118854 335.319999999985
16767 -0.05320372029554868 335.339999999985
16768 -0.03925962349975887 335.359999999985
16769 -0.02529413520322199 335.3799999999849
16770 -0.01131715350389909 335.3999999999849
16771 0.002661452079989238 335.4199999999849
16772 0.01663184487994278 335.4399999999849
16773 0.03058422293980402 335.4599999999849
16774 0.0445088293774614 335.4799999999848
16775 0.05839596442684249 335.4999999999848
16776 0.07223599656630329 335.5199999999848
16777 0.08601935973112623 335.5399999999848
16778 0.09973655786970592 335.5599999999848
16779 0.113378176033834 335.5799999999848
16780 0.1269348828137187 335.5999999999847
16781 0.1403974374567468 335.6199999999847
16782 0.1537567044397176 335.6399999999847
16783 0.1670036542911169 335.6599999999847
16784 0.1801293655428715 335.6799999999847
16785 0.1931250213592898 335.6999999999846
16786 0.2059819114855035 335.7199999999846
16787 0.2186914587612441 335.7399999999846
16788 0.2312452219923511 335.7599999999846
16789 0.24363488766669 335.7799999999846
16790 0.2558522845006007 335.7999999999845
16791 0.267889378655892 335.8199999999845
16792 0.2797382684897498 335.8399999999845
16793 0.2913911953918772 335.8599999999845
16794 0.3028405395458791 335.8799999999845
16795 0.3140788386678771 335.8999999999845
16796 0.3250987703240475 335.9199999999844
16797 0.3358931642336948 335.9399999999844
16798 0.3464550097601154 335.9599999999844
16799 0.3567774364065509 335.9799999999844
16800 0.3668537331520331 335.9999999999844
16801 0.3766773511625068 336.0199999999843
16802 0.3862419006716004 336.0399999999843
16803 0.3955411718010814 336.0599999999843
16804 0.4045691208372995 336.0799999999843
16805 0.4133198503371389 336.0999999999843
16806 0.4217876316368497 336.1199999999843
16807 0.4299669084332499 336.1399999999842
16808 0.4378522778024705 336.1599999999842
16809 0.4454384960793097 336.1799999999842
16810 0.4527205035792928 336.1999999999842
16811 0.4596934128791765 336.2199999999842
16812 0.4663525052819009 336.2399999999841
16813 0.4726932338462168 336.2599999999841
16814 0.4787112497405159 336.2799999999841
16815 0.4844023893690894 336.2999999999841
16816 0.4897626479051178 336.3199999999841
16817 0.4947882346175864 336.3399999999841
16818 0.4994755785310802 336.359999999984
16819 0.5038212821638066 336.379999999984
16820 0.5078221408517931 336.399999999984
16821 0.5114751622868597 336.419999999984
16822 0.5147775545905351 336.439999999984
16823 0.5177267492566698 336.4599999999839
16824 0.520320397750217 336.4799999999839
16825 0.522556347814935 336.4999999999839
16826 0.5244326503766265 336.5199999999839
16827 0.5259476000685739 336.5399999999839
16828 0.5270997466923965 336.5599999999839
16829 0.5278878737844809 336.5799999999838
16830 0.5283109796956846 336.5999999999838
16831 0.5283682749837569 336.6199999999838
16832 0.5280592453778086 336.6399999999838
16833 0.5273836648553134 336.6599999999838
16834 0.5263415427912486 336.6799999999837
16835 0.5249331090564664 336.6999999999837
16836 0.5231588505319561 336.7199999999837
16837 0.5210195319294511 336.7399999999837
16838 0.5185161719312391 336.7599999999837
16839 0.5156500631536328 336.7799999999837
16840 0.5124227872363804 336.7999999999836
16841 0.5088361885212301 336.8199999999836
16842 0.5048923727298607 336.8399999999836
16843 0.5005937348024323 336.8599999999836
16844 0.4959429620152389 336.8799999999836
16845 0.490942987578451 336.8999999999835
16846 0.4855970008314356 336.9199999999835
16847 0.4799084758217788 336.9399999999835
16848 0.4738811867152407 336.9599999999835
16849 0.4675191860271181 336.9799999999835
16850 0.4608267613772066 336.9999999999835
16851 0.4538084789199405 337.0199999999834
16852 0.4464691856302469 337.0399999999834
16853 0.4388139649328476 337.0599999999834
16854 0.4308481064067817 337.0799999999834
16855 0.4225771669147655 337.0999999999834
16856 0.4140069629923059 337.1199999999833
16857 0.4051435212916707 337.1399999999833
16858 0.3959931080208374 337.1599999999833
16859 0.3865622487060582 337.1799999999833
16860 0.3768576841881461 337.1999999999833
16861 0.3668863730833405 337.2199999999833
16862 0.3566554956299371 337.2399999999832
16863 0.3461724340067315 337.2599999999832
16864 0.3354447741239449 337.2799999999832
16865 0.3244802978929802 337.2999999999832
16866 0.3132869638421303 337.3199999999832
16867 0.3018728861454392 337.3399999999831
16868 0.2902463607956091 337.3599999999831
16869 0.2784158733107064 337.3799999999831
16870 0.2663900249711563 337.3999999999831
16871 0.2541775423564562 337.4199999999831
16872 0.2417873089546813 337.4399999999831
16873 0.2292283408515267 337.459999999983
16874 0.2165097562358948 337.479999999983
16875 0.203640793389509 337.499999999983
16876 0.1906308079320972 337.519999999983
16877 0.1774892504319484 337.539999999983
16878 0.1642256501876548 337.5599999999829
16879 0.1508496172906156 337.5799999999829
16880 0.1373708261413546 337.5999999999829
16881 0.123799007808006 337.6199999999829
16882 0.1101439473793708 337.6399999999829
16883 0.09641545972332806 337.6599999999829
16884 0.08262338680961842 337.6799999999828
16885 0.06877760727665942 337.6999999999828
16886 0.05488801362819628 337.7199999999828
16887 0.04096449084248844 337.7399999999828
16888 0.02701693095740688 337.7599999999828
16889 0.01305521045159823 337.7799999999827
16890 -0.000910838352687606 337.7999999999827
16891 -0.01487140111552528 337.8199999999827
16892 -0.02881667450263815 337.8399999999827
16893 -0.04273691079488808 337.8599999999827
16894 -0.05662243073824778 337.8799999999827
16895 -0.07046360346668858 337.8999999999826
16896 -0.08425086242356628 337.9199999999826
16897 -0.09797472403771658 337.9399999999826
16898 -0.1116257818984348 337.9599999999826
16899 -0.1251947119232338 337.9799999999826
16900 -0.1386722741297629 337.9999999999825
16901 -0.152049321106126 338.0199999999825
16902 -0.1653168013854805 338.0399999999825
16903 -0.1784657664780091 338.0599999999825
16904 -0.1914874014612068 338.0799999999825
16905 -0.2043730106379587 338.0999999999825
16906 -0.2171139963204052 338.1199999999824
16907 -0.229701896083713 338.1399999999824
16908 -0.2421283860070453 338.1599999999824
16909 -0.2543852682537169 338.1799999999824
16910 -0.2664644708808505 338.1999999999824
16911 -0.2783580686982749 338.2199999999823
16912 -0.2900582828709367 338.2399999999823
16913 -0.3015574703807171 338.2599999999823
16914 -0.3128481153146083 338.2799999999823
16915 -0.3239228634643575 338.2999999999823
16916 -0.3347744979759837 338.3199999999823
16917 -0.3453959536615533 338.3399999999822
16918 -0.3557803232372408 338.3599999999822
16919 -0.3659208578017971 338.3799999999822
16920 -0.3758109708489632 338.3999999999822
16921 -0.3854442443476814 338.4199999999822
16922 -0.394814419505909 338.4399999999821
16923 -0.4039153657958903 338.4599999999821
16924 -0.4127411259221646 338.4799999999821
16925 -0.421285914709109 338.4999999999821
16926 -0.4295440979742849 338.5199999999821
16927 -0.4375102204087739 338.5399999999821
16928 -0.4451790076434647 338.559999999982
16929 -0.4525453540155523 338.579999999982
16930 -0.4596043171715896 338.599999999982
16931 -0.4663511218675857 338.619999999982
16932 -0.4727811780384888 338.639999999982
16933 -0.4788900651499681 338.6599999999819
16934 -0.4846735433456542 338.6799999999819
16935 -0.4901275421544882 338.6999999999819
16936 -0.4952481688425999 338.7199999999819
16937 -0.5000317218655087 338.7399999999819
16938 -0.5044747098005531 338.7599999999819
16939 -0.5085738470089937 338.7799999999818
16940 -0.5123260249735551 338.7999999999818
16941 -0.5157283357912216 338.8199999999818
16942 -0.51877809237816 338.8399999999818
16943 -0.5214728318551375 338.8599999999818
16944 -0.5238103112843713 338.8799999999817
16945 -0.5257884850401586 338.8999999999817
16946 -0.5274055100613166 338.9199999999817
16947 -0.5286597915442354 338.9399999999817
16948 -0.5295500051522321 338.9599999999817
16949 -0.5300750392800417 338.9799999999817
16950 -0.5302340373050326 338.9999999999816
16951 -0.530026374060463 339.0199999999816
16952 -0.5294516869019851 339.0399999999816
16953 -0.5285098700052473 339.0599999999816
16954 -0.5272010756049306 339.0799999999816
16955 -0.5255257037080074 339.0999999999815
16956 -0.5234844077280787 339.1199999999815
16957 -0.5210781203307178 339.1399999999815
16958 -0.5183080731931746 339.1599999999815
16959 -0.51517576714993 339.1799999999815
16960 -0.511682945963606 339.1999999999815
16961 -0.507831633919991 339.2199999999814
16962 -0.5036241518527519 339.2399999999814
16963 -0.4990631038816551 339.2599999999814
16964 -0.4941513573449894 339.2799999999814
16965 -0.4888920387927591 339.2999999999814
16966 -0.4832885537889255 339.3199999999813
16967 -0.477344584106116 339.3399999999813
16968 -0.4710640725787673 339.3599999999813
16969 -0.4644512346074894 339.3799999999813
16970 -0.4575105594998176 339.3999999999813
16971 -0.4502467870589355 339.4199999999813
16972 -0.442664897824693 339.4399999999812
16973 -0.4347701427992952 339.4599999999812
16974 -0.4265680468090974 339.4799999999812
16975 -0.4180643729426009 339.4999999999812
16976 -0.4092651242644767 339.5199999999812
16977 -0.4001765463767988 339.5399999999811
16978 -0.3908051240060073 339.5599999999811
16979 -0.3811575726865424 339.5799999999811
16980 -0.371240831376814 339.5999999999811
16981 -0.3610620579464804 339.6199999999811
16982 -0.3506286025717684 339.6399999999811
16983 -0.3399480302078496 339.659999999981
16984 -0.3290281181591754 339.679999999981
16985 -0.3178768026053361 339.699999999981
16986 -0.3065021992053807 339.719999999981
16987 -0.2949126127914 339.739999999981
16988 -0.2831165103258951 339.7599999999809
16989 -0.2711225030836011 339.7799999999809
16990 -0.2589393545766828 339.7999999999809
16991 -0.2465759862159376 339.8199999999809
16992 -0.2340414397775142 339.8399999999809
16993 -0.2213448760044476 339.8599999999809
16994 -0.2084955653609628 339.8799999999808
16995 -0.1955028836381229 339.8999999999808
16996 -0.1823763073685471 339.9199999999808
16997 -0.1691253934533759 339.9399999999808
16998 -0.1557597709575711 339.9599999999808
16999 -0.1422891361092112 339.9799999999807
17000 -0.1287232444988824 339.9999999999807
17001 -0.1150719012865491 340.0199999999807
17002 -0.1013449470889074 340.0399999999807
17003 -0.08755224900298782 340.0599999999807
17004 -0.07370370504695807 340.0799999999807
17005 -0.05980923705207612 340.0999999999806
17006 -0.04587876551437313 340.1199999999806
17007 -0.03192220348130429 340.1399999999806
17008 -0.01794945651050872 340.1599999999806
17009 -0.003970406472095483 340.1799999999806
17010 0.01000509577576172 340.1999999999805
17011 0.02396722935628013 340.2199999999805
17012 0.03790621332348692 340.2399999999805
17013 0.05181232160390646 340.2599999999805
17014 0.06567589086089851 340.2799999999805
17015 0.07948732130582788 340.2999999999805
17016 0.09323708080768005 340.3199999999804
17017 0.1069157181130529 340.3399999999804
17018 0.1205138631312416 340.3599999999804
17019 0.1340222271979403 340.3799999999804
17020 0.147431622438114 340.3999999999804
17021 0.1607329719108514 340.4199999999803
17022 0.1739173033099017 340.4399999999803
17023 0.1869757456599611 340.4599999999803
17024 0.1998995330458005 340.4799999999803
17025 0.2126800306906659 340.4999999999803
17026 0.2253087356467308 340.5199999999803
17027 0.2377772694884077 340.5399999999802
17028 0.2500773913037914 340.5599999999802
17029 0.2622010079094142 340.5799999999802
17030 0.2741401528451834 340.5999999999802
17031 0.2858869958155774 340.6199999999802
17032 0.2974338534207527 340.6399999999801
17033 0.3087731884778263 340.6599999999801
17034 0.3198976152858268 340.6799999999801
17035 0.330799891186433 340.6999999999801
17036 0.3414729205358333 340.7199999999801
17037 0.3519097674825712 340.7399999999801
17038 0.3621036513526107 340.75999999998
17039 0.3720479380898352 340.77999999998
17040 0.381736156360185 340.79999999998
17041 0.3911620234742143 340.81999999998
17042 0.4003194206809188 340.83999999998
17043 0.409202371784445 340.8599999999799
17044 0.4178050695919108 340.8799999999799
17045 0.4261218833802546 340.8999999999799
17046 0.4341473307969192 340.9199999999799
17047 0.4418760896124733 340.9399999999799
17048 0.4493030152714055 340.9599999999799
17049 0.4564231427862925 340.9799999999798
17050 0.4632316672524291 340.9999999999798
17051 0.4697239497387074 341.0199999999798
17052 0.4758955391264142 341.0399999999798
17053 0.481742203577905 341.0599999999798
17054 0.4872598629022272 341.0799999999797
17055 0.4924446147274442 341.0999999999797
17056 0.4972927957232575 341.1199999999797
17057 0.5018009233270783 341.1399999999797
17058 0.5059656865064142 341.1599999999797
17059 0.509784004334576 341.1799999999797
17060 0.5132529986596955 341.1999999999796
17061 0.516369981416273 341.2199999999796
17062 0.5191325016205208 341.2399999999796
17063 0.5215383178901364 341.2599999999796
17064 0.523585380507246 341.2799999999796
17065 0.5252718598840461 341.2999999999795
17066 0.526596190980224 341.3199999999795
17067 0.5275570594870226 341.3399999999795
17068 0.5281533456043833 341.3599999999795
17069 0.5283841546454251 341.3799999999795
17070 0.5282488505821784 341.3999999999795
17071 0.527747075532593 341.4199999999794
17072 0.5268787172042102 341.4399999999794
17073 0.5256439045297824 341.4599999999794
17074 0.5240430062032129 341.4799999999794
17075 0.5220766538503686 341.4999999999794
17076 0.5197457449236806 341.5199999999793
17077 0.5170514374177544 341.5399999999793
17078 0.5139951817618733 341.5599999999793
17079 0.5105786926068221 341.5799999999793
17080 0.5068039506792199 341.5999999999793
17081 0.5026732144504203 341.6199999999793
17082 0.498189040220838 341.6399999999792
17083 0.4933542413685931 341.6599999999792
17084 0.4881718819015544 341.6799999999792
17085 0.4826452978436335 341.6999999999792
17086 0.4767781222177461 341.7199999999792
17087 0.4705742822403499 341.7399999999791
17088 0.464037950451027 341.7599999999791
17089 0.4571735567783713 341.7799999999791
17090 0.4499858188272416 341.7999999999791
17091 0.4424797200696764 341.8199999999791
17092 0.4346604460559663 341.8399999999791
17093 0.4265334239769344 341.859999999979
17094 0.418104350461121 341.879999999979
17095 0.4093791571501166 341.899999999979
17096 0.4003639854964564 341.919999999979
17097 0.3910652416311792 341.939999999979
17098 0.3814895747145538 341.9599999999789
17099 0.3716438400787458 341.9799999999789
17100 0.3615351063653565 341.9999999999789
17101 0.351170662205179 342.0199999999789
17102 0.3405580026443463 342.0399999999789
17103 0.3297048174064933 342.0599999999789
17104 0.3186189782088195 342.0799999999788
17105 0.3073085287769824 342.0999999999788
17106 0.2957816787518851 342.1199999999788
17107 0.2840468219115076 342.1399999999788
17108 0.2721125128941432 342.1599999999788
17109 0.259987420953729 342.1799999999787
17110 0.2476803507693475 342.1999999999787
17111 0.2352002569053561 342.2199999999787
17112 0.2225562119689123 342.2399999999787
17113 0.2097573968663902 342.2599999999787
17114 0.1968131132230348 342.2799999999787
17115 0.1837327680254038 342.2999999999786
17116 0.1705258536270886 342.3199999999786
17117 0.1572019444437067 342.3399999999786
17118 0.1437706859744563 342.3599999999786
17119 0.1302417798397442 342.3799999999786
17120 0.1166249888544752 342.3999999999785
17121 0.1029301141525746 342.4199999999785
17122 0.08916698530547769 342.4399999999785
17123 0.075345465514842 342.4599999999785
17124 0.06147544288831964 342.4799999999785
17125 0.0475668068746457 342.4999999999785
17126 0.03362944652085969 342.5199999999784
17127 0.01967324811224231 342.5399999999784
17128 0.005708065631105676 342.5599999999784
17129 -0.008256281430791938 342.5799999999784
17130 -0.02220998202533418 342.5999999999784
17131 -0.03614325688803886 342.6199999999783
17132 -0.0500463956848658 342.6399999999783
17133 -0.06390974550521483 342.6599999999783
17134 -0.07772370638762384 342.6799999999783
17135 -0.09147875558844044 342.6999999999783
17136 -0.1051654495477085 342.7199999999783
17137 -0.1187744257828371 342.7399999999782
17138 -0.132296402346322 342.7599999999782
17139 -0.1457221904147125 342.7799999999782
17140 -0.1590426832993626 342.7999999999782
17141 -0.1722488809146363 342.8199999999782
17142 -0.1853319097945008 342.8399999999781
17143 -0.1982830253399862 342.8599999999781
17144 -0.2110935771677248 342.8799999999781
17145 -0.2237550372540797 342.8999999999781
17146 -0.2362590180318502 342.9199999999781
17147 -0.2485972629661312 342.9399999999781
17148 -0.260761638628393 342.959999999978
17149 -0.2727441469010495 342.979999999978
17150 -0.2845369432734891 342.999999999978
17151 -0.2961323189356624 343.019999999978
17152 -0.3075226971964888 343.039999999978
17153 -0.3187006425903637 343.0599999999779
17154 -0.3296588727332516 343.0799999999779
17155 -0.3403902562313578 343.0999999999779
17156 -0.3508878054491386 343.1199999999779
17157 -0.3611446920888286 343.1399999999779
17158 -0.3711542574843645 343.1599999999779
17159 -0.3809100078036635 343.1799999999778
17160 -0.3904056073824627 343.1999999999778
17161 -0.3996348602966893 343.2199999999778
17162 -0.4085917321168519 343.2399999999778
17163 -0.4172703545970305 343.2599999999778
17164 -0.4256650196520587 343.2799999999777
17165 -0.4337701937590058 343.2999999999777
17166 -0.4415805122417855 343.3199999999777
17167 -0.4490907891090495 343.3399999999777
17168 -0.4562960032500232 343.3599999999777
17169 -0.4631912993926801 343.3799999999777
17170 -0.4697720022739296 343.3999999999776
17171 -0.4760336090479677 343.4199999999776
17172 -0.4819717956495229 343.4399999999776
17173 -0.4875824112559787 343.4599999999776
17174 -0.4928614751418436 343.4799999999776
17175 -0.4978051881973075 343.4999999999775
17176 -0.5024099588473968 343.5199999999775
17177 -0.5066724064177783 343.5399999999775
17178 -0.5105893427259346 343.5599999999775
17179 -0.5141577696919643 343.5799999999775
17180 -0.5173748840824627 343.5999999999775
17181 -0.5202381218407779 343.6199999999774
17182 -0.5227451429020351 343.6399999999774
17183 -0.5248938156441882 343.6599999999774
17184 -0.5266821867374133 343.6799999999774
17185 -0.5281085370789769 343.6999999999774
17186 -0.529171418098396 343.7199999999773
17187 -0.5298696201226554 343.7399999999773
17188 -0.5302021603880605 343.7599999999773
17189 -0.530168302221501 343.7799999999773
17190 -0.5297675615669085 343.7999999999773
17191 -0.5289997127525722 343.8199999999773
17192 -0.5278647784633677 343.8399999999772
17193 -0.5263630438654602 343.8599999999772
17194 -0.5244950481091595 343.8799999999772
17195 -0.5222615798387433 343.8999999999772
17196 -0.5196637335356491 343.9199999999772
17197 -0.5167028827465943 343.9399999999771
17198 -0.5133806588632684 343.9599999999771
17199 -0.5096989478295505 343.9799999999771
17200 -0.5056599320711274 343.9999999999771
17201 -0.5012660795649767 344.0199999999771
17202 -0.4965201382006067 344.0399999999771
17203 -0.4914251086249105 344.059999999977
17204 -0.4859842614124902 344.079999999977
17205 -0.4802011451146452 344.099999999977
17206 -0.4740795873269393 344.119999999977
17207 -0.4676236738775393 344.139999999977
17208 -0.4608377677459304 344.1599999999769
17209 -0.4537264894597481 344.1799999999769
17210 -0.4462947029100412 344.1999999999769
17211 -0.4385475269521134 344.2199999999769
17212 -0.4304903622225232 344.2399999999769
17213 -0.4221288656245344 344.2599999999769
17214 -0.4134689261206579 344.2799999999768
17215 -0.4045166641443525 344.2999999999768
17216 -0.3952784525378978 344.3199999999768
17217 -0.3857609047422697 344.3399999999768
17218 -0.3759708536283113 344.3599999999768
17219 -0.3659153530049868 344.3799999999767
17220 -0.3556016592695577 344.3999999999767
17221 -0.3450372380275952 344.4199999999767
17222 -0.3342297705153199 344.4399999999767
17223 -0.3231871150027391 344.4599999999767
17224 -0.3119173014485959 344.4799999999767
17225 -0.3004285512409561 344.4999999999766
17226 -0.2887292526342022 344.5199999999766
17227 -0.2768279475517203 344.5399999999766
17228 -0.2647333311519987 344.5599999999766
17229 -0.2524542496089145 344.5799999999766
17230 -0.2399996902179358 344.5999999999765
17231 -0.2273787582937095 344.6199999999765
17232 -0.2146006753263844 344.6399999999765
17233 -0.2016747657172722 344.6599999999765
17234 -0.1886104610473374 344.6799999999765
17235 -0.1754172826721075 344.6999999999765
17236 -0.162104823485729 344.7199999999764
17237 -0.1486827473541635 344.7399999999764
17238 -0.135160784479699 344.7599999999764
17239 -0.1215487181577719 344.7799999999764
17240 -0.1078563742230116 344.7999999999764
17241 -0.09409360679358231 344.8199999999763
17242 -0.08027029895779381 344.8399999999763
17243 -0.06639636260402955 344.8599999999763
17244 -0.05248172415503523 344.8799999999763
17245 -0.03853629852534934 344.8999999999763
17246 -0.02456999229240914 344.9199999999763
17247 -0.01059270289759913 344.9399999999762
17248 0.00338570206633655 344.9599999999762
17249 0.01735538748227695 344.9799999999762
17250 0.03130655336468043 344.9999999999762
17251 0.04522944544328434 345.0199999999762
17252 0.0591143671811689 345.0399999999761
17253 0.07295169005372472 345.0599999999761
17254 0.08673185205429242 345.0799999999761
17255 0.1004453606153221 345.0999999999761
17256 0.1140828053786661 345.1199999999761
17257 0.1276348582200523 345.1399999999761
17258 0.1410922841045586 345.159999999976
17259 0.1544459540094951 345.179999999976
17260 0.1676868430427434 345.199999999976
17261 0.1808060364583256 345.219999999976
17262 0.1937947227885793 345.239999999976
17263 0.206644196725195 345.2599999999759
17264 0.219345888879073 345.2799999999759
17265 0.2318913641692536 345.2999999999759
17266 0.2442723162020398 345.3199999999759
17267 0.2564805797137979 345.3399999999759
17268 0.2685081291364022 345.3599999999759
17269 0.2803470695650335 345.3799999999758
17270 0.2919896483945187 345.3999999999758
17271 0.3034282564072401 345.4199999999758
17272 0.3146554350278252 345.4399999999758
17273 0.3256638721720297 345.4599999999758
17274 0.336446405165383 345.4799999999757
17275 0.3469960268021463 345.4999999999757
17276 0.3573058803831579 345.5199999999757
17277 0.3673692590297651 345.5399999999757
17278 0.3771796238179596 345.5599999999757
17279 0.3867305939438961 345.5799999999757
17280 0.3960159706492073 345.5999999999756
17281 0.4050297133194554 345.6199999999756
17282 0.4137659360221593 345.6399999999756
17283 0.4222189185482113 345.6599999999756
17284 0.430383111867961 345.6799999999756
17285 0.4382531175768743 345.6999999999755
17286 0.4458237058109762 345.7199999999755
17287 0.4530898241967871 345.7399999999755
17288 0.4600465934886441 345.7599999999755
17289 0.4666893029881093 345.7799999999755
17290 0.4730134150695025 345.7999999999755
17291 0.479014593240791 345.8199999999754
17292 0.4846886798775334 345.8399999999754
17293 0.4900316809339912 345.8599999999754
17294 0.4950398193538563 345.8799999999754
17295 0.4997095315206612 345.8999999999754
17296 0.5040374252845862 345.9199999999753
17297 0.508020313835574 345.9399999999753
17298 0.5116552130817247 345.9599999999753
17299 0.5149393348809523 345.9799999999753
17300 0.5178701171212998 345.9999999999753
17301 0.5204452324818215 346.0199999999753
17302 0.5226625440797384 346.0399999999752
17303 0.5245201043465891 346.0599999999752
17304 0.5260162280318144 346.0799999999752
17305 0.5271494777278487 346.0999999999752
17306 0.5279186430958405 346.1199999999752
17307 0.5283227451044455 346.1399999999751
17308 0.5283610077096041 346.1599999999751
17309 0.5280329277689789 346.1799999999751
17310 0.5273382828022277 346.1999999999751
17311 0.5262771014197444 346.2199999999751
17312 0.5248496247859167 346.2399999999751
17313 0.5230563567224661 346.259999999975
17314 0.5208980688000483 346.279999999975
17315 0.5183757964907282 346.299999999975
17316 0.5154908496853109 346.319999999975
17317 0.5122448195217928 346.339999999975
17318 0.5086395684883458 346.3599999999749
17319 0.5046772154108353 346.3799999999749
17320 0.5003601719629425 346.3999999999749
17321 0.4956911348525256 346.4199999999749
17322 0.4906730563346929 346.4399999999749
17323 0.4853091374724193 346.4599999999749
17324 0.4796028656619974 346.4799999999748
17325 0.4735580334712132 346.4999999999748
17326 0.4671787035720409 346.5199999999748
17327 0.4604691832462487 346.5399999999748
17328 0.4534340464198328 346.5599999999748
17329 0.4460781592707619 346.5799999999747
17330 0.4384066128229462 346.5999999999747
17331 0.4304247097610704 346.6199999999747
17332 0.4221380226514997 346.6399999999747
17333 0.4135523807782148 346.6599999999747
17334 0.404673818426455 346.6799999999747
17335 0.395508620484134 346.6999999999746
17336 0.3860633236408461 346.7199999999746
17337 0.3763446770679595 346.7399999999746
17338 0.3663596532192482 346.7599999999746
17339 0.3561154428380583 346.7799999999746
17340 0.3456194415801273 346.7999999999745
17341 0.3348792410279192 346.8199999999745
17342 0.3239026383627603 346.8399999999745
17343 0.3126975967822792 346.8599999999745
17344 0.301272241663567 346.8799999999745
17345 0.2896348769333167 346.8999999999745
17346 0.2777939970724683 346.9199999999744
17347 0.2657582100066239 346.9399999999744
17348 0.2535362488346226 346.9599999999744
17349 0.2411370056615665 346.9799999999744
17350 0.2285695009152065 346.9999999999744
17351 0.2158428600413266 347.0199999999743
17352 0.2029663272886062 347.0399999999743
17353 0.1899492637664682 347.0599999999743
17354 0.1768011232759937 347.0799999999743
17355 0.1635314407589633 347.0999999999743
17356 0.1501498297180422 347.1199999999743
17357 0.1366659673733097 347.1399999999742
17358 0.1230895876921557 347.1599999999742
17359 0.1094304766613232 347.1799999999742
17360 0.0956984528139873 347.1999999999742
17361 0.08190335861625068 347.2199999999742
17362 0.06805507442889212 347.2399999999741
17363 0.05416349223267863 347.2599999999741
17364 0.04023849660602792 347.2799999999741
17365 0.02628998034156156 347.2999999999741
17366 0.01232781978095234 347.3199999999741
17367 -0.001638156603493257 347.3399999999741
17368 -0.01559813519461979 347.359999999974
17369 -0.02954231289318745 347.379999999974
17370 -0.04346094600111745 347.399999999974
17371 -0.05734435847026558 347.419999999974
17372 -0.07118292216869822 347.439999999974
17373 -0.08496707476312562 347.4599999999739
17374 -0.09868733682637802 347.4799999999739
17375 -0.1123343060426796 347.4999999999739
17376 -0.1258986622871917 347.5199999999739
17377 -0.1393711718867763 347.5399999999739
17378 -0.152742693176915 347.5599999999739
17379 -0.1660041761583688 347.5799999999738
17380 -0.1791466812706596 347.5999999999738
17381 -0.1921614006379373 347.6199999999738
17382 -0.2050396420878239 347.6399999999738
17383 -0.2177728163586853 347.6599999999738
17384 -0.230352466688081 347.6799999999737
17385 -0.2427702777581942 347.6999999999737
17386 -0.2550180572444147 347.7199999999737
17387 -0.2670877401825881 347.7399999999737
17388 -0.2789714094413517 347.7599999999737
17389 -0.2906612920416526 347.7799999999737
17390 -0.3021497493187826 347.7999999999736
17391 -0.3134292770107847 347.8199999999736
17392 -0.3244925159948019 347.8399999999736
17393 -0.3353322569002091 347.8599999999736
17394 -0.3459414505924604 347.8799999999736
17395 -0.3563132091937026 347.8999999999735
17396 -0.3664407799843737 347.9199999999735
17397 -0.3763175854594285 347.9399999999735
17398 -0.3859372265319415 347.9599999999735
17399 -0.3952934414544095 347.9799999999735
17400 -0.4043801133177156 347.9999999999735
17401 -0.4131912928466183 348.0199999999734
17402 -0.4217212020783469 348.0399999999734
17403 -0.4299642168119331 348.0599999999734
17404 -0.4379148923688577 348.0799999999734
17405 -0.4455679612949475 348.0999999999734
17406 -0.4529183269314079 348.1199999999733
17407 -0.4599610548944 348.1399999999733
17408 -0.4666913860711969 348.1599999999733
17409 -0.473104732342042 348.1799999999733
17410 -0.4791966833060307 348.1999999999733
17411 -0.4849630069905599 348.2199999999733
17412 -0.4903996419748912 348.2399999999732
17413 -0.495502706302767 348.2599999999732
17414 -0.5002685043371952 348.2799999999732
17415 -0.5046935596447384 348.2999999999732
17416 -0.508774592826179 348.3199999999732
17417 -0.5125085120548674 348.3399999999731
17418 -0.5158924154750048 348.3599999999731
17419 -0.5189236270358887 348.3799999999731
17420 -0.5215997008998717 348.3999999999731
17421 -0.5239183973499236 348.4199999999731
17422 -0.5258776850509804 348.4399999999731
17423 -0.5274757337777198 348.459999999973
17424 -0.5287109622257636 348.479999999973
17425 -0.5295820551497606 348.499999999973
17426 -0.5300879171578745 348.519999999973
17427 -0.5302277011218869 348.539999999973
17428 -0.530000794503675 348.5599999999729
17429 -0.5294068547512646 348.5799999999729
17430 -0.5284457833252564 348.5999999999729
17431 -0.5271177443472884 348.6199999999729
17432 -0.525423156172794 348.6399999999729
17433 -0.5233626862077242 348.6599999999729
17434 -0.5209372803309362 348.6799999999728
17435 -0.5181481857667749 348.6999999999728
17436 -0.5149969152400021 348.7199999999728
17437 -0.5114852297450754 348.7399999999728
17438 -0.5076151663855817 348.7599999999728
17439 -0.5033890588926836 348.7799999999727
17440 -0.4988095283007913 348.7999999999727
17441 -0.4938794550740961 348.8199999999727
17442 -0.4886019809755198 348.8399999999727
17443 -0.4829805231068614 348.8599999999727
17444 -0.4770187763461343 348.8799999999727
17445 -0.4707207026467495 348.8999999999726
17446 -0.4640905300195015 348.9199999999726
17447 -0.457132761809204 348.9399999999726
17448 -0.4498521504701549 348.9599999999726
17449 -0.4422536907743361 348.9799999999726
17450 -0.4343426486698482 348.9999999999725
17451 -0.4261245644562546 349.0199999999725
17452 -0.4176052091741696 349.0399999999725
17453 -0.4087905985808876 349.0599999999725
17454 -0.3996869934012378 349.0799999999725
17455 -0.3903008906004508 349.0999999999725
17456 -0.3806390155378854 349.1199999999724
17457 -0.3707083226472694 349.1399999999724
17458 -0.3605159760500207 349.1599999999724
17459 -0.3500693406152318 349.1799999999724
17460 -0.3393759944194757 349.1999999999724
17461 -0.3284437183559684 349.2199999999723
17462 -0.3172804619792182 349.2399999999723
17463 -0.30589434821961 349.2599999999723
17464 -0.2942936932292963 349.2799999999723
17465 -0.2824869691349126 349.2999999999723
17466 -0.2704827957518169 349.3199999999723
17467 -0.2582899490507419 349.3399999999722
17468 -0.2459173520413249 349.3599999999722
17469 -0.2333740565022034 349.3799999999722
17470 -0.2206692271758423 349.3999999999722
17471 -0.2078121406045794 349.4199999999722
17472 -0.1948121777235931 349.4399999999721
17473 -0.1816788216273647 349.4599999999721
17474 -0.1684216315232466 349.4799999999721
17475 -0.1550502401665391 349.4999999999721
17476 -0.1415743482679686 349.5199999999721
17477 -0.1280037132847409 349.5399999999721
17478 -0.114348143243484 349.559999999972
17479 -0.1006174802338578 349.579999999972
17480 -0.08682159300778647 349.599999999972
17481 -0.07297038091633042 349.619999999972
17482 -0.05907376682671245 349.639999999972
17483 -0.04514167098497972 349.6599999999719
17484 -0.03118400534688544 349.6799999999719
17485 -0.01721067537716784 349.6999999999719
17486 -0.003231561525089768 349.7199999999719
17487 0.01074348632625965 349.7399999999719
17488 0.02470464935151288 349.7599999999719
17489 0.03864214941258117 349.7799999999718
17490 0.05254626277037364 349.7999999999718
17491 0.06640733007810287 349.8199999999718
17492 0.080215755023074 349.8399999999718
17493 0.09396200952384955 349.8599999999718
17494 0.107636645190854 349.8799999999717
17495 0.1212302981633123 349.8999999999717
17496 0.1347336830791289 349.9199999999717
17497 0.1481376187183238 349.9399999999717
17498 0.1614330326325167 349.9599999999717
17499 0.1746109583942387 349.9799999999717
17500 0.1876625317231386 349.9999999999716
17501 0.2005789916184345 350.0199999999716
17502 0.2133517108556459 350.0399999999716
17503 0.2259721930110588 350.0599999999716
17504 0.2384320647859726 350.0799999999716
17505 0.2507230954630427 350.0999999999715
17506 0.2628371962763186 350.1199999999715
17507 0.2747664096888393 350.1399999999715
17508 0.2865029117738279 350.1599999999715
17509 0.2980390258742538 350.1799999999715
17510 0.3093672244270718 350.1999999999715
17511 0.3204801292284911 350.2199999999714
17512 0.3313705048452816 350.2399999999714
17513 0.342031261014467 350.2599999999714
17514 0.3524554745671877 350.2799999999714
17515 0.3626363689498444 350.2999999999714
17516 0.3725673203158582 350.3199999999713
17517 0.3822418682329474 350.3399999999713
17518 0.3916537360138629 350.3599999999713
17519 0.4007968159490737 350.3799999999713
17520 0.4096651386860938 350.3999999999713
17521 0.4182529047539354 350.4199999999713
17522 0.4265544931422084 350.4399999999712
17523 0.4345644279512775 350.4599999999712
17524 0.4422773973342649 350.4799999999712
17525 0.4496882660865953 350.4999999999712
17526 0.4567920746954202 350.5199999999712
17527 0.4635840306886074 350.5399999999711
17528 0.4700595017078578 350.5599999999711
17529 0.4762140478892321 350.5799999999711
17530 0.4820434463486006 350.5999999999711
17531 0.4875436262905637 350.6199999999711
17532 0.4927106977616923 350.6399999999711
17533 0.4975410090405933 350.659999999971
17534 0.5020310843318164 350.679999999971
17535 0.5061776242092938 350.699999999971
17536 0.5099775595691696 350.719999999971
17537 0.5134280182492513 350.739999999971
17538 0.516526328534035 350.7599999999709
17539 0.519270044446647 350.7799999999709
17540 0.5216569429254565 350.7999999999709
17541 0.5236849790664914 350.8199999999709
17542 0.5253523372174035 350.8399999999709
17543 0.5266574693453089 350.8599999999709
17544 0.5275990689275709 350.8799999999708
17545 0.5281760303338257 350.8999999999708
17546 0.5283874694405279 350.9199999999708
17547 0.5282327629399518 350.9399999999708
17548 0.5277115702269325 350.9599999999708
17549 0.5268237979896877 350.9799999999707
17550 0.5255695732985093 350.9999999999707
17551 0.5239492860000726 351.0199999999707
17552 0.5219635817754755 351.0399999999707
17553 0.5196133724100921 351.0599999999707
17554 0.5168998308634619 351.0799999999707
17555 0.513824419876748 351.0999999999706
17556 0.5103888723771913 351.1199999999706
17557 0.5065951776066702 351.1399999999706
17558 0.5024456154083811 351.1599999999706
17559 0.4979427518835908 351.1799999999706
17560 0.4930894185665669 351.1999999999705
17561 0.4878886904738614 351.2199999999705
17562 0.4823439172952229 351.2399999999705
17563 0.4764587553880258 351.2599999999705
17564 0.4702371377914092 351.2799999999705
17565 0.4636832549229074 351.2999999999705
17566 0.4568015532958302 351.3199999999704
17567 0.4495967639237794 351.3399999999704
17568 0.4420738798293715 351.3599999999704
17569 0.4342381021712048 351.3799999999704
17570 0.4260948691611627 351.3999999999704
17571 0.4176498940159969 351.4199999999703
17572 0.408909116800255 351.4399999999703
17573 0.3998786979925276 351.4599999999703
17574 0.3905650601578234 351.4799999999703
17575 0.3809748566777742 351.4999999999703
17576 0.3711149523501408 351.5199999999703
17577 0.3609924334424149 351.5399999999702
17578 0.3506145967398803 351.5599999999702
17579 0.3399889467399903 351.5799999999702
17580 0.329123182354583 351.5999999999702
17581 0.3180251892602003 351.6199999999702
17582 0.3067030175383834 351.6399999999701
17583 0.2951648861063497 351.6599999999701
17584 0.2834191987192309 351.6799999999701
17585 0.2714745183046352 351.6999999999701
17586 0.2593395194427319 351.7199999999701
17587 0.2470230149406746 351.7399999999701
17588 0.2345339668539169 351.75999999997
17589 0.2218814528163998 351.77999999997
17590 0.2090746612855347 351.79999999997
17591 0.1961228990240203 351.81999999997
17592 0.1830355780921177 351.83999999997
17593 0.1698221950822142 351.8599999999699
17594 0.156492328951633 351.8799999999699
17595 0.1430556277981362 351.8999999999699
17596 0.1295217980164128 351.9199999999699
17597 0.1159006033289297 351.9399999999699
17598 0.1022018479062437 351.9599999999699
17599 0.0884353615435531 351.9799999999698
17600 0.07461100978363654 351.9999999999698
17601 0.06073868200112841 352.0199999999698
17602 0.04682826669606091 352.0399999999698
17603 0.03288965298769884 352.0599999999698
17604 0.01893272631101792 352.0799999999697
17605 0.004967339389468759 352.0999999999697
17606 -0.008996689260220698 352.1199999999697
17607 -0.02294954988566168 352.1399999999697
17608 -0.03688146579042303 352.1599999999697
17609 -0.05078272960928398 352.1799999999697
17610 -0.06464369129077362 352.1999999999696
17611 -0.0784547553320003 352.2199999999696
17612 -0.09220640244675907 352.2399999999696
17613 -0.1058891924049707 352.2599999999696
17614 -0.1194937674972098 352.2799999999696
17615 -0.1330108519412913 352.2999999999695
17616 -0.1464312588770314 352.3199999999695
17617 -0.159745889404698 352.3399999999695
17618 -0.1729457483155609 352.3599999999695
17619 -0.1860219698878112 352.3799999999695
17620 -0.1989658130513584 352.3999999999695
17621 -0.2117686367117345 352.4199999999694
17622 -0.2244219172347155 352.4399999999694
17623 -0.2369172759980851 352.4599999999694
17624 -0.2492464636684928 352.4799999999694
17625 -0.2614013506367683 352.4999999999694
17626 -0.2733739494555097 352.5199999999693
17627 -0.2851564192469416 352.5399999999693
17628 -0.2967410596671984 352.5599999999693
17629 -0.3081203009962555 352.5799999999693
17630 -0.3192867152919255 352.5999999999693
17631 -0.330233029411527 352.6199999999693
17632 -0.3409521180616991 352.6399999999692
17633 -0.3514370075723807 352.6599999999692
17634 -0.3616808714342313 352.6799999999692
17635 -0.3716770617092499 352.6999999999692
17636 -0.3814190995307554 352.7199999999692
17637 -0.3909006497459184 352.7399999999691
17638 -0.4001155255053959 352.7599999999691
17639 -0.4090577032262476 352.7799999999691
17640 -0.4177213236249885 352.7999999999691
17641 -0.4261006858412497 352.8199999999691
17642 -0.4341902646172527 352.8399999999691
17643 -0.4419847059585807 352.859999999969
17644 -0.4494788302763154 352.879999999969
17645 -0.456667628293431 352.899999999969
17646 -0.4635462583454756 352.919999999969
17647 -0.470110048557508 352.939999999969
17648 -0.4763545012112859 352.9599999999689
17649 -0.4822753071305496 352.9799999999689
17650 -0.4878683261526305 352.9999999999689
17651 -0.493129582742143 353.0199999999689
17652 -0.4980552889389041 353.0399999999689
17653 -0.5026418665420905 353.0599999999689
17654 -0.5068859420362385 353.0799999999688
17655 -0.5107843343096317 353.0999999999688
17656 -0.5143340581601396 353.1199999999688
17657 -0.5175323264663183 353.1399999999688
17658 -0.5203765833564231 353.1599999999688
17659 -0.522864503718413 353.1799999999687
17660 -0.5249939568222598 353.1999999999687
17661 -0.5267630116562 353.2199999999687
17662 -0.5281699559189414 353.2399999999687
17663 -0.5292133596244674 353.2599999999687
17664 -0.5298920221539491 353.2799999999687
17665 -0.5302049736702364 353.2999999999686
17666 -0.530151491326871 353.3199999999686
17667 -0.5297311059832347 353.3399999999686
17668 -0.5289436036870682 353.3599999999686
17669 -0.5277890226320654 353.3799999999686
17670 -0.5262676597320054 353.3999999999685
17671 -0.5243800629007443 353.4199999999685
17672 -0.5221270507210923 353.4399999999685
17673 -0.5195097227229284 353.4599999999685
17674 -0.5165294680643139 353.4799999999685
17675 -0.5131879327845779 353.4999999999685
17676 -0.5094870166563783 353.5199999999684
17677 -0.505428919999925 353.5399999999684
17678 -0.5010161290453439 353.5599999999684
17679 -0.4962514003441782 353.5799999999684
17680 -0.4911377475489196 353.5999999999684
17681 -0.4856784600014606 353.6199999999683
17682 -0.479877100809158 353.6399999999683
17683 -0.4737375072488214 353.6599999999683
17684 -0.4672637848553986 353.6799999999683
17685 -0.460460309504045 353.6999999999683
17686 -0.4533317178149897 353.7199999999683
17687 -0.4458828820776988 353.7399999999682
17688 -0.4381189376203573 353.7599999999682
17689 -0.4300453019889871 353.7799999999682
17690 -0.4216676421531623 353.7999999999682
17691 -0.4129918606860379 353.8199999999682
17692 -0.4040240911237962 353.8399999999681
17693 -0.3947707214054001 353.8599999999681
17694 -0.3852383740723502 353.8799999999681
17695 -0.3754338967634049 353.8999999999681
17696 -0.365364351987344 353.9199999999681
17697 -0.3550370102667808 353.9399999999681
17698 -0.3444593477259908 353.959999999968
17699 -0.3336390535425293 353.979999999968
17700 -0.3225839985550178 353.999999999968
17701 -0.3113022215109311 354.019999999968
17702 -0.2998019519684162 354.039999999968
17703 -0.2880915889779878 354.0599999999679
17704 -0.2761796797146566 354.0799999999679
17705 -0.2640749305655356 354.0999999999679
17706 -0.2517861944832337 354.1199999999679
17707 -0.2393224641455637 354.1399999999679
17708 -0.2266928534450466 354.1599999999679
17709 -0.2139065897696801 354.1799999999678
17710 -0.2009730021040768 354.1999999999678
17711 -0.1879015283900693 354.2199999999678
17712 -0.1747016946352158 354.2399999999678
17713 -0.161383098205727 354.2599999999678
17714 -0.1479554046786751 354.2799999999677
17715 -0.1344283472942623 354.2999999999677
17716 -0.1208117150091449 354.3199999999677
17717 -0.1071153333893452 354.3399999999677
17718 -0.09334905881219714 354.3599999999677
17719 -0.0795227760859865 354.3799999999677
17720 -0.06564639806296886 354.3999999999676
17721 -0.05172985113550766 354.4199999999676
17722 -0.03778304905357599 354.4399999999676
17723 -0.02381589897358161 354.4599999999676
17724 -0.009838297834481107 354.4799999999676
17725 0.004139888889874939 354.4999999999675
17726 0.01810882816090219 354.5199999999675
17727 0.03205872148329412 354.5399999999675
17728 0.04597981764063581 354.5599999999675
17729 0.05986242366298836 354.5799999999675
17730 0.07369691397989669 354.5999999999675
17731 0.08747373034024278 354.6199999999674
17732 0.1011833845075875 354.6399999999674
17733 0.1148164707076803 354.6599999999674
17734 0.1283636663195208 354.6799999999674
17735 0.1418157396499454 354.6999999999674
17736 0.1551635672250041 354.7199999999673
17737 0.168398131753545 354.7399999999673
17738 0.1815105136537876 354.7599999999673
17739 0.1944919008230604 354.7799999999673
17740 0.2073336096157817 354.7999999999673
17741 0.2200270851265815 354.8199999999673
17742 0.2325638880412071 354.8399999999672
17743 0.244935720731352 354.8599999999672
17744 0.2571344317866059 354.8799999999672
17745 0.2691520002846013 354.8999999999672
17746 0.2809805354861562 354.9199999999672
17747 0.2926122956475147 354.9399999999671
17748 0.3040396789473833 354.9599999999671
17749 0.3152552343008423 354.9799999999671
17750 0.3262516588450887 354.9999999999671
17751 0.3370217949433728 355.0199999999671
17752 0.3475586452771817 355.0399999999671
17753 0.3578553594836149 355.059999999967
17754 0.3679052421552547 355.079999999967
17755 0.3777017621630339 355.099999999967
17756 0.3872385500781055 355.119999999967
17757 0.3965094105564806 355.139999999967
17758 0.4055083179709726 355.1599999999669
17759 0.4142293890260332 355.1799999999669
17760 0.4226669158498651 355.1999999999669
17761 0.4308153566920491 355.2199999999669
17762 0.4386693220749466 355.2399999999669
17763 0.446223591440196 355.2599999999669
17764 0.4534731204283837 355.2799999999668
17765 0.4604130402351695 355.2999999999668
17766 0.4670386464276439 355.3199999999668
17767 0.4733454142923886 355.3399999999668
17768 0.4793290190883844 355.3599999999668
17769 0.4849853064371277 355.3799999999667
17770 0.4903102953137622 355.3999999999667
17771 0.4953002250701026 355.4199999999667
17772 0.4999515348390514 355.4399999999667
17773 0.5042608439456812 355.4599999999667
17774 0.5082249798055664 355.4799999999667
17775 0.5118409688768109 355.4999999999666
17776 0.5151060334022255 355.5199999999666
17777 0.5180176235805708 355.5399999999666
17778 0.520573420144849 355.5599999999666
17779 0.5227712963443459 355.5799999999666
17780 0.5246093256960386 355.5999999999665
17781 0.5260858307155672 355.6199999999665
17782 0.5271993810231793 355.6399999999665
17783 0.5279487902029782 355.6599999999665
17784 0.5283330816472425 355.6799999999665
17785 0.5283514981167063 355.6999999999665
17786 0.5280035513778821 355.7199999999664
17787 0.5272890303831688 355.7399999999664
17788 0.5262079769131106 355.7599999999664
17789 0.5247606479228016 355.7799999999664
17790 0.5229475569446338 355.7999999999664
17791 0.520769493935704 355.8199999999663
17792 0.5182275077291654 355.8399999999663
17793 0.5153229225387251 355.8599999999663
17794 0.5120573465817433 355.8799999999663
17795 0.5084326549142546 355.8999999999663
17796 0.5044509818792074 355.9199999999663
17797 0.5001147556074922 355.9399999999662
17798 0.4954266880930224 355.9599999999662
17799 0.4903897430579529 355.9799999999662
17800 0.4850071362612087 355.9999999999662
17801 0.4792823753621644 356.0199999999662
17802 0.4732192651626505 356.0399999999661
17803 0.4668218839914204 356.0599999999661
17804 0.4600945496943897 356.0799999999661
17805 0.453041854361492 356.0999999999661
17806 0.4456686790361493 356.1199999999661
17807 0.4379801290749006 356.1399999999661
17808 0.4299815162958922 356.159999999966
17809 0.4216784282128695 356.179999999966
17810 0.4130767074887408 356.199999999966
17811 0.4041824028680813 356.219999999966
17812 0.3950018057680679 356.239999999966
17813 0.3855414629727786 356.2599999999659
17814 0.3758081440293769 356.2799999999659
17815 0.3658088344113025 356.2999999999659
17816 0.3555507359006013 356.3199999999659
17817 0.3450412520786291 356.3399999999659
17818 0.334287991658466 356.3599999999659
17819 0.3232987568475373 356.3799999999658
17820 0.3120815229133047 356.3999999999658
17821 0.3006444229882129 356.4199999999658
17822 0.2889957740247739 356.4399999999658
17823 0.2771440748850714 356.4599999999658
17824 0.2650979411936809 356.4799999999657
17825 0.2528661152815823 356.4999999999657
17826 0.24045749524386 356.5199999999657
17827 0.2278811095781479 356.5399999999657
17828 0.2151460892354393 356.5599999999657
17829 0.2022616834851961 356.5799999999657
17830 0.1892372605830462 356.5999999999656
17831 0.1760822782109262 356.6199999999656
17832 0.1628062765218272 356.6399999999656
17833 0.1494188720728488 356.6599999999656
17834 0.1359297455881511 356.6799999999656
17835 0.1223486339285586 356.6999999999655
17836 0.1086853252452457 356.7199999999655
17837 0.0949496393184107 356.7399999999655
17838 0.08115142080294317 356.7599999999655
17839 0.06730055147119685 356.7799999999655
17840 0.05340692312940466 356.7999999999655
17841 0.03948042017566024 356.8199999999654
17842 0.02553093379503226 356.8399999999654
17843 0.01156833667444824 356.8599999999654
17844 -0.002397540794778848 356.8799999999654
17845 -0.01635688435396485 356.8999999999654
17846 -0.03029989497611606 356.9199999999653
17847 -0.04421683193835244 356.9399999999653
17848 -0.05809802136758579 356.9599999999653
17849 -0.07193383810332879 356.9799999999653
17850 -0.08571472462867506 356.9999999999653
17851 -0.09943120589144076 357.0199999999653
17852 -0.1130738829830446 357.0399999999652
17853 -0.1266334415659176 357.0599999999652
17854 -0.140100652069468 357.0799999999652
17855 -0.1534663776032813 357.0999999999652
17856 -0.1667215766228119 357.1199999999652
17857 -0.179857312483064 357.1399999999651
17858 -0.1928647865181855 357.1599999999651
17859 -0.205735310754161 357.1799999999651
17860 -0.2184603034137678 357.1999999999651
17861 -0.231031315270357 357.2199999999651
17862 -0.2434400393556634 357.2399999999651
17863 -0.2556782883136229 357.259999999965
17864 -0.2677380061083861 357.279999999965
17865 -0.2796112835357495 357.299999999965
17866 -0.2912903523832998 357.319999999965
17867 -0.3027675824753349 357.339999999965
17868 -0.3140354767124425 357.3599999999649
17869 -0.3250866855506756 357.3799999999649
17870 -0.3359140143872995 357.3999999999649
17871 -0.3465104308412174 357.4199999999649
17872 -0.3568690381869475 357.4399999999649
17873 -0.3669830904319468 357.4599999999649
17874 -0.376846027448535 357.4799999999648
17875 -0.3864514572660995 357.4999999999648
17876 -0.3957931203073252 357.5199999999648
17877 -0.4048649084278649 357.5399999999648
17878 -0.4136608881570623 357.5599999999648
17879 -0.4221752864827734 357.5799999999647
17880 -0.4304024899084711 357.5999999999647
17881 -0.4383370586262967 357.6199999999647
17882 -0.4459737397778371 357.6399999999647
17883 -0.4533074445956023 357.6599999999647
17884 -0.4603332447023338 357.6799999999647
17885 -0.4670463918875511 357.6999999999646
17886 -0.473442310880795 357.7199999999646
17887 -0.4795165945198682 357.7399999999646
17888 -0.4852650238977031 357.7599999999646
17889 -0.4906835470926409 357.7799999999646
17890 -0.4957682885343515 357.7999999999645
17891 -0.5005155703515367 357.8199999999645
17892 -0.5049219202136561 357.8399999999645
17893 -0.5089840722718038 357.8599999999645
17894 -0.5126989471273297 357.8799999999645
17895 -0.5160636500624409 357.8999999999645
17896 -0.5190755153008295 357.9199999999644
17897 -0.5217321129081157 357.9399999999644
17898 -0.5240312129423124 357.9599999999644
17899 -0.5259707815934773 357.9799999999644
17900 -0.5275490138186016 357.9999999999644
17901 -0.5287643490087102 358.0199999999643
17902 -0.5296154796361623 358.0399999999643
17903 -0.5301013218192034 358.0599999999643
17904 -0.5302210413814736 358.0799999999643
17905 -0.5299740479188723 358.0999999999643
17906 -0.5293600018146126 358.1199999999643
17907 -0.5283788219584705 358.1399999999642
17908 -0.5270306942549337 358.1599999999642
17909 -0.5253160441257388 358.1799999999642
17910 -0.5232355497156328 358.1999999999642
17911 -0.5207901802502699 358.2199999999642
17912 -0.5179811989922781 358.2399999999641
17913 -0.5148101279082684 358.2599999999641
17914 -0.5112787415968819 358.2799999999641
17915 -0.5073890973269021 358.2999999999641
17916 -0.5031435450762451 358.3199999999641
17917 -0.4985447162268089 358.339999999964
17918 -0.493595509225751 358.359999999964
17919 -0.4882990807727791 358.379999999964
17920 -0.4826588615197788 358.399999999964
17921 -0.4766785638919234 358.419999999964
17922 -0.470362161695339 358.439999999964
17923 -0.4637139014742647 358.4599999999639
17924 -0.4567383008435028 358.4799999999639
17925 -0.4494401214920772 358.4999999999639
17926 -0.4418243749991784 358.5199999999639
17927 -0.4338963421471496 358.5399999999639
17928 -0.4256615755487381 358.5599999999638
17929 -0.4171258640768189 358.5799999999638
17930 -0.4082952315763114 358.5999999999638
17931 -0.3991759540751261 358.6199999999638
17932 -0.3897745407832545 358.6399999999638
17933 -0.3800977308303126 358.6599999999638
17934 -0.3701524878265072 358.6799999999637
17935 -0.3599459894038124 358.6999999999637
17936 -0.3494856111513543 358.7199999999637
17937 -0.3387789416129325 358.7399999999637
17938 -0.327833774014064 358.7599999999637
17939 -0.3166580653258813 358.7799999999636
17940 -0.3052599510063511 358.7999999999636
17941 -0.2936477561740346 358.8199999999636
17942 -0.2818299589276004 358.8399999999636
17943 -0.2698151909625911 358.8599999999636
17944 -0.2576122333274866 358.8799999999636
17945 -0.2452300194487684 358.8999999999635
17946 -0.2326776060833046 358.9199999999635
17947 -0.219964165558527 358.9399999999635
17948 -0.2070989785022616 358.9599999999635
17949 -0.1940914351065869 358.9799999999635
17950 -0.1809510182105508 358.9999999999634
17951 -0.1676872938023965 359.0199999999634
17952 -0.1543098964704147 359.0399999999634
17953 -0.1408285330285047 359.0599999999634
17954 -0.1272529637019121 359.0799999999634
17955 -0.1135929988088756 359.0999999999634
17956 -0.09985848204168631 359.1199999999633
17957 -0.08605928632620723 359.1399999999633
17958 -0.0722053091267493 359.1599999999633
17959 -0.05830647307590073 359.1799999999633
17960 -0.04437270063946252 359.1999999999633
17961 -0.03041390382961601 359.2199999999632
17962 -0.01643998535634607 359.2399999999632
17963 -0.002460825402131382 359.2599999999632
17964 0.01151372709438379 359.2799999999632
17965 0.02547385619033204 359.2999999999632
17966 0.03940978633884583 359.3199999999632
17967 0.05331179647333883 359.3399999999631
17968 0.06717023088623571 359.3599999999631
17969 0.08097549741905417 359.3799999999631
17970 0.09471807081852152 359.3999999999631
17971 0.1083885089378587 359.4199999999631
17972 0.1219774503472117 359.439999999963
17973 0.1354756164584077 359.459999999963
17974 0.1488738316998192 359.479999999963
17975 0.162163029003566 359.499999999963
17976 0.1753342483607877 359.519999999963
17977 0.188378629716254 359.539999999963
17978 0.2012874210401284 359.5599999999629
17979 0.2140520004119518 359.5799999999629
17980 0.2266638775037265 359.5999999999629
17981 0.239114687250008 359.6199999999629
17982 0.2513962068891007 359.6399999999629
17983 0.2635003546214816 359.6599999999628
17984 0.2754191792508632 359.6799999999628
17985 0.287144866799172 359.6999999999628
17986 0.2986697466495948 359.7199999999628
17987 0.3099862999957583 359.7399999999628
17988 0.3210871581416477 359.7599999999628
17989 0.3319650910042351 359.7799999999627
17990 0.3426130178323458 359.7999999999627
17991 0.3530240221253657 359.8199999999627
17992 0.3631913392484698 359.8399999999627
17993 0.3731083525297011 359.8599999999627
17994 0.3827686108059347 359.8799999999626
17995 0.3921658483669986 359.8999999999626
17996 0.4012939645461066 359.9199999999626
17997 0.4101469989481947 359.9399999999626
17998 0.4187191614511064 359.9599999999626
17999 0.427004838411697 359.9799999999626
18000 0.4349985653121647 359.9999999999625
18001 0.4426950342859696 360.0199999999625
18002 0.4500891253240343 360.0399999999625
18003 0.4571758846005103 360.0599999999625
18004 0.4639505295159825 360.0799999999625
18005 0.4704084381542132 360.0999999999624
18006 0.4765451808433801 360.1199999999624
18007 0.482356544694034 360.1399999999624
18008 0.4878384658857239 360.1599999999624
18009 0.4929870689210082 360.1799999999624
18010 0.4977987129810474 360.1999999999624
18011 0.5022699308475144 360.2199999999623
18012 0.5063974362146773 360.2399999999623
18013 0.5101781719444753 360.2599999999623
18014 0.5136092727626503 360.2799999999623
18015 0.5166880799009651 360.2999999999623
18016 0.5194121610867747 360.3199999999622
18017 0.5217793018613316 360.3399999999622
18018 0.5237874733374136 360.3599999999622
18019 0.525434867437403 360.3799999999622
18020 0.5267199541188801 360.3999999999622
18021 0.5276414366647055 360.4199999999622
18022 0.5281982219181229 360.4399999999621
18023 0.5283894437435962 360.4599999999621
18024 0.5282144889712702 360.4799999999621
18025 0.5276730313952128 360.4999999999621
18026 0.5267649876407832 360.5199999999621
18027 0.5254905077781391 360.539999999962
18028 0.5238499876534306 360.559999999962
18029 0.5218440890637435 360.579999999962
18030 0.5194737420405874 360.599999999962
18031 0.5167401318637884 360.619999999962
18032 0.5136447350216422 360.639999999962
18033 0.5101893012868161 360.6599999999619
18034 0.5063758353304934 360.6799999999619
18035 0.5022066304323036 360.6999999999619
18036 0.4976842758187905 360.7199999999619
18037 0.4928116103734897 360.7399999999619
18038 0.4875917236619966 360.7599999999618
18039 0.4820279843046196 360.7799999999618
18040 0.4761240601379521 360.7999999999618
18041 0.4698839069284295 360.8199999999618
18042 0.4633117249219166 360.8399999999618
18043 0.4564119743498405 360.8599999999618
18044 0.4491894056914477 360.8799999999617
18045 0.4416490242306135 360.8999999999617
18046 0.4337960417517898 360.9199999999617
18047 0.4256359098611679 360.9399999999617
18048 0.4171743580822346 360.9599999999617
18049 0.4084173395608421 360.9799999999616
18050 0.3993710256245344 360.9999999999616
18051 0.3900418539340929 361.0199999999616
18052 0.3804364901377031 361.0399999999616
18053 0.3705618124449445 361.0599999999616
18054 0.3604249178555569 361.0799999999616
18055 0.3500331167102848 361.0999999999615
18056 0.3393939218567463 361.1199999999615
18057 0.3285150467759005 361.1399999999615
18058 0.3174043851140887 361.1599999999615
18059 0.3060699957047707 361.1799999999615
18060 0.2945201080711667 361.1999999999614
18061 0.2827631351288252 361.2199999999614
18062 0.2708076468359804 361.2399999999614
18063 0.2586623257956887 361.2599999999614
18064 0.2463359928683344 361.2799999999614
18065 0.2338376172159926 361.2999999999614
18066 0.2211762833440343 361.3199999999613
18067 0.2083611854202607 361.3399999999613
18068 0.1954016358676715 361.3599999999613
18069 0.1823070527996783 361.3799999999613
18070 0.1690869376364581 361.3999999999613
18071 0.1557508734623827 361.4199999999612
18072 0.1423085124943304 361.4399999999612
18073 0.1287695630420954 361.4599999999612
18074 0.1151437925546556 361.4799999999612
18075 0.1014410067265383 361.4999999999612
18076 0.08767103730254655 361.5199999999612
18077 0.07384375076980045 361.5399999999611
18078 0.05996903748417343 361.5599999999611
18079 0.04605678568791912 361.5799999999611
18080 0.03211688550711336 361.5999999999611
18081 0.01815922198227432 361.6199999999611
18082 0.004193646266279333 361.639999999961
18083 -0.009770025808196485 361.659999999961
18084 -0.02372198620851503 361.679999999961
18085 -0.03765246016406526 361.699999999961
18086 -0.05155174334027863 361.719999999961
18087 -0.06541018902991366 361.739999999961
18088 -0.0792182064295784 361.7599999999609
18089 -0.0929662791850575 361.7799999999609
18090 -0.10664497251623 361.7999999999609
18091 -0.120244932074871 361.8199999999609
18092 -0.1337568875709056 361.8399999999609
18093 -0.1471716574804453 361.8599999999608
18094 -0.1604801483949381 361.8799999999608
18095 -0.1736733706371552 361.8999999999608
18096 -0.1867424664021399 361.9199999999608
18097 -0.1996787009099754 361.9399999999608
18098 -0.2124734387470482 361.9599999999608
18099 -0.2251181644071577 361.9799999999607
18100 -0.2376045059679421 361.9999999999607
18101 -0.2499242192123075 362.0199999999607
18102 -0.2620691845586415 362.0399999999607
18103 -0.2740314213463242 362.0599999999607
18104 -0.285803096037795 362.0799999999606
18105 -0.2973765152685555 362.0999999999606
18106 -0.3087441153592814 362.1199999999606
18107 -0.3198984795061883 362.1399999999606
18108 -0.3308323400322359 362.1599999999606
18109 -0.3415385838408367 362.1799999999606
18110 -0.352010241423158 362.1999999999605
18111 -0.3622404983694026 362.2199999999605
18112 -0.3722227164225293 362.2399999999605
18113 -0.3819504235482156 362.2599999999605
18114 -0.3914172928608274 362.2799999999605
18115 -0.4006171487929932 362.2999999999604
18116 -0.4095439765685713 362.3199999999604
18117 -0.4181919203800765 362.3399999999604
18118 -0.4265552936916315 362.3599999999604
18119 -0.434628578236094 362.3799999999604
18120 -0.4424064325903392 362.3999999999604
18121 -0.4498836878551167 362.4199999999603
18122 -0.4570553412937187 362.4399999999603
18123 -0.4639165573040561 362.4599999999603
18124 -0.470462678089041 362.4799999999603
18125 -0.4766892170948716 362.4999999999603
18126 -0.4825918680488281 362.5199999999602
18127 -0.4881665060604426 362.5399999999602
18128 -0.4934091604659525 362.5599999999602
18129 -0.4983160589722518 362.5799999999602
18130 -0.502883631081442 362.5999999999602
18131 -0.5071085155844715 362.6199999999602
18132 -0.5109875442330234 362.6399999999601
18133 -0.514517741032434 362.6599999999601
18134 -0.5176963272021438 362.6799999999601
18135 -0.5205207644530477 362.6999999999601
18136 -0.522988735824536 362.7199999999601
18137 -0.5250981199876587 362.73999999996
18138 -0.5268469879162618 362.75999999996
18139 -0.5282336570339171 362.77999999996
18140 -0.5292567091571257 362.79999999996
18141 -0.5299149537403356 362.81999999996
18142 -0.5302074409058113 362.83999999996
18143 -0.5301334526746889 362.8599999999599
18144 -0.5296925460941132 362.8799999999599
18145 -0.5288845110751139 362.8999999999599
18146 -0.5277094067253164 362.9199999999599
18147 -0.5261675388201345 362.9399999999599
18148 -0.5242594758614633 362.9599999999598
18149 -0.5219860451740682 362.9799999999598
18150 -0.5193483642421065 362.9999999999598
18151 -0.516347844856571 363.0199999999598
18152 -0.5129861379462064 363.0399999999598
18153 -0.5092651649472737 363.0599999999598
18154 -0.5051871429683666 363.0799999999597
18155 -0.5007545702442402 363.0999999999597
18156 -0.4959702179311799 363.1199999999597
18157 -0.4908371189152427 363.1399999999597
18158 -0.485358575803471 363.1599999999597
18159 -0.4795381666170545 363.1799999999596
18160 -0.4733797436710115 363.1999999999596
18161 -0.4668874279125984 363.2199999999596
18162 -0.4600656096265847 363.2399999999596
18163 -0.4529189373311451 363.2599999999596
18164 -0.4454522982591212 363.2799999999596
18165 -0.4376708476443592 363.2999999999595
18166 -0.4295800152033511 363.3199999999595
18167 -0.4211854818939513 363.3399999999595
18168 -0.4124931631841456 363.3599999999595
18169 -0.4035092072731965 363.3799999999595
18170 -0.3942400156895338 363.3999999999594
18171 -0.3846922217129692 363.4199999999594
18172 -0.3748726871097022 363.4399999999594
18173 -0.364788487814237 363.4599999999594
18174 -0.3544469012900863 363.4799999999594
18175 -0.3438554200013044 363.4999999999594
18176 -0.333021745032554 363.5199999999593
18177 -0.3219537515953697 363.5399999999593
18178 -0.3106594921179089 363.5599999999593
18179 -0.2991472072492554 363.5799999999593
18180 -0.2874253034928871 363.5999999999593
18181 -0.2755023382095443 363.6199999999592
18182 -0.2633870237940946 363.6399999999592
18183 -0.2510882236325734 363.6599999999592
18184 -0.2386149358331902 363.6799999999592
18185 -0.2259762834347209 363.6999999999592
18186 -0.2131814965996401 363.7199999999592
18187 -0.200239913036936 363.7399999999591
18188 -0.1871609746367688 363.7599999999591
18189 -0.1739542121964349 363.7799999999591
18190 -0.1606292277061803 363.7999999999591
18191 -0.14719569038898 363.8199999999591
18192 -0.1336633377302564 363.839999999959
18193 -0.1200419597894155 363.859999999959
18194 -0.1063413849538016 363.879999999959
18195 -0.09257147229850524 363.899999999959
18196 -0.07874210776239973 363.919999999959
18197 -0.06486320355283126 363.939999999959
18198 -0.05094468385617631 363.9599999999589
18199 -0.03699646642106372 363.9799999999589
18200 -0.02302845869282225 363.9999999999589
18201 -0.009050554254041009 364.0199999999589
18202 0.004927382820152057 364.0399999999589
18203 0.01889552029742687 364.0599999999588
18204 0.03284406267686602 364.0799999999588
18205 0.04676326129625424 364.0999999999588
18206 0.06064342689282774 364.1199999999588
18207 0.07447493714610505 364.1399999999588
18208 0.08824823763420002 364.1599999999588
18209 0.1019538453807667 364.1799999999587
18210 0.1155823589092308 364.1999999999587
18211 0.1291244601047163 364.2199999999587
18212 0.1425709227742576 364.2399999999587
18213 0.1559126301345519 364.2599999999587
18214 0.1691405697317421 364.2799999999586
18215 0.1822458302233115 364.2999999999586
18216 0.1952196040802714 364.3199999999586
18217 0.2080532151152136 364.3399999999586
18218 0.2207381150372167 364.3599999999586
18219 0.2332658719570112 364.3799999999586
18220 0.2456281947138164 364.3999999999585
18221 0.2578169422688991 364.4199999999585
18222 0.2698240985939487 364.4399999999585
18223 0.2816417825527999 364.4599999999585
18224 0.2932622580459814 364.4799999999585
18225 0.3046779333655513 364.4999999999584
18226 0.3158813655076261 364.5199999999584
18227 0.3268652585050604 364.5399999999584
18228 0.3376224659453352 364.5599999999584
18229 0.3481459948719131 364.5799999999584
18230 0.3584290058001649 364.5999999999584
18231 0.3684648130294302 364.6199999999583
18232 0.3782468951922326 364.6399999999583
18233 0.3877688895059116 364.6599999999583
18234 0.3970246125760985 364.6799999999583
18235 0.4060080458095184 364.6999999999583
18236 0.4147133182755016 364.7199999999582
18237 0.4231347272226243 364.7399999999582
18238 0.431266741230487 364.7599999999582
18239 0.4391039792656941 364.7799999999582
18240 0.4466412303776441 364.7999999999582
18241 0.4538734614167642 364.8199999999582
18242 0.460795810749224 364.8399999999581
18243 0.4674035835729126 364.8599999999581
18244 0.4736922680086574 364.8799999999581
18245 0.4796575483113175 364.8999999999581
18246 0.4852952781493274 364.9199999999581
18247 0.490601491646056 364.939999999958
18248 0.4955724385919736 364.959999999958
18249 0.500204567659484 364.979999999958
18250 0.5044945094354083 364.999999999958
18251 0.5084391008119329 365.019999999958
18252 0.5120353812419305 365.039999999958
18253 0.515280582287968 365.0599999999579
18254 0.518172168801012 365.0799999999579
18255 0.5207078334961479 365.0999999999579
18256 0.5228854541508707 365.1199999999579
18257 0.5247031113687461 365.1399999999579
18258 0.5261591473434136 365.1599999999578
18259 0.5272521590076232 365.1799999999578
18260 0.5279809531736808 365.1999999999578
18261 0.5283445591158167 365.2199999999578
18262 0.5283422450378187 365.2399999999578
18263 0.5279735470633833 365.2599999999578
18264 0.5272382672095995 365.2799999999577
18265 0.5261364531487007 365.2999999999577
18266 0.5246683867142339 365.3199999999577
18267 0.5228345926610888 365.3399999999577
18268 0.5206358731968879 365.3599999999577
18269 0.5180732969289009 365.3799999999576
18270 0.5151481995057888 365.3999999999576
18271 0.5118622070196923 365.4199999999576
18272 0.5082172083025577 365.4399999999576
18273 0.504215354866862 365.4599999999576
18274 0.4998590925422577 365.4799999999576
18275 0.4951511470680104 365.4999999999575
18276 0.4900944963603057 365.5199999999575
18277 0.4846923734184793 365.5399999999575
18278 0.4789482974239935 365.5599999999575
18279 0.4728660957161765 365.5799999999575
18280 0.4664498578225919 365.5999999999574
18281 0.4597039190368837 365.6199999999574
18282 0.4526328864052312 365.6399999999574
18283 0.4452416573577756 365.6599999999574
18284 0.437535345577038 365.6799999999574
18285 0.4295192801922217 365.6999999999574
18286 0.4211990626268334 365.7199999999573
18287 0.4125805484187618 365.7399999999573
18288 0.4036698011290287 365.7599999999573
18289 0.3944731250458612 365.7799999999573
18290 0.384997081774132 365.7999999999573
18291 0.3752484526976451 365.8199999999572
18292 0.3652342366117635 365.8399999999572
18293 0.3549616450054833 365.8599999999572
18294 0.3444380951346788 365.8799999999572
18295 0.3336712064924411 365.8999999999572
18296 0.3226687921541366 365.9199999999572
18297 0.3114388361784725 365.9399999999571
18298 0.2999894809189654 365.9599999999571
18299 0.288329055046659 365.9799999999571
18300 0.2764660649345935 365.9999999999571
18301 0.2644091346258622 366.0199999999571
18302 0.2521670141608383 366.039999999957
18303 0.2397486090341524 366.059999999957
18304 0.2271629552335654 366.079999999957
18305 0.2144191898712944 366.099999999957
18306 0.2015265701253613 366.119999999957
18307 0.1884944671155735 366.139999999957
18308 0.1753323455130994 366.1599999999569
18309 0.1620497492569197 366.1799999999569
18310 0.148656299835911 366.1999999999569
18311 0.1351616790663114 366.2199999999569
18312 0.1215756287363074 366.2399999999569
18313 0.1079079389930696 366.2599999999568
18314 0.09416843056995756 366.2799999999568
18315 0.08036695053377475 366.2999999999568
18316 0.0665133823882767 366.3199999999568
18317 0.0526176172115073 366.3399999999568
18318 0.03868953963451496 366.3599999999568
18319 0.02473904419621536 366.3799999999567
18320 0.01077600411637161 366.3999999999567
18321 -0.003189759391278588 366.4199999999567
18322 -0.0171484333476704 366.4399999999567
18323 -0.03109021597925664 366.4599999999567
18324 -0.04500537220125157 366.4799999999566
18325 -0.05888423322518851 366.4999999999566
18326 -0.07271717595312657 366.5199999999566
18327 -0.08649464613034265 366.5399999999566
18328 -0.1002071744673281 366.5599999999566
18329 -0.1138453672581927 366.5799999999566
18330 -0.127399913148113 366.5999999999565
18331 -0.1408615897506274 366.6199999999565
18332 -0.1542212657208425 366.6399999999565
18333 -0.167469903960979 366.6599999999565
18334 -0.1805985745351554 366.6799999999565
18335 -0.1935984842387916 366.6999999999564
18336 -0.2064609529326731 366.7199999999564
18337 -0.2191774080059531 366.7399999999564
18338 -0.2317394072675785 366.7599999999564
18339 -0.244138649472576 366.7799999999564
18340 -0.2563669540329782 366.7999999999564
18341 -0.268416274246579 366.8199999999563
18342 -0.2802787071039179 366.8399999999563
18343 -0.2919464945886578 366.8599999999563
18344 -0.3034120102473654 366.8799999999563
18345 -0.3146677659681315 366.8999999999563
18346 -0.3257064223670485 366.9199999999562
18347 -0.3365207946381189 366.9399999999562
18348 -0.3471038457465232 366.9599999999562
18349 -0.3574486852345661 366.9799999999562
18350 -0.3675485902402337 366.9999999999562
18351 -0.3773970179267112 367.0199999999562
18352 -0.3869875748661145 367.0399999999561
18353 -0.3963140094789897 367.0599999999561
18354 -0.4053702290176637 367.0799999999561
18355 -0.4141503064228031 367.0999999999561
18356 -0.4226484777805898 367.1199999999561
18357 -0.430859139405619 367.139999999956
18358 -0.4387768620987265 367.159999999956
18359 -0.4463964050543986 367.179999999956
18360 -0.4537126826849758 367.199999999956
18361 -0.4607207823824461 367.219999999956
18362 -0.4674159629318262 367.239999999956
18363 -0.4737936544300223 367.2599999999559
18364 -0.4798494688329129 367.2799999999559
18365 -0.4855791891789147 367.2999999999559
18366 -0.4909787761486161 367.3199999999559
18367 -0.4960443662386393 367.3399999999559
18368 -0.5007722902640105 367.3599999999558
18369 -0.5051590868486138 367.3799999999558
18370 -0.5092015038693565 367.3999999999558
18371 -0.5128964654114296 367.4199999999558
18372 -0.5162410831865886 367.4399999999558
18373 -0.5192327177441074 367.4599999999558
18374 -0.5218689562182051 367.4799999999557
18375 -0.524147574256006 367.4999999999557
18376 -0.5260665580475391 367.5199999999557
18377 -0.5276241065520226 367.5399999999557
18378 -0.528818676210247 367.5599999999557
18379 -0.5296489681231816 367.5799999999556
18380 -0.5301139149636156 367.5999999999556
18381 -0.5302126993635228 367.6199999999556
18382 -0.529944740098231 367.6399999999556
18383 -0.5293097145982186 367.6599999999556
18384 -0.5283075614946857 367.6799999999556
18385 -0.5269384695238675 367.6999999999555
18386 -0.5252028857310398 367.7199999999555
18387 -0.5231015064677051 367.7399999999555
18388 -0.5206353132853524 367.7599999999555
18389 -0.5178055826111666 367.7799999999555
18390 -0.5146138550244226 367.7999999999554
18391 -0.5110619230626476 367.8199999999554
18392 -0.5071518578501784 367.8399999999554
18393 -0.5028860226565728 367.8599999999554
18394 -0.4982670704595492 367.8799999999554
18395 -0.4932979114603999 367.8999999999554
18396 -0.4879817161736362 367.9199999999553
18397 -0.4823219352681714 367.9399999999553
18398 -0.4763222932830086 367.9599999999553
18399 -0.4699867827333206 367.9799999999553
18400 -0.4633196628094407 367.9999999999553
18401 -0.456325467520227 368.0199999999552
18402 -0.4490089702803522 368.0399999999552
18403 -0.4413752013266117 368.0599999999552
18404 -0.4334294562087194 368.0799999999552
18405 -0.4251773002852197 368.0999999999552
18406 -0.4166245392203696 368.1199999999552
18407 -0.4077772079155041 368.1399999999551
18408 -0.3986415954277636 368.1599999999551
18409 -0.3892242264825864 368.1799999999551
18410 -0.3795318507569676 368.1999999999551
18411 -0.3695714445847286 368.2199999999551
18412 -0.3593502019562081 368.239999999955
18413 -0.3488755075054098 368.259999999955
18414 -0.3381549631639772 368.279999999955
18415 -0.327196368653621 368.299999999955
18416 -0.3160076928733608 368.319999999955
18417 -0.3045970870548734 368.339999999955
18418 -0.2929728787391196 368.3599999999549
18419 -0.2811435596890947 368.3799999999549
18420 -0.2691177676690606 368.3999999999549
18421 -0.2569042936559568 368.4199999999549
18422 -0.2445120783609302 368.4399999999549
18423 -0.23195018593123 368.4599999999548
18424 -0.2192277944365887 368.4799999999548
18425 -0.2063541917666111 368.4999999999548
18426 -0.1933387708166563 368.5199999999548
18427 -0.1801910242387813 368.5399999999548
18428 -0.1669205210071256 368.5599999999548
18429 -0.153536899155388 368.5799999999547
18430 -0.1400498665682373 368.5999999999547
18431 -0.1264691901769172 368.6199999999547
18432 -0.1128046818576046 368.6399999999547
18433 -0.09906618738643866 368.6599999999547
18434 -0.08526357884827036 368.6799999999546
18435 -0.071406758528601 368.6999999999546
18436 -0.0575056477731446 368.7199999999546
18437 -0.04357016769108478 368.7399999999546
18438 -0.02961023039672735 368.7599999999546
18439 -0.01563573843791438 368.7799999999546
18440 -0.001656570245407235 368.7999999999545
18441 0.01231742629464636 368.8199999999545
18442 0.02627643744936204 368.8399999999545
18443 0.04021069060688892 368.8599999999545
18444 0.05411046754687418 368.8799999999545
18445 0.06796611630011039 368.8999999999544
18446 0.08176804888616339 368.9199999999544
18447 0.09550674475473053 368.9399999999544
18448 0.1091727652267547 368.9599999999544
18449 0.1227567541266964 368.9799999999544
18450 0.136249437626036 368.9999999999544
18451 0.1496416468535172 369.0199999999543
18452 0.1629243211165679 369.0399999999543
18453 0.1760885062989002 369.0599999999543
18454 0.1891253490666321 369.0799999999543
18455 0.2020261024293998 369.0999999999543
18456 0.2147821533974145 369.1199999999542
18457 0.2273850186396584 369.1399999999542
18458 0.2398263399629668 369.1599999999542
18459 0.2520979039170811 369.1799999999542
18460 0.264191634303121 369.1999999999542
18461 0.2760995912180426 369.2199999999542
18462 0.2878139642862877 369.2399999999541
18463 0.299327094942524 369.2599999999541
18464 0.3106314705610718 369.2799999999541
18465 0.3217197302872414 369.2999999999541
18466 0.3325846625562974 369.3199999999541
18467 0.3432192007063695 369.339999999954
18468 0.3536164217131857 369.359999999954
18469 0.3637695682442086 369.379999999954
18470 0.3736720382337864 369.399999999954
18471 0.3833173904965137 369.419999999954
18472 0.3926993630100579 369.439999999954
18473 0.401811868575261 369.4599999999539
18474 0.410648955928823 369.4799999999539
18475 0.419204841926887 369.4999999999539
18476 0.4274739234535409 369.5199999999539
18477 0.4354507454984119 369.5399999999539
18478 0.4431300104181658 369.5599999999538
18479 0.4505066052312254 369.5799999999538
18480 0.4575755873141027 369.5999999999538
18481 0.4643321828367612 369.6199999999538
18482 0.4707717802009308 369.6399999999538
18483 0.4768899611066382 369.6599999999538
18484 0.4826825218916926 369.6799999999537
18485 0.4881454099666943 369.6999999999537
18486 0.4932747622220958 369.7199999999537
18487 0.4980669462231781 369.7399999999537
18488 0.5025185085940383 369.7599999999537
18489 0.5066261731242001 369.7799999999536
18490 0.510386893241599 369.7999999999536
18491 0.51379781891131 369.8199999999536
18492 0.5168563000044091 369.8399999999536
18493 0.5195599166831637 369.8599999999536
18494 0.5219064725436008 369.8799999999536
18495 0.5238939363686835 369.8999999999535
18496 0.5255205298255129 369.9199999999535
18497 0.5267847261160529 369.9399999999535
18498 0.5276852483190536 369.9599999999535
18499 0.5282210123918876 369.9799999999535
18500 0.5283911663950235 369.9999999999534
18501 0.5281951121936636 370.0199999999534
18502 0.5276325366165436 370.0399999999534
18503 0.5267033790628212 370.0599999999534
18504 0.5254077904036512 370.0799999999534
18505 0.523746189089767 370.0999999999534
18506 0.5217192558822387 370.1199999999533
18507 0.5193279230318063 370.1399999999533
18508 0.5165734056409022 370.1599999999533
18509 0.5134571902466497 370.1799999999533
18510 0.5099810433344463 370.1999999999533
18511 0.5061469871276995 370.2199999999532
18512 0.5019573285629034 370.2399999999532
18513 0.4974146726133586 370.2599999999532
18514 0.4925218762332301 370.2799999999532
18515 0.4872820434675945 370.2999999999532
18516 0.4816985581228057 370.3199999999532
18517 0.4757751072957421 370.3399999999531
18518 0.469515660464207 370.3599999999531
18519 0.4629244312351857 370.3799999999531
18520 0.4560058996916289 370.3999999999531
18521 0.448764829558791 370.4199999999531
18522 0.4412062410198534 370.439999999953
18523 0.4333353561705384 370.459999999953
18524 0.4251576442266964 370.479999999953
18525 0.4166788473121413 370.499999999953
18526 0.4079049330784153 370.519999999953
18527 0.3988420882029107 370.539999999953
18528 0.3894967611625758 370.5599999999529
18529 0.3798756330207906 370.5799999999529
18530 0.369985593923646 370.5999999999529
18531 0.3598337539045485 370.6199999999529
18532 0.3494274345625827 370.6399999999529
18533 0.3387741606665237 370.6599999999528
18534 0.3278816556059088 370.6799999999528
18535 0.3167578253243621 370.6999999999528
18536 0.3054107361460487 370.7199999999528
18537 0.2938486305961574 370.7399999999528
18538 0.2820799300518707 370.7599999999528
18539 0.2701132107685043 370.7799999999527
18540 0.2579571649696658 370.7999999999527
18541 0.245620622117615 370.8199999999527
18542 0.2331125576009503 370.8399999999527
18543 0.2204420635580148 370.8599999999527
18544 0.2076183399301092 370.8799999999526
18545 0.1946507074432007 370.8999999999526
18546 0.1815485874441665 370.9199999999526
18547 0.1683214855807694 370.9399999999526
18548 0.1549789906509955 370.9599999999526
18549 0.141530759140202 370.9799999999526
18550 0.1279865019771692 370.9999999999525
18551 0.1143559890803758 371.0199999999525
18552 0.1006490280904671 371.0399999999525
18553 0.08687545210310953 371.0599999999525
18554 0.07304513086577843 371.0799999999525
18555 0.05916795361393615 371.0999999999524
18556 0.04525380989128332 371.1199999999524
18557 0.03131258815744323 371.1399999999524
18558 0.01735417235824682 371.1599999999524
18559 0.003388411668997704 371.1799999999524
18560 -0.01057487713457267 371.1999999999524
18561 -0.02452588742604533 371.2199999999523
18562 -0.03845484844899977 371.2399999999523
18563 -0.0523520589172144 371.2599999999523
18564 -0.06620787469359397 371.2799999999523
18565 -0.08001270812930263 371.2999999999523
18566 -0.09375704849499304 371.3199999999522
18567 -0.1074314654474056 371.3399999999522
18568 -0.1210266095680551 371.3599999999522
18569 -0.1345332160625335 371.3799999999522
18570 -0.1479421072828044 371.3999999999522
18571 -0.1612441966229151 371.4199999999522
18572 -0.1744305011744543 371.4399999999521
18573 -0.1874921705358168 371.4599999999521
18574 -0.2004204749448345 371.4799999999521
18575 -0.213206785448443 371.4999999999521
18576 -0.2258425955633156 371.5199999999521
18577 -0.2383195399943866 371.539999999952
18578 -0.2506293835210398 371.559999999952
18579 -0.2627640144137586 371.579999999952
18580 -0.2747154570970994 371.599999999952
18581 -0.2864758887048152 371.619999999952
18582 -0.2980376208987835 371.639999999952
18583 -0.3093931003233684 371.6599999999519
18584 -0.3205349147420059 371.6799999999519
18585 -0.3314558127934302 371.6999999999519
18586 -0.3421486806000356 371.7199999999519
18587 -0.3526065620870798 371.7399999999519
18588 -0.36282265612196 371.7599999999518
18589 -0.3727903295979805 371.7799999999518
18590 -0.3825031185602341 371.7999999999518
18591 -0.3919547130440874 371.8199999999518
18592 -0.4011389337263873 371.8399999999518
18593 -0.4100497834800752 371.8599999999518
18594 -0.4186814137465068 371.8799999999517
18595 -0.4270281496634696 371.8999999999517
18596 -0.4350844795136291 371.9199999999517
18597 -0.4428450737438407 371.9399999999517
18598 -0.4503047721809472 371.9599999999517
18599 -0.4574585838156469 371.9799999999516
18600 -0.4643016830210575 371.9999999999516
18601 -0.4708294170822543 372.0199999999516
18602 -0.4770373104132528 372.0399999999516
18603 -0.4829210724393743 372.0599999999516
18604 -0.4884765804190426 372.0799999999516
18605 -0.4936998810045325 372.0999999999515
18606 -0.4985872088497154 372.1199999999515
18607 -0.5031350103815726 372.1399999999515
18608 -0.5073399272040728 372.1599999999515
18609 -0.511198810553135 372.1799999999515
18610 -0.5147086885368454 372.1999999999514
18611 -0.5178667972450766 372.2199999999514
18612 -0.5206706123751573 372.2399999999514
18613 -0.5231178323298249 372.2599999999514
18614 -0.525206343093771 372.2799999999514
18615 -0.5269342281912155 372.2999999999514
18616 -0.5282998205688882 372.3199999999513
18617 -0.5293017167652039 372.3399999999513
18618 -0.5299387428351309 372.3599999999513
18619 -0.530209955169155 372.3799999999513
18620 -0.5301146587568124 372.3999999999513
18621 -0.5296524157000493 372.4199999999512
18622 -0.5288230403904989 372.4399999999512
18623 -0.527626599764854 372.4599999999512
18624 -0.5260634220405778 372.4799999999512
18625 -0.5241340871814434 372.4999999999512
18626 -0.5218394339523919 372.5199999999512
18627 -0.5191806051724588 372.5399999999511
18628 -0.5161590210744208 372.5599999999511
18629 -0.5127763517198759 372.5799999999511
18630 -0.5090345335153387 372.5999999999511
18631 -0.504935799612279 372.6199999999511
18632 -0.5004826673534174 372.639999999951
18633 -0.4956779226365831 372.659999999951
18634 -0.4905246118158201 372.679999999951
18635 -0.4850260555211782 372.699999999951
18636 -0.4791858483355246 372.719999999951
18637 -0.4730078577875171 372.739999999951
18638 -0.4664962205454426 372.7599999999509
18639 -0.4596553410067846 372.7799999999509
18640 -0.4524898837198496 372.7999999999509
18641 -0.4450047556393166 372.8199999999509
18642 -0.4372051186553721 372.8399999999509
18643 -0.4290964211868444 372.8599999999508
18644 -0.4206843606903644 372.8799999999508
18645 -0.411974863581836 372.8999999999508
18646 -0.4029740941661881 372.9199999999508
18647 -0.3936884679642944 372.9399999999508
18648 -0.3841246343302672 372.9599999999508
18649 -0.3742894643280988 372.9799999999507
18650 -0.3641900468413788 372.9999999999507
18651 -0.3538336713914926 373.0199999999507
18652 -0.3432278433506528 373.0399999999507
18653 -0.3323802750345669 373.0599999999507
18654 -0.3212988537764035 373.0799999999506
18655 -0.3099916394979636 373.0999999999506
18656 -0.2984668838559142 373.1199999999506
18657 -0.2867330037392543 373.1399999999506
18658 -0.2747985649116316 373.1599999999506
18659 -0.2626722884325187 373.1799999999506
18660 -0.2503630465968958 373.1999999999505
18661 -0.2378798434217043 373.2199999999505
18662 -0.2252318108803125 373.2399999999505
18663 -0.2124281845715214 373.2599999999505
18664 -0.1994783090609449 373.2799999999505
18665 -0.186391631021623 373.2999999999504
18666 -0.1731776867274413 373.3199999999504
18667 -0.1598460828483409 373.3399999999504
18668 -0.1464064909521967 373.3599999999504
18669 -0.132868653463608 373.3799999999504
18670 -0.1192423632192905 373.3999999999504
18671 -0.1055374502205939 373.4199999999503
18672 -0.09176377430604082 373.4399999999503
18673 -0.07793122446300076 373.4599999999503
18674 -0.06404971377080235 373.4799999999503
18675 -0.05012916568848881 373.4999999999503
18676 -0.03617949923773861 373.5199999999502
18677 -0.02221062242179712 373.5399999999502
18678 -0.008232425527871649 373.5599999999502
18679 0.005745229565187982 373.5799999999502
18680 0.01971251139033605 373.5999999999502
18681 0.03365962682212854 373.6199999999502
18682 0.0475768308686177 373.6399999999501
18683 0.06145443797617908 373.6599999999501
18684 0.07528282932692543 373.6799999999501
18685 0.08905245467846551 373.6999999999501
18686 0.1027538354010594 373.7199999999501
18687 0.116377574901474 373.73999999995
18688 0.1299143600177871 373.75999999995
18689 0.143354971859089 373.77999999995
18690 0.156690297667149 373.79999999995
18691 0.1699113328103438 373.81999999995
18692 0.1830091720546555 373.83999999995
18693 0.1959750140402508 373.8599999999499
18694 0.208800189692219 373.8799999999499
18695 0.2214761561526764 373.8999999999499
18696 0.23399449245834 373.9199999999499
18697 0.2463469141700133 373.9399999999499
18698 0.2585252868482379 373.9599999999498
18699 0.2705216040553892 373.9799999999498
18700 0.282327991234066 373.9999999999498
18701 0.2939367217174056 374.0199999999498
18702 0.3053402118122815 374.0399999999498
18703 0.3165310276268898 374.0599999999498
18704 0.3275018823549147 374.0799999999497
18705 0.3382456345061244 374.0999999999497
18706 0.3487553032214304 374.1199999999497
18707 0.3590240578102966 374.1399999999497
18708 0.3690452215584066 374.1599999999497
18709 0.378812282627182 374.1799999999496
18710 0.3883188888913222 374.1999999999496
18711 0.3975588676675302 374.2199999999496
18712 0.4065262078519274 374.2399999999496
18713 0.415215045748092 374.2599999999496
18714 0.4236196932160289 374.2799999999496
18715 0.4317346247506651 374.2999999999495
18716 0.4395544690997261 374.3199999999495
18717 0.4470740236240556 374.3399999999495
18718 0.4542882673903348 374.3599999999495
18719 0.4611923476365016 374.3799999999495
18720 0.4677815723498039 374.3999999999494
18721 0.4740514389061209 374.4199999999494
18722 0.4799976482803541 374.4399999999494
18723 0.4856160701582802 374.4599999999494
18724 0.4909027449804307 374.4799999999494
18725 0.4958539331599737 374.4999999999494
18726 0.5004660952998266 374.5199999999493
18727 0.5047358661546989 374.5399999999493
18728 0.5086601053433383 374.5599999999493
18729 0.512235869626799 374.5799999999493
18730 0.5154603908674092 374.5999999999493
18731 0.5183311488667777 374.6199999999492
18732 0.5208458564845152 374.6399999999492
18733 0.5230023966228561 374.6599999999492
18734 0.5247988630275654 374.6799999999492
18735 0.5262336160774145 374.6999999999492
18736 0.5273052666702283 374.7199999999492
18737 0.5280126284820168 374.7399999999491
18738 0.5283547560054195 374.7599999999491
18739 0.5283309319155027 374.7799999999491
18740 0.5279406993624801 374.7999999999491
18741 0.5271838795889697 374.8199999999491
18742 0.5260605280436907 374.839999999949
18743 0.5245709456339995 374.859999999949
18744 0.5227156740945794 374.879999999949
18745 0.5204955272435063 374.899999999949
18746 0.5179115897485517 374.919999999949
18747 0.5149652166303753 374.939999999949
18748 0.5116580508379471 374.9599999999489
18749 0.5079919909230792 374.9799999999489
18750 0.5039692097766815 374.9999999999489
18751 0.4995921698369674 375.0199999999489
18752 0.4948636117579325 375.0399999999489
18753 0.4897865288801531 375.0599999999488
18754 0.4843641677472539 375.0799999999488
18755 0.4786000711913571 375.0999999999488
18756 0.4724980775448595 375.1199999999488
18757 0.4660622939304498 375.1399999999488
18758 0.4592970702068401 375.1599999999488
18759 0.4522070303627851 375.1799999999487
18760 0.4447970862614696 375.1999999999487
18761 0.4370723674884741 375.2199999999487
18762 0.4290382145021002 375.2399999999487
18763 0.4207002458571069 375.2599999999487
18764 0.4120643304911429 375.2799999999486
18765 0.4031365455222394 375.2999999999486
18766 0.3939232105865753 375.3199999999486
18767 0.3844309072280588 375.3399999999486
18768 0.3746664305710167 375.3599999999486
18769 0.364636782890731 375.3799999999486
18770 0.3543491908748179 375.3999999999485
18771 0.3438110850802803 375.4199999999485
18772 0.3330300962530692 375.4399999999485
18773 0.3220140454907591 375.4599999999485
18774 0.3107709292434007 375.4799999999485
18775 0.2993089009661249 375.4999999999484
18776 0.2876362974327025 375.5199999999484
18777 0.2757616351775137 375.5399999999484
18778 0.2636935451724459 375.5599999999484
18779 0.2514407866484354 375.5799999999484
18780 0.2390122727358044 375.5999999999484
18781 0.2264170453400993 375.6199999999483
18782 0.213664250396456 375.6399999999483
18783 0.2007631496203661 375.6599999999483
18784 0.1877231220692558 375.6799999999483
18785 0.1745536362240208 375.6999999999483
18786 0.1612642414953988 375.7199999999482
18787 0.1478645609465844 375.7399999999482
18788 0.1343642833734536 375.7599999999482
18789 0.1207731509896333 375.7799999999482
18790 0.1071009578751742 375.7999999999482
18791 0.09335752494347763 375.8199999999482
18792 0.0795527028629997 375.8399999999481
18793 0.06569637538451537 375.8599999999481
18794 0.05179843425435238 375.8799999999481
18795 0.03786876375273209 375.8999999999481
18796 0.02391725877828575 375.9199999999481
18797 0.009953791627295918 375.939999999948
18798 -0.004011819377469703 375.959999999948
18799 -0.01796976272389155 375.979999999948
18800 -0.03191023806986149 375.999999999948
18801 -0.04582351429908731 376.019999999948
18802 -0.05969992650766692 376.039999999948
18803 -0.07352985407299351 376.0599999999479
18804 -0.0873037478271335 376.0799999999479
18805 -0.101012143031286 376.0999999999479
18806 -0.1146456508125201 376.1199999999479
18807 -0.1281949656079267 376.1399999999479
18808 -0.1416508697887423 376.1599999999478
18809 -0.1550042378282157 376.1799999999478
18810 -0.1682460377285623 376.1999999999478
18811 -0.1813673480672089 376.2199999999478
18812 -0.1943593804487956 376.2399999999478
18813 -0.2072134650734392 376.2599999999478
18814 -0.219921033559618 376.2799999999477
18815 -0.2324736530465017 376.2999999999477
18816 -0.2448630290799534 376.3199999999477
18817 -0.2570809896255006 376.3399999999477
18818 -0.2691194964540218 376.3599999999477
18819 -0.280970651546192 376.3799999999476
18820 -0.2926267074195351 376.3999999999476
18821 -0.3040800447447288 376.4199999999476
18822 -0.3153231825302003 376.4399999999476
18823 -0.3263487925952765 376.4599999999476
18824 -0.337149696941166 376.4799999999476
18825 -0.347718870116795 376.4999999999475
18826 -0.3580494278094979 376.5199999999475
18827 -0.3681346620225446 376.5399999999475
18828 -0.3779680363385862 376.5599999999475
18829 -0.3875431643846949 376.5799999999475
18830 -0.396853805142484 376.5999999999474
18831 -0.4058938771410806 376.6199999999474
18832 -0.4146574622784098 376.6399999999474
18833 -0.4231388020742715 376.6599999999474
18834 -0.4313323069115236 376.6799999999474
18835 -0.4392325623452148 376.6999999999474
18836 -0.446834328380588 376.7199999999473
18837 -0.4541325353443482 376.7399999999473
18838 -0.4611222781462443 376.7599999999473
18839 -0.467798824863369 376.7799999999473
18840 -0.4741576158392333 376.7999999999473
18841 -0.4801942729323227 376.8199999999472
18842 -0.4859045930971687 376.8399999999472
18843 -0.4912845456642306 376.8599999999472
18844 -0.4963302731809846 376.8799999999472
18845 -0.5010381257543027 376.8999999999472
18846 -0.5054046498869162 376.9199999999472
18847 -0.50942660442768 376.9399999999471
18848 -0.5131009232274022 376.9599999999471
18849 -0.5164247358515148 376.9799999999471
18850 -0.5193954151110851 376.9999999999471
18851 -0.5220105586865887 377.0199999999471
18852 -0.5242679611107687 377.039999999947
18853 -0.5261656061881383 377.059999999947
18854 -0.5277017091700741 377.079999999947
18855 -0.5288747511176501 377.099999999947
18856 -0.5296834413701814 377.119999999947
18857 -0.5301267321719039 377.139999999947
18858 -0.5302038083153531 377.1599999999469
18859 -0.5299141179896609 377.1799999999469
18860 -0.5292573505008397 377.1999999999469
18861 -0.5282334510184065 377.2199999999469
18862 -0.526842630721815 377.2399999999469
18863 -0.5250853511864997 377.2599999999468
18864 -0.522962322796478 377.2799999999468
18865 -0.5204745451769401 377.2999999999468
18866 -0.5176233130129099 377.3199999999468
18867 -0.5144101812936982 377.3399999999468
18868 -0.5108369547927794 377.3599999999468
18869 -0.5069057270284754 377.3799999999467
18870 -0.5026188736342645 377.3999999999467
18871 -0.4979790682123069 377.4199999999467
18872 -0.4929892350771316 377.4399999999467
18873 -0.4876525588277735 377.4599999999467
18874 -0.4819725111106442 377.4799999999466
18875 -0.4759528273590032 377.4999999999466
18876 -0.4695975177508931 377.5199999999466
18877 -0.4629108608426575 377.5399999999466
18878 -0.4558974019744382 377.5599999999466
18879 -0.4485619324497445 377.5799999999466
18880 -0.4409094960581769 377.5999999999465
18881 -0.4329454043646869 377.6199999999465
18882 -0.424675242887567 377.6399999999465
18883 -0.4161048357111466 377.6599999999465
18884 -0.4072402248292448 377.6799999999465
18885 -0.3980877071385488 377.6999999999464
18886 -0.3886538300167818 377.7199999999464
18887 -0.3789453557081199 377.7399999999464
18888 -0.3689692718184692 377.7599999999464
18889 -0.3587327792275739 377.7799999999464
18890 -0.3482432814093133 377.7999999999464
18891 -0.3375083898847133 377.8199999999463
18892 -0.3265359164980779 377.8399999999463
18893 -0.3153338396219996 377.8599999999463
18894 -0.3039103208212143 377.8799999999463
18895 -0.2922736995387495 377.8999999999463
18896 -0.2804324744778159 377.9199999999462
18897 -0.2683952942413029 377.9399999999462
18898 -0.2561709576918481 377.9599999999462
18899 -0.2437684153750118 377.9799999999462
18900 -0.2311967379387047 377.9999999999462
18901 -0.2184651082109144 378.0199999999462
18902 -0.2055828219371605 378.0399999999461
18903 -0.1925592785035648 378.0599999999461
18904 -0.1794039739066746 378.0799999999461
18905 -0.166126483845207 378.0999999999461
18906 -0.1527364491367462 378.1199999999461
18907 -0.1392435825935775 378.139999999946
18908 -0.1256576532188848 378.159999999946
18909 -0.111988475693982 378.179999999946
18910 -0.0982458975684057 378.199999999946
18911 -0.08443979288554586 378.219999999946
18912 -0.07058006388468258 378.239999999946
18913 -0.05667663506200909 378.2599999999459
18914 -0.04273942565731762 378.2799999999459
18915 -0.0287783476197457 378.2999999999459
18916 -0.01480330308858273 378.3199999999459
18917 -0.0008241690427199144 378.3399999999459
18918 0.01314920941983088 378.3599999999458
18919 0.027107020838927 378.3799999999458
18920 0.04103949492756172 378.3999999999458
18921 0.05493691714294387 378.4199999999458
18922 0.0687896398103809 378.4399999999458
18923 0.08258807863055502 378.4599999999458
18924 0.09632271748595554 378.4799999999457
18925 0.1099841227876791 378.4999999999457
18926 0.123562942715492 378.5199999999457
18927 0.1370499100704213 378.5399999999457
18928 0.1504358608953556 378.5599999999457
18929 0.1637117412226575 378.5799999999456
18930 0.176868603981255 378.5999999999456
18931 0.1898976014062046 378.6199999999456
18932 0.2027899941126796 378.6399999999456
18933 0.2155371766530486 378.6599999999456
18934 0.2281306730237923 378.6799999999456
18935 0.2405621334770899 378.6999999999455
18936 0.2528233514368448 378.7199999999455
18937 0.264906261350765 378.7399999999455
18938 0.2768029283100953 378.7599999999455
18939 0.2885055534835047 378.7799999999455
18940 0.3000064844660899 378.7999999999454
18941 0.3112982185776334 378.8199999999454
18942 0.3223734027844675 378.8399999999454
18943 0.3332248355950933 378.8599999999454
18944 0.3438454580063762 378.8799999999454
18945 0.3542283553454031 378.8999999999454
18946 0.3643667811224505 378.9199999999453
18947 0.3742541453600989 378.9399999999453
18948 0.3838840128188724 378.9599999999453
18949 0.3932501358791929 378.9799999999453
18950 0.4023464312102026 378.9999999999453
18951 0.411166960981641 379.0199999999452
18952 0.4197059509764036 379.0399999999452
18953 0.4279578058730874 379.0599999999452
18954 0.4359170820554223 379.0799999999452
18955 0.4435784936070578 379.0999999999452
18956 0.4509369330691513 379.1199999999452
18957 0.4579874712557701 379.1399999999451
18958 0.4647253442535712 379.1599999999451
18959 0.4711459470020031 379.1799999999451
18960 0.4772448752415987 379.1999999999451
18961 0.4830179357091949 379.2199999999451
18962 0.4884610870186121 379.239999999945
18963 0.4935704762484245 379.259999999945
18964 0.4983424833620825 379.279999999945
18965 0.502773670610969 379.299999999945
18966 0.5068607797132186 379.319999999945
18967 0.510600770750294 379.339999999945
18968 0.5139907959020583 379.3599999999449
18969 0.5170282216112005 379.3799999999449
18970 0.51971064900137 379.3999999999449
18971 0.5220358790164232 379.4199999999449
18972 0.5240019061287319 379.4399999999449
18973 0.5256069634742073 379.4599999999448
18974 0.5268495375041767 379.4799999999448
18975 0.5277283604467753 379.4999999999448
18976 0.5282423689837769 379.5199999999448
18977 0.528390715909363 379.5399999999448
18978 0.5281728287773771 379.5599999999448
18979 0.5275884081549406 379.5799999999447
18980 0.5266374009519794 379.5999999999447
18981 0.5253199820537615 379.6199999999447
18982 0.5236365769632626 379.6399999999447
18983 0.5215878851918644 379.6599999999447
18984 0.5191748543349789 379.6799999999446
18985 0.5163987154366101 379.6999999999446
18986 0.5132609760642278 379.7199999999446
18987 0.5097634149244018 379.7399999999446
18988 0.5059080701060504 379.7599999999446
18989 0.5016972682488042 379.7799999999446
18990 0.4971336284944159 379.7999999999445
18991 0.4922200244305618 379.8199999999445
18992 0.4869595747605956 379.8399999999445
18993 0.4813556805129127 379.8599999999445
18994 0.4754120480300958 379.8799999999445
18995 0.4691326604300005 379.8999999999444
18996 0.4625217488586635 379.9199999999444
18997 0.4555838102849355 379.9399999999444
18998 0.4483236253334835 379.9599999999444
18999 0.4407462263288329 379.9799999999444
19000 0.4328568475576433 379.9999999999444
19001 0.4246609766075922 380.0199999999443
19002 0.4161643706345551 380.0399999999443
19003 0.4073730086191321 380.0599999999443
19004 0.3982930931675247 380.0799999999443
19005 0.3889310872837102 380.0999999999443
19006 0.3792936833888789 380.1199999999442
19007 0.3693877882879751 380.1399999999442
19008 0.3592205231719017 380.1599999999442
19009 0.3487992242225424 380.1799999999442
19010 0.338131424412204 380.1999999999442
19011 0.3272248597694311 380.2199999999442
19012 0.3160874481525211 380.2399999999441
19013 0.3047272656320393 380.2599999999441
19014 0.2931525642288488 380.2799999999441
19015 0.281371776776546 380.2999999999441
19016 0.2693934866138558 380.3199999999441
19017 0.2572263936241557 380.339999999944
19018 0.244879335238934 380.359999999944
19019 0.2323612966314566 380.379999999944
19020 0.2196813758460418 380.399999999944
19021 0.2068487792725223 380.419999999944
19022 0.1938728341281346 380.439999999944
19023 0.1807629677252515 380.4599999999439
19024 0.1675286906743794 380.4799999999439
19025 0.1541795950943273 380.4999999999439
19026 0.1407253416546558 380.5199999999439
19027 0.1271756450256017 380.5399999999439
19028 0.1135402785243991 380.5599999999438
19029 0.09982905105617337 380.5799999999438
19030 0.08605179751741054 380.5999999999438
19031 0.07221838878066877 380.6199999999438
19032 0.05833871603241871 380.6399999999438
19033 0.04442266538468765 380.6599999999438
19034 0.0304801252583469 380.6799999999437
19035 0.01652098070919221 380.6999999999437
19036 0.002555080520231998 380.7199999999437
19037 -0.01140776079285041 380.7399999999437
19038 -0.02535773866449359 380.7599999999437
19039 -0.03928508485370183 380.7799999999436
19040 -0.0531801011577476 380.7999999999436
19041 -0.06703314721445067 380.8199999999436
19042 -0.08083463965691991 380.8399999999436
19043 -0.09457507167638003 380.8599999999436
19044 -0.1082450186753437 380.8799999999435
19045 -0.1218351369234228 380.8999999999435
19046 -0.1353361668414658 380.9199999999435
19047 -0.1487389348092765 380.9399999999435
19048 -0.1620343605939125 380.9599999999435
19049 -0.1752134692766151 380.9799999999435
19050 -0.1882674163486569 380.9999999999434
19051 -0.2011874791468755 381.0199999999434
19052 -0.2139650364070457 381.0399999999434
19053 -0.22659158763864 381.0599999999434
19054 -0.2390587777031542 381.0799999999434
19055 -0.2513583775652574 381.0999999999433
19056 -0.2634822807938798 381.1199999999433
19057 -0.2754225238380951 381.1399999999433
19058 -0.2871712905818818 381.1599999999433
19059 -0.298720900296048 381.1799999999433
19060 -0.3100638068636565 381.1999999999433
19061 -0.3211926134655455 381.2199999999432
19062 -0.3321000678990007 381.2399999999432
19063 -0.3427790725538821 381.2599999999432
19064 -0.3532226786140308 381.2799999999432
19065 -0.3634240920345587 381.2999999999432
19066 -0.3733766948283526 381.3199999999431
19067 -0.3830740355825787 381.3399999999431
19068 -0.3925097991382641 381.3599999999431
19069 -0.4016778302064465 381.3799999999431
19070 -0.4105721295880615 381.3999999999431
19071 -0.4191868696664713 381.4199999999431
19072 -0.427516377774518 381.439999999943
19073 -0.435555155125774 381.459999999943
19074 -0.4432978790082678 381.479999999943
19075 -0.4507394048113995 381.499999999943
19076 -0.4578747482728981 381.519999999943
19077 -0.4646990922903266 381.5399999999429
19078 -0.4712077962072089 381.5599999999429
19079 -0.4773963958983299 381.5799999999429
19080 -0.4832606087771298 381.5999999999429
19081 -0.4887963251321514 381.6199999999429
19082 -0.4939996007182552 381.6399999999429
19083 -0.4988666842291541 381.6599999999428
19084 -0.5033940265686508 381.6799999999428
19085 -0.5075782911123913 381.6999999999428
19086 -0.5114163302341702 381.7199999999428
19087 -0.5149051907673049 381.7399999999428
19088 -0.5180421233791382 381.7599999999427
19089 -0.5208246131200462 381.7799999999427
19090 -0.5232503731616891 381.7999999999427
19091 -0.5253173019219829 381.8199999999427
19092 -0.527023499864792 381.8399999999427
19093 -0.5283673157452708 381.8599999999427
19094 -0.5293473566157976 381.8799999999426
19095 -0.5299624533424646 381.8999999999426
19096 -0.5302116856270731 381.9199999999426
19097 -0.5300943787059704 381.9399999999426
19098 -0.5296101019261191 381.9599999999426
19099 -0.5287586842495459 381.9799999999425
19100 -0.5275402113377432 381.9999999999425
19101 -0.5259550278524227 382.0199999999425
19102 -0.5240037200900325 382.0399999999425
19103 -0.5216871578198263 382.0599999999425
19104 -0.5190064935011612 382.0799999999425
19105 -0.5159631641102651 382.0999999999424
19106 -0.5125588587233738 382.1199999999424
19107 -0.5087955239577147 382.1399999999424
19108 -0.5046754148075542 382.1599999999424
19109 -0.5002010639547161 382.1799999999424
19110 -0.4953752762645771 382.1999999999423
19111 -0.4902011118437377 382.2199999999423
19112 -0.4846819062048611 382.2399999999423
19113 -0.4788212751774916 382.2599999999423
19114 -0.4726231005932912 382.2799999999423
19115 -0.4660915304524908 382.2999999999423
19116 -0.4592309939137258 382.3199999999422
19117 -0.4520461652872646 382.3399999999422
19118 -0.444541964147608 382.3599999999422
19119 -0.436723574922044 382.3799999999422
19120 -0.428596458001391 382.3999999999422
19121 -0.4201663247258348 382.4199999999421
19122 -0.4114391168372937 382.4399999999421
19123 -0.402421015902491 382.4599999999421
19124 -0.3931184501720409 382.4799999999421
19125 -0.3835380803780612 382.4999999999421
19126 -0.3736867950612204 382.5199999999421
19127 -0.3635716945751935 382.539999999942
19128 -0.3532000791211596 382.559999999942
19129 -0.3425794682699937 382.579999999942
19130 -0.3317175860372077 382.599999999942
19131 -0.3206223300799426 382.619999999942
19132 -0.3093017720178218 382.6399999999419
19133 -0.2977641736562718 382.6599999999419
19134 -0.2860179605025082 382.6799999999419
19135 -0.2740717081101718 382.6999999999419
19136 -0.2619341478631776 382.7199999999419
19137 -0.2496141590892534 382.7399999999419
19138 -0.2371207559778443 382.7599999999418
19139 -0.2244630726769264 382.7799999999418
19140 -0.2116503579049754 382.7999999999418
19141 -0.1986919570502277 382.8199999999418
19142 -0.1855973248367146 382.8399999999418
19143 -0.172376004728326 382.8599999999417
19144 -0.1590376040521059 382.8799999999417
19145 -0.1455917993803731 382.8999999999417
19146 -0.1320483369407469 382.9199999999417
19147 -0.1184170141568313 382.9399999999417
19148 -0.1047076600518834 382.9599999999417
19149 -0.09093013827358758 382.9799999999416
19150 -0.07709433975522251 382.9999999999416
19151 -0.06321017954843894 383.0199999999416
19152 -0.04928757884000667 383.0399999999416
19153 -0.03533645688119714 383.0599999999416
19154 -0.02136672082218432 383.0799999999415
19155 -0.007388258521920313 383.0999999999415
19156 0.006589068051618718 383.1199999999415
19157 0.02055542916651645 383.1399999999415
19158 0.03450103496586161 383.1599999999415
19159 0.04841614379718798 383.1799999999415
19160 0.06229107330830579 383.1999999999414
19161 0.07611620945549143 383.2199999999414
19162 0.08988200511675637 383.2399999999414
19163 0.103578986883743 383.2599999999414
19164 0.1171977635461491 383.2799999999414
19165 0.1307290263989765 383.2999999999413
19166 0.1441635611891344 383.3199999999413
19167 0.1574922634123089 383.3399999999413
19168 0.1707061358092831 383.3599999999413
19169 0.1837962796113539 383.3799999999413
19170 0.1967538984646774 383.3999999999413
19171 0.2095703307057853 383.4199999999412
19172 0.222237044175995 383.4399999999412
19173 0.2347456215218186 383.4599999999412
19174 0.2470877893520808 383.4799999999412
19175 0.2592554217469564 383.4999999999412
19176 0.2712405187383911 383.5199999999411
19177 0.283035213916304 383.5399999999411
19178 0.2946317896075965 383.5599999999411
19179 0.3060226721038741 383.5799999999411
19180 0.3172004346886023 383.5999999999411
19181 0.3281578001602546 383.6199999999411
19182 0.3388876369531442 383.639999999941
19183 0.3493829713798801 383.659999999941
19184 0.3596369822194816 383.679999999941
19185 0.3696430054079055 383.699999999941
19186 0.3793945373397402 383.719999999941
19187 0.3888852374298203 383.7399999999409
19188 0.3981089406305427 383.7599999999409
19189 0.4070596479240675 383.7799999999409
19190 0.4157315029583395 383.7999999999409
19191 0.4241188274285398 383.8199999999409
19192 0.4322161073538264 383.8399999999409
19193 0.440017976912259 383.8599999999408
19194 0.4475192481371122 383.8799999999408
19195 0.4547149091005637 383.8999999999408
19196 0.4616001163926715 383.9199999999408
19197 0.4681701879519939 383.9399999999408
19198 0.4744206320019249 383.9599999999407
19199 0.4803471634343445 383.9799999999407
19200 0.4859456600645587 383.9999999999407
19201 0.4912121717392903 384.0199999999407
19202 0.4961429789493323 384.0399999999407
19203 0.5007345473242409 384.0599999999407
19204 0.5049835237191117 384.0799999999406
19205 0.5088867823312258 384.0999999999406
19206 0.512441387717567 384.1199999999406
19207 0.5156445945866229 384.1399999999406
19208 0.5184938994898624 384.1599999999406
19209 0.5209870161886896 384.1799999999405
19210 0.523121839506008 384.1999999999405
19211 0.5248964802922015 384.2199999999405
19212 0.5263093116637796 384.2399999999405
19213 0.5273589560020084 384.2599999999405
19214 0.5280442499230767 384.2799999999405
19215 0.5283642440986879 384.2999999999404
19216 0.52831824132738 384.3199999999404
19217 0.5279058068360716 384.3399999999404
19218 0.5271267783833029 384.3599999999404
19219 0.5259812283344988 384.3799999999404
19220 0.5244694625180113 384.3999999999403
19221 0.5225920473217731 384.4199999999403
19222 0.5203498141050019 384.4399999999403
19223 0.5177438594751398 384.4599999999403
19224 0.5147755592916898 384.4799999999403
19225 0.5114465723476579 384.4999999999403
19226 0.5077588070454109 384.5199999999402
19227 0.5037144606614318 384.5399999999402
19228 0.4993160119635567 384.5599999999402
19229 0.4945662157476569 384.5799999999402
19230 0.4894680785218256 384.5999999999402
19231 0.484024868904267 384.6199999999401
19232 0.478240144902997 384.6399999999401
19233 0.4721177620505579 384.6599999999401
19234 0.4656618429596585 384.6799999999401
19235 0.4588767542735228 384.6999999999401
19236 0.451767137257758 384.7199999999401
19237 0.4443379189667904 384.73999999994
19238 0.4365942430833831 384.75999999994
19239 0.4285414633887779 384.77999999994
19240 0.420185216194378 384.79999999994
19241 0.4115313849059105 384.81999999994
19242 0.4025860584325427 384.8399999999399
19243 0.3933555743484082 384.8599999999399
19244 0.3838465272653511 384.8799999999399
19245 0.3740657263665319 384.8999999999399
19246 0.3640201855619298 384.9199999999399
19247 0.3537171433236854 384.9399999999399
19248 0.3431640458448152 384.9599999999398
19249 0.3323685349886187 384.9799999999398
19250 0.3213384403691581 384.9999999999398
19251 0.3100817728167597 385.0199999999398
19252 0.2986066966532056 385.0399999999398
19253 0.2869215562094107 385.0599999999397
19254 0.275034878157224 385.0799999999397
19255 0.2629553029407424 385.0999999999397
19256 0.2506915954573001 385.1199999999397
19257 0.2382526789446171 385.1399999999397
19258 0.2256476021344733 385.1599999999397
19259 0.2128855173999686 385.1799999999396
19260 0.199975693398462 385.1999999999396
19261 0.1869275149098488 385.2199999999396
19262 0.1737504577746735 385.2399999999396
19263 0.1604540742957728 385.2599999999396
19264 0.1470479936105055 385.2799999999395
19265 0.1335419055676375 385.2999999999395
19266 0.1199455571659874 385.3199999999395
19267 0.1062687439996717 385.3399999999395
19268 0.09252128957471865 385.3599999999395
19269 0.07871304518827263 385.3799999999395
19270 0.06485389729826234 385.3999999999394
19271 0.05095373649733914 385.4199999999394
19272 0.03702244689627968 385.4399999999394
19273 0.02306991856565421 385.4599999999394
19274 0.009106019528692378 385.4799999999394
19275 -0.004859424963266364 385.4999999999393
19276 -0.01881660275775332 385.5199999999393
19277 -0.03275572120440286 385.5399999999393
19278 -0.04666705096087154 385.5599999999393
19279 -0.06054092775736974 385.5799999999393
19280 -0.07436773700756565 385.5999999999393
19281 -0.08813793466156909 385.6199999999392
19282 -0.1018420593948592 385.6399999999392
19283 -0.1154707270622251 385.6599999999392
19284 -0.1290146382071445 385.6799999999392
19285 -0.1424645812313012 385.6999999999392
19286 -0.1558114355180425 385.7199999999391
19287 -0.1690461753709311 385.7399999999391
19288 -0.182159886727467 385.7599999999391
19289 -0.195143789980821 385.7799999999391
19290 -0.2079892217874822 385.7999999999391
19291 -0.2206876203521587 385.8199999999391
19292 -0.2332305594011891 385.839999999939
19293 -0.2456097556498853 385.859999999939
19294 -0.2578170430746233 385.879999999939
19295 -0.2698443900156016 385.899999999939
19296 -0.2816839114226807 385.919999999939
19297 -0.2933278636142425 385.9399999999389
19298 -0.3047686354650881 385.9599999999389
19299 -0.3159987559790086 385.9799999999389
19300 -0.3270109077119009 385.9999999999389
19301 -0.3377979211732265 386.0199999999389
19302 -0.3483527771707997 386.0399999999389
19303 -0.3586686029303257 386.0599999999388
19304 -0.3687387042066518 386.0799999999388
19305 -0.3785565507299106 386.0999999999388
19306 -0.3881157655017091 386.1199999999388
19307 -0.397410116308438 386.1399999999388
19308 -0.4064335338349291 386.1599999999387
19309 -0.4151801058286541 386.1799999999387
19310 -0.4236440878796378 386.1999999999387
19311 -0.4318198997169738 386.2199999999387
19312 -0.4397021341474389 386.2399999999387
19313 -0.4472855654360845 386.2599999999387
19314 -0.4545651321048986 386.2799999999386
19315 -0.4615359408023406 386.2999999999386
19316 -0.4681932661796966 386.3199999999386
19317 -0.4745325625647796 386.3399999999386
19318 -0.4805494639101187 386.3599999999386
19319 -0.4862397752961479 386.3799999999385
19320 -0.4915994736357275 386.3999999999385
19321 -0.4966247119646302 386.4199999999385
19322 -0.5013118463080319 386.4399999999385
19323 -0.5056574448337001 386.4599999999385
19324 -0.5096582805800374 386.4799999999385
19325 -0.5133113018372091 386.4999999999384
19326 -0.5166136544530546 386.5199999999384
19327 -0.519562716047291 386.5399999999384
19328 -0.5221560945747171 386.5599999999384
19329 -0.5243916069593633 386.5799999999384
19330 -0.5262672437571585 386.5999999999383
19331 -0.5277812327121832 386.6199999999383
19332 -0.5289320703539789 386.6399999999383
19333 -0.5297184881125764 386.6599999999383
19334 -0.5301394422018754 386.6799999999383
19335 -0.5301941384009895 386.6999999999383
19336 -0.5298820395611481 386.7199999999382
19337 -0.5292028471012273 386.7399999999382
19338 -0.5281565269170585 386.7599999999382
19339 -0.5267433042165784 386.7799999999382
19340 -0.5249636547607495 386.7999999999382
19341 -0.5228183037043712 386.8199999999381
19342 -0.5203082751836949 386.8399999999381
19343 -0.5174348783148256 386.8599999999381
19344 -0.514199676537954 386.8799999999381
19345 -0.5106044992239311 386.8999999999381
19346 -0.5066514569856417 386.9199999999381
19347 -0.5023429419804119 386.939999999938
19348 -0.4976816408867291 386.959999999938
19349 -0.4926704969320199 386.979999999938
19350 -0.4873127135425544 386.999999999938
19351 -0.4816117746080677 387.019999999938
19352 -0.4755714372864435 387.0399999999379
19353 -0.4691957252539625 387.0599999999379
19354 -0.4624889367727419 387.0799999999379
19355 -0.4554556289547577 387.0999999999379
19356 -0.4481006111072599 387.1199999999379
19357 -0.4404289387873969 387.1399999999379
19358 -0.4324459463295529 387.1599999999378
19359 -0.4241572325725162 387.1799999999378
19360 -0.415568633181255 387.1999999999378
19361 -0.4066862073274403 387.2199999999378
19362 -0.3975162676281846 387.2399999999378
19363 -0.3880653722081086 387.2599999999377
19364 -0.3783403000891281 387.2799999999377
19365 -0.3683480538103454 387.2999999999377
19366 -0.3580958419881239 387.3199999999377
19367 -0.3475910827265931 387.3399999999377
19368 -0.3368414013510375 387.3599999999377
19369 -0.3258546178242333 387.3799999999376
19370 -0.3146387264795542 387.3999999999376
19371 -0.3032018953922661 387.4199999999376
19372 -0.2915524770291463 387.4399999999376
19373 -0.2796989774911401 387.4599999999376
19374 -0.2676500563852208 387.4799999999375
19375 -0.2554145222935368 387.4999999999375
19376 -0.2430013331716956 387.5199999999375
19377 -0.2304195662773307 387.5399999999375
19378 -0.2176784129134871 387.5599999999375
19379 -0.204787173538646 387.5799999999375
19380 -0.191755254175022 387.5999999999374
19381 -0.1785921591018045 387.6199999999374
19382 -0.1653074658344661 387.6399999999374
19383 -0.1519108198981423 387.6599999999374
19384 -0.1384119367424155 387.6799999999374
19385 -0.1248205914355412 387.6999999999373
19386 -0.1111465996629134 387.7199999999373
19387 -0.09739981078872337 387.7399999999373
19388 -0.08359010077783069 387.7599999999373
19389 -0.06972737447641436 387.7799999999373
19390 -0.05582155623439964 387.7999999999373
19391 -0.04188256406289189 387.8199999999372
19392 -0.02792030806639757 387.8399999999372
19393 -0.01394469088957139 387.8599999999372
19394 3.441138441477458e-05 387.8799999999372
19395 0.01400715615797239 387.8999999999372
19396 0.027963734199174 387.9199999999371
19397 0.04189437764639772 387.9399999999371
19398 0.05578937567682481 387.9599999999371
19399 0.06963908423861112 387.9799999999371
19400 0.08343392386766582 387.9999999999371
19401 0.09716438260735739 388.0199999999371
19402 0.1108210313724389 388.039999999937
19403 0.1243945241286747 388.059999999937
19404 0.1378755992299719 388.079999999937
19405 0.151255099721196 388.099999999937
19406 0.164523978213849 388.119999999937
19407 0.1776732933644564 388.1399999999369
19408 0.1906942049300191 388.1599999999369
19409 0.2035779801902153 388.1799999999369
19410 0.2163160219787619 388.1999999999369
19411 0.22889986096212 388.2199999999369
19412 0.2413211553805572 388.2399999999369
19413 0.2535717084721898 388.2599999999368
19414 0.2656434636001541 388.2799999999368
19415 0.2775284919743929 388.2999999999368
19416 0.2892190035912051 388.3199999999368
19417 0.300707356452813 388.3399999999368
19418 0.3119860560522679 388.3599999999367
19419 0.3230477605788241 388.3799999999367
19420 0.333885277428955 388.3999999999367
19421 0.3444915513854653 388.4199999999367
19422 0.3548596807283136 388.4399999999367
19423 0.3649829281546524 388.4599999999367
19424 0.3748547144596583 388.4799999999366
19425 0.3844686149825534 388.4999999999366
19426 0.3938183899032127 388.5199999999366
19427 0.4028979702811145 388.5399999999366
19428 0.4117014216742048 388.5599999999366
19429 0.420222984998731 388.5799999999365
19430 0.4284570726849717 388.5999999999365
19431 0.4363982495683491 388.6199999999365
19432 0.4440412423865286 388.6399999999365
19433 0.4513809515672711 388.6599999999365
19434 0.4584124615107125 388.6799999999365
19435 0.4651310138622429 388.6999999999364
19436 0.4715320206519041 388.7199999999364
19437 0.4776110844290514 388.7399999999364
19438 0.483364024046456 388.7599999999364
19439 0.4887868087345492 388.7799999999364
19440 0.4938756012959602 388.7999999999363
19441 0.4986267897972318 388.8199999999363
19442 0.5030369455882135 388.8399999999363
19443 0.5071028278009485 388.8599999999363
19444 0.5108214072605481 388.8799999999363
19445 0.5141898508426643 388.8999999999363
19446 0.5172055344343095 388.9199999999362
19447 0.5198660767383093 388.9399999999362
19448 0.5221692854641119 388.9599999999362
19449 0.5241131743890274 388.9799999999362
19450 0.5256959848033838 388.9999999999362
19451 0.5269162265929949 389.0199999999361
19452 0.5277726402412153 389.0399999999361
19453 0.5282641763704297 389.0599999999361
19454 0.5283900059393475 389.0799999999361
19455 0.5281495682682512 389.0999999999361
19456 0.527542581852799 389.1199999999361
19457 0.5265690094991401 389.139999999936
19458 0.5252290423704988 389.159999999936
19459 0.523523121048931 389.179999999936
19460 0.5214519522230654 389.199999999936
19461 0.5190165156052013 389.219999999936
19462 0.5162180465275472 389.2399999999359
19463 0.5130580777630325 389.2599999999359
19464 0.5095384014906322 389.2799999999359
19465 0.5056610688224383 389.2999999999359
19466 0.5014284286130188 389.3199999999359
19467 0.4968431183304882 389.3399999999359
19468 0.4919080260082891 389.3599999999358
19469 0.4866262862215451 389.3799999999358
19470 0.4810013169926395 389.3999999999358
19471 0.4750368443519579 389.4199999999358
19472 0.4687368689448418 389.4399999999358
19473 0.4621056384243322 389.4599999999357
19474 0.4551476628692294 389.4799999999357
19475 0.4478677429636583 389.4999999999357
19476 0.4402709228225119 389.5199999999357
19477 0.4323624518220769 389.5399999999357
19478 0.4241478345312134 389.5599999999357
19479 0.4156328435137678 389.5799999999356
19480 0.4068234703156484 389.5999999999356
19481 0.3977259334378462 389.6199999999356
19482 0.3883467111229282 389.6399999999356
19483 0.3786925095375501 389.6599999999356
19484 0.3687702480575576 389.6799999999355
19485 0.3585870641082853 389.6999999999355
19486 0.3481503017417886 389.7199999999355
19487 0.3374675105375174 389.7399999999355
19488 0.3265464382350677 389.7599999999355
19489 0.3153950113185153 389.7799999999355
19490 0.3040213165509575 389.7999999999354
19491 0.2924336190202861 389.8199999999354
19492 0.2806403611752322 389.8399999999354
19493 0.2686501334288333 389.8599999999354
19494 0.2564716436477804 389.8799999999354
19495 0.2441137403347831 389.8999999999353
19496 0.2315854165221558 389.9199999999353
19497 0.2188957750986721 389.9399999999353
19498 0.2060540308286356 389.9599999999353
19499 0.1930695175518332 389.9799999999353
19500 0.1799516685807242 389.9999999999353
19501 0.1667099981981197 390.0199999999352
19502 0.1533541042888231 390.0399999999352
19503 0.1398936509589388 390.0599999999352
19504 0.126338357140479 390.0799999999352
19505 0.1126979972406085 390.0999999999352
19506 0.09898238414617559 390.1199999999351
19507 0.08520135390354466 390.1399999999351
19508 0.07136477930471354 390.1599999999351
19509 0.05748255110849855 390.1799999999351
19510 0.04356455611449846 390.1999999999351
19511 0.02962068295027698 390.2199999999351
19512 0.01566081532011263 390.239999999935
19513 0.001694799037124472 390.259999999935
19514 -0.01226755198779079 390.279999999935
19515 -0.02621643462403705 390.299999999935
19516 -0.04014208399338748 390.319999999935
19517 -0.05403480573369495 390.3399999999349
19518 -0.06788496213632463 390.3599999999349
19519 -0.08168297475345856 390.3799999999349
19520 -0.09541934207880495 390.3999999999349
19521 -0.1090846439305788 390.4199999999349
19522 -0.1226695408431773 390.4399999999349
19523 -0.1361647798596068 390.4599999999348
19524 -0.1495611926680862 390.4799999999348
19525 -0.1628497062251309 390.4999999999348
19526 -0.1760213507089019 390.5199999999348
19527 -0.1890672895479718 390.5399999999348
19528 -0.2019788053840466 390.5599999999347
19529 -0.2147472862556034 390.5799999999347
19530 -0.2273642423133132 390.5999999999347
19531 -0.2398213241253679 390.6199999999347
19532 -0.2521103083832037 390.6399999999347
19533 -0.264223101053469 390.6599999999347
19534 -0.2761517453457665 390.6799999999346
19535 -0.2878884335206372 390.6999999999346
19536 -0.2994254959126744 390.7199999999346
19537 -0.3107553907854884 390.7399999999346
19538 -0.3218707311752657 390.7599999999346
19539 -0.3327642757637472 390.7799999999345
19540 -0.343428933885229 390.7999999999345
19541 -0.35385776759467 390.8199999999345
19542 -0.3640439969363811 390.8399999999345
19543 -0.3739810094285753 390.8599999999345
19544 -0.3836623622262389 390.8799999999345
19545 -0.393081755066051 390.8999999999344
19546 -0.4022330382130894 390.9199999999344
19547 -0.4111102238168211 390.9399999999344
19548 -0.419707493358192 390.9599999999344
19549 -0.4280191837745151 390.9799999999344
19550 -0.4360398089611219 390.9999999999343
19551 -0.4437640575902886 391.0199999999343
19552 -0.4511867940923356 391.0399999999343
19553 -0.4583030439944279 391.0599999999343
19554 -0.4651080028841814 391.0799999999343
19555 -0.4715970367733437 391.0999999999343
19556 -0.4777656951875776 391.1199999999342
19557 -0.4836097032980352 391.1399999999342
19558 -0.4891249644024496 391.1599999999342
19559 -0.4943075439016309 391.1799999999342
19560 -0.4991537024405499 391.1999999999342
19561 -0.5036599132140636 391.2199999999341
19562 -0.5078228485902936 391.2399999999341
19563 -0.5116393701898122 391.2599999999341
19564 -0.5151065270173398 391.2799999999341
19565 -0.5182215918998583 391.2999999999341
19566 -0.5209820678480215 391.3199999999341
19567 -0.5233856707062712 391.339999999934
19568 -0.5254303150037457 391.359999999934
19569 -0.52711411416583 391.379999999934
19570 -0.5284354348824664 391.399999999934
19571 -0.5293929013282481 391.419999999934
19572 -0.5299853545204849 391.4399999999339
19573 -0.5302118909167677 391.4599999999339
19574 -0.5300718496452215 391.4799999999339
19575 -0.5295648181383179 391.4999999999339
19576 -0.5286906393090431 391.5199999999339
19577 -0.5274494169391959 391.5399999999339
19578 -0.5258415089237358 391.5599999999338
19579 -0.5238675240509529 391.5799999999338
19580 -0.5215283365673473 391.5999999999338
19581 -0.5188251311383548 391.6199999999338
19582 -0.5157593565635186 391.6399999999338
19583 -0.512332710895324 391.6599999999337
19584 -0.5085471679029268 391.6799999999337
19585 -0.5044049955711257 391.6999999999337
19586 -0.4999087480476966 391.7199999999337
19587 -0.4950612418906936 391.7399999999337
19588 -0.4898655563993953 391.7599999999337
19589 -0.4843250471665443 391.7799999999336
19590 -0.478443340323923 391.7999999999336
19591 -0.4722243404624145 391.8199999999336
19592 -0.4656722097194768 391.8399999999336
19593 -0.4587913920305099 391.8599999999336
19594 -0.451586580818708 391.8799999999335
19595 -0.4440627084975872 391.8999999999335
19596 -0.4362249793846725 391.9199999999335
19597 -0.4280788692165307 391.9399999999335
19598 -0.4196301017516688 391.9599999999335
19599 -0.4108846311754248 391.9799999999335
19600 -0.4018486639690949 391.9999999999334
19601 -0.3925286323304379 392.0199999999334
19602 -0.3829312188154758 392.0399999999334
19603 -0.3730633206913364 392.0599999999334
19604 -0.3629320527235494 392.0799999999334
19605 -0.3525447341218236 392.0999999999333
19606 -0.3419088892908618 392.1199999999333
19607 -0.3310322587518196 392.1399999999333
19608 -0.319922750223784 392.1599999999333
19609 -0.3085884459862228 392.1799999999333
19610 -0.2970376200462964 392.1999999999333
19611 -0.2852787077034175 392.2199999999332
19612 -0.2733202938059937 392.2399999999332
19613 -0.2611711177038849 392.2599999999332
19614 -0.2488400696678006 392.2799999999332
19615 -0.2363361691475205 392.2999999999332
19616 -0.2236685618147801 392.3199999999331
19617 -0.2108464977760103 392.3399999999331
19618 -0.1978793333460212 392.3599999999331
19619 -0.1847765284825727 392.3799999999331
19620 -0.1715476291505661 392.3999999999331
19621 -0.158202247551238 392.4199999999331
19622 -0.1447500672067009 392.439999999933
19623 -0.1312008371326292 392.459999999933
19624 -0.1175643564789237 392.479999999933
19625 -0.1038504575530767 392.499999999933
19626 -0.09006900491718685 392.519999999933
19627 -0.07622989188774268 392.5399999999329
19628 -0.06234303515800823 392.5599999999329
19629 -0.04841835574387179 392.5799999999329
19630 -0.03446577159190187 392.5999999999329
19631 -0.02049519007762684 392.6199999999329
19632 -0.006516498204192319 392.6399999999329
19633 0.00746044595982373 392.6599999999328
19634 0.02142581451939789 392.6799999999328
19635 0.03536981896895959 392.6999999999328
19636 0.04928272196616815 392.7199999999328
19637 0.06315484541656752 392.7399999999328
19638 0.0769765787890872 392.7599999999327
19639 0.09073837914278335 392.7799999999327
19640 0.1044307781409087 392.7999999999327
19641 0.1180443904233041 392.8199999999327
19642 0.1315699118722194 392.8399999999327
19643 0.1449981343335399 392.8599999999327
19644 0.1583199598524198 392.8799999999326
19645 0.1715263991588822 392.8999999999326
19646 0.1846085583243681 392.9199999999326
19647 0.1975576610034593 392.9399999999326
19648 0.210365058164242 392.9599999999326
19649 0.2230222070895062 392.9799999999325
19650 0.2355206955819087 392.9999999999325
19651 0.2478522677381495 393.0199999999325
19652 0.2600088040051791 393.0399999999325
19653 0.2719823075985532 393.0599999999325
19654 0.2837649229909978 393.0799999999325
19655 0.2953489452627347 393.0999999999324
19656 0.3067268060889099 393.1199999999324
19657 0.3178910891185369 393.1399999999324
19658 0.3288345246437234 393.1599999999324
19659 0.3395499915025311 393.1799999999324
19660 0.3500305253550821 393.1999999999323
19661 0.3602693134530703 393.2199999999323
19662 0.3702597031065922 393.2399999999323
19663 0.3799952017159466 393.2599999999323
19664 0.3894694773704049 393.2799999999323
19665 0.3986763784459901 393.2999999999323
19666 0.4076099119130157 393.3199999999322
19667 0.4162642342750576 393.3399999999322
19668 0.4246336775797909 393.3599999999322
19669 0.4327127330739646 393.3799999999322
19670 0.4404960497903301 393.3999999999322
19671 0.4479784513897361 393.4199999999321
19672 0.4551549337977394 393.4399999999321
19673 0.4620206622603227 393.4599999999321
19674 0.4685709682020396 393.4799999999321
19675 0.4748013685423062 393.4999999999321
19676 0.4807075922542911 393.5199999999321
19677 0.4862855248520199 393.539999999932
19678 0.4915312307794127 393.559999999932
19679 0.4964410026525625 393.579999999932
19680 0.501011318450671 393.599999999932
19681 0.5052388350028248 393.619999999932
19682 0.5091204423005825 393.6399999999319
19683 0.5126532143029079 393.6599999999319
19684 0.5158344252751588 393.6799999999319
19685 0.5186615776163365 393.6999999999319
19686 0.5211324029092196 393.7199999999319
19687 0.5232448047765073 393.7399999999319
19688 0.5249969141196448 393.7599999999318
19689 0.5263871152779133 393.7799999999318
19690 0.5274140437028606 393.7999999999318
19691 0.5280765520367225 393.8199999999318
19692 0.5283737075642043 393.8399999999318
19693 0.5283048244778754 393.8599999999317
19694 0.5278694888340695 393.8799999999317
19695 0.5270675510247356 393.8999999999317
19696 0.5258990982170244 393.9199999999317
19697 0.5243644506427448 393.9399999999317
19698 0.5224641964073456 393.9599999999317
19699 0.5201991847196534 393.9799999999316
19700 0.5175705223106634 393.9999999999316
19701 0.5145796057656093 394.0199999999316
19702 0.5112281106902165 394.0399999999316
19703 0.5075179646360526 394.0599999999316
19704 0.5034513774388637 394.0799999999315
19705 0.4990308508517461 394.0999999999315
19706 0.49425915566467 394.1199999999315
19707 0.4891393104293522 394.1399999999315
19708 0.4836746018495457 394.1599999999315
19709 0.4778686094681167 394.1799999999315
19710 0.4717252049334564 394.1999999999314
19711 0.4652485260492859 394.2199999999314
19712 0.4584429577107679 394.2399999999314
19713 0.4513131601409611 394.2599999999314
19714 0.4438640747855501 394.2799999999314
19715 0.4361008564212595 394.2999999999313
19716 0.4280288792664616 394.3199999999313
19717 0.4196537934766656 394.3399999999313
19718 0.4109814967713343 394.3599999999313
19719 0.4020180921586241 394.3799999999313
19720 0.3927699344988717 394.3999999999313
19721 0.3832436344435161 394.4199999999312
19722 0.3734460114492811 394.4399999999312
19723 0.3633840950419873 394.4599999999312
19724 0.353065136180378 394.4799999999312
19725 0.3424965963890834 394.4999999999312
19726 0.3316861260428163 394.5199999999311
19727 0.3206415679245448 394.5399999999311
19728 0.3093709420724987 394.5599999999311
19729 0.2978824275191946 394.5799999999311
19730 0.2861843760629632 394.5999999999311
19731 0.2742853234639735 394.6199999999311
19732 0.2621939218236648 394.639999999931
19733 0.2499189429062828 394.659999999931
19734 0.2374693178904697 394.679999999931
19735 0.2248541025205666 394.699999999931
19736 0.2120824576129412 394.719999999931
19737 0.1991636600803225 394.7399999999309
19738 0.1861071023701994 394.7599999999309
19739 0.1729222620096212 394.7799999999309
19740 0.1596186967716871 394.7999999999309
19741 0.1462060401011396 394.8199999999309
19742 0.1326939859948723 394.8399999999309
19743 0.1190922843130628 394.8599999999308
19744 0.1054107317232103 394.8799999999308
19745 0.09165915439575494 394.8999999999308
19746 0.07784740597284985 394.9199999999308
19747 0.06398537388243107 394.9399999999308
19748 0.05008294925468033 394.9599999999307
19749 0.0361500155347541 394.9799999999307
19750 0.02219646103980209 394.9999999999307
19751 0.008232153719348427 395.0199999999307
19752 -0.005733081909295115 395.0399999999307
19753 -0.01968943644448264 395.0599999999307
19754 -0.0336271199527696 395.0799999999306
19755 -0.04753640645403193 395.0999999999306
19756 -0.06140763427883278 395.1199999999306
19757 -0.0752311927507737 395.1399999999306
19758 -0.08899754311408251 395.1599999999306
19759 -0.1026972292264261 395.1799999999305
19760 -0.1163208720694776 395.1999999999305
19761 -0.1298591769924642 395.2199999999305
19762 -0.1433029377889874 395.2399999999305
19763 -0.1566430406544254 395.2599999999305
19764 -0.1698704655327361 395.2799999999305
19765 -0.1829763085697058 395.2999999999304
19766 -0.1959517950428765 395.3199999999304
19767 -0.2087882681372129 395.3399999999304
19768 -0.221477174663979 395.3599999999304
19769 -0.2340100982851299 395.3799999999304
19770 -0.2463787618967579 395.3999999999303
19771 -0.2585750082926974 395.4199999999303
19772 -0.2705908142017385 395.4399999999303
19773 -0.2824183039970422 395.4599999999303
19774 -0.2940497417974232 395.4799999999303
19775 -0.3054775252016394 395.4999999999303
19776 -0.3166941929628971 395.5199999999302
19777 -0.3276924344216378 395.5399999999302
19778 -0.338465090849198 395.5599999999302
19779 -0.349005153927283 395.5799999999302
19780 -0.3593057594702996 395.5999999999302
19781 -0.3693602258007856 395.6199999999301
19782 -0.3791620334146351 395.6399999999301
19783 -0.3887048104082543 395.6599999999301
19784 -0.397982336600411 395.6799999999301
19785 -0.4069885527164662 395.6999999999301
19786 -0.415717554855019 395.7199999999301
19787 -0.4241636111731836 395.73999999993
19788 -0.4323211518716537 395.75999999993
19789 -0.4401847828398217 395.77999999993
19790 -0.4477492835591024 395.79999999993
19791 -0.4550096068566653 395.81999999993
19792 -0.4619608679283891 395.8399999999299
19793 -0.4685983524472414 395.8599999999299
19794 -0.4749175268705749 395.8799999999299
19795 -0.4809140327142799 395.8999999999299
19796 -0.4865836901021916 395.9199999999299
19797 -0.4919224835800301 395.9399999999299
19798 -0.4969265788331994 395.9599999999298
19799 -0.5015923461486883 395.9799999999298
19800 -0.5059163647157163 395.9999999999298
19801 -0.5098954168077982 396.0199999999298
19802 -0.5135264669290219 396.0399999999298
19803 -0.5168066739834738 396.0599999999297
19804 -0.5197334281874414 396.0799999999297
19805 -0.522304355751071 396.0999999999297
19806 -0.5245172829512046 396.1199999999297
19807 -0.52637022635055 396.1399999999297
19808 -0.5278614180247041 396.1599999999297
19809 -0.5289893646605899 396.1799999999296
19810 -0.5297528159370983 396.1999999999296
19811 -0.5301507430816689 396.2199999999296
19812 -0.5301823728208274 396.2399999999296
19813 -0.5298471742473094 396.2599999999296
19814 -0.529144871673807 396.2799999999295
19815 -0.5280754437619389 396.2999999999295
19816 -0.5266391321240477 396.3199999999295
19817 -0.5248364301823182 396.3399999999295
19818 -0.5226680804616631 396.3599999999295
19819 -0.5201351199036767 396.3799999999295
19820 -0.5172388782069746 396.3999999999294
19821 -0.5139809400839175 396.4199999999294
19822 -0.5103631467260099 396.4399999999294
19823 -0.5063876259554625 396.4599999999294
19824 -0.5020567947047714 396.4799999999294
19825 -0.4973733524938527 396.4999999999293
19826 -0.4923402578978618 396.5199999999293
19827 -0.4869607304399269 396.5399999999293
19828 -0.4812382749450363 396.5599999999293
19829 -0.4751766673397975 396.5799999999293
19830 -0.46877994391745 396.5999999999293
19831 -0.4620524212820721 396.6199999999292
19832 -0.4549986752449303 396.6399999999292
19833 -0.447623527660814 396.6599999999292
19834 -0.4399320524252372 396.6799999999292
19835 -0.4319296002774129 396.6999999999292
19836 -0.4236217863404321 396.7199999999291
19837 -0.4150144617998465 396.7399999999291
19838 -0.4061136992386049 396.7599999999291
19839 -0.3969258267125719 396.7799999999291
19840 -0.3874574213303081 396.7999999999291
19841 -0.3777152712144125 396.8199999999291
19842 -0.3677063936096925 396.839999999929
19843 -0.3574380117178227 396.859999999929
19844 -0.3469175563512418 396.879999999929
19845 -0.3361526645834516 396.899999999929
19846 -0.3251511669336743 396.919999999929
19847 -0.3139210705244747 396.9399999999289
19848 -0.3024705571227573 396.9599999999289
19849 -0.2908079854760431 396.9799999999289
19850 -0.2789418746912116 396.9999999999289
19851 -0.266880892125641 397.0199999999289
19852 -0.2546338579469399 397.0399999999289
19853 -0.2422097353188504 397.0599999999288
19854 -0.229617610677433 397.0799999999288
19855 -0.2168666834258359 397.0999999999288
19856 -0.2039662581645615 397.1199999999288
19857 -0.1909257509818384 397.1399999999288
19858 -0.1777546686238776 397.1599999999287
19859 -0.1644625953929648 397.1799999999287
19860 -0.1510591817098659 397.1999999999287
19861 -0.1375541458230989 397.2199999999287
19862 -0.1239572645350525 397.2399999999287
19863 -0.1102783580014445 397.2599999999287
19864 -0.09652727660163403 397.2799999999286
19865 -0.08271389902307517 397.2999999999286
19866 -0.06884813137237049 397.3199999999286
19867 -0.05493989874069864 397.3399999999286
19868 -0.04099911733547488 397.3599999999286
19869 -0.02703569792126151 397.3799999999285
19870 -0.01305954182757174 397.3999999999285
19871 0.0009194770570859652 397.4199999999285
19872 0.01489151748873806 397.4399999999285
19873 0.0288467722903064 397.4599999999285
19874 0.04277547747465063 397.4799999999285
19875 0.05666792513382698 397.4999999999284
19876 0.07051447585786144 397.5199999999284
19877 0.08430555397874323 397.5399999999284
19878 0.09803165249627623 397.5599999999284
19879 0.111683347632072 397.5799999999284
19880 0.1252512980371841 397.5999999999283
19881 0.1387262486361731 397.6199999999283
19882 0.1520990493360932 397.6399999999283
19883 0.1653606589786802 397.6599999999283
19884 0.1785021441827068 397.6799999999283
19885 0.1915146694923122 397.6999999999283
19886 0.2043895122289241 397.7199999999282
19887 0.2171180806637369 397.7399999999282
19888 0.2296919147835722 397.7599999999282
19889 0.2421026817074467 397.7799999999282
19890 0.2543421925909558 397.7999999999282
19891 0.2664023988319225 397.8199999999281
19892 0.2782753802421045 397.8399999999281
19893 0.2899533577388003 397.8599999999281
19894 0.3014286961353037 397.8799999999281
19895 0.3126939113713567 397.8999999999281
19896 0.3237416724152136 397.9199999999281
19897 0.3345647922664436 397.939999999928
19898 0.3451562266530804 397.959999999928
19899 0.3555090828876318 397.979999999928
19900 0.3656166357240659 397.999999999928
19901 0.3754723157281528 398.019999999928
19902 0.3850697082489876 398.0399999999279
19903 0.3944025859775518 398.0599999999279
19904 0.4034648852295105 398.0799999999279
19905 0.4122506874813982 398.0999999999279
19906 0.4207542389351929 398.1199999999279
19907 0.4289699649640433 398.1399999999279
19908 0.4368924404392727 398.1599999999278
19909 0.4445163997523559 398.1799999999278
19910 0.4518367592867262 398.1999999999278
19911 0.4588486097830158 398.2199999999278
19912 0.465547205967099 398.2399999999278
19913 0.4719279704966644 398.2599999999277
19914 0.4779865257599683 398.2799999999277
19915 0.483718700126586 398.2999999999277
19916 0.4891204702702546 398.3199999999277
19917 0.4941880061451006 398.3399999999277
19918 0.4989177136281089 398.3599999999277
19919 0.5033061766154273 398.3799999999276
19920 0.5073501549850428 398.3999999999276
19921 0.5110466332918538 398.4199999999276
19922 0.5143927947993937 398.4399999999276
19923 0.5173860428656871 398.4599999999276
19924 0.5200239909535261 398.4799999999275
19925 0.5223044717197562 398.4999999999275
19926 0.5242255135419219 398.5199999999275
19927 0.5257853692201484 398.5399999999275
19928 0.5269825617963104 398.5599999999275
19929 0.5278158488736693 398.5799999999275
19930 0.5282841993574622 398.5999999999274
19931 0.5283867964829874 398.6199999999274
19932 0.5281230890159925 398.6399999999274
19933 0.5274928238787614 398.6599999999274
19934 0.5264959791386883 398.6799999999274
19935 0.5251327534009891 398.6999999999273
19936 0.5234036028941284 398.7199999999273
19937 0.5213092606514661 398.7399999999273
19938 0.5188507146745739 398.7599999999273
19939 0.5160292230666038 398.7799999999273
19940 0.5128463308822151 398.7999999999273
19941 0.5093038519840926 398.8199999999272
19942 0.5054038565759658 398.8399999999272
19943 0.5011487080140639 398.8599999999272
19944 0.4965410605292972 398.8799999999272
19945 0.4915838192579761 398.8999999999272
19946 0.4862801381098844 398.9199999999271
19947 0.4806334524658858 398.9399999999271
19948 0.4746475058556331 398.9599999999271
19949 0.4683263199859201 398.9799999999271
19950 0.4616741529483099 398.9999999999271
19951 0.4546955371700805 399.0199999999271
19952 0.447395288120059 399.039999999927
19953 0.4397784652173067 399.059999999927
19954 0.4318503328743977 399.079999999927
19955 0.4236164114181926 399.099999999927
19956 0.4150824927076012 399.119999999927
19957 0.4062545752130027 399.1399999999269
19958 0.3971388987085762 399.1599999999269
19959 0.3877419589910446 399.1799999999269
19960 0.3780704711998002 399.1999999999269
19961 0.3681313707052506 399.2199999999269
19962 0.3579318091368342 399.2399999999269
19963 0.347479144737876 399.2599999999268
19964 0.3367809382672357 399.2799999999268
19965 0.3258449490432272 399.2999999999268
19966 0.3146791161417551 399.3199999999268
19967 0.3032915368365395 399.3399999999268
19968 0.2916904851695826 399.3599999999267
19969 0.2798844178650978 399.3799999999267
19970 0.267881932437357 399.3999999999267
19971 0.2556917431642085 399.4199999999267
19972 0.2433227087255104 399.4399999999267
19973 0.2307838300692774 399.4599999999267
19974 0.2180842185811966 399.4799999999266
19975 0.2052330967158344 399.4999999999266
19976 0.1922398073617334 399.5199999999266
19977 0.1791137869333711 399.5399999999266
19978 0.1658645548773944 399.5599999999266
19979 0.152501711929923 399.5799999999265
19980 0.1390349283547869 399.5999999999265
19981 0.1254739244608107 399.6199999999265
19982 0.1118284791152101 399.6399999999265
19983 0.09810840676890344 399.6599999999265
19984 0.08432354500806676 399.6799999999265
19985 0.07048376833103583 399.6999999999264
19986 0.05659896815800931 399.7199999999264
19987 0.04267903041526674 399.7399999999264
19988 0.02873384324428142 399.7599999999264
19989 0.01477329106331538 399.7799999999264
19990 0.0008072179998762232 399.7999999999263
19991 -0.01315456608721799 399.8199999999263
19992 -0.02710225841577553 399.8399999999263
19993 -0.04102609671054439 399.8599999999263
19994 -0.05491639088477737 399.8799999999263
19995 -0.06876350734250777 399.8999999999263
19996 -0.08255787130704491 399.9199999999262
19997 -0.09628998656953071 399.9399999999262
19998 -0.1099504380199085 399.9599999999262
19999 -0.1235298926578724 399.9799999999262
20000 -0.1370191004602686 399.9999999999262
